Case #1: 23 8 1 0 0 0
Case #2: 14 2 0 0 0
Case #3: 1 0
Case #4: 79 24 10 2 4 0 0 0 0 0
Case #5: 0
Case #6: 4 0 0
Case #7: 7 2 0 0
Case #8: 45 8 3 0 0 0 0
Case #9: 76 9 12 1 0 0 0 0 0
Case #10: 176 46 26 12 2 8 0 0 0 0 0 0 0
Case #11: 17 3 0 0 0
Case #12: 70 14 6 6 0 0 0 0 0
Case #13: 7 3 0 0
Case #14: 44934 11363 4958 2825 1792 1198 998 533 505 445 329 323 289 206 164 134 161 142 117 89 77 74 87 76 82 89 44 48 58 47 30 56 37 22 18 24 34 28 28 10 12 14 18 20 7 7 10 10 13 4 15 9 8 8 4 10 9 9 8 11 8 8 10 2 8 6 12 0 0 0 0 0 0 0 0 0 0 0 0 0 0 0 0 0 0 0 0 0 0 0 0 0 0 0 0 0 0 0 0 0 0 0 0 0 0 0 0 0 0 0 0 0 0 0 0 0 0 0 0 0 0 0 0 0 0 0 0 0 0 0 0 0 0 0
Case #15: 21842 5273 2300 1253 825 538 345 301 209 222 152 123 94 94 63 86 75 60 71 74 28 40 23 30 46 14 22 14 30 18 26 26 18 20 5 8 9 7 6 6 9 4 9 6 5 6 5 3 10 10 7 0 0 0 0 0 0 0 0 0 0 0 0 0 0 0 0 0 0 0 0 0 0 0 0 0 0 0 0 0 0 0 0 0 0 0 0 0 0 0 0 0 0 0 0 0 0 0 0 0 0 0 0
Case #16: 67606 17324 8015 4478 2589 2316 1238 1231 882 676 503 450 415 338 279 252 217 228 197 167 166 110 142 126 76 84 103 90 76 73 41 64 64 82 36 30 38 42 43 46 36 46 46 18 24 32 30 30 26 14 30 22 20 32 24 28 22 16 6 3 4 3 6 10 9 4 9 10 8 8 4 6 7 7 11 13 5 9 7 3 13 7 7 11 5 9 9 0 0 0 0 0 0 0 0 0 0 0 0 0 0 0 0 0 0 0 0 0 0 0 0 0 0 0 0 0 0 0 0 0 0 0 0 0 0 0 0 0 0 0 0 0 0 0 0 0 0 0 0 0 0 0 0 0 0 0 0 0 0 0 0 0 0 0 0 0 0 0 0 0 0 0 0 0 0 0 0 0 0 0 0 0 0 0
Case #17: 27515 6716 2956 1667 1220 757 609 447 357 316 232 208 174 126 131 92 67 87 83 79 76 57 27 33 38 46 45 26 34 30 28 24 24 16 26 20 3 5 11 3 10 6 6 7 3 6 10 7 15 2 6 9 7 6 8 0 0 0 0 0 0 0 0 0 0 0 0 0 0 0 0 0 0 0 0 0 0 0 0 0 0 0 0 0 0 0 0 0 0 0 0 0 0 0 0 0 0 0 0 0 0 0 0 0 0 0 0 0 0 0
Case #18: 8729 2065 947 483 348 210 205 120 134 65 82 43 47 27 28 44 26 20 18 18 18 8 9 7 3 3 6 4 4 4 5 1 5 0 0 0 0 0 0 0 0 0 0 0 0 0 0 0 0 0 0 0 0 0 0 0 0 0 0 0 0 0 0 0 0 0 0
Case #19: 53903 13608 5689 3318 2256 1559 1107 927 569 591 542 256 330 289 306 219 246 180 79 125 143 109 68 121 134 85 58 68 64 64 61 30 22 36 38 26 20 28 48 54 20 9 15 15 23 4 15 13 14 18 10 15 15 14 12 4 9 16 7 11 11 14 0 0 0 0 0 0 0 0 0 0 0 0 0 0 0 0 0 0 0 0 0 0 0 0 0 0 0 0 0 0 0 0 0 0 0 0 0 0 0 0 0 0 0 0 0 0 0 0 0 0 0 0 0 0 0 0 0 0 0 0 0 0 0
Case #20: 68133 15913 8059 4287 2911 1877 1335 1128 838 688 594 417 445 277 271 265 309 176 210 171 191 83 88 91 141 91 118 92 61 57 51 67 67 60 43 38 65 49 20 32 38 26 26 22 26 18 30 32 34 38 34 5 9 8 16 10 11 5 7 5 12 9 7 12 9 4 2 11 11 9 6 9 5 13 9 19 0 0 0 0 0 0 0 0 0 0 0 0 0 0 0 0 0 0 0 0 0 0 0 0 0 0 0 0 0 0 0 0 0 0 0 0 0 0 0 0 0 0 0 0 0 0 0 0 0 0 0 0 0 0 0 0 0 0 0 0 0 0 0 0 0 0 0 0 0 0 0 0 0 0 0 0 0
Case #21: 64549 16864 7355 4361 2311 1734 1285 1024 736 638 387 472 247 317 349 222 263 178 204 196 107 91 89 82 111 93 80 118 63 81 45 71 40 45 40 22 30 42 40 44 48 44 38 38 28 34 28 14 10 13 7 13 10 10 8 14 8 18 4 4 10 10 12 13 10 13 15 14 12 11 15 0 0 0 0 0 0 0 0 0 0 0 0 0 0 0 0 0 0 0 0 0 0 0 0 0 0 0 0 0 0 0 0 0 0 0 0 0 0 0 0 0 0 0 0 0 0 0 0 0 0 0 0 0 0 0 0 0 0 0 0 0 0 0 0 0 0 0 0 0 0 0
Case #22: 7077 2009 785 505 265 183 107 126 96 86 39 56 33 36 36 25 19 22 19 14 12 14 16 10 10 5 6 4 3 6 5 5 5 6 5 5 4 2 0 0 0 0 0 0 0 0 0 0 0 0 0 0 0 0 0 0 0 0 0 0 0 0 0 0 0 0 0 0 0 0 0 0 0 0 0 0
Case #23: 27318 6614 2700 1717 958 636 477 452 310 253 234 175 177 137 82 110 70 79 51 51 56 46 46 43 43 63 20 25 25 20 26 20 25 14 10 18 14 16 12 20 22 14 14 12 3 6 7 1 4 5 2 5 6 5 6 6 3 5 7 7 10 5 7 4 5 4 0 0 0 0 0 0 0 0 0 0 0 0 0 0 0 0 0 0 0 0 0 0 0 0 0 0 0 0 0 0 0 0 0 0 0 0 0 0 0 0 0 0 0 0 0 0 0 0 0 0 0 0 0 0 0 0 0 0 0 0 0 0 0 0 0 0
Case #24: 14777 3488 1603 909 617 334 315 178 202 158 125 114 78 94 48 38 49 45 34 47 28 16 21 23 27 10 16 18 18 20 14 10 8 3 5 1 4 4 4 5 1 6 5 5 6 3 4 4 7 7 0 0 0 0 0 0 0 0 0 0 0 0 0 0 0 0 0 0 0 0 0 0 0 0 0 0 0 0 0 0 0 0 0 0 0 0 0 0 0 0 0 0 0 0 0 0 0 0 0 0 0
Case #25: 8824116 2201677 985264 543945 354787 246104 180182 141750 106340 90518 70655 59494 53170 46462 39302 33942 29633 26127 25192 22857 18823 19093 17093 15400 13964 12980 12410 10960 10052 9314 8951 8229 8033 7588 6988 6394 6380 6135 5849 5832 5094 5115 4611 4615 4104 4081 4181 3921 3956 3784 3531 3299 3325 3064 2685 2901 2787 2675 2488 2402 2182 2194 1942 1894 2176 2093 1897 2150 1698 1827 1774 1544 1344 1473 1544 1410 1254 1523 1415 1375 1390 1326 1298 1119 1230 1168 1221 1268 1198 1090 1071 1075 1062 975 949 912 882 943 948 858 702 869 743 876 835 789 718 673 724 798 763 741 723 661 748 641 756 674 705 613 512 519 418 516 574 507 596 513 622 560 504 472 483 466 445 517 569 456 415 506 521 421 473 436 307 365 400 336 400 347 410 363 309 384 319 345 318 399 324 294 379 307 323 289 321 326 294 320 284 344 326 242 376 357 298 344 237 270 237 236 247 236 240 266 176 257 240 265 247 236 273 217 250 236 227 239 225 263 203 218 173 196 185 234 191 202 150 170 193 210 200 221 216 226 182 175 193 250 174 224 204 142 180 173 165 224 131 103 107 159 122 150 125 108 133 117 128 114 152 145 144 104 113 133 112 114 136 120 128 142 119 128 140 125 141 132 140 126 134 140 130 109 143 111 114 107 106 121 115 100 82 83 106 112 100 117 116 103 98 132 117 135 77 85 118 147 115 93 110 100 106 120 143 120 125 116 107 102 100 96 112 100 74 97 101 106 98 90 92 112 85 86 68 97 92 95 126 59 53 57 59 70 53 58 66 70 54 55 45 57 56 46 71 42 57 67 63 49 63 59 59 64 68 51 62 72 47 66 52 74 75 72 64 41 54 69 51 52 37 56 70 65 49 54 53 59 68 48 45 48 63 52 60 55 60 73 62 54 74 66 53 56 54 62 65 58 76 76 61 54 57 54 74 58 60 54 40 34 36 30 42 40 38 36 36 36 46 40 24 48 46 28 36 24 36 40 36 30 34 38 30 32 42 36 42 36 24 32 48 24 20 30 46 26 30 36 38 38 28 40 32 38 30 16 44 36 42 26 32 34 36 38 24 32 32 32 42 26 30 46 32 36 38 38 32 34 46 28 42 34 32 30 32 44 30 36 34 28 34 34 22 40 30 22 32 42 30 40 26 24 50 28 34 44 30 24 26 42 48 44 36 36 42 32 24 36 34 36 26 44 36 30 34 38 28 44 28 40 38 46 40 32 34 32 30 38 24 38 9 16 15 9 10 12 14 13 11 13 13 4 8 6 12 13 3 10 7 16 7 18 18 11 10 14 7 13 10 12 15 16 9 11 14 13 9 11 10 11 12 14 13 17 11 17 13 5 10 12 10 12 16 6 16 14 10 15 13 12 16 9 12 12 12 15 15 14 15 8 14 2 6 10 9 18 8 10 13 11 13 5 16 16 13 18 9 16 14 8 10 14 8 9 19 12 15 10 15 7 10 14 9 3 18 8 16 11 13 8 14 13 6 10 11 9 12 12 14 15 13 14 11 13 13 16 7 8 10 9 16 14 10 11 14 14 9 8 13 8 14 12 13 9 10 10 13 11 12 16 7 7 14 13 7 12 11 12 8 7 10 14 12 6 12 12 11 17 12 13 9 14 12 13 2 16 11 12 10 5 11 11 17 14 10 13 11 13 15 11 16 16 9 8 20 9 9 7 3 12 13 16 11 9 10 12 7 14 12 7 14 15 12 16 12 12 10 12 12 9 7 13 9 13 12 4 7 14 11 17 9 12 10 12 13 15 13 14 3 11 14 14 12 11 10 15 11 13 17 7 9 7 11 9 13 9 15 3 11 11 5 16 9 9 0 0 0 0 0 0 0 0 0 0 0 0 0 0 0 0 0 0 0 0 0 0 0 0 0 0 0 0 0 0 0 0 0 0 0 0 0 0 0 0 0 0 0 0 0 0 0 0 0 0 0 0 0 0 0 0 0 0 0 0 0 0 0 0 0 0 0 0 0 0 0 0 0 0 0 0 0 0 0 0 0 0 0 0 0 0 0 0 0 0 0 0 0 0 0 0 0 0 0 0 0 0 0 0 0 0 0 0 0 0 0 0 0 0 0 0 0 0 0 0 0 0 0 0 0 0 0 0 0 0 0 0 0 0 0 0 0 0 0 0 0 0 0 0 0 0 0 0 0 0 0 0 0 0 0 0 0 0 0 0 0 0 0 0 0 0 0 0 0 0 0 0 0 0 0 0 0 0 0 0 0 0 0 0 0 0 0 0 0 0 0 0 0 0 0 0 0 0 0 0 0 0 0 0 0 0 0 0 0 0 0 0 0 0 0 0 0 0 0 0 0 0 0 0 0 0 0 0 0 0 0 0 0 0 0 0 0 0 0 0 0 0 0 0 0 0 0 0 0 0 0 0 0 0 0 0 0 0 0 0 0 0 0 0 0 0 0 0 0 0 0 0 0 0 0 0 0 0 0 0 0 0 0 0 0 0 0 0 0 0 0 0 0 0 0 0 0 0 0 0 0 0 0 0 0 0 0 0 0 0 0 0 0 0 0 0 0 0 0 0 0 0 0 0 0 0 0 0 0 0 0 0 0 0 0 0 0 0 0 0 0 0 0 0 0 0 0 0 0 0 0 0 0 0 0 0 0 0 0 0 0 0 0 0 0 0 0 0 0 0 0 0 0 0 0 0 0 0 0 0 0 0 0 0 0 0 0 0 0 0 0 0 0 0 0 0 0 0 0 0 0 0 0 0 0 0 0 0 0 0 0 0 0 0 0 0 0 0 0 0 0 0 0 0 0 0 0 0 0 0 0 0 0 0 0 0 0 0 0 0 0 0 0 0 0 0 0 0 0 0 0 0 0 0 0 0 0 0 0 0 0 0 0 0 0 0 0 0 0 0 0 0 0 0 0 0 0 0 0 0 0 0 0 0 0 0 0 0 0 0 0 0 0 0 0 0 0 0 0 0 0 0 0 0 0 0 0 0 0 0 0 0 0 0 0 0 0 0 0 0 0 0 0 0 0 0 0 0 0 0 0 0 0 0 0 0 0 0 0 0 0 0 0 0 0 0 0 0 0 0 0 0 0 0 0 0 0 0 0 0 0 0 0 0 0 0 0 0 0 0 0 0 0 0 0 0 0 0 0 0 0 0 0 0 0 0 0 0 0 0 0 0 0 0 0 0 0 0 0 0 0 0 0 0 0 0 0 0 0 0 0 0 0 0 0 0 0 0 0 0 0 0 0 0 0 0 0 0 0 0 0 0 0 0 0 0 0 0 0 0 0 0 0 0 0 0 0 0 0 0 0 0 0 0 0 0 0 0 0 0 0 0 0 0 0 0 0 0 0 0 0 0 0 0 0 0 0 0 0 0 0 0 0 0 0 0 0 0 0 0 0 0 0 0 0 0 0 0 0 0 0 0 0 0 0 0 0 0 0 0 0 0 0 0 0 0 0 0 0 0 0 0 0 0 0 0 0 0 0 0 0 0 0 0 0 0 0 0 0 0 0 0 0 0 0 0 0 0 0 0 0 0 0 0 0 0 0 0 0 0 0 0 0 0 0 0 0 0 0 0 0 0 0 0 0 0 0 0 0 0 0 0 0 0 0 0 0 0 0 0 0 0 0
Case #26: 13862839 3448839 1550515 854346 549420 373578 279154 201723 179446 143640 112633 93749 80834 69371 61054 52107 46728 43658 38623 35607 31344 28822 26547 22562 23723 19080 21183 18109 16515 15567 14574 12766 13060 11059 11759 10843 10178 8848 9099 8928 8254 7419 7097 7097 7106 6165 6292 6163 5030 5616 4641 5287 5341 4669 4844 4301 4159 4124 3852 3858 3762 3693 3458 3165 3157 3231 3384 2963 2727 2839 2705 2748 2576 2610 2675 2163 2392 2206 2394 2096 2273 1838 1785 1826 1823 1868 1627 1700 1674 1743 1660 1735 1647 1489 1498 1516 1352 1312 1602 1371 1162 1219 1333 1141 1218 1109 1275 1175 1325 1161 993 1048 995 996 1064 1195 962 648 825 1054 794 917 1004 840 889 813 828 859 791 893 748 615 858 767 877 631 825 641 738 733 677 595 721 716 687 584 722 566 665 724 701 418 543 489 599 474 494 618 615 493 559 552 458 469 533 495 399 459 452 476 443 474 432 491 543 479 468 514 402 442 421 351 367 371 344 412 341 398 398 400 371 348 369 357 376 329 374 316 369 316 325 257 347 249 298 369 285 306 324 249 265 341 369 383 250 343 245 369 299 285 237 261 212 236 352 281 209 223 231 259 228 219 243 239 245 227 227 216 250 276 257 198 263 219 211 249 200 249 204 188 216 202 195 201 136 211 175 196 169 190 176 167 211 236 210 236 180 214 179 207 241 134 194 238 235 169 199 211 180 175 193 144 133 111 94 149 104 143 102 121 89 145 154 143 102 73 176 139 133 133 137 170 96 100 113 106 121 116 122 117 120 125 104 113 169 139 151 141 131 112 164 144 132 136 113 131 169 103 92 121 97 111 116 74 127 90 98 78 93 102 119 97 98 97 99 81 94 98 136 84 89 104 75 105 119 97 94 87 95 136 105 121 90 102 108 111 103 100 120 90 131 111 92 95 118 103 100 104 113 95 135 119 74 107 107 99 94 115 97 116 100 67 93 92 69 70 71 59 60 64 63 63 41 53 74 63 48 45 62 54 64 57 45 48 79 66 57 46 55 58 46 67 91 72 60 58 64 62 67 60 41 63 72 66 57 59 59 58 75 70 64 53 64 68 57 46 67 53 66 55 59 60 63 69 88 51 59 49 69 58 36 48 68 55 50 51 62 58 65 59 54 47 50 42 61 56 67 72 59 67 49 65 71 35 59 68 62 42 48 46 64 49 39 44 36 34 30 32 36 28 34 30 38 22 22 36 44 46 26 28 26 38 34 38 30 22 38 40 36 32 44 34 34 32 48 38 38 46 26 38 36 34 38 30 48 28 28 32 36 32 30 32 24 30 40 20 48 40 40 46 26 30 34 34 32 20 48 46 36 28 32 38 28 50 38 48 36 34 26 26 38 32 24 26 34 30 32 44 42 46 28 22 30 34 38 40 48 38 38 26 22 20 34 42 24 32 40 36 40 40 32 40 30 56 30 34 34 38 38 38 44 28 52 34 30 32 34 36 30 40 32 46 40 30 38 26 46 36 48 38 36 38 34 42 44 48 34 38 54 34 32 44 28 54 30 28 36 34 24 28 28 22 30 32 24 42 40 8 11 15 12 7 10 7 7 20 14 10 14 11 13 12 17 12 15 10 14 15 15 8 12 13 13 9 20 10 11 13 18 11 10 9 5 14 8 12 10 16 11 12 16 9 13 14 9 7 6 9 8 9 15 15 6 12 11 13 14 9 16 16 17 3 7 15 12 10 12 12 16 10 10 11 12 11 10 6 12 12 8 4 12 13 11 11 5 10 8 11 11 12 7 9 10 18 12 10 14 9 9 9 14 15 15 11 12 12 11 13 12 15 15 15 9 8 19 11 11 3 10 10 10 6 8 7 7 11 16 10 7 22 16 18 12 15 12 14 11 12 8 12 10 5 11 12 9 6 9 12 9 15 13 14 13 12 11 10 18 13 8 8 10 12 10 8 15 6 16 9 26 15 13 8 10 13 7 8 6 12 12 11 12 11 5 14 10 25 10 11 11 16 5 9 13 16 11 13 9 12 8 10 16 4 13 12 8 5 11 13 18 17 10 12 9 9 9 9 9 13 14 13 19 9 9 14 10 14 10 7 9 14 17 7 12 12 12 6 7 12 11 12 11 8 15 10 14 10 14 10 10 17 14 8 10 8 8 9 9 9 10 12 15 7 9 10 12 13 14 11 16 15 10 10 8 12 7 13 10 14 13 13 13 8 14 10 10 14 14 7 10 9 17 11 19 12 13 12 12 11 9 12 15 11 7 14 14 10 8 8 7 16 17 14 10 13 12 6 13 15 11 9 15 12 7 11 13 7 0 0 0 0 0 0 0 0 0 0 0 0 0 0 0 0 0 0 0 0 0 0 0 0 0 0 0 0 0 0 0 0 0 0 0 0 0 0 0 0 0 0 0 0 0 0 0 0 0 0 0 0 0 0 0 0 0 0 0 0 0 0 0 0 0 0 0 0 0 0 0 0 0 0 0 0 0 0 0 0 0 0 0 0 0 0 0 0 0 0 0 0 0 0 0 0 0 0 0 0 0 0 0 0 0 0 0 0 0 0 0 0 0 0 0 0 0 0 0 0 0 0 0 0 0 0 0 0 0 0 0 0 0 0 0 0 0 0 0 0 0 0 0 0 0 0 0 0 0 0 0 0 0 0 0 0 0 0 0 0 0 0 0 0 0 0 0 0 0 0 0 0 0 0 0 0 0 0 0 0 0 0 0 0 0 0 0 0 0 0 0 0 0 0 0 0 0 0 0 0 0 0 0 0 0 0 0 0 0 0 0 0 0 0 0 0 0 0 0 0 0 0 0 0 0 0 0 0 0 0 0 0 0 0 0 0 0 0 0 0 0 0 0 0 0 0 0 0 0 0 0 0 0 0 0 0 0 0 0 0 0 0 0 0 0 0 0 0 0 0 0 0 0 0 0 0 0 0 0 0 0 0 0 0 0 0 0 0 0 0 0 0 0 0 0 0 0 0 0 0 0 0 0 0 0 0 0 0 0 0 0 0 0 0 0 0 0 0 0 0 0 0 0 0 0 0 0 0 0 0 0 0 0 0 0 0 0 0 0 0 0 0 0 0 0 0 0 0 0 0 0 0 0 0 0 0 0 0 0 0 0 0 0 0 0 0 0 0 0 0 0 0 0 0 0 0 0 0 0 0 0 0 0 0 0 0 0 0 0 0 0 0 0 0 0 0 0 0 0 0 0 0 0 0 0 0 0 0 0 0 0 0 0 0 0 0 0 0 0 0 0 0 0 0 0 0 0 0 0 0 0 0 0 0 0 0 0 0 0 0 0 0 0 0 0 0 0 0 0 0 0 0 0 0 0 0 0 0 0 0 0 0 0 0 0 0 0 0 0 0 0 0 0 0 0 0 0 0 0 0 0 0 0 0 0 0 0 0 0 0 0 0 0 0 0 0 0 0 0 0 0 0 0 0 0 0 0 0 0 0 0 0 0 0 0 0 0 0 0 0 0 0 0 0 0 0 0 0 0 0 0 0 0 0 0 0 0 0 0 0 0 0 0 0 0 0 0 0 0 0 0 0 0 0 0 0 0 0 0 0 0 0 0 0 0 0 0 0 0 0 0 0 0 0 0 0 0 0 0 0 0 0 0 0 0 0 0 0 0 0 0 0 0 0 0 0 0 0 0 0 0 0 0 0 0 0 0 0 0 0 0 0 0 0 0 0 0 0 0 0 0 0 0 0 0 0 0 0 0 0 0 0 0 0 0 0 0 0 0 0 0 0 0 0 0 0 0 0 0 0 0 0 0 0 0 0 0 0 0 0 0 0 0 0 0 0 0 0 0 0 0 0 0 0 0 0 0 0 0 0 0 0 0 0 0 0 0 0 0 0 0 0 0 0 0 0 0 0 0 0 0 0 0 0 0 0 0 0 0 0 0 0 0 0 0 0 0 0 0 0 0 0 0 0 0 0 0 0 0 0 0 0 0 0 0 0 0 0 0 0 0 0 0 0 0 0 0 0 0 0 0 0 0 0 0 0 0 0 0 0 0 0 0 0 0 0 0 0 0 0 0 0 0 0 0 0 0 0 0 0 0 0 0 0 0 0 0 0 0 0 0 0 0 0 0 0 0 0 0 0 0 0 0 0 0 0 0 0 0 0 0 0 0 0 0 0 0 0 0 0 0 0 0 0 0 0 0 0 0 0 0 0 0 0 0 0 0 0 0 0 0 0 0 0 0 0 0 0 0 0 0 0 0 0 0 0 0 0 0 0 0 0 0 0 0 0 0 0 0 0 0 0 0 0 0 0 0 0 0 0 0 0 0 0 0 0 0 0 0 0 0 0 0 0 0 0 0 0 0 0 0 0 0 0 0 0 0 0 0 0 0 0 0 0 0 0 0 0 0 0 0 0 0 0 0 0 0 0 0 0 0 0 0 0 0 0 0 0 0 0 0 0 0 0 0 0 0 0 0 0 0 0 0 0 0 0 0 0 0 0 0 0 0 0 0 0 0 0 0 0 0 0 0 0 0 0 0 0 0 0 0 0 0 0 0 0
Case #27: 10775558 2707805 1213528 666972 417320 300883 213018 165163 137316 104654 88972 73792 64679 52352 47307 40712 36562 35915 31103 26249 22873 22806 18745 17655 16303 16729 15530 13658 12371 11763 10462 10414 9411 9994 8768 7855 8389 7200 7726 6369 5658 5147 6125 5202 4378 4785 5865 4068 4305 4042 3744 3859 3811 3747 3318 3336 3406 3462 2824 2887 2692 2683 2287 2499 2174 2471 1925 2174 2223 1894 2124 2100 2007 2003 1902 1834 1784 2057 1725 1621 1565 1338 1763 1460 1566 1579 1538 1541 1484 1342 1339 1070 1040 1205 1219 1215 1170 1024 1036 1096 1245 1125 1126 976 730 943 1030 838 920 817 850 758 982 819 765 924 810 672 690 679 647 649 659 703 667 572 699 619 776 661 636 550 746 645 476 460 516 425 568 503 568 644 526 448 466 466 426 554 377 446 408 453 510 519 453 502 459 534 307 373 296 379 373 293 334 415 400 352 430 420 324 355 331 403 289 343 317 367 208 235 293 272 295 256 298 286 263 338 333 300 306 324 315 343 207 258 219 268 249 250 224 270 233 262 221 286 262 222 269 222 246 234 256 265 255 217 226 231 199 148 181 178 194 195 174 176 243 192 179 219 147 266 225 231 219 172 260 247 203 185 165 208 234 215 168 166 190 182 246 87 132 103 132 124 110 133 80 134 134 89 126 101 141 145 141 116 100 77 91 103 115 95 112 101 149 100 117 129 109 147 125 152 137 131 133 140 85 123 111 140 115 106 95 108 66 93 103 100 114 104 125 100 121 100 110 144 89 92 135 100 87 143 107 116 78 122 95 126 66 130 99 102 84 95 92 113 111 80 118 96 113 134 120 96 64 89 92 128 134 120 90 68 103 91 105 111 116 110 99 61 64 61 46 69 57 58 58 41 78 52 55 68 36 65 46 46 54 55 44 56 33 38 59 60 42 66 73 53 54 63 59 47 51 54 73 61 69 54 80 58 57 40 64 49 58 57 55 71 66 52 55 49 64 60 45 67 63 53 46 50 74 75 49 47 59 65 61 66 49 35 67 49 65 65 64 57 52 74 57 51 36 52 68 43 52 46 30 22 26 30 36 34 44 42 30 28 28 32 38 26 28 30 28 48 34 24 28 30 48 38 38 26 26 44 32 42 36 38 36 32 38 26 34 46 44 36 36 40 42 42 32 24 32 32 34 32 20 32 36 36 48 28 34 30 26 44 46 54 24 34 42 36 56 28 40 24 34 22 20 40 44 32 34 28 52 40 58 24 26 28 42 46 44 30 26 42 34 52 44 46 30 40 36 42 36 30 32 28 22 26 30 32 46 34 32 36 22 36 38 42 42 24 34 22 38 42 44 28 36 40 32 40 38 50 40 48 32 32 42 26 52 34 34 20 44 28 44 34 54 38 44 38 10 14 12 15 9 4 10 8 14 13 6 15 20 14 16 10 14 10 11 9 10 14 3 7 15 12 12 14 17 16 11 5 14 16 12 17 15 18 18 17 16 9 10 9 15 16 5 8 8 10 9 13 13 14 12 10 17 18 10 15 12 6 16 6 15 7 13 8 15 15 12 13 12 12 9 12 8 6 15 13 15 12 9 16 11 12 10 6 9 15 11 12 10 14 5 8 20 6 13 10 18 6 9 17 9 13 9 11 9 13 11 10 13 12 18 9 15 12 4 11 5 8 13 10 11 14 12 18 8 11 9 15 15 5 13 7 18 15 8 19 7 17 9 10 15 11 10 12 15 11 13 13 12 9 11 10 14 12 18 7 9 6 9 15 12 11 17 12 10 10 12 15 10 10 15 19 13 15 11 7 10 13 4 10 9 10 16 15 4 10 8 17 13 13 6 17 11 12 12 11 13 9 11 7 5 11 15 14 20 10 12 14 15 17 14 13 15 14 14 11 11 5 8 16 8 12 10 13 9 16 9 11 10 9 11 6 7 11 4 14 8 11 10 9 7 4 11 11 9 11 14 15 17 14 9 9 9 8 8 9 17 16 14 17 8 15 13 14 6 11 9 7 12 14 10 8 14 10 5 7 16 11 12 17 13 6 10 8 13 10 13 0 0 0 0 0 0 0 0 0 0 0 0 0 0 0 0 0 0 0 0 0 0 0 0 0 0 0 0 0 0 0 0 0 0 0 0 0 0 0 0 0 0 0 0 0 0 0 0 0 0 0 0 0 0 0 0 0 0 0 0 0 0 0 0 0 0 0 0 0 0 0 0 0 0 0 0 0 0 0 0 0 0 0 0 0 0 0 0 0 0 0 0 0 0 0 0 0 0 0 0 0 0 0 0 0 0 0 0 0 0 0 0 0 0 0 0 0 0 0 0 0 0 0 0 0 0 0 0 0 0 0 0 0 0 0 0 0 0 0 0 0 0 0 0 0 0 0 0 0 0 0 0 0 0 0 0 0 0 0 0 0 0 0 0 0 0 0 0 0 0 0 0 0 0 0 0 0 0 0 0 0 0 0 0 0 0 0 0 0 0 0 0 0 0 0 0 0 0 0 0 0 0 0 0 0 0 0 0 0 0 0 0 0 0 0 0 0 0 0 0 0 0 0 0 0 0 0 0 0 0 0 0 0 0 0 0 0 0 0 0 0 0 0 0 0 0 0 0 0 0 0 0 0 0 0 0 0 0 0 0 0 0 0 0 0 0 0 0 0 0 0 0 0 0 0 0 0 0 0 0 0 0 0 0 0 0 0 0 0 0 0 0 0 0 0 0 0 0 0 0 0 0 0 0 0 0 0 0 0 0 0 0 0 0 0 0 0 0 0 0 0 0 0 0 0 0 0 0 0 0 0 0 0 0 0 0 0 0 0 0 0 0 0 0 0 0 0 0 0 0 0 0 0 0 0 0 0 0 0 0 0 0 0 0 0 0 0 0 0 0 0 0 0 0 0 0 0 0 0 0 0 0 0 0 0 0 0 0 0 0 0 0 0 0 0 0 0 0 0 0 0 0 0 0 0 0 0 0 0 0 0 0 0 0 0 0 0 0 0 0 0 0 0 0 0 0 0 0 0 0 0 0 0 0 0 0 0 0 0 0 0 0 0 0 0 0 0 0 0 0 0 0 0 0 0 0 0 0 0 0 0 0 0 0 0 0 0 0 0 0 0 0 0 0 0 0 0 0 0 0 0 0 0 0 0 0 0 0 0 0 0 0 0 0 0 0 0 0 0 0 0 0 0 0 0 0 0 0 0 0 0 0 0 0 0 0 0 0 0 0 0 0 0 0 0 0 0 0 0 0 0 0 0 0 0 0 0 0 0 0 0 0 0 0 0 0 0 0 0 0 0 0 0 0 0 0 0 0 0 0 0 0 0 0 0 0 0 0 0 0 0 0 0 0 0 0 0 0 0 0 0 0 0 0 0 0 0 0 0 0 0 0 0 0 0 0 0 0 0 0 0 0 0 0 0 0 0 0 0 0 0 0 0 0 0 0 0 0 0 0 0 0 0 0 0 0 0 0 0 0 0 0 0 0 0 0 0 0 0 0 0 0 0 0 0 0 0 0 0 0 0 0 0 0 0 0 0 0 0 0 0 0 0 0 0 0 0 0 0 0 0 0 0 0 0 0 0 0 0 0 0 0 0 0 0 0 0 0 0 0 0 0 0 0 0 0 0 0 0 0 0 0 0 0 0 0 0 0 0 0 0 0 0 0 0 0 0 0 0 0 0 0 0 0 0 0 0 0 0 0 0 0 0 0 0 0 0 0 0 0 0 0 0 0 0 0 0 0 0 0 0 0 0 0 0 0 0 0 0 0 0 0 0 0 0 0 0 0 0 0 0 0 0 0 0 0 0 0 0 0 0 0 0 0 0 0 0 0 0 0 0 0 0 0 0 0 0 0 0 0 0 0 0 0 0 0 0 0 0 0 0 0 0 0 0 0 0 0 0 0 0 0 0 0 0 0 0 0 0 0 0 0 0 0 0 0 0 0 0 0 0 0 0 0 0 0 0 0 0 0 0 0 0 0 0 0 0 0 0 0 0 0 0 0 0 0 0 0 0 0 0 0 0 0
Case #28: 13439975 3338534 1475668 857093 547349 368868 274463 205001 164234 136380 108428 91901 78374 69610 59925 51662 47758 40483 37307 35086 29230 27651 25676 22413 20212 19321 17742 17480 16539 14897 13788 12261 12155 11193 11665 11081 10947 9542 8662 8369 7618 7320 6772 7463 5974 6727 6560 6236 5781 4970 4970 4656 4529 4520 4451 4337 3883 4312 3985 3628 3408 3315 3235 2922 3469 2833 3040 3232 2594 2907 2991 2910 2479 2403 2049 2347 2207 2147 2075 2110 1797 1738 1889 1733 1831 1753 1636 1836 1473 1584 1574 1493 1472 1424 1353 1672 1542 1258 1416 1512 1406 1313 1286 1379 1206 1162 1088 1220 1073 1081 1032 1073 1069 940 1143 974 934 874 1046 908 993 965 897 885 732 756 759 634 651 832 751 767 804 701 668 712 682 721 714 717 737 634 541 709 745 637 548 729 644 515 745 559 477 448 434 518 483 515 445 480 507 499 526 531 600 503 461 502 595 375 506 363 367 437 406 465 428 446 479 475 283 346 358 427 409 408 482 394 393 342 387 449 384 385 456 320 270 264 312 303 259 210 258 222 199 307 240 248 283 249 249 240 260 305 187 273 231 259 330 269 317 223 278 243 180 264 211 217 155 262 169 187 207 163 197 159 181 234 272 206 225 202 197 209 243 198 200 135 201 200 195 267 189 220 206 205 254 249 174 206 205 264 234 253 213 225 216 225 197 185 158 232 232 214 109 124 75 149 116 133 137 133 107 135 81 124 144 104 142 155 140 127 140 94 134 102 113 155 75 127 88 140 130 109 101 120 145 101 98 106 79 133 96 119 120 161 127 121 118 113 128 101 62 125 158 102 124 102 121 127 135 104 123 141 112 124 137 117 106 95 124 104 76 66 72 88 52 52 62 84 52 94 78 80 46 84 78 86 60 84 70 52 90 54 78 54 82 68 36 82 70 74 58 70 60 86 84 60 82 70 64 64 52 88 66 38 88 72 72 100 66 56 36 62 68 96 76 78 92 34 50 62 52 80 72 92 94 78 82 60 72 80 70 54 76 18 80 72 74 78 40 82 66 54 58 36 90 100 54 46 74 88 74 88 86 80 78 96 74 68 78 68 54 54 94 74 58 60 66 54 70 56 86 66 94 40 80 21 26 36 29 7 32 17 28 11 25 19 26 25 27 7 27 31 27 36 18 22 26 24 35 27 24 30 20 21 35 9 30 25 29 20 22 28 29 19 25 25 35 32 28 25 22 33 9 25 29 28 26 26 24 15 18 14 27 23 15 20 29 24 31 29 31 30 28 34 31 31 26 23 26 27 26 24 29 27 35 13 15 31 16 14 17 28 38 24 29 10 28 18 25 19 27 13 25 25 17 14 28 30 22 35 23 26 7 10 15 33 24 18 12 31 9 22 25 27 29 4 18 22 18 23 11 28 28 24 25 22 21 14 31 27 29 16 14 35 2 24 24 24 25 26 13 25 21 21 9 14 33 31 29 27 30 20 21 25 22 24 37 25 26 15 27 28 32 12 19 7 23 35 28 10 18 26 29 18 8 21 18 21 23 21 35 23 11 13 23 24 21 37 15 15 8 30 32 24 31 39 16 23 29 27 23 23 18 32 37 32 31 20 29 32 38 24 1 18 22 29 34 18 27 26 27 27 15 15 0 0 0 0 0 0 0 0 0 0 0 0 0 0 0 0 0 0 0 0 0 0 0 0 0 0 0 0 0 0 0 0 0 0 0 0 0 0 0 0 0 0 0 0 0 0 0 0 0 0 0 0 0 0 0 0 0 0 0 0 0 0 0 0 0 0 0 0 0 0 0 0 0 0 0 0 0 0 0 0 0 0 0 0 0 0 0 0 0 0 0 0 0 0 0 0 0 0 0 0 0 0 0 0 0 0 0 0 0 0 0 0 0 0 0 0 0 0 0 0 0 0 0 0 0 0 0 0 0 0 0 0 0 0 0 0 0 0 0 0 0 0 0 0 0 0 0 0 0 0 0 0 0 0 0 0 0 0 0 0 0 0 0 0 0 0 0 0 0 0 0 0 0 0 0 0 0 0 0 0 0 0 0 0 0 0 0 0 0 0 0 0 0 0 0 0 0 0 0 0 0 0 0 0 0 0 0 0 0 0 0 0 0 0 0 0 0 0 0 0 0 0 0 0 0 0 0 0 0 0 0 0 0 0 0 0 0 0 0 0 0 0 0 0 0 0 0 0 0 0 0 0 0 0 0 0 0 0 0 0 0 0 0 0 0 0 0 0 0 0 0 0 0 0 0 0 0 0 0 0 0 0 0 0 0 0 0 0 0 0 0 0 0 0 0 0 0 0 0 0 0 0 0 0 0 0 0 0 0 0 0 0 0 0 0 0 0 0 0 0 0 0 0 0 0 0 0 0 0 0 0 0 0 0 0 0 0 0 0 0 0 0 0 0 0 0 0 0 0 0 0 0 0 0 0 0 0 0 0 0 0 0 0 0 0 0 0 0 0 0 0 0 0 0 0 0 0 0 0 0 0 0 0 0 0 0 0 0 0 0 0 0 0 0 0 0 0 0 0 0 0 0 0 0 0 0 0 0 0 0 0 0 0 0 0 0 0 0 0 0 0 0 0 0 0 0 0 0 0 0 0 0 0 0 0 0 0 0 0 0 0 0 0 0 0 0 0 0 0 0 0 0 0 0 0 0 0 0 0 0 0 0 0 0 0 0 0 0 0 0 0 0 0 0 0 0 0 0 0 0 0 0 0 0 0 0 0 0 0 0 0 0 0 0 0 0 0 0 0 0 0 0 0 0 0 0 0 0 0 0 0 0 0 0 0 0 0 0 0 0 0 0 0 0 0 0 0 0 0 0 0 0 0 0 0 0 0 0 0 0 0 0 0 0 0 0 0 0 0 0 0 0 0 0 0 0 0 0 0 0 0 0 0 0 0 0 0 0 0 0 0 0 0 0 0 0 0 0 0 0 0 0 0 0 0 0 0 0 0 0 0 0 0 0 0 0 0 0 0 0 0 0 0 0 0 0 0 0 0 0 0 0 0 0 0 0 0 0 0 0 0 0 0 0 0 0 0 0 0 0 0 0 0 0 0 0 0 0 0 0 0 0 0 0 0 0 0 0 0 0 0 0 0 0 0 0 0 0 0 0 0 0 0 0 0 0 0 0 0 0 0 0 0 0 0 0 0 0 0 0 0 0 0 0 0 0
Case #29: 19385720 4821688 2092433 1205410 783076 540156 379972 301518 231608 188865 155546 138435 113215 98283 83175 76993 69544 60423 54468 46517 42399 37649 40047 31534 31235 30752 23459 25883 22909 20432 19130 19056 17368 17390 14254 14134 13882 13167 13376 11270 10135 10741 10652 10050 8686 10089 8233 8114 7510 7634 8367 7674 6660 6798 6172 6491 5825 5251 5944 5064 4670 5326 4724 4960 4843 3699 4275 4527 4088 4124 3874 3386 3227 3188 3464 3245 3118 3214 2900 2659 2652 2443 3085 2815 3276 2584 2327 2012 2309 2203 2068 2546 2144 2235 2118 2247 1989 1790 1737 1937 1755 2022 1749 1779 1763 1904 1803 1505 1856 1323 1303 1520 1277 1337 1519 1475 1573 1641 1296 1298 1120 1259 1285 1470 1377 1189 1182 1067 896 1155 1246 1074 1086 935 956 1202 749 999 1171 889 830 783 854 973 966 853 764 860 950 672 817 765 842 629 644 868 767 723 793 680 747 739 661 530 717 581 584 566 705 705 593 648 670 633 584 658 630 715 575 438 645 704 558 563 397 516 532 419 405 388 476 499 424 555 637 539 588 502 438 502 588 399 650 504 321 394 472 360 364 379 468 436 331 485 461 430 364 513 370 429 480 310 336 426 393 355 357 400 440 309 431 380 340 424 305 261 231 319 243 221 247 168 180 229 307 195 343 243 274 331 256 264 314 324 271 284 300 209 278 307 228 345 304 219 270 248 313 246 249 258 252 318 246 238 279 215 190 264 199 226 251 196 188 202 114 173 204 198 257 268 275 217 212 186 232 171 120 158 213 183 211 220 160 220 131 231 202 232 188 231 235 226 205 211 149 256 203 272 193 220 229 237 235 218 191 271 281 81 88 102 114 126 97 127 98 134 138 152 120 122 86 137 136 97 123 118 120 121 100 103 141 130 112 154 64 149 119 113 93 75 125 116 139 145 123 100 123 126 133 77 133 137 86 125 127 104 122 123 100 49 118 137 91 147 152 92 107 140 110 168 163 116 120 148 126 119 97 125 120 110 112 141 95 112 140 125 135 83 135 50 60 88 88 78 78 66 70 52 46 58 34 88 86 40 76 62 72 76 40 62 92 100 92 80 66 94 90 76 82 58 34 70 66 42 94 36 32 86 58 54 56 66 90 78 42 62 76 72 62 72 80 70 66 70 60 40 72 82 80 58 38 64 68 76 66 78 62 66 86 60 76 78 62 66 34 68 58 54 64 82 66 52 56 62 72 80 58 68 32 80 68 84 68 90 46 52 74 84 68 62 30 62 42 68 62 62 44 90 74 76 52 66 78 108 98 86 70 84 46 60 56 78 66 72 74 68 30 48 52 34 52 62 52 92 78 76 15 12 20 19 14 21 37 18 13 32 21 23 20 28 13 31 20 28 24 26 21 28 30 10 17 13 5 28 23 20 18 17 17 18 27 39 33 19 28 18 23 2 19 24 16 17 27 16 25 28 17 31 38 21 25 25 35 32 17 20 28 32 25 23 26 21 23 22 15 22 5 12 35 25 10 27 29 22 30 21 10 21 10 15 19 10 36 25 32 38 22 23 33 16 24 29 35 41 21 23 15 36 22 27 24 13 33 35 17 11 16 13 18 11 28 21 32 27 24 20 28 25 22 14 23 18 30 16 35 31 25 25 28 33 29 20 16 26 23 28 30 29 23 21 9 20 17 28 27 20 13 10 22 17 29 28 23 18 18 11 20 22 13 15 19 24 11 27 24 26 30 29 32 15 15 8 24 17 26 12 9 31 6 21 29 27 27 15 30 32 29 24 29 20 29 16 11 31 44 18 10 32 30 31 17 23 32 25 23 27 19 29 23 21 23 29 27 27 30 14 28 35 36 35 3 23 24 18 14 31 31 24 18 48 38 22 26 28 25 34 10 32 12 43 28 31 20 6 33 32 29 28 25 17 20 22 22 16 17 31 22 28 29 31 15 31 21 7 30 11 20 32 20 0 0 0 0 0 0 0 0 0 0 0 0 0 0 0 0 0 0 0 0 0 0 0 0 0 0 0 0 0 0 0 0 0 0 0 0 0 0 0 0 0 0 0 0 0 0 0 0 0 0 0 0 0 0 0 0 0 0 0 0 0 0 0 0 0 0 0 0 0 0 0 0 0 0 0 0 0 0 0 0 0 0 0 0 0 0 0 0 0 0 0 0 0 0 0 0 0 0 0 0 0 0 0 0 0 0 0 0 0 0 0 0 0 0 0 0 0 0 0 0 0 0 0 0 0 0 0 0 0 0 0 0 0 0 0 0 0 0 0 0 0 0 0 0 0 0 0 0 0 0 0 0 0 0 0 0 0 0 0 0 0 0 0 0 0 0 0 0 0 0 0 0 0 0 0 0 0 0 0 0 0 0 0 0 0 0 0 0 0 0 0 0 0 0 0 0 0 0 0 0 0 0 0 0 0 0 0 0 0 0 0 0 0 0 0 0 0 0 0 0 0 0 0 0 0 0 0 0 0 0 0 0 0 0 0 0 0 0 0 0 0 0 0 0 0 0 0 0 0 0 0 0 0 0 0 0 0 0 0 0 0 0 0 0 0 0 0 0 0 0 0 0 0 0 0 0 0 0 0 0 0 0 0 0 0 0 0 0 0 0 0 0 0 0 0 0 0 0 0 0 0 0 0 0 0 0 0 0 0 0 0 0 0 0 0 0 0 0 0 0 0 0 0 0 0 0 0 0 0 0 0 0 0 0 0 0 0 0 0 0 0 0 0 0 0 0 0 0 0 0 0 0 0 0 0 0 0 0 0 0 0 0 0 0 0 0 0 0 0 0 0 0 0 0 0 0 0 0 0 0 0 0 0 0 0 0 0 0 0 0 0 0 0 0 0 0 0 0 0 0 0 0 0 0 0 0 0 0 0 0 0 0 0 0 0 0 0 0 0 0 0 0 0 0 0 0 0 0 0 0 0 0 0 0 0 0 0 0 0 0 0 0 0 0 0 0 0 0 0 0 0 0 0 0 0 0 0 0 0 0 0 0 0 0 0 0 0 0 0 0 0 0 0 0 0 0 0 0 0 0 0 0 0 0 0 0 0 0 0 0 0 0 0 0 0 0 0 0 0 0 0 0 0 0 0 0 0 0 0 0 0 0 0 0 0 0 0 0 0 0 0 0 0 0 0 0 0 0 0 0 0 0 0 0 0 0 0 0 0 0 0 0 0 0 0 0 0 0 0 0 0 0 0 0 0 0 0 0 0 0 0 0 0 0 0 0 0 0 0 0 0 0 0 0 0 0 0 0 0 0 0 0 0 0 0 0 0 0 0 0 0 0 0 0 0 0 0 0 0 0 0 0 0 0 0 0 0 0 0 0 0 0 0 0 0 0 0 0 0 0 0 0 0 0 0 0 0 0 0 0 0 0 0 0 0 0 0 0 0 0 0 0 0 0 0 0 0 0 0 0 0 0 0 0 0 0 0 0 0 0 0 0 0 0 0 0 0 0 0 0 0 0 0 0 0 0 0 0 0 0 0 0 0 0 0 0 0 0 0 0 0 0 0 0 0 0 0 0 0 0 0 0 0 0 0 0 0 0 0 0 0 0 0 0 0 0 0 0 0 0 0 0 0 0 0 0 0 0 0 0 0 0 0 0 0 0 0 0 0 0 0 0 0 0 0 0 0 0 0 0 0 0 0 0 0 0 0 0 0 0 0 0 0 0 0 0 0 0 0 0 0 0 0 0 0 0 0 0 0 0 0 0 0 0 0 0 0 0 0 0 0 0 0 0 0 0 0 0 0 0 0 0 0 0 0 0 0 0 0 0 0 0 0 0 0 0 0 0 0 0
Case #30: 7159764 1785900 785849 454416 285243 198980 147768 110838 86045 70416 59665 48284 41329 37057 31744 28104 25489 21471 20060 18148 16798 14881 13699 11791 12169 10457 9453 9323 8407 8329 7348 6459 6482 6003 5957 5343 5117 4546 4590 4498 4152 4444 4219 3813 3296 3315 3391 2952 3101 3048 2602 2853 2522 2366 2428 2265 2197 2091 1877 2023 1894 1755 1777 1625 1800 1665 1303 1561 1388 1482 1394 1221 1531 1427 1302 1156 1193 1057 1196 1281 953 1019 1047 1003 858 967 1054 948 864 803 893 928 819 855 792 810 837 722 699 708 760 585 655 647 659 690 641 597 730 621 564 573 551 532 539 475 468 455 533 497 475 441 487 446 436 412 447 458 467 389 466 480 397 367 390 364 390 393 392 444 414 342 228 280 323 332 288 307 308 371 301 285 285 302 298 258 254 319 284 287 306 279 312 279 289 233 293 285 246 204 211 224 203 236 242 231 164 185 215 211 193 235 240 203 228 191 202 207 165 158 161 168 166 193 192 193 166 197 207 213 190 176 201 159 186 131 131 166 132 137 157 152 104 129 165 137 163 158 155 165 154 164 158 132 149 167 137 117 152 126 133 119 95 94 121 93 120 127 94 140 134 129 105 122 121 123 89 124 117 135 131 120 141 107 100 117 105 134 114 108 97 119 120 124 79 68 74 66 70 76 64 61 76 87 81 55 78 74 76 79 68 85 70 64 74 82 70 72 75 68 67 77 75 61 49 79 68 78 91 87 85 62 97 73 77 81 88 75 72 48 52 60 73 52 59 59 54 74 54 67 60 63 63 54 65 71 61 53 76 65 57 67 63 65 45 64 44 68 60 54 60 54 65 53 52 55 76 67 53 64 52 66 66 57 55 60 71 67 54 60 64 70 71 63 54 66 48 54 57 80 35 37 36 32 39 36 38 35 33 34 36 34 36 29 32 34 34 33 31 30 38 33 38 35 28 41 33 37 35 48 36 41 35 33 33 41 39 29 35 31 37 34 34 31 27 34 39 31 40 42 28 39 34 37 29 28 38 34 24 25 30 30 38 29 44 32 37 44 31 32 37 31 33 29 36 46 31 36 26 35 32 42 22 36 44 24 30 35 35 26 27 35 36 22 18 14 22 20 22 22 16 18 16 22 22 20 24 18 20 24 14 20 22 16 22 20 26 22 24 16 22 24 22 22 22 16 16 20 20 22 22 22 22 16 20 26 20 20 24 20 22 18 18 24 16 22 18 18 24 22 22 24 20 24 22 22 20 24 28 24 14 16 22 18 20 18 18 16 16 20 26 22 16 14 22 22 14 26 28 24 22 14 24 20 24 18 22 22 20 18 20 18 26 24 24 22 18 22 20 14 22 20 20 20 22 18 32 20 16 24 18 22 22 20 22 22 18 20 16 18 18 22 20 20 18 22 18 24 16 30 22 24 28 18 22 26 22 18 24 16 14 20 22 22 22 18 16 6 6 6 7 6 6 8 7 9 5 6 8 7 8 9 7 4 6 8 7 6 6 7 7 6 9 7 8 7 8 6 4 5 7 9 7 7 4 7 10 8 7 7 6 5 5 7 5 9 4 5 7 5 6 6 6 6 8 10 8 6 7 4 5 6 9 8 6 7 7 5 8 6 8 7 8 10 9 7 8 5 5 10 7 4 6 8 7 6 7 5 6 5 6 4 6 7 10 9 6 4 8 8 7 8 8 8 7 7 6 7 5 8 9 6 9 6 5 6 6 7 9 10 7 7 4 6 7 6 5 8 8 7 6 9 9 8 6 8 6 8 9 8 2 7 6 5 6 5 8 5 7 8 5 8 5 6 6 4 4 2 8 6 8 7 7 8 6 7 8 7 8 5 6 8 5 6 10 8 9 9 4 7 4 7 6 7 8 7 7 7 5 7 9 8 5 6 10 4 6 7 8 5 4 10 11 11 9 6 7 5 7 7 5 6 12 6 9 6 10 8 6 7 10 8 7 6 9 6 8 8 8 7 7 5 7 7 5 6 5 7 9 6 8 2 8 6 6 7 8 7 8 10 4 8 9 7 7 7 8 6 7 7 10 8 5 10 6 7 4 7 8 7 6 8 7 8 6 7 8 8 8 7 6 8 9 10 8 5 9 6 9 10 7 3 7 9 8 8 6 5 4 8 8 4 8 7 8 6 0 0 0 0 0 0 0 0 0 0 0 0 0 0 0 0 0 0 0 0 0 0 0 0 0 0 0 0 0 0 0 0 0 0 0 0 0 0 0 0 0 0 0 0 0 0 0 0 0 0 0 0 0 0 0 0 0 0 0 0 0 0 0 0 0 0 0 0 0 0 0 0 0 0 0 0 0 0 0 0 0 0 0 0 0 0 0 0 0 0 0 0 0 0 0 0 0 0 0 0 0 0 0 0 0 0 0 0 0 0 0 0 0 0 0 0 0 0 0 0 0 0 0 0 0 0 0 0 0 0 0 0 0 0 0 0 0 0 0 0 0 0 0 0 0 0 0 0 0 0 0 0 0 0 0 0 0 0 0 0 0 0 0 0 0 0 0 0 0 0 0 0 0 0 0 0 0 0 0 0 0 0 0 0 0 0 0 0 0 0 0 0 0 0 0 0 0 0 0 0 0 0 0 0 0 0 0 0 0 0 0 0 0 0 0 0 0 0 0 0 0 0 0 0 0 0 0 0 0 0 0 0 0 0 0 0 0 0 0 0 0 0 0 0 0 0 0 0 0 0 0 0 0 0 0 0 0 0 0 0 0 0 0 0 0 0 0 0 0 0 0 0 0 0 0 0 0 0 0 0 0 0 0 0 0 0 0 0 0 0 0 0 0 0 0 0 0 0 0 0 0 0 0 0 0 0 0 0 0 0 0 0 0 0 0 0 0 0 0 0 0 0 0 0 0 0 0 0 0 0 0 0 0 0 0 0 0 0 0 0 0 0 0 0 0 0 0 0 0 0 0 0 0 0 0 0 0 0 0 0 0 0 0 0 0 0 0 0 0 0 0 0 0 0 0 0 0 0 0 0 0 0 0 0 0 0 0 0 0 0 0 0 0 0 0 0 0 0 0 0 0 0 0 0 0 0 0 0 0 0 0 0 0 0 0 0 0 0 0 0 0 0 0 0 0 0 0 0 0 0 0 0 0 0 0 0 0 0 0 0 0 0 0 0 0 0 0 0 0 0 0 0 0 0 0 0 0 0 0 0 0 0 0 0 0 0 0 0 0 0 0 0 0 0 0 0 0 0 0 0 0 0 0 0 0 0 0 0 0 0 0 0 0 0 0 0 0 0 0 0 0 0 0 0 0 0 0 0 0 0 0 0 0 0 0 0 0 0 0 0 0 0 0 0 0 0 0 0 0 0 0 0 0 0 0 0 0 0 0 0 0 0 0 0 0 0 0 0 0 0 0 0 0 0 0 0 0 0 0 0 0 0 0 0 0 0 0 0 0 0 0 0 0 0 0 0 0 0 0 0 0 0 0 0 0 0 0 0 0 0 0 0 0 0 0 0 0 0 0 0 0 0 0 0 0 0 0 0 0 0 0 0 0 0 0 0 0 0 0 0 0 0 0 0 0 0 0 0 0 0 0 0 0 0 0 0 0 0 0 0 0 0 0 0 0 0 0 0 0 0 0 0 0 0 0 0 0 0 0 0 0 0 0 0 0 0 0 0 0 0 0 0 0 0 0 0 0 0 0 0 0 0 0 0 0 0 0 0 0 0 0 0 0 0 0 0 0 0 0 0 0 0 0 0 0 0 0 0 0 0 0 0 0 0 0 0 0 0 0 0 0 0 0 0 0 0 0 0 0 0 0 0 0 0 0 0 0 0 0 0 0 0 0 0 0 0 0 0 0 0 0 0 0 0 0 0 0 0 0 0 0 0 0 0 0 0 0 0 0 0 0 0 0 0 0 0 0 0 0 0 0 0 0 0 0 0 0 0 0 0 0 0 0 0 0 0 0 0 0 0 0 0 0 0 0 0 0 0 0 0 0 0 0 0 0 0 0 0 0 0 0 0 0 0 0 0 0 0 0 0 0 0 0 0 0 0 0 0 0 0 0 0 0 0 0 0 0 0 0 0 0 0 0 0 0 0 0 0 0 0 0 0 0 0 0 0 0 0 0 0 0 0 0 0 0 0 0 0 0 0 0 0 0 0 0 0 0 0 0 0 0 0 0 0 0 0 0 0 0 0 0 0 0 0 0 0 0 0 0 0 0 0 0 0 0 0 0 0 0 0 0 0 0 0 0 0 0
Case #31: 600231 147248 66408 36394 22961 15763 12256 8826 7529 5806 5070 3859 3484 3192 2815 2290 1995 1939 1684 1402 1386 1310 1171 983 874 848 844 713 779 641 652 532 603 446 429 430 443 388 361 364 424 362 333 358 289 312 276 224 236 253 206 214 176 199 194 209 162 156 167 135 149 173 152 115 113 130 121 113 142 113 106 114 93 107 117 118 101 105 95 84 96 104 59 61 61 72 74 63 77 65 58 70 85 56 62 50 41 55 69 46 58 45 54 56 61 48 56 52 54 51 53 45 54 48 35 30 36 30 30 29 35 31 36 32 29 42 34 39 26 28 30 34 31 32 30 25 21 28 36 22 30 25 24 22 20 14 20 18 20 16 16 22 20 10 20 18 24 18 18 12 24 20 10 22 18 20 18 22 20 14 16 26 16 12 20 20 18 22 18 18 20 20 16 18 28 24 14 14 16 20 14 4 6 5 7 7 6 9 6 6 8 8 8 3 8 6 7 6 7 5 6 4 7 6 2 6 7 8 7 7 8 5 5 5 7 6 5 6 7 5 7 6 7 9 6 7 5 7 6 4 8 7 8 6 4 8 5 5 7 7 5 6 6 6 6 9 7 5 6 6 5 7 6 6 5 6 7 4 6 7 8 5 8 7 5 6 6 7 10 6 6 3 4 1 6 4 6 0 0 0 0 0 0 0 0 0 0 0 0 0 0 0 0 0 0 0 0 0 0 0 0 0 0 0 0 0 0 0 0 0 0 0 0 0 0 0 0 0 0 0 0 0 0 0 0 0 0 0 0 0 0 0 0 0 0 0 0 0 0 0 0 0 0 0 0 0 0 0 0 0 0 0 0 0 0 0 0 0 0 0 0 0 0 0 0 0 0 0 0 0 0 0 0 0 0 0 0 0 0 0 0 0 0 0 0 0 0 0 0 0 0 0 0 0 0 0 0 0 0 0 0 0 0 0 0 0 0 0 0 0 0 0 0 0 0 0 0 0 0 0 0 0 0 0 0 0 0 0 0 0 0 0 0 0 0 0 0 0 0 0 0 0 0 0 0 0 0 0 0 0 0 0 0 0 0 0 0 0 0 0 0 0 0 0 0 0 0 0 0 0 0 0 0 0 0 0 0 0 0 0 0 0 0 0 0 0 0 0 0 0 0 0 0 0 0 0 0 0 0 0 0 0 0 0 0 0 0 0 0 0 0 0 0 0 0 0 0 0 0 0 0 0 0 0 0 0 0 0 0 0 0 0 0 0 0 0 0 0 0 0 0 0 0 0 0 0 0 0 0 0 0 0 0 0 0 0 0 0 0 0 0 0 0 0
Case #32: 265727005 66052704 29472598 16747839 10663290 7423694 5309197 4178507 3280423 2667483 2148587 1881195 1584603 1276739 1157035 1055624 943493 811824 720586 680049 600489 540279 492437 473123 424182 397051 366658 327484 325550 291355 267260 270636 236530 230989 217395 204589 188022 176185 184127 170145 159591 146018 146879 140506 131117 120835 124475 117500 107201 105190 99317 100446 97119 90883 85820 83391 79881 79011 73398 75885 73048 66802 65104 67769 62850 63199 62100 61677 55278 52728 50720 52809 50863 47128 46240 43970 43296 44791 42806 44590 40917 42003 38540 36187 37746 38280 35765 33980 33813 34712 32360 30843 30601 30385 27512 30102 29068 26137 25405 27352 25917 26000 23427 23917 24496 23593 23221 24487 21873 21807 20845 19700 21464 20899 19256 19747 19879 18086 18233 19740 17031 17967 17970 17157 17599 16217 15597 16828 15876 15711 16762 15646 15213 13751 14928 15418 14506 14169 13914 14079 14846 11956 12817 13498 12979 13166 11253 11881 12382 11224 12522 10438 11277 10332 10769 11259 11073 11555 11088 10361 9092 9905 9629 10067 9150 9697 10041 9834 9610 9320 9320 10032 8862 9493 8824 8895 7915 8114 8339 9148 8488 7856 7629 7214 7688 7483 7196 8144 7031 7177 8137 7066 6761 7458 7170 6882 6769 6402 6867 6692 7258 6702 5867 6696 5711 5839 6078 6163 5824 5684 5200 6194 5960 5224 5921 5756 5359 5352 5203 6005 5556 5691 4896 5269 5482 5246 4582 5165 4991 4771 5101 4999 5647 5166 4623 5393 4491 4528 4690 5017 4387 4273 4229 4186 4217 4665 4062 4436 4014 4059 4014 3841 4077 3956 3931 4430 4348 4273 3409 3655 3670 3883 4095 3810 3726 3378 3665 3213 3087 3932 3367 3652 3957 3403 3263 3435 3596 3403 3347 3062 3242 3460 3044 3524 3204 3386 3273 3337 3153 3171 3214 3409 3111 2699 2986 2796 3110 3107 3072 2734 3094 2925 2760 2728 3243 2826 2660 2478 2821 2287 2832 2667 2932 2607 2584 2687 2521 2875 2747 2810 2545 2516 2639 2871 2555 2524 2398 2395 2215 2315 2430 2400 2383 2507 2449 2209 2271 2457 2538 2881 2065 2073 2284 2515 2113 2091 2331 2137 2185 2129 2363 2207 2076 2043 2106 2263 2069 2156 2075 2236 1929 2052 1750 1916 2186 2104 2033 1894 1995 2001 1952 2090 1918 1974 1732 1936 1946 1745 1581 1875 1810 2049 1824 1643 1811 1550 1899 2120 2004 1898 2188 1626 1837 1596 1402 1687 1708 1782 1563 1746 1565 1582 1408 1414 1762 1397 1697 1753 1559 1690 1534 1564 1611 1503 1517 1399 1532 1541 1590 1469 1476 1294 1410 1685 1529 1391 1520 1389 1526 1642 1468 1686 1509 1482 1414 1470 1502 1538 1454 1397 1164 1195 1037 1325 1388 1202 1260 1333 1060 1181 1276 1217 1166 1232 1238 1051 1333 1252 1157 1213 1284 1234 1227 1388 1186 1131 1181 1208 974 999 1109 1165 1164 945 939 1034 1029 1077 986 1212 1181 1061 945 948 1114 1068 1085 1253 1179 1013 1225 1202 1100 1153 1108 1055 975 1114 1050 1057 920 986 1057 924 977 875 1025 946 1086 992 880 914 940 1009 903 964 1041 850 966 933 1024 948 956 932 1064 1080 842 1031 1054 914 930 974 990 828 898 851 827 922 975 994 845 735 872 1014 871 876 904 914 877 844 919 689 840 927 876 938 927 856 1003 916 775 854 903 935 1010 755 823 1031 1023 887 755 1103 1056 889 839 759 788 654 723 815 552 740 773 666 707 618 689 557 582 704 599 593 621 718 789 779 699 624 588 694 726 590 806 725 607 696 803 745 728 753 608 721 681 727 741 658 751 782 721 556 691 650 787 688 699 744 627 665 532 606 709 664 552 478 689 644 707 734 640 576 600 504 661 566 531 572 781 782 699 494 568 632 495 683 710 668 550 696 703 734 471 552 621 533 701 625 625 686 569 572 610 582 602 583 684 638 758 733 663 799 426 425 488 520 487 445 529 578 516 482 525 475 409 447 468 507 427 495 536 442 502 599 504 448 477 493 456 600 481 444 505 393 484 450 452 556 551 467 498 519 445 461 402 504 478 522 453 518 474 505 487 492 498 423 418 526 514 483 483 535 461 424 476 516 504 500 323 553 410 422 390 504 429 420 409 407 470 481 359 392 374 414 484 404 414 403 326 359 488 372 491 375 341 403 418 480 353 453 412 422 400 480 413 408 357 435 447 359 474 411 454 419 443 388 463 416 376 438 434 430 396 383 391 392 320 365 359 406 467 427 333 369 474 450 421 489 446 433 356 386 452 401 436 331 426 438 380 334 395 416 364 376 298 262 342 344 384 459 347 302 300 278 319 288 310 313 286 412 270 359 329 356 292 323 360 347 318 391 354 405 373 325 298 364 325 334 286 339 291 253 357 374 267 320 376 321 249 307 382 347 324 307 378 344 338 261 358 337 364 334 317 309 342 294 301 295 322 321 312 320 316 400 328 288 341 271 288 304 313 378 281 303 348 333 311 308 348 234 298 274 292 264 317 273 293 320 282 402 293 264 355 334 352 287 324 347 275 227 312 351 216 268 232 288 271 282 230 243 239 258 247 291 228 277 309 245 239 265 250 260 272 307 249 248 263 277 274 261 285 253 211 274 233 265 257 288 256 340 248 244 231 258 265 280 240 273 257 223 202 267 247 257 294 264 208 287 357 301 281 299 249 291 287 253 356 310 258 233 264 306 234 244 304 248 285 287 287 247 268 363 337 259 270 253 251 266 253 225 294 234 301 262 342 239 230 214 298 292 314 284 257 261 303 251 233 273 280 313 269 274 258 307 315 258 218 275 262 302 211 292 229 291 245 206 302 250 318 284 217 134 169 123 167 225 163 173 173 131 243 216 189 158 143 154 217 150 171 213 151 185 152 199 209 181 160 178 186 199 189 166 185 195 188 158 209 155 238 166 193 158 129 161 169 179 141 195 197 196 183 176 120 146 190 190 183 181 164 180 181 178 228 166 193 146 176 203 139 202 140 170 173 167 158 174 124 229 182 155 175 138 185 168 146 172 172 173 141 156 168 187 166 162 178 176 226 163 188 222 188 196 160 163 171 154 167 144 173 125 151 202 237 201 180 180 171 152 215 228 168 179 161 150 221 148 156 144 176 171 156 194 186 176 145 164 182 172 179 146 176 178 176 196 146 191 178 142 154 149 111 152 189 127 183 166 143 173 149 154 202 166 177 162 174 219 141 176 158 154 177 159 253 165 190 205 173 193 176 109 128 131 124 207 116 145 152 173 140 117 127 136 122 136 140 169 111 91 157 129 146 163 154 137 115 173 152 162 149 121 107 145 136 165 117 122 145 140 129 125 137 151 131 125 129 130 122 184 168 150 180 111 127 126 111 151 104 113 181 154 138 136 149 120 155 137 168 165 119 164 105 179 143 102 149 109 144 142 95 112 118 145 125 153 134 142 153 164 124 90 124 120 126 132 110 150 112 136 174 124 124 145 126 149 134 183 115 142 140 152 151 194 138 130 184 160 183 97 134 127 152 119 168 142 160 126 108 173 150 193 125 115 131 134 137 143 111 164 161 131 147 140 159 129 137 151 158 142 156 143 182 153 151 130 157 153 139 130 159 119 139 157 120 104 146 130 134 164 126 151 146 147 152 157 136 115 146 147 94 161 158 151 123 125 144 167 162 158 127 165 166 134 177 150 135 155 128 156 141 136 97 134 164 105 160 132 127 155 147 130 165 140 139 170 106 158 140 152 174 132 172 102 125 189 104 128 162 144 129 153 133 147 182 157 115 152 177 133 124 115 125 168 146 128 125 107 156 148 81 71 92 79 91 62 63 94 97 82 73 67 81 83 72 74 57 80 65 88 75 59 61 96 92 80 76 87 69 85 96 53 69 97 87 65 71 59 67 52 74 90 86 75 88 92 55 79 58 74 69 63 107 54 96 78 52 63 90 103 70 91 94 80 59 85 71 102 88 86 86 76 78 76 107 76 81 89 79 90 89 73 65 85 93 68 60 68 79 88 103 72 65 67 50 82 78 79 100 80 75 101 97 62 84 40 61 70 75 72 66 74 103 84 94 75 68 76 61 72 77 108 66 99 73 82 60 78 71 64 79 94 70 87 72 111 88 80 71 78 54 65 65 86 64 91 57 86 74 93 69 64 70 72 63 87 84 41 102 68 105 90 83 69 116 89 63 78 72 77 67 63 97 83 89 105 79 93 96 97 82 73 98 91 83 60 71 75 62 85 74 68 68 64 71 61 89 64 83 101 70 72 67 86 64 85 85 88 71 77 85 57 78 67 43 85 59 88 86 117 134 90 118 96 70 92 53 80 72 67 82 68 85 91 103 86 90 72 86 75 79 63 76 87 63 89 67 74 80 61 90 72 67 78 66 75 81 69 79 68 78 73 68 73 75 72 96 75 65 72 88 75 79 70 70 61 75 126 85 76 89 75 65 104 81 59 73 66 83 75 66 75 83 92 75 99 60 65 90 81 71 93 81 68 66 64 89 75 87 57 100 68 91 68 63 73 48 54 54 73 66 70 81 95 85 60 82 85 75 88 80 110 99 90 91 94 67 68 78 69 62 79 86 83 60 78 86 57 82 72 73 104 73 80 90 80 83 84 86 86 99 88 67 72 89 74 39 53 82 81 89 77 91 60 89 50 50 48 36 48 52 68 38 58 32 38 42 58 58 44 58 70 42 54 58 48 38 48 46 50 54 52 46 68 38 44 46 48 44 52 48 38 32 60 56 46 42 44 20 62 42 42 22 34 56 60 48 48 64 38 52 58 46 44 66 42 52 38 52 44 66 54 44 48 48 50 48 54 38 50 42 34 44 38 64 42 40 56 40 78 48 40 34 46 38 38 50 52 50 58 30 52 46 40 42 48 38 56 36 38 50 32 48 64 42 30 26 56 44 50 50 48 46 56 70 56 80 66 46 46 32 40 42 62 50 38 66 58 36 48 40 46 58 54 60 44 38 46 36 46 58 54 40 52 56 30 50 38 52 48 46 42 48 48 60 48 48 58 42 56 58 52 42 60 44 46 46 28 46 44 34 34 44 52 28 58 62 52 50 28 38 34 36 38 46 48 30 50 40 50 60 52 48 48 46 40 34 56 30 46 74 48 34 36 44 50 28 36 44 46 46 56 30 46 48 68 46 50 72 36 64 46 40 34 40 34 44 56 48 62 40 44 50 46 44 36 58 50 42 54 60 46 40 50 34 50 54 54 50 44 56 38 30 62 52 54 40 70 42 42 38 50 48 32 38 44 42 44 38 46 40 62 52 52 52 50 38 56 32 34 40 64 42 44 42 48 44 36 44 34 38 34 30 52 58 30 48 60 32 56 42 42 62 60 36 34 42 58 56 52 40 64 40 50 60 58 58 44 40 48 64 36 56 50 44 34 58 46 34 58 70 48 52 54 52 46 60 56 56 56 62 52 38 56 50 28 46 56 64 38 36 56 42 50 36 52 46 68 52 56 32 58 28 46 32 34 44 46 52 42 42 60 42 66 34 54 52 56 50 58 36 38 56 36 40 62 50 34 42 54 46 38 58 50 60 50 46 50 44 48 52 26 64 42 60 26 36 40 46 50 48 54 46 34 54 54 46 40 38 58 58 42 52 48 40 60 40 40 50 46 58 40 42 32 46 48 50 50 56 54 36 32 24 54 56 58 42 42 44 54 52 44 62 42 40 44 42 52 42 66 56 34 62 52 50 50 42 58 36 62 68 52 48 44 50 32 48 44 40 38 44 44 66 48 46 50 38 54 42 38 44 50 46 60 44 44 60 54 48 52 52 34 54 50 44 36 42 54 48 44 46 38 40 46 52 28 40 60 32 30 46 44 50 32 66 34 26 42 52 40 48 50 50 48 38 58 34 34 42 44 54 56 44 30 24 42 40 54 56 46 48 58 40 48 44 50 44 38 44 38 42 40 66 14 52 44 58 46 46 46 32 48 54 42 40 34 50 56 66 36 56 60 52 34 62 38 34 26 42 46 64 56 56 42 46 48 48 52 48 42 44 60 36 32 32 56 58 42 40 50 60 54 64 44 60 50 58 36 23 17 20 20 6 19 21 14 16 21 15 8 14 17 15 20 15 15 12 16 19 9 20 21 9 18 18 12 16 18 23 12 11 17 16 13 21 11 17 15 19 9 10 16 19 19 10 16 8 17 12 13 7 19 17 20 21 20 13 19 17 15 13 13 13 21 15 22 9 7 11 11 13 14 14 17 6 18 9 17 15 11 21 15 19 13 14 11 20 15 12 17 16 20 9 10 11 14 16 18 20 12 17 20 12 15 13 17 10 12 24 15 12 17 20 10 15 11 12 19 16 12 20 22 14 18 10 17 12 14 19 15 8 17 17 16 14 19 18 13 14 22 19 17 11 23 19 15 17 12 15 15 12 13 25 22 15 14 14 13 16 10 17 14 12 19 24 19 14 11 11 12 18 18 17 17 17 16 12 8 13 12 24 12 20 12 13 16 19 16 13 18 12 10 14 18 21 14 17 20 16 14 16 16 14 11 12 10 12 17 18 14 13 19 21 9 17 14 10 20 18 16 15 19 12 28 9 12 16 14 18 12 20 18 15 23 23 9 14 26 16 17 16 14 23 17 17 18 8 16 20 16 15 16 11 14 10 25 14 18 14 21 17 7 20 11 16 11 11 12 16 9 9 13 17 15 22 24 11 31 15 9 13 17 18 14 10 11 18 21 16 19 14 17 15 20 8 18 11 8 22 17 11 26 20 11 9 15 13 12 13 9 17 15 20 13 19 16 8 13 18 11 22 5 5 9 17 18 12 10 22 12 13 14 14 16 17 18 21 12 17 15 19 22 15 15 12 14 19 23 24 14 13 11 20 22 16 23 3 14 16 19 16 12 10 15 19 13 15 15 23 18 16 23 23 16 13 14 12 19 18 11 20 16 18 20 15 23 6 18 17 19 11 15 19 16 16 12 20 17 17 22 18 9 14 12 10 16 9 13 15 10 19 14 18 15 16 17 11 15 14 14 17 19 5 18 20 19 21 18 19 10 14 16 8 14 16 22 16 12 13 22 12 6 20 14 5 9 11 21 12 12 14 10 23 14 10 16 9 15 18 19 18 17 14 17 19 14 13 13 6 15 14 6 13 27 22 5 17 8 23 15 19 23 24 14 10 20 14 16 2 17 12 13 17 14 13 18 12 15 15 19 25 13 12 17 17 12 23 12 20 17 8 24 11 20 15 21 17 16 18 13 26 18 16 12 16 7 7 15 23 21 18 22 18 18 23 23 14 6 20 14 19 16 16 22 19 22 17 8 15 11 13 19 20 16 17 23 8 23 11 15 18 13 16 23 11 15 21 16 19 21 19 11 8 18 24 11 4 18 19 22 19 14 17 19 11 15 19 15 16 15 14 16 13 12 20 13 25 13 17 10 15 24 18 12 18 13 11 18 18 6 12 16 11 23 16 20 18 14 20 11 24 17 15 14 18 11 9 15 17 9 17 20 9 22 14 17 5 15 13 20 23 17 19 19 20 16 7 17 14 22 15 16 19 16 20 9 18 22 27 9 19 10 15 22 5 18 14 20 16 9 10 5 21 12 10 23 21 24 17 22 11 16 9 18 10 12 15 16 15 9 17 15 19 20 19 10 7 15 12 13 17 22 21 14 24 21 17 14 10 11 9 17 14 10 18 15 12 10 15 10 12 13 12 16 10 25 19 10 17 14 20 13 26 16 18 12 14 7 13 19 23 11 21 24 20 17 24 13 17 15 19 17 17 14 8 14 16 17 14 14 19 14 17 18 11 15 9 14 13 17 10 16 9 19 22 19 13 17 16 13 9 13 19 18 16 17 13 21 10 18 19 11 20 14 19 23 14 15 17 11 17 17 13 22 8 13 12 17 13 16 21 9 24 10 12 16 9 18 19 15 18 14 12 13 17 19 16 19 15 14 18 18 16 17 12 19 18 17 13 14 10 17 16 14 26 11 10 24 9 14 14 20 17 16 20 24 15 21 16 17 24 21 18 22 15 10 5 14 16 9 10 17 14 17 10 22 11 17 20 19 16 20 15 10 10 8 18 17 18 18 12 13 19 13 15 24 19 15 15 13 23 17 19 7 18 14 19 19 15 12 16 9 14 13 14 19 9 12 13 11 15 13 17 18 13 13 19 18 16 15 18 8 14 11 21 19 19 21 10 17 17 14 15 29 14 19 10 24 22 14 18 19 13 11 15 11 8 17 16 15 13 12 17 15 15 18 17 14 11 18 13 14 16 20 18 18 8 16 13 8 10 19 15 13 16 13 14 19 10 21 18 9 19 20 13 16 9 17 17 12 18 14 13 15 20 5 13 17 17 14 14 14 11 11 19 17 17 14 12 21 7 15 13 16 19 24 16 16 16 25 10 12 16 14 14 13 10 18 15 15 14 17 17 21 13 14 23 16 15 12 26 27 19 11 18 21 18 15 19 19 12 8 14 12 17 15 15 6 13 20 20 4 11 15 22 6 8 11 12 16 5 11 15 17 17 13 13 23 21 19 17 12 20 12 9 18 9 13 20 16 17 14 13 4 12 14 11 17 18 16 14 12 18 20 12 13 14 22 17 13 13 20 11 9 11 16 15 15 16 16 8 13 20 13 12 16 17 20 19 10 25 18 15 22 10 20 11 11 19 9 14 13 20 18 11 22 27 14 14 22 11 23 14 15 13 20 21 14 14 9 11 22 14 10 17 11 16 13 16 13 15 16 10 19 17 14 9 15 22 22 27 7 13 13 13 21 13 11 13 22 14 20 12 24 20 20 9 17 12 19 11 14 11 11 13 14 20 20 21 26 16 18 18 8 16 29 18 14 21 9 20 14 19 16 13 17 16 21 17 11 12 13 15 20 11 21 0 0 0 0 0 0 0 0 0 0 0 0 0 0 0 0 0 0 0 0 0 0 0 0 0 0 0 0 0 0 0 0 0 0 0 0 0 0 0 0 0 0 0 0 0 0 0 0 0 0 0 0 0 0 0 0 0 0 0 0 0 0 0 0 0 0 0 0 0 0 0 0 0 0 0 0 0 0 0 0 0 0 0 0 0 0 0 0 0 0 0 0 0 0 0 0 0 0 0 0 0 0 0 0 0 0 0 0 0 0 0 0 0 0 0 0 0 0 0 0 0 0 0 0 0 0 0 0 0 0 0 0 0 0 0 0 0 0 0 0 0 0 0 0 0 0 0 0 0 0 0 0 0 0 0 0 0 0 0 0 0 0 0 0 0 0 0 0 0 0 0 0 0 0 0 0 0 0 0 0 0 0 0 0 0 0 0 0 0 0 0 0 0 0 0 0 0 0 0 0 0 0 0 0 0 0 0 0 0 0 0 0 0 0 0 0 0 0 0 0 0 0 0 0 0 0 0 0 0 0 0 0 0 0 0 0 0 0 0 0 0 0 0 0 0 0 0 0 0 0 0 0 0 0 0 0 0 0 0 0 0 0 0 0 0 0 0 0 0 0 0 0 0 0 0 0 0 0 0 0 0 0 0 0 0 0 0 0 0 0 0 0 0 0 0 0 0 0 0 0 0 0 0 0 0 0 0 0 0 0 0 0 0 0 0 0 0 0 0 0 0 0 0 0 0 0 0 0 0 0 0 0 0 0 0 0 0 0 0 0 0 0 0 0 0 0 0 0 0 0 0 0 0 0 0 0 0 0 0 0 0 0 0 0 0 0 0 0 0 0 0 0 0 0 0 0 0 0 0 0 0 0 0 0 0 0 0 0 0 0 0 0 0 0 0 0 0 0 0 0 0 0 0 0 0 0 0 0 0 0 0 0 0 0 0 0 0 0 0 0 0 0 0 0 0 0 0 0 0 0 0 0 0 0 0 0 0 0 0 0 0 0 0 0 0 0 0 0 0 0 0 0 0 0 0 0 0 0 0 0 0 0 0 0 0 0 0 0 0 0 0 0 0 0 0 0 0 0 0 0 0 0 0 0 0 0 0 0 0 0 0 0 0 0 0 0 0 0 0 0 0 0 0 0 0 0 0 0 0 0 0 0 0 0 0 0 0 0 0 0 0 0 0 0 0 0 0 0 0 0 0 0 0 0 0 0 0 0 0 0 0 0 0 0 0 0 0 0 0 0 0 0 0 0 0 0 0 0 0 0 0 0 0 0 0 0 0 0 0 0 0 0 0 0 0 0 0 0 0 0 0 0 0 0 0 0 0 0 0 0 0 0 0 0 0 0 0 0 0 0 0 0 0 0 0 0 0 0 0 0 0 0 0 0 0 0 0 0 0 0 0 0 0 0 0 0 0 0 0 0 0 0 0 0 0 0 0 0 0 0 0 0 0 0 0 0 0 0 0 0 0 0 0 0 0 0 0 0 0 0 0 0 0 0 0 0 0 0 0 0 0 0 0 0 0 0 0 0 0 0 0 0 0 0 0 0 0 0 0 0 0 0 0 0 0 0 0 0 0 0 0 0 0 0 0 0 0 0 0 0 0 0 0 0 0 0 0 0 0 0 0 0 0 0 0 0 0 0 0 0 0 0 0 0 0 0 0 0 0 0 0 0 0 0 0 0 0 0 0 0 0 0 0 0 0 0 0 0 0 0 0 0 0 0 0 0 0 0 0 0 0 0 0 0 0 0 0 0 0 0 0 0 0 0 0 0 0 0 0 0 0 0 0 0 0 0 0 0 0 0 0 0 0 0 0 0 0 0 0 0 0 0 0 0 0 0 0 0 0 0 0 0 0 0 0 0 0 0 0 0 0 0 0 0 0 0 0 0 0 0 0 0 0 0 0 0 0 0 0 0 0 0 0 0 0 0 0 0 0 0 0 0 0 0 0 0 0 0 0 0 0 0 0 0 0 0 0 0 0 0 0 0 0 0 0 0 0 0 0 0 0 0 0 0 0 0 0 0 0 0 0 0 0 0 0 0 0 0 0 0 0 0 0 0 0 0 0 0 0 0 0 0 0 0 0 0 0 0 0 0 0 0 0 0 0 0 0 0 0 0 0 0 0 0 0 0 0 0 0 0 0 0 0 0 0 0 0 0 0 0 0 0 0 0 0 0 0 0 0 0 0 0 0 0 0 0 0 0 0 0 0 0 0 0 0 0 0 0 0 0 0 0 0 0 0 0 0 0 0 0 0 0 0 0 0 0 0 0 0 0 0 0 0 0 0 0 0 0 0 0 0 0 0 0 0 0 0 0 0 0 0 0 0 0 0 0 0 0 0 0 0 0 0 0 0 0 0 0 0 0 0 0 0 0 0 0 0 0 0 0 0 0 0 0 0 0 0 0 0 0 0 0 0 0 0 0 0 0 0 0 0 0 0 0 0 0 0 0 0 0 0 0 0 0 0 0 0 0 0 0 0 0 0 0 0 0 0 0 0 0 0 0 0 0 0 0 0 0 0 0 0 0 0 0 0 0 0 0 0 0 0 0 0 0 0 0 0 0 0 0 0 0 0 0 0 0 0 0 0 0 0 0 0 0 0 0 0 0 0 0 0 0 0 0 0 0 0 0 0 0 0 0 0 0 0 0 0 0 0 0 0 0 0 0 0 0 0 0 0 0 0 0 0 0 0 0 0 0 0 0 0 0 0 0 0 0 0 0 0 0 0 0 0 0 0 0 0 0 0 0 0 0 0 0 0 0 0 0 0 0 0 0 0 0 0 0 0 0 0 0 0 0 0 0 0 0 0 0 0 0 0 0 0 0 0 0 0 0 0 0 0 0 0 0 0 0 0 0 0 0 0 0 0 0 0 0 0 0 0 0 0 0 0 0 0 0 0 0 0 0 0 0 0 0 0 0 0 0 0 0 0 0 0 0 0 0 0 0 0 0 0 0 0 0 0 0 0 0 0 0 0 0 0 0 0 0 0 0 0 0 0 0 0 0 0 0 0 0 0 0 0 0 0 0 0 0 0 0 0 0 0 0 0 0 0 0 0 0 0 0 0 0 0 0 0 0 0 0 0 0 0 0 0 0 0 0 0 0 0 0 0 0 0 0 0 0 0 0 0 0 0 0 0 0 0 0 0 0 0 0 0 0 0 0 0 0 0 0 0 0 0 0 0 0 0 0 0 0 0 0 0 0 0 0 0 0 0 0 0 0 0 0 0 0 0 0 0 0 0 0 0 0 0 0 0 0 0 0 0 0 0 0 0 0 0 0 0 0 0 0 0 0 0 0 0 0 0 0 0 0 0 0 0 0 0 0 0 0 0 0 0 0 0 0 0 0 0 0 0 0 0 0 0 0 0 0 0 0 0 0 0 0 0 0 0 0 0 0 0 0 0 0 0 0 0 0 0 0 0 0 0 0 0 0 0 0 0 0 0 0 0 0 0 0 0 0 0 0 0 0 0 0 0 0 0 0 0 0 0 0 0 0 0 0 0 0 0 0 0 0 0 0 0 0 0 0 0 0 0 0 0 0 0 0 0 0 0 0 0 0 0 0 0 0 0 0 0 0 0 0 0 0 0 0 0 0 0 0 0 0 0 0 0 0 0 0 0 0 0 0 0 0 0 0 0 0 0 0 0 0 0 0 0 0 0 0 0 0 0 0 0 0 0 0 0 0 0 0 0 0 0 0 0 0 0 0 0 0 0 0 0 0 0 0 0 0 0 0 0 0 0 0 0 0 0 0 0 0 0 0 0 0 0 0 0 0 0 0 0 0 0 0 0 0 0 0 0 0 0 0 0 0 0 0 0 0 0 0 0 0 0 0 0 0 0 0 0 0 0 0 0 0 0 0 0 0 0 0 0 0 0 0 0 0 0 0 0 0 0 0 0 0 0 0 0 0 0 0 0 0 0 0 0 0 0 0 0 0 0 0 0 0 0 0 0 0 0 0 0 0 0 0 0 0 0 0 0 0 0 0 0 0 0 0 0 0 0 0 0 0 0 0 0 0 0 0 0 0 0 0 0 0 0 0 0 0 0 0 0 0 0 0 0 0 0 0 0 0 0 0 0 0 0 0 0 0 0 0 0 0 0 0 0 0 0 0 0 0 0 0 0 0 0 0 0 0 0 0 0 0 0 0 0 0 0 0 0 0 0 0 0 0 0 0 0 0 0 0 0 0 0 0 0 0 0 0 0 0 0 0 0 0 0 0 0 0 0 0 0 0 0 0 0 0 0 0 0 0 0 0 0 0 0 0 0 0 0 0 0 0 0 0 0 0 0 0 0 0 0 0 0 0 0 0 0 0 0 0 0 0 0 0 0 0 0 0 0 0 0 0 0 0 0 0 0 0 0 0 0 0 0 0 0 0 0 0 0 0 0 0 0 0 0 0 0 0 0 0 0 0 0 0 0 0 0 0 0 0 0 0 0 0 0 0 0 0 0 0 0 0 0 0 0 0 0 0 0 0 0 0 0 0 0 0 0 0 0 0 0 0 0 0 0 0 0 0 0 0 0 0 0 0 0 0 0 0 0 0 0 0 0 0 0 0 0 0 0 0 0 0 0 0 0 0 0 0 0 0 0 0 0 0 0 0 0 0 0 0 0 0 0 0 0 0 0 0 0 0 0 0 0 0 0 0 0 0 0 0 0 0 0 0 0 0 0 0 0 0 0 0 0 0 0 0 0 0 0 0 0 0 0 0 0 0 0 0 0 0 0 0 0 0 0 0 0 0 0 0 0 0 0 0 0 0 0 0 0 0 0 0 0 0 0 0 0 0 0 0 0 0 0 0 0 0 0 0 0 0 0 0 0 0 0 0 0 0 0 0 0 0 0 0 0 0 0 0 0 0 0 0 0 0 0 0 0 0 0 0 0 0 0 0 0 0 0 0 0 0 0 0 0 0 0 0 0 0 0 0 0 0 0 0 0 0 0 0 0 0 0 0 0 0 0 0 0 0 0 0 0 0 0 0 0 0 0 0 0 0 0 0 0 0 0 0 0 0 0 0 0 0 0 0 0 0 0 0 0 0 0 0 0 0 0 0 0 0 0 0 0 0 0 0 0 0 0 0 0 0 0 0 0 0 0 0 0 0 0 0 0 0 0 0 0 0 0 0 0 0 0 0 0 0 0 0 0 0 0 0 0 0 0 0 0 0 0 0 0 0 0 0 0 0 0 0 0 0 0 0 0 0 0 0 0 0 0 0 0 0 0 0 0 0 0 0 0 0 0 0 0 0 0 0 0 0 0 0 0 0 0 0 0 0 0 0 0 0 0 0 0 0 0 0 0 0 0 0 0 0 0 0 0 0 0 0 0 0 0 0 0 0 0 0 0 0 0 0 0 0 0 0 0 0 0 0 0 0 0 0 0 0 0 0 0 0 0 0 0 0 0 0 0 0 0 0 0 0 0 0 0 0 0 0 0 0 0 0 0 0 0 0 0 0 0 0 0 0 0 0 0 0 0 0 0 0 0 0 0 0 0 0 0 0 0 0 0 0 0 0 0 0 0 0 0 0 0 0 0 0 0 0 0 0 0 0 0 0 0 0 0 0 0 0 0 0 0 0 0 0 0 0 0 0 0 0 0 0 0 0 0 0 0 0 0 0 0 0 0 0 0 0 0 0 0 0 0 0 0 0 0 0 0 0 0 0 0 0 0 0 0 0 0 0 0 0 0 0 0 0 0 0 0 0 0 0 0 0 0 0 0 0 0 0 0 0 0 0 0 0 0 0 0 0 0 0 0 0 0 0 0 0 0 0 0 0 0 0 0 0 0 0 0 0 0 0 0 0 0 0 0 0 0 0 0 0 0 0 0 0 0 0 0 0 0 0 0 0 0 0 0 0 0 0 0 0 0 0 0 0 0 0 0 0 0 0 0 0 0 0 0 0 0 0 0 0 0 0 0 0 0 0 0 0 0 0 0 0 0 0 0 0 0 0 0 0 0 0 0 0 0 0 0 0 0 0 0 0 0 0 0 0 0 0 0 0 0 0 0 0 0 0 0 0 0 0 0 0 0 0 0 0 0 0 0 0 0 0 0 0 0 0 0 0 0 0 0 0 0 0 0 0 0 0 0 0 0 0 0 0 0 0 0 0 0 0 0 0 0 0 0 0 0 0 0 0 0 0 0 0 0 0 0 0 0 0 0 0 0 0 0 0 0 0 0 0 0 0 0 0 0 0 0 0 0 0 0 0 0 0 0 0 0 0 0 0 0 0 0 0 0 0 0 0 0 0 0 0 0 0 0 0 0 0 0 0 0 0 0 0 0 0 0 0 0 0 0 0 0 0 0 0 0 0 0 0 0 0 0 0 0 0 0 0 0 0 0 0 0 0 0 0 0 0 0 0 0 0 0 0 0 0 0 0 0 0 0 0 0 0 0 0 0 0 0 0 0 0 0 0 0 0 0 0 0 0 0 0 0 0 0 0 0 0 0 0 0 0 0 0 0 0 0 0 0 0 0 0 0 0 0 0 0 0 0 0 0 0 0 0 0 0 0 0 0 0 0 0 0 0 0 0 0 0 0 0 0 0 0 0 0 0 0 0 0 0 0 0 0 0 0 0 0 0 0 0 0 0 0 0 0 0 0 0 0 0 0 0 0 0 0 0 0 0 0 0 0 0 0 0 0 0 0 0 0 0 0 0 0 0 0 0 0 0 0 0 0 0 0 0 0 0 0 0 0 0 0 0 0 0 0 0 0 0 0 0 0 0 0 0 0 0 0 0 0 0 0 0 0 0 0 0 0 0 0 0 0 0 0 0 0 0 0 0 0 0 0 0 0 0 0 0 0 0 0 0 0 0 0 0 0 0 0 0 0 0 0 0 0 0 0 0 0 0 0 0 0 0 0 0 0 0 0 0 0 0 0 0 0 0 0 0 0 0 0 0 0 0 0 0 0 0 0 0 0 0 0 0 0 0 0 0 0 0 0 0 0 0 0 0 0 0 0 0 0 0 0 0 0 0 0 0 0 0 0 0 0 0 0 0 0 0 0 0 0 0 0 0 0 0 0 0 0 0 0 0 0 0 0 0 0 0 0 0 0 0 0 0 0 0 0 0 0 0 0 0 0 0 0 0 0 0 0 0 0 0 0 0 0 0 0 0 0 0 0 0 0 0 0 0 0 0 0 0 0 0 0 0 0 0 0 0 0 0 0 0 0 0 0 0 0 0 0 0 0 0 0 0 0 0 0 0 0 0 0 0 0 0 0 0 0 0 0 0 0 0 0 0 0 0 0 0 0 0 0 0 0 0 0 0 0 0 0 0 0 0 0 0 0 0 0 0 0 0 0 0 0 0 0 0 0 0 0 0 0 0 0 0 0 0 0 0 0 0 0 0 0 0 0 0 0 0 0 0 0 0 0 0 0 0 0 0 0 0 0 0 0 0 0 0 0 0 0 0 0 0 0 0 0 0 0 0 0 0 0 0 0 0 0 0 0 0 0 0 0 0 0 0 0 0 0 0 0 0 0 0 0 0 0 0 0 0 0 0 0 0 0 0 0 0 0 0 0 0 0 0 0 0 0 0 0 0 0 0 0 0 0 0 0 0 0 0 0 0 0 0 0 0 0 0 0 0 0 0 0 0 0 0 0 0 0 0 0 0 0 0 0 0 0 0 0 0 0 0 0 0 0 0 0 0 0 0 0 0 0 0 0 0 0 0 0 0 0 0 0 0 0 0 0 0 0 0 0 0 0 0 0 0 0 0 0 0 0 0 0 0 0 0 0 0 0 0 0 0 0 0 0 0 0 0 0 0 0 0 0 0 0 0 0 0 0 0 0 0 0 0 0 0 0 0 0 0 0 0 0 0 0 0 0 0 0 0 0 0 0 0 0 0 0 0 0 0 0 0 0 0 0 0 0 0 0 0 0 0 0 0 0 0 0 0 0 0 0 0 0 0 0 0 0 0 0 0 0 0 0 0 0 0 0 0 0 0 0 0 0 0 0 0 0 0 0 0 0 0 0 0 0 0 0 0 0 0 0 0 0 0 0 0 0 0 0 0 0 0 0 0 0 0 0 0 0 0 0 0 0 0 0 0 0 0 0 0 0 0 0 0 0 0 0 0 0 0 0 0 0 0 0 0 0 0 0 0 0 0 0 0 0 0 0 0 0 0 0 0 0 0 0 0 0 0 0 0 0 0 0 0 0 0 0 0 0 0 0 0 0 0 0 0 0 0 0 0 0 0 0 0 0 0 0 0 0 0 0 0 0 0 0 0 0 0 0 0 0 0 0 0 0 0 0 0 0 0 0 0 0 0 0 0 0 0 0 0 0 0 0 0 0 0 0 0 0 0 0 0 0 0 0 0 0 0 0 0 0 0 0 0 0 0 0 0 0 0 0 0 0 0 0 0 0 0 0 0 0 0 0 0 0 0 0 0 0 0 0 0 0 0 0 0 0 0 0 0 0 0
Case #33: 409222463 102076592 45555260 25646753 16438223 11416261 8465920 6371042 5062627 4071138 3376944 2847893 2371903 2107039 1799509 1601788 1367093 1294810 1139551 1030336 947959 846203 775762 721284 652321 597763 570782 518405 488810 448296 419114 400794 371986 343044 346161 318314 303681 285421 260525 262240 244168 232892 228352 217085 200850 188455 191560 176557 168753 162824 159665 142407 137998 146923 139082 131719 127522 119927 115357 109862 109578 105066 100583 99948 93677 92219 91562 85566 89257 85246 80399 78265 76702 76725 73658 73835 66075 62923 60407 64325 64613 56621 59694 58262 55300 55063 56060 54271 52367 53081 47488 47170 47858 48452 46881 45741 43931 44328 40623 39910 41318 40747 40023 34854 36332 35965 34048 37999 34384 34116 32668 32015 32483 31657 31108 32871 28791 29104 28485 28445 27260 27035 26473 25422 26295 24510 24310 26401 25188 23542 23251 23975 22280 22792 21856 22068 21701 21828 22130 21406 19562 20439 19066 19566 19055 18721 19355 18369 19546 17748 18154 17592 16657 16849 16745 15872 16829 16202 16338 15185 16580 16056 15284 15162 14320 16229 16112 15877 13268 13774 13400 14166 13904 14579 13722 14106 13304 12715 12008 12819 11769 12199 12938 12635 11881 11200 11418 11939 10873 11508 12066 11102 10424 10444 10285 10384 11241 11010 11420 9844 9693 10248 9574 10289 9364 9327 9985 9469 9119 8433 9064 9022 8942 8504 9269 9641 8898 9566 8601 8781 7139 8147 8075 8132 8527 8048 8199 8692 8137 7762 6890 6891 7526 7676 7605 6842 6919 6744 7300 7344 6415 6566 7150 6760 6341 6154 6611 6115 6929 7173 6492 5700 6566 5951 5930 6234 6435 6062 5893 5779 6401 5419 5578 6103 5306 5719 6157 6177 5646 6245 5703 5563 5189 5310 5376 5343 5539 5308 5033 5798 5314 5147 5014 5405 4944 4289 4953 5253 4673 5078 5339 4604 5437 4940 4776 4583 4752 4217 4366 4387 4727 4595 4998 4325 4351 4274 4418 4131 4065 4398 4237 4279 4625 3897 3950 3890 4217 4012 4307 4297 4098 4367 3848 4560 3424 4001 3401 3433 4129 3313 3058 4048 3684 3917 3814 3270 3838 3234 3328 3541 3641 3440 3334 3378 3489 3461 3656 3768 2959 3306 3085 3523 3444 3139 3408 3247 3105 3296 3318 3218 3539 3046 2888 2771 3053 3119 3112 2982 2734 3296 2741 2843 3019 2701 3141 2590 3006 2597 2929 2684 2570 2738 2642 2818 2612 2840 2770 2530 2505 2560 2529 2554 2660 2459 2438 2622 2614 2686 2443 2492 2588 2336 2440 2937 2506 2623 2672 2742 2381 2337 2321 2500 2324 2427 2419 2258 2545 2311 2170 2172 2433 2535 2213 2577 2257 2372 2318 1870 1734 2016 2143 2081 2253 2037 1998 2083 1936 2213 1806 2333 1864 1955 2059 2123 2339 2142 2208 1991 1804 2080 1798 2052 1929 1976 1624 1880 1983 2063 2044 1973 1928 1783 2121 1886 1900 1970 1810 1739 1897 1977 2045 1637 1748 1743 1918 1591 1888 2170 1810 1745 1964 1863 1900 1658 1706 1973 1644 1828 1824 1865 1775 1681 1815 1734 1373 1390 1591 1715 1453 1509 1696 1403 1555 1548 1577 1460 1432 1474 1569 1657 1501 1602 1452 1417 1378 1549 1636 1617 1541 1384 1491 1512 1388 1510 1460 1484 1298 1464 1351 1354 1498 1423 1235 1636 1551 1460 1241 1357 1369 1525 1375 1432 1472 1524 1353 1387 1537 1521 1598 1337 1376 1591 1202 1159 1106 1281 1089 1248 1138 1140 1214 1141 1231 1207 1279 964 1227 1250 1154 1275 1024 1126 1262 1143 1203 1327 1433 1138 1151 1295 1461 1052 1131 1208 1134 1290 1269 1054 1156 1178 1164 1069 973 1070 1116 1074 1192 1176 934 1070 1290 1020 1069 1004 1004 1137 937 1096 1060 1122 1047 1114 1081 1255 1056 1046 1024 1082 1056 1105 1084 1071 1180 1097 1019 1108 952 1005 883 866 1038 880 979 959 879 917 898 1070 1001 1038 1033 944 728 972 1147 865 825 1179 923 986 952 1090 976 936 1019 1048 1057 1139 891 889 884 829 741 1024 1052 1097 1085 1037 905 1007 1027 905 923 904 897 660 934 849 938 886 950 927 800 840 838 853 821 794 753 869 839 883 810 879 918 897 804 878 910 814 851 890 842 875 783 869 860 821 808 840 789 872 911 772 882 802 957 824 840 863 789 848 671 737 657 604 815 689 675 681 635 739 649 607 645 595 717 560 761 786 708 686 679 680 694 560 799 666 571 712 684 605 703 743 725 598 579 760 792 623 591 653 643 741 711 800 690 753 826 706 673 673 741 653 756 657 729 642 667 704 677 664 688 671 624 596 682 557 660 576 621 649 638 650 586 720 603 616 698 586 632 574 585 625 708 598 746 662 688 743 634 680 692 621 632 685 749 726 540 701 517 635 662 712 677 681 551 605 614 645 675 513 514 594 607 650 588 742 745 569 736 654 668 626 539 620 595 583 570 513 705 639 591 631 453 456 489 348 529 451 466 485 486 508 491 405 468 409 486 480 474 461 428 421 520 468 473 427 488 484 519 487 423 421 420 505 378 443 502 489 527 448 428 476 504 472 427 421 450 432 506 511 470 408 437 426 558 422 561 416 424 514 468 493 526 531 511 534 548 521 576 470 471 482 512 424 537 442 492 445 454 424 480 447 522 441 609 497 472 428 369 467 404 464 301 371 467 348 425 454 412 466 375 363 435 459 390 391 369 401 456 478 387 417 387 434 398 407 411 395 428 497 402 367 442 473 424 361 445 393 432 306 486 311 382 401 442 490 429 440 479 401 351 382 409 447 411 406 428 426 361 412 420 377 338 474 314 327 409 385 422 429 402 420 481 388 471 480 448 403 428 382 362 376 387 382 345 401 417 441 388 402 383 462 444 401 358 437 445 385 426 476 524 485 347 337 291 281 316 345 389 263 260 192 408 338 277 234 343 278 323 346 307 389 322 269 326 351 377 343 340 307 375 259 297 267 303 334 343 388 353 286 312 323 320 348 343 347 229 356 329 352 340 317 349 339 370 346 292 312 312 366 312 324 307 321 279 288 351 295 347 245 322 291 310 308 296 270 344 260 277 324 307 366 276 321 349 341 334 332 358 311 343 364 321 347 272 349 279 360 309 289 252 286 351 383 290 354 373 380 318 326 330 359 292 286 320 274 358 346 316 377 323 317 330 291 281 279 355 360 335 328 330 315 261 282 217 255 284 251 233 282 229 305 274 226 288 258 267 272 343 264 276 284 287 232 268 272 218 231 286 282 270 223 245 259 253 224 238 199 228 311 223 216 239 273 282 289 192 223 259 278 252 309 281 289 260 267 232 260 291 238 231 250 255 293 252 280 277 287 273 209 263 253 285 286 244 286 212 244 258 306 276 254 266 239 251 283 219 214 259 224 278 237 219 270 239 291 235 269 272 296 246 282 237 270 179 266 255 273 336 292 227 275 291 220 226 266 285 242 240 303 213 258 215 292 247 211 209 287 299 229 262 301 268 278 240 279 266 244 252 233 262 260 246 305 219 257 298 247 267 270 215 240 226 237 234 290 298 244 259 308 252 289 298 227 314 281 249 275 242 253 187 122 138 174 172 141 177 199 196 156 167 193 162 128 167 133 152 188 189 187 181 180 153 183 163 155 169 145 194 161 155 163 158 176 160 187 206 171 236 167 194 194 139 178 165 176 181 184 182 175 186 136 195 156 164 182 234 168 160 127 170 184 186 149 143 189 143 183 128 163 190 185 161 129 174 132 199 189 161 159 191 181 202 188 162 135 165 133 159 147 142 213 163 154 182 171 162 151 155 136 172 164 152 169 180 196 170 185 129 138 155 177 160 160 148 177 167 145 137 150 155 221 180 152 186 179 142 157 167 189 199 176 184 131 173 201 166 141 171 158 199 159 152 169 141 135 196 166 184 169 177 185 114 164 191 153 144 143 189 163 185 135 196 145 159 164 157 153 169 154 164 154 153 188 152 156 170 139 163 137 186 176 142 145 129 189 172 178 150 201 162 137 157 186 202 178 130 200 206 143 143 188 152 161 172 156 156 168 184 164 165 160 171 143 176 159 181 161 168 187 155 151 141 171 111 202 104 137 115 166 147 127 141 118 169 140 188 114 140 147 114 146 160 144 121 170 162 109 123 153 128 127 134 131 117 161 140 131 150 161 138 135 137 139 167 154 115 140 104 123 124 131 110 124 110 144 113 130 162 131 133 165 113 136 153 163 156 133 105 132 148 185 148 139 134 133 131 125 138 108 133 157 142 150 158 155 110 139 118 171 132 130 121 150 126 130 154 158 156 108 120 97 155 107 137 139 145 106 146 139 117 146 133 180 142 126 127 104 136 171 149 155 143 113 158 145 116 104 172 120 152 121 124 138 143 124 145 121 114 132 131 152 169 132 145 132 168 143 177 122 113 105 113 90 161 175 158 120 157 112 159 142 168 127 166 148 129 148 186 123 127 142 147 133 112 154 137 121 185 150 201 150 136 112 126 103 141 182 121 129 139 150 140 118 147 143 121 152 147 125 146 120 133 138 169 117 135 125 154 148 116 111 140 117 100 160 112 118 125 160 113 97 114 108 129 88 142 145 160 144 139 158 122 124 120 123 146 131 147 162 144 174 148 137 150 103 137 133 169 130 121 141 131 115 117 157 142 124 158 115 199 137 123 180 107 130 111 115 151 137 128 135 142 171 139 147 135 153 115 131 150 114 108 128 137 152 170 167 114 143 109 143 132 114 122 140 148 123 137 136 161 145 154 157 130 126 154 117 141 122 158 182 104 141 134 118 102 57 67 85 77 82 90 67 72 71 66 77 79 65 63 81 64 67 95 87 55 74 80 69 70 75 77 77 69 77 60 84 80 65 74 74 82 94 90 81 61 90 80 75 80 72 60 80 91 83 73 79 72 78 76 92 70 86 70 56 95 78 70 74 97 111 47 87 91 79 80 77 44 80 71 76 90 80 72 92 85 76 85 71 90 71 81 65 87 68 58 51 90 91 68 79 64 79 81 104 69 69 88 67 78 78 69 67 75 89 67 85 82 71 40 68 77 89 93 76 88 80 89 61 66 81 96 61 70 62 95 69 60 79 73 62 65 79 74 69 73 89 109 76 74 70 75 64 95 76 71 81 61 83 106 86 76 98 84 92 61 84 108 97 62 53 79 82 74 97 90 80 86 74 79 69 89 88 73 85 72 73 67 77 80 65 85 65 76 76 59 77 68 73 71 87 58 77 79 60 97 60 81 85 85 61 89 94 76 82 95 76 56 54 89 75 60 83 68 67 78 67 83 79 77 75 72 77 53 48 61 100 78 90 70 63 87 51 61 78 79 79 74 79 47 82 103 75 85 93 90 64 83 68 74 77 100 72 90 119 68 70 70 68 97 72 62 99 71 59 92 70 81 61 87 57 60 77 74 82 91 79 64 63 67 61 68 75 81 77 83 72 91 79 66 66 83 76 66 66 60 73 99 69 80 106 60 70 70 85 92 80 84 81 73 89 74 83 61 57 85 69 74 67 54 93 66 96 62 85 80 74 80 67 45 55 84 75 78 82 92 79 83 73 53 58 89 77 79 67 97 70 92 79 61 81 66 59 92 68 39 71 95 64 79 81 81 75 72 85 83 76 58 72 72 89 74 69 64 65 88 73 63 93 61 63 94 79 68 74 80 52 61 79 77 77 74 75 86 87 75 69 74 77 79 74 88 65 60 86 74 90 70 81 64 66 87 69 93 94 77 84 60 77 78 92 96 88 88 90 100 71 74 67 79 65 94 59 61 81 92 77 63 76 87 84 78 38 91 84 58 89 80 87 67 80 72 64 60 78 74 76 69 75 56 100 62 73 92 62 62 46 52 58 50 42 56 48 48 52 58 44 40 50 68 42 56 42 60 44 48 42 44 44 54 38 52 54 42 34 56 48 48 74 36 38 46 40 46 48 52 60 44 52 56 38 46 54 58 42 62 46 62 48 56 58 54 48 42 40 44 36 50 54 56 48 50 38 30 42 48 44 60 54 50 52 52 56 50 36 46 50 28 50 48 64 34 58 38 50 50 58 64 38 36 32 46 40 60 50 44 50 68 38 54 56 32 48 52 46 46 36 44 50 34 46 32 56 38 32 58 44 58 60 48 54 48 48 40 58 36 38 40 52 50 56 52 52 32 48 36 54 46 54 54 48 38 34 54 44 38 40 46 46 32 56 50 32 28 60 56 54 56 54 66 56 44 34 70 50 38 36 40 50 60 40 38 56 54 52 50 46 52 44 52 44 36 42 36 34 50 58 44 40 56 40 36 44 36 46 48 36 52 36 48 52 56 46 54 46 46 36 52 44 42 56 38 42 54 52 54 32 32 38 50 44 34 34 42 42 32 52 36 48 42 58 56 36 40 36 46 44 54 60 36 48 50 48 34 42 46 54 46 60 46 40 58 50 32 56 58 54 32 50 40 38 50 38 62 40 44 52 42 52 54 40 48 52 38 56 56 38 48 62 38 54 32 50 40 44 54 34 40 36 50 30 34 50 52 38 38 32 34 42 50 38 46 50 54 52 40 52 40 54 40 36 58 46 54 50 32 32 50 50 58 62 54 38 34 42 32 46 52 50 46 48 40 52 38 36 40 48 42 54 36 52 44 36 52 54 46 52 46 54 58 42 44 56 52 58 50 36 34 40 38 52 36 40 48 46 44 56 52 44 46 42 40 40 44 52 16 44 50 48 52 58 38 44 52 48 46 42 52 46 54 44 42 48 46 44 54 54 42 56 30 58 40 46 50 56 36 48 36 64 54 30 34 52 48 58 46 40 54 46 60 42 50 64 44 48 58 50 68 40 56 62 52 52 46 40 56 64 38 50 48 44 58 44 50 46 58 38 54 52 44 36 54 38 50 36 36 42 54 36 56 40 54 46 50 34 38 50 50 54 42 48 52 52 64 54 56 36 44 46 44 38 46 38 48 46 58 44 48 46 64 48 42 46 50 62 34 60 54 54 56 52 32 42 58 46 50 38 46 42 46 56 54 52 38 62 48 48 46 52 26 62 54 50 34 32 44 52 62 40 44 50 40 56 44 36 44 40 52 44 44 44 36 46 46 32 44 42 50 46 42 46 56 38 36 52 36 48 40 50 44 48 36 60 48 50 50 44 42 32 44 42 42 36 40 66 40 44 46 32 46 40 40 34 58 50 48 40 54 48 36 48 56 38 52 58 50 46 34 34 50 50 40 48 48 60 42 46 52 50 36 50 40 44 54 54 40 44 48 38 36 56 42 44 32 48 50 42 66 42 42 32 56 54 38 48 44 44 38 56 44 46 30 42 34 42 38 44 48 48 32 46 48 48 38 46 50 44 36 34 40 34 46 48 42 44 54 56 30 48 58 36 48 46 36 48 44 50 40 56 50 50 44 50 54 54 62 44 38 40 40 38 38 42 46 44 58 34 56 44 40 44 48 38 44 42 40 62 40 42 56 54 40 38 36 26 30 48 54 40 36 42 56 60 44 24 34 42 36 40 36 50 38 42 36 52 58 46 44 52 36 48 22 24 58 50 38 44 48 46 46 42 38 36 64 42 58 52 46 46 40 60 74 50 58 40 40 50 60 50 42 48 44 44 50 28 60 40 58 58 20 15 14 26 15 10 14 17 13 15 10 10 17 13 11 15 13 13 18 12 14 25 19 16 12 16 14 6 19 14 17 19 18 8 18 14 14 22 17 18 13 9 14 12 14 14 17 13 15 11 14 13 16 20 12 13 10 14 12 19 19 15 13 21 15 18 16 15 15 20 13 17 19 22 12 17 10 17 16 13 15 21 16 14 8 17 20 18 19 14 16 19 18 12 9 11 16 14 15 10 17 14 15 18 14 15 6 18 14 20 14 13 13 19 14 15 17 11 12 18 17 17 17 21 9 20 13 25 10 15 17 18 14 16 19 15 15 18 12 19 12 20 16 11 14 13 13 17 19 20 19 16 22 11 13 15 15 20 19 12 15 16 13 19 13 14 15 15 17 10 9 19 14 18 5 14 10 5 14 14 15 16 16 18 11 16 14 22 18 26 10 12 17 12 24 17 12 23 16 9 18 15 8 9 20 19 13 16 17 12 10 11 17 15 16 14 19 15 18 20 15 12 20 16 16 11 17 6 18 14 13 15 18 15 21 15 12 11 18 15 15 8 14 15 13 14 13 12 19 20 21 16 19 12 17 11 11 16 21 18 16 19 16 18 14 17 11 13 12 16 14 12 16 13 15 22 10 21 13 16 18 17 10 16 16 14 12 7 19 23 10 14 11 15 15 9 11 15 15 12 16 17 17 27 15 16 11 14 15 15 18 6 16 19 13 16 10 14 13 17 12 18 12 10 17 15 14 20 10 22 10 11 17 15 18 20 18 13 16 15 15 12 11 20 13 13 11 15 16 17 13 14 15 21 14 18 11 10 20 16 13 12 19 13 17 13 14 6 18 17 18 17 12 19 12 14 19 24 14 14 7 13 14 21 17 21 16 22 16 13 16 15 9 20 9 16 8 9 19 16 13 13 17 17 14 11 18 13 15 16 15 12 15 14 20 15 17 12 13 15 15 10 12 16 27 10 20 8 20 15 14 20 16 13 17 5 14 12 19 14 9 9 11 12 16 12 16 17 17 12 13 14 21 13 17 16 19 10 16 14 21 20 16 13 12 12 14 17 16 19 16 18 13 16 22 22 16 12 15 17 17 18 13 9 10 21 19 17 17 13 16 12 10 13 14 13 13 13 15 15 14 13 14 17 12 20 11 14 11 16 24 11 19 19 22 19 20 13 20 18 16 15 7 12 14 13 13 17 15 15 15 13 12 16 14 11 16 18 15 21 10 17 23 17 15 21 17 19 18 15 13 13 17 14 12 18 13 8 21 16 15 21 21 18 19 18 15 23 14 14 8 9 15 17 9 17 14 14 16 10 16 14 16 16 19 10 15 13 14 13 15 18 13 19 11 17 15 18 11 11 7 20 15 12 18 20 15 15 18 17 18 16 18 22 12 18 14 12 19 17 16 14 16 16 9 12 22 9 19 12 8 16 16 10 12 15 15 19 11 13 10 17 10 13 11 13 16 14 9 12 15 16 12 10 18 16 16 12 12 15 11 20 7 20 23 14 9 14 15 6 14 13 13 15 11 15 21 17 11 8 10 13 17 16 8 14 16 21 21 16 13 10 11 17 12 10 17 21 13 17 16 16 17 14 15 16 23 15 21 17 20 13 9 18 12 16 5 14 18 19 10 19 7 18 17 14 17 14 14 11 13 16 19 15 17 10 25 8 18 15 14 12 20 19 15 18 15 13 16 18 16 20 13 15 11 24 15 8 13 17 12 17 19 14 9 21 21 17 17 13 17 15 17 13 13 16 14 16 20 15 11 13 18 13 17 20 14 17 16 18 17 11 12 20 16 13 19 12 18 11 18 10 12 9 13 15 18 13 15 12 15 16 18 12 17 21 18 16 19 21 15 19 13 27 18 11 15 13 15 16 17 10 14 16 13 15 13 12 15 14 18 15 6 17 23 15 16 6 12 18 14 12 17 14 16 17 11 16 17 17 17 24 20 18 15 13 12 20 20 15 16 8 14 15 16 13 17 12 18 15 13 15 11 17 11 20 19 17 17 12 16 21 12 13 14 10 12 14 13 14 18 17 16 8 11 16 13 22 10 28 10 10 20 11 14 13 13 17 20 10 17 18 12 22 18 11 19 22 16 11 12 15 12 14 17 9 21 17 21 26 16 13 12 24 16 9 10 21 15 16 17 15 19 17 9 17 8 20 12 18 18 13 16 13 19 29 21 17 18 14 10 14 11 15 16 12 19 17 20 17 15 11 18 14 19 16 19 22 18 12 9 17 17 20 9 17 11 23 11 20 13 16 13 20 8 16 20 17 13 14 25 18 8 17 21 13 25 15 9 14 16 17 15 15 15 16 8 7 21 20 7 17 12 12 16 15 10 20 17 24 11 16 13 15 11 17 16 10 21 15 21 14 18 20 17 17 14 18 13 13 20 17 17 19 18 15 12 9 19 15 13 19 20 15 24 13 20 16 13 17 11 15 10 9 10 10 8 18 18 19 12 20 17 10 10 10 21 18 15 10 17 13 15 13 18 18 10 7 15 20 20 22 16 16 13 17 15 15 14 17 16 14 19 17 9 16 22 13 9 14 15 13 13 16 15 13 18 15 14 15 10 17 19 22 15 17 18 14 20 8 15 13 18 15 15 16 25 10 18 23 14 19 18 11 15 20 6 9 14 20 9 7 16 22 15 13 9 16 17 12 15 15 15 17 13 15 12 14 9 14 15 14 18 15 15 12 21 16 15 13 14 14 16 14 16 20 13 16 15 19 17 14 18 12 15 13 16 17 14 18 19 18 17 11 22 16 17 15 18 20 21 13 14 9 17 17 12 7 14 12 17 14 17 16 13 19 16 5 12 16 13 21 20 15 17 14 10 11 12 15 11 14 19 16 17 15 14 10 20 18 20 15 14 11 18 16 15 13 10 21 17 19 16 18 19 18 17 14 12 17 18 14 9 8 11 12 13 18 19 15 11 16 16 12 16 17 10 13 13 13 8 18 14 15 22 18 22 17 9 17 19 21 13 13 11 15 18 12 12 8 14 17 23 16 17 14 18 14 17 14 16 22 16 14 12 11 19 20 18 18 17 9 16 21 19 16 17 12 22 15 7 15 12 17 10 17 18 7 12 9 22 14 12 16 19 14 20 19 19 13 16 8 17 14 16 21 17 17 16 14 14 16 16 7 23 12 15 19 13 18 21 13 23 20 15 16 17 8 15 11 9 18 18 18 18 17 15 17 15 15 18 13 8 19 22 16 19 17 15 17 17 15 21 17 15 11 21 23 15 9 13 15 10 18 5 17 18 12 15 13 16 22 17 20 14 13 18 22 7 11 15 18 12 25 21 17 12 18 18 9 14 15 13 17 11 13 12 15 15 15 17 16 17 19 16 19 16 20 17 20 19 11 17 19 16 8 12 18 16 14 11 15 10 19 24 18 14 9 13 16 16 15 13 18 19 19 21 13 20 12 17 21 15 12 16 11 16 17 12 17 10 17 19 15 19 12 16 15 23 12 11 12 12 16 21 17 12 15 14 18 16 5 24 14 19 18 16 20 19 12 15 20 13 13 18 16 0 0 0 0 0 0 0 0 0 0 0 0 0 0 0 0 0 0 0 0 0 0 0 0 0 0 0 0 0 0 0 0 0 0 0 0 0 0 0 0 0 0 0 0 0 0 0 0 0 0 0 0 0 0 0 0 0 0 0 0 0 0 0 0 0 0 0 0 0 0 0 0 0 0 0 0 0 0 0 0 0 0 0 0 0 0 0 0 0 0 0 0 0 0 0 0 0 0 0 0 0 0 0 0 0 0 0 0 0 0 0 0 0 0 0 0 0 0 0 0 0 0 0 0 0 0 0 0 0 0 0 0 0 0 0 0 0 0 0 0 0 0 0 0 0 0 0 0 0 0 0 0 0 0 0 0 0 0 0 0 0 0 0 0 0 0 0 0 0 0 0 0 0 0 0 0 0 0 0 0 0 0 0 0 0 0 0 0 0 0 0 0 0 0 0 0 0 0 0 0 0 0 0 0 0 0 0 0 0 0 0 0 0 0 0 0 0 0 0 0 0 0 0 0 0 0 0 0 0 0 0 0 0 0 0 0 0 0 0 0 0 0 0 0 0 0 0 0 0 0 0 0 0 0 0 0 0 0 0 0 0 0 0 0 0 0 0 0 0 0 0 0 0 0 0 0 0 0 0 0 0 0 0 0 0 0 0 0 0 0 0 0 0 0 0 0 0 0 0 0 0 0 0 0 0 0 0 0 0 0 0 0 0 0 0 0 0 0 0 0 0 0 0 0 0 0 0 0 0 0 0 0 0 0 0 0 0 0 0 0 0 0 0 0 0 0 0 0 0 0 0 0 0 0 0 0 0 0 0 0 0 0 0 0 0 0 0 0 0 0 0 0 0 0 0 0 0 0 0 0 0 0 0 0 0 0 0 0 0 0 0 0 0 0 0 0 0 0 0 0 0 0 0 0 0 0 0 0 0 0 0 0 0 0 0 0 0 0 0 0 0 0 0 0 0 0 0 0 0 0 0 0 0 0 0 0 0 0 0 0 0 0 0 0 0 0 0 0 0 0 0 0 0 0 0 0 0 0 0 0 0 0 0 0 0 0 0 0 0 0 0 0 0 0 0 0 0 0 0 0 0 0 0 0 0 0 0 0 0 0 0 0 0 0 0 0 0 0 0 0 0 0 0 0 0 0 0 0 0 0 0 0 0 0 0 0 0 0 0 0 0 0 0 0 0 0 0 0 0 0 0 0 0 0 0 0 0 0 0 0 0 0 0 0 0 0 0 0 0 0 0 0 0 0 0 0 0 0 0 0 0 0 0 0 0 0 0 0 0 0 0 0 0 0 0 0 0 0 0 0 0 0 0 0 0 0 0 0 0 0 0 0 0 0 0 0 0 0 0 0 0 0 0 0 0 0 0 0 0 0 0 0 0 0 0 0 0 0 0 0 0 0 0 0 0 0 0 0 0 0 0 0 0 0 0 0 0 0 0 0 0 0 0 0 0 0 0 0 0 0 0 0 0 0 0 0 0 0 0 0 0 0 0 0 0 0 0 0 0 0 0 0 0 0 0 0 0 0 0 0 0 0 0 0 0 0 0 0 0 0 0 0 0 0 0 0 0 0 0 0 0 0 0 0 0 0 0 0 0 0 0 0 0 0 0 0 0 0 0 0 0 0 0 0 0 0 0 0 0 0 0 0 0 0 0 0 0 0 0 0 0 0 0 0 0 0 0 0 0 0 0 0 0 0 0 0 0 0 0 0 0 0 0 0 0 0 0 0 0 0 0 0 0 0 0 0 0 0 0 0 0 0 0 0 0 0 0 0 0 0 0 0 0 0 0 0 0 0 0 0 0 0 0 0 0 0 0 0 0 0 0 0 0 0 0 0 0 0 0 0 0 0 0 0 0 0 0 0 0 0 0 0 0 0 0 0 0 0 0 0 0 0 0 0 0 0 0 0 0 0 0 0 0 0 0 0 0 0 0 0 0 0 0 0 0 0 0 0 0 0 0 0 0 0 0 0 0 0 0 0 0 0 0 0 0 0 0 0 0 0 0 0 0 0 0 0 0 0 0 0 0 0 0 0 0 0 0 0 0 0 0 0 0 0 0 0 0 0 0 0 0 0 0 0 0 0 0 0 0 0 0 0 0 0 0 0 0 0 0 0 0 0 0 0 0 0 0 0 0 0 0 0 0 0 0 0 0 0 0 0 0 0 0 0 0 0 0 0 0 0 0 0 0 0 0 0 0 0 0 0 0 0 0 0 0 0 0 0 0 0 0 0 0 0 0 0 0 0 0 0 0 0 0 0 0 0 0 0 0 0 0 0 0 0 0 0 0 0 0 0 0 0 0 0 0 0 0 0 0 0 0 0 0 0 0 0 0 0 0 0 0 0 0 0 0 0 0 0 0 0 0 0 0 0 0 0 0 0 0 0 0 0 0 0 0 0 0 0 0 0 0 0 0 0 0 0 0 0 0 0 0 0 0 0 0 0 0 0 0 0 0 0 0 0 0 0 0 0 0 0 0 0 0 0 0 0 0 0 0 0 0 0 0 0 0 0 0 0 0 0 0 0 0 0 0 0 0 0 0 0 0 0 0 0 0 0 0 0 0 0 0 0 0 0 0 0 0 0 0 0 0 0 0 0 0 0 0 0 0 0 0 0 0 0 0 0 0 0 0 0 0 0 0 0 0 0 0 0 0 0 0 0 0 0 0 0 0 0 0 0 0 0 0 0 0 0 0 0 0 0 0 0 0 0 0 0 0 0 0 0 0 0 0 0 0 0 0 0 0 0 0 0 0 0 0 0 0 0 0 0 0 0 0 0 0 0 0 0 0 0 0 0 0 0 0 0 0 0 0 0 0 0 0 0 0 0 0 0 0 0 0 0 0 0 0 0 0 0 0 0 0 0 0 0 0 0 0 0 0 0 0 0 0 0 0 0 0 0 0 0 0 0 0 0 0 0 0 0 0 0 0 0 0 0 0 0 0 0 0 0 0 0 0 0 0 0 0 0 0 0 0 0 0 0 0 0 0 0 0 0 0 0 0 0 0 0 0 0 0 0 0 0 0 0 0 0 0 0 0 0 0 0 0 0 0 0 0 0 0 0 0 0 0 0 0 0 0 0 0 0 0 0 0 0 0 0 0 0 0 0 0 0 0 0 0 0 0 0 0 0 0 0 0 0 0 0 0 0 0 0 0 0 0 0 0 0 0 0 0 0 0 0 0 0 0 0 0 0 0 0 0 0 0 0 0 0 0 0 0 0 0 0 0 0 0 0 0 0 0 0 0 0 0 0 0 0 0 0 0 0 0 0 0 0 0 0 0 0 0 0 0 0 0 0 0 0 0 0 0 0 0 0 0 0 0 0 0 0 0 0 0 0 0 0 0 0 0 0 0 0 0 0 0 0 0 0 0 0 0 0 0 0 0 0 0 0 0 0 0 0 0 0 0 0 0 0 0 0 0 0 0 0 0 0 0 0 0 0 0 0 0 0 0 0 0 0 0 0 0 0 0 0 0 0 0 0 0 0 0 0 0 0 0 0 0 0 0 0 0 0 0 0 0 0 0 0 0 0 0 0 0 0 0 0 0 0 0 0 0 0 0 0 0 0 0 0 0 0 0 0 0 0 0 0 0 0 0 0 0 0 0 0 0 0 0 0 0 0 0 0 0 0 0 0 0 0 0 0 0 0 0 0 0 0 0 0 0 0 0 0 0 0 0 0 0 0 0 0 0 0 0 0 0 0 0 0 0 0 0 0 0 0 0 0 0 0 0 0 0 0 0 0 0 0 0 0 0 0 0 0 0 0 0 0 0 0 0 0 0 0 0 0 0 0 0 0 0 0 0 0 0 0 0 0 0 0 0 0 0 0 0 0 0 0 0 0 0 0 0 0 0 0 0 0 0 0 0 0 0 0 0 0 0 0 0 0 0 0 0 0 0 0 0 0 0 0 0 0 0 0 0 0 0 0 0 0 0 0 0 0 0 0 0 0 0 0 0 0 0 0 0 0 0 0 0 0 0 0 0 0 0 0 0 0 0 0 0 0 0 0 0 0 0 0 0 0 0 0 0 0 0 0 0 0 0 0 0 0 0 0 0 0 0 0 0 0 0 0 0 0 0 0 0 0 0 0 0 0 0 0 0 0 0 0 0 0 0 0 0 0 0 0 0 0 0 0 0 0 0 0 0 0 0 0 0 0 0 0 0 0 0 0 0 0 0 0 0 0 0 0 0 0 0 0 0 0 0 0 0 0 0 0 0 0 0 0 0 0 0 0 0 0 0 0 0 0 0 0 0 0 0 0 0 0 0 0 0 0 0 0 0 0 0 0 0 0 0 0 0 0 0 0 0 0 0 0 0 0 0 0 0 0 0 0 0 0 0 0 0 0 0 0 0 0 0 0 0 0 0 0 0 0 0 0 0 0 0 0 0 0 0 0 0 0 0 0 0 0 0 0 0 0 0 0 0 0 0 0 0 0 0 0 0 0 0 0 0 0 0 0 0 0 0 0 0 0 0 0 0 0 0 0 0 0 0 0 0 0 0 0 0 0 0 0 0 0 0 0 0 0 0 0 0 0 0 0 0 0 0 0 0 0 0 0 0 0 0 0 0 0 0 0 0 0 0 0 0 0 0 0 0 0 0 0 0 0 0 0 0 0 0 0 0 0 0 0 0 0 0 0 0 0 0 0 0 0 0 0 0 0 0 0 0 0 0 0 0 0 0 0 0 0 0 0 0 0 0 0 0 0 0 0 0 0 0 0 0 0 0 0 0 0 0 0 0 0 0 0 0 0 0 0 0 0 0 0 0 0 0 0 0 0 0 0 0 0 0 0 0 0 0 0 0 0 0 0 0 0 0 0 0 0 0 0 0 0 0 0 0 0 0 0 0 0 0 0 0 0 0 0 0 0 0 0 0 0 0 0 0 0 0 0 0 0 0 0 0 0 0 0 0 0 0 0 0 0 0 0 0 0 0 0 0 0 0 0 0 0 0 0 0 0 0 0 0 0 0 0 0 0 0 0 0 0 0 0 0 0 0 0 0 0 0 0 0 0 0 0 0 0 0 0 0 0 0 0 0 0 0 0 0 0 0 0 0 0 0 0 0 0 0 0 0 0 0 0 0 0 0 0 0 0 0 0 0 0 0 0 0 0 0 0 0 0 0 0 0 0 0 0 0 0 0 0 0 0 0 0 0 0 0 0 0 0 0 0 0 0 0 0 0 0 0 0 0 0 0 0 0 0 0 0 0 0 0 0 0 0 0 0 0 0 0 0 0 0 0 0 0 0 0 0 0 0 0 0 0 0 0 0 0 0 0 0 0 0 0 0 0 0 0 0 0 0 0 0 0 0 0 0 0 0 0 0 0 0 0 0 0 0 0 0 0 0 0 0 0 0 0 0 0 0 0 0 0 0 0 0 0 0 0 0 0 0 0 0 0 0 0 0 0 0 0 0 0 0 0 0 0 0 0 0 0 0 0 0 0 0 0 0 0 0 0 0 0 0 0 0 0 0 0 0 0 0 0 0 0 0 0 0 0 0 0 0 0 0 0 0 0 0 0 0 0 0 0 0 0 0 0 0 0 0 0 0 0 0 0 0 0 0 0 0 0 0 0 0 0 0 0 0 0 0 0 0 0 0 0 0 0 0 0 0 0 0 0 0 0 0 0 0 0 0 0 0 0 0 0 0 0 0 0 0 0 0 0 0 0 0 0 0 0 0 0 0 0 0 0 0 0 0 0 0 0 0 0 0 0 0 0 0 0 0 0 0 0 0 0 0 0 0 0 0 0 0 0 0 0 0 0 0 0 0 0 0 0 0 0 0 0 0 0 0 0 0 0 0 0 0 0 0 0 0 0 0 0 0 0 0 0 0 0 0 0 0 0 0 0 0 0 0 0 0 0 0 0 0 0 0 0 0 0 0 0 0 0 0 0 0 0 0 0 0 0 0 0 0 0 0 0 0 0 0 0 0 0 0 0 0 0 0 0 0 0 0 0 0 0 0 0 0 0 0 0 0 0 0 0 0 0 0 0 0 0 0 0 0 0 0 0 0 0 0 0 0 0 0 0 0 0 0 0 0 0 0 0 0 0 0 0 0 0 0 0 0 0 0 0 0 0 0 0 0 0 0 0 0 0 0 0 0 0 0 0 0 0 0 0 0 0 0 0 0 0 0 0 0 0 0 0 0 0 0 0 0 0 0 0 0 0 0 0 0 0 0 0 0 0 0 0 0 0 0 0 0 0 0 0 0 0 0 0 0 0 0 0 0 0 0 0 0 0 0 0 0 0 0 0 0 0 0 0 0 0 0 0 0 0 0 0 0 0 0 0 0 0 0 0 0 0 0 0 0 0 0 0 0 0 0 0 0 0 0 0 0 0 0 0 0 0 0 0 0 0 0 0 0 0 0 0 0 0 0 0 0 0 0 0 0 0 0 0 0 0 0 0 0 0 0 0 0 0 0 0 0 0 0 0 0 0 0 0 0 0 0 0 0 0 0 0 0 0 0 0 0 0 0 0 0 0 0 0 0 0 0 0 0 0 0 0 0 0 0 0 0 0 0 0 0 0 0 0 0 0 0 0 0 0 0 0 0 0 0 0 0 0 0 0 0 0 0 0 0 0 0 0 0 0 0 0 0 0 0 0 0 0 0 0 0 0 0 0 0 0 0 0 0 0 0 0 0 0 0 0 0 0 0 0 0 0 0 0 0 0 0 0 0 0 0 0 0 0 0 0 0 0 0 0 0 0 0 0 0 0 0 0 0 0 0 0 0 0 0 0 0 0 0 0 0 0 0 0 0 0 0 0 0 0 0 0 0 0 0 0 0 0 0 0 0 0 0 0 0 0 0 0 0 0 0 0 0 0 0 0 0 0 0 0 0 0 0 0 0 0 0 0 0 0 0 0 0 0 0 0 0 0 0 0 0 0 0 0 0 0 0 0 0 0 0 0 0 0 0 0 0 0 0 0 0 0 0 0 0 0 0 0 0 0 0 0 0 0 0 0 0 0 0 0 0 0 0 0 0 0 0 0 0 0 0 0 0 0 0 0 0 0 0 0 0 0 0 0 0 0 0 0 0 0 0 0 0 0 0 0 0 0 0 0 0 0 0 0 0 0 0 0 0 0 0 0 0 0 0 0 0 0 0 0 0 0 0 0 0 0 0 0 0 0 0 0 0 0 0 0 0 0 0 0 0 0 0 0 0 0 0 0 0 0 0 0 0 0 0 0 0 0 0 0 0 0 0 0 0 0 0 0 0 0 0 0 0 0 0 0 0 0 0 0 0 0 0 0 0 0 0 0 0 0 0 0 0 0 0 0 0 0 0 0 0 0 0 0 0 0 0 0 0 0 0 0 0 0 0 0 0 0 0 0 0 0 0 0 0 0 0 0 0 0 0 0 0 0 0 0 0 0 0 0 0 0 0 0 0 0 0 0 0 0 0 0 0 0 0 0 0 0 0 0 0 0 0 0 0 0 0 0 0 0 0 0 0 0 0 0 0 0 0 0 0 0 0 0 0 0 0 0 0 0 0 0 0 0 0 0 0 0 0 0 0 0 0 0 0 0 0 0 0 0 0 0 0 0 0 0 0 0 0 0 0 0 0 0 0 0 0 0 0 0 0 0 0 0 0 0 0 0 0 0 0 0 0 0 0 0 0 0 0 0 0 0 0 0 0 0 0 0 0 0 0 0 0 0 0 0 0 0 0 0 0 0 0 0 0 0 0 0 0 0 0 0 0 0 0 0 0 0 0 0 0 0 0 0 0 0 0 0 0 0 0 0 0 0 0 0 0 0 0 0 0 0 0 0 0 0 0 0 0 0 0 0 0 0 0 0 0 0 0 0 0 0 0 0 0 0 0 0 0 0 0 0 0 0 0 0 0 0 0 0 0 0 0 0 0 0 0 0 0 0 0 0 0 0 0 0 0 0 0 0 0 0 0 0 0 0 0 0 0 0 0 0 0 0 0 0 0 0 0 0 0 0 0 0 0 0 0 0 0 0 0 0 0 0 0 0 0 0 0 0 0 0 0 0 0 0 0 0 0 0 0 0 0 0 0 0 0 0 0 0 0 0 0 0 0 0 0 0 0 0 0 0 0 0 0 0 0 0 0 0 0 0 0 0 0 0 0 0 0 0 0 0 0 0 0 0 0 0 0 0 0 0 0 0 0 0 0 0 0 0 0 0 0 0 0 0 0 0 0 0 0 0 0 0 0 0 0 0 0 0 0 0 0 0 0 0 0 0 0 0 0 0 0 0 0 0 0 0 0 0 0 0 0 0 0 0 0 0 0 0 0 0 0 0 0 0 0 0 0 0 0 0 0 0 0 0 0 0 0 0 0 0 0 0 0 0 0 0 0 0 0 0 0 0 0 0 0 0 0 0 0 0 0 0 0 0 0 0 0 0 0 0 0 0 0 0 0 0 0 0 0 0 0 0 0 0 0 0 0 0 0 0 0 0 0 0 0 0 0 0 0 0 0 0 0 0 0 0 0 0 0 0 0 0 0 0 0 0 0 0 0 0 0 0 0 0 0 0 0 0 0 0 0 0 0 0 0 0 0 0 0 0 0 0 0 0 0 0 0 0 0 0 0 0 0 0 0 0 0 0 0 0 0 0 0 0 0 0 0 0 0 0 0 0 0 0 0 0 0 0 0 0 0 0 0 0 0 0 0 0 0 0 0 0 0 0 0 0 0 0 0 0 0 0 0 0 0 0 0 0 0 0 0 0 0 0 0 0 0 0 0 0 0 0 0 0 0 0 0 0 0 0 0 0 0 0 0 0 0 0 0 0 0 0 0 0 0 0 0 0 0 0 0 0 0 0 0 0 0 0 0 0 0 0 0 0 0 0 0 0 0 0 0 0 0 0 0 0 0 0 0 0 0 0 0 0 0 0 0 0 0 0 0 0 0 0 0 0 0 0 0 0 0 0 0 0 0 0 0 0 0 0 0 0 0 0 0 0 0 0 0 0 0 0 0 0 0 0 0 0 0 0 0 0 0 0 0 0 0 0 0 0 0 0 0 0 0 0 0 0 0 0 0 0 0 0 0 0 0 0 0 0 0 0 0 0 0 0 0 0 0 0 0 0 0 0 0 0 0 0 0 0 0 0 0 0 0 0 0 0 0 0 0 0 0 0 0 0 0 0 0 0 0 0 0 0 0 0 0 0 0 0 0 0 0 0 0 0 0 0 0 0 0 0 0 0 0 0 0 0 0 0 0 0 0 0 0 0 0 0 0 0 0 0 0 0 0 0 0 0 0 0 0 0 0 0 0 0 0 0 0 0 0 0 0 0 0 0 0 0 0 0 0 0 0 0 0 0 0 0 0 0 0 0 0 0 0 0 0 0 0 0 0 0 0 0 0 0 0 0 0 0 0 0 0 0 0 0 0 0 0 0 0 0 0 0 0 0 0 0 0 0 0 0 0 0 0 0 0 0 0 0 0 0 0 0 0 0 0 0 0 0 0 0 0 0 0 0 0 0 0 0 0 0 0 0 0 0 0 0 0 0 0 0 0 0 0 0 0 0 0 0 0 0 0 0 0 0 0 0 0 0 0 0 0 0 0 0 0 0 0 0 0 0 0 0 0 0 0 0 0 0 0 0 0 0 0 0 0 0 0 0 0 0 0 0 0 0 0 0 0 0 0 0 0 0 0 0 0 0 0 0 0 0 0 0 0 0 0 0 0 0 0 0 0 0 0 0 0 0 0 0 0 0 0 0 0 0 0 0 0 0 0 0 0 0 0 0 0 0 0 0 0 0 0 0 0 0 0 0 0 0 0 0 0 0 0 0 0 0 0 0 0 0 0 0 0 0 0 0 0 0 0 0 0 0 0 0 0 0 0 0 0 0 0 0 0 0 0 0 0 0 0 0 0 0 0 0 0 0 0 0 0 0 0 0 0 0 0 0 0 0 0 0 0 0 0 0 0 0 0 0 0 0 0 0 0 0 0 0 0 0 0 0 0 0 0 0 0 0 0 0 0 0 0 0 0 0 0 0 0 0 0 0 0 0 0 0 0 0 0 0 0 0 0 0 0 0 0 0 0 0 0 0 0 0 0 0 0 0 0 0 0 0 0 0 0 0 0 0 0 0 0 0 0 0 0 0 0 0 0 0 0 0 0 0 0 0 0 0 0 0 0 0 0 0 0 0 0 0 0 0 0 0 0 0 0 0 0 0 0 0 0 0 0 0 0 0 0 0 0 0 0 0 0 0 0 0 0 0 0 0 0 0 0 0 0 0 0 0 0 0 0 0 0 0 0 0 0 0 0 0 0 0 0 0 0 0 0 0 0 0 0 0 0 0 0 0 0 0 0 0 0 0 0 0 0 0 0 0 0 0 0 0 0 0 0 0 0 0 0 0 0 0 0 0 0 0 0 0 0 0 0 0 0 0 0 0 0 0 0 0 0 0 0 0 0 0 0 0 0 0 0 0 0 0 0 0 0 0 0 0 0 0 0 0 0 0 0 0 0 0 0 0 0 0 0 0 0 0 0 0 0 0 0 0 0 0 0 0 0 0 0 0 0 0 0 0 0 0 0 0 0 0 0 0 0 0 0 0 0 0 0 0 0 0 0 0 0 0 0 0 0 0 0 0 0 0 0 0 0 0
Case #34: 878757804 220002795 98131312 54494472 34857751 24608385 17880008 13697928 10835990 8710517 7179663 6037451 5291503 4439131 3784637 3422141 3040083 2723028 2432022 2157907 1997084 1807536 1659557 1531486 1404157 1293270 1219610 1074879 1055764 958817 918025 858367 818117 764111 688046 672529 650368 600872 588914 552092 527480 502277 471531 422198 425229 422954 393403 374153 375406 342249 335558 322271 313823 306118 287169 281107 271677 260530 254118 241044 240242 226995 222148 216211 211536 201678 200148 184521 182167 177016 180959 170211 168223 158396 157191 150772 151612 145732 139947 138394 138441 129561 122414 116035 126097 118968 121396 112995 112990 106913 108818 107259 104083 99867 95266 98085 91903 92246 89722 85370 92980 85509 80784 80893 74914 81076 77994 75813 72364 73667 72878 67843 70052 69869 62610 62887 66506 63417 64093 62229 59478 59995 53869 57953 57203 56517 57803 57872 53939 49615 48994 47921 50846 50925 45368 46470 47175 48964 45554 42951 43094 45167 40436 42716 43835 42402 41661 40479 39452 39886 40589 39880 36991 39596 37665 36315 34312 35486 34476 34425 35434 33292 31651 32653 31468 29972 32418 30449 32554 28963 29287 30463 31802 30048 27195 26721 27257 26834 29557 26004 24693 27658 26640 26082 25805 25922 25926 23845 24033 23757 23678 24037 23366 23775 20995 21746 21432 20937 22271 22920 22001 21834 20604 20004 21258 21286 20616 19392 20867 19482 20315 19325 19841 19913 20636 18916 19305 17938 19459 18302 19485 17257 16775 17027 16188 16930 16194 16037 16408 16506 17634 15632 16296 15827 14563 15235 15571 16870 15194 14773 14708 14571 15517 15398 14019 14325 14995 14061 14399 14309 13109 13038 14099 13170 13447 14521 14755 13093 12484 11911 11908 11731 10498 13310 12432 10979 12679 12588 11558 12381 10572 12236 11634 11877 10874 11651 11339 11642 11684 11598 11040 10483 10960 11385 10511 9524 11017 11023 9679 9900 9593 10724 10546 9650 10470 10436 9936 9740 10489 9768 9198 10451 10974 9917 9705 9812 9076 8299 9064 8844 9153 8874 9066 8831 8254 7995 8937 8272 9603 9431 9129 9174 8525 9088 8917 8188 8766 8783 8157 7748 7112 7307 7752 8271 8009 6695 7745 8204 7651 7229 7846 7109 7477 7257 7132 7697 7613 7171 6906 6804 7819 6952 7190 6829 7081 6187 6548 6857 5973 7138 6586 6330 6503 6219 7197 6825 6379 6203 6072 6442 6289 6641 6513 6583 6231 5642 6650 6780 6633 5870 6612 5998 5103 5987 5898 5668 5877 5904 5607 4715 5253 5823 5717 6213 5570 4982 5599 5499 5653 5646 5198 6214 5076 5318 5237 5688 5027 5382 4367 5436 5659 5929 5543 5898 4139 4747 4795 4871 4561 4664 5002 4780 4936 4818 4785 4472 4964 4497 5196 4734 4718 4747 4615 4423 4773 4102 4278 4745 4728 4561 4429 4528 4176 4227 5096 4234 4470 4520 4142 4094 4671 4598 4660 3822 4202 4345 3632 3820 4047 4210 3894 4564 4291 4114 4554 4653 3905 4217 3976 3791 4354 4070 4186 4025 4015 3532 3676 3603 4194 3460 4039 3823 3828 3418 3554 3734 3775 4203 3662 3752 3613 3673 3522 3307 3743 3607 3718 3671 3651 3737 3834 3259 3129 3074 3245 3354 3638 3183 3476 2968 3439 3161 3369 3273 3457 3448 2975 3215 3678 3048 2438 3390 2942 2744 3125 2892 3380 3009 3157 2587 3052 2543 3616 2924 2979 3093 2939 2529 3400 2936 2640 2685 2715 3052 2891 2902 3002 3155 2997 2705 3043 3335 2648 3211 2938 2908 3314 3091 2955 3061 2549 2513 2485 2306 2620 2610 2255 2578 2558 2537 2517 1946 2739 2443 2349 2425 2350 2396 2578 2256 2609 2677 2760 2572 2555 2221 2491 2295 2531 2500 2379 2794 2621 2239 2296 1834 2189 2189 2230 2263 2202 2026 2572 2171 2474 2469 2292 2423 2330 2355 2113 2422 2468 2330 2169 2468 2133 2559 2329 2468 2264 1986 2115 2286 2457 2436 2367 1957 2290 2088 2058 2174 2542 2402 2193 1753 2142 1991 2106 2284 1818 2239 1737 2051 2090 2011 1735 2162 1749 1847 2031 2037 1764 1997 1928 1796 2187 2203 1719 1929 2111 1818 2054 1836 2041 2059 2203 2092 1851 1812 2149 2029 1815 2088 1767 2031 2280 1881 2085 1871 1711 2009 1894 1496 1927 1650 1828 1584 1686 2089 1757 2042 1841 1744 1794 1716 2098 2029 1821 1590 2031 2051 1682 1552 1577 1884 1748 1817 1727 2068 1691 1947 2117 1948 1758 1899 1819 1764 1886 1707 1606 1785 1724 1785 1918 1561 1696 1888 1818 1871 1832 1765 1794 1371 1276 1400 1296 1361 1367 1343 1370 1647 1251 1599 1436 1512 1444 1490 1356 1535 1311 1329 1242 1497 1564 1465 1334 1620 1591 1603 1191 1407 1538 1360 1208 1585 1298 1482 1378 1542 1528 1340 1412 1368 1321 1541 1596 1324 1538 1187 1373 1567 1493 1381 1234 1359 1437 1509 1287 1195 1412 1462 1362 1515 1312 1351 1217 1289 1367 1177 1353 1156 1223 1386 1155 1326 998 1388 1269 1266 1114 1233 1397 1165 1157 1148 1331 1369 1395 1160 1198 1353 1347 1202 1345 1141 1376 1342 1147 1313 1250 1350 1226 1321 1472 1168 1334 1249 1429 1314 1461 1500 1140 1338 1325 1369 1288 1265 1258 1233 1318 1259 1344 1499 1231 1268 1340 1420 1393 1414 1270 1124 1277 1313 1351 1270 1017 926 971 1107 937 882 760 926 943 1133 945 1224 1084 899 918 927 1080 1041 1054 916 884 919 1142 1023 1091 874 927 1121 1071 1011 1068 893 917 814 1005 998 925 868 916 1150 920 1030 1141 990 1084 860 1015 939 878 922 990 1135 985 989 873 966 1141 1000 915 1196 999 916 1066 1030 1157 1004 1042 832 975 1090 991 1133 1068 1037 1095 1153 921 1216 840 1016 640 968 1017 1039 827 1048 1132 821 823 898 857 967 845 791 781 737 1011 772 830 974 746 846 906 834 948 810 863 919 739 969 1033 686 697 941 892 975 890 923 746 780 791 910 779 856 961 855 777 831 838 882 819 770 1056 834 737 1035 1067 840 930 862 867 806 854 764 950 782 928 1010 894 815 751 914 973 747 827 884 1056 722 787 933 874 912 865 989 873 890 883 673 800 847 804 809 792 936 859 826 838 979 834 893 832 759 876 864 881 764 827 731 708 842 617 865 769 504 651 655 785 686 787 746 561 692 697 649 762 826 785 671 840 660 675 764 581 697 665 706 810 615 607 649 659 616 666 542 815 576 570 656 798 685 805 700 691 654 756 655 616 660 733 528 599 738 644 663 711 682 725 674 729 697 715 599 705 703 675 633 699 625 578 564 646 627 691 765 638 819 610 603 610 768 681 610 625 611 664 672 651 579 545 771 668 485 596 684 653 688 663 688 595 670 686 709 816 631 738 564 541 704 660 824 678 714 761 554 547 719 664 639 653 617 559 674 714 729 736 684 719 723 685 795 691 742 725 599 613 478 588 560 599 513 531 602 565 439 529 579 520 533 520 651 462 558 483 582 565 547 526 607 466 643 433 525 597 550 449 553 443 557 523 606 468 634 521 581 561 477 476 457 574 521 569 569 501 532 570 634 597 486 560 452 597 550 537 532 552 657 590 513 544 469 564 515 533 556 472 475 536 446 538 504 457 640 612 560 622 555 530 613 582 513 574 491 470 601 467 486 508 466 555 507 579 527 573 677 572 546 575 423 483 540 514 401 499 522 554 500 584 539 502 533 458 455 609 547 532 501 552 572 507 654 528 455 555 541 530 533 583 463 578 529 598 550 490 587 602 493 542 568 575 501 574 418 533 476 586 626 522 524 418 510 530 555 456 530 488 562 589 684 541 457 508 587 523 544 561 332 318 445 307 378 344 380 366 254 281 333 361 411 263 320 381 340 269 366 319 350 368 406 275 388 346 332 438 327 392 429 372 308 383 338 379 386 342 349 325 371 269 367 336 313 331 423 381 399 344 336 376 311 307 347 333 284 394 415 374 304 380 357 303 409 373 315 316 353 258 315 297 257 317 243 442 421 313 341 282 289 376 268 229 346 374 347 337 314 298 326 334 227 329 360 391 369 274 379 295 320 344 385 371 379 294 385 371 258 339 400 341 228 382 308 332 282 265 323 298 312 344 277 350 376 406 376 352 329 295 347 362 280 338 420 361 322 318 399 439 320 344 320 349 280 361 297 368 420 422 246 319 330 376 396 291 382 380 385 388 339 443 361 352 400 319 351 347 315 354 344 444 330 259 366 355 293 363 342 315 296 390 340 401 389 478 401 338 273 380 374 395 375 335 363 374 429 312 337 263 284 289 331 383 345 318 356 314 361 425 326 376 339 290 332 337 313 325 320 399 371 323 343 414 407 331 434 375 227 299 261 269 316 336 220 328 304 274 329 326 233 250 252 302 270 304 334 201 251 317 236 358 223 301 272 335 277 327 267 313 291 223 311 362 266 362 223 215 282 285 227 293 345 266 284 292 275 259 271 281 245 264 368 294 295 343 280 314 318 344 258 279 275 259 348 314 233 293 256 382 263 330 383 266 243 285 307 288 357 293 347 275 302 341 284 281 331 278 310 284 341 254 345 271 233 207 240 247 267 258 290 308 256 289 217 252 314 307 313 300 332 193 306 328 318 228 298 306 249 299 288 280 294 262 267 337 328 315 286 294 267 282 289 263 321 282 260 307 271 299 305 315 254 333 229 257 276 249 344 299 324 247 244 259 239 302 281 306 233 252 361 263 383 313 304 299 251 265 259 273 259 301 272 333 288 291 229 329 318 325 305 265 246 309 299 350 303 323 316 334 187 185 255 257 290 291 250 196 302 296 330 284 241 195 289 250 333 314 245 289 310 293 304 257 249 314 315 341 299 319 288 328 225 316 328 349 291 318 289 249 263 283 283 312 300 253 273 304 348 349 230 287 282 201 323 332 292 336 273 178 246 301 280 295 334 332 303 338 309 271 331 283 359 266 323 271 321 310 204 223 317 254 324 295 270 244 285 332 314 371 316 251 327 334 260 250 345 334 291 295 324 225 313 269 196 257 327 287 306 228 307 281 301 278 282 364 277 340 274 325 222 227 257 254 303 112 166 166 132 201 189 150 166 138 176 174 154 191 142 143 138 134 146 200 153 172 147 139 188 111 161 176 176 199 153 151 166 175 161 175 164 161 134 165 147 150 143 132 139 105 184 108 141 175 177 164 113 148 160 193 159 152 161 171 166 115 150 126 127 162 147 200 157 167 173 147 147 129 181 173 173 197 181 169 154 144 151 192 151 150 154 146 177 175 125 187 217 181 183 156 139 170 146 145 189 115 192 135 108 144 188 171 186 169 128 166 182 137 124 157 183 168 175 160 186 138 214 169 153 201 140 113 142 162 169 148 173 194 153 129 138 154 164 118 179 125 128 137 201 150 147 155 200 145 128 182 110 160 211 139 166 163 156 153 171 154 64 160 204 181 146 119 115 164 199 137 145 170 200 190 131 146 129 143 150 135 124 166 152 182 155 196 174 140 131 143 161 73 160 182 185 208 147 207 97 163 137 118 130 139 123 112 148 143 178 171 127 197 148 213 132 152 147 214 221 150 142 170 155 177 209 115 178 129 173 164 158 174 116 172 223 148 226 153 191 199 149 206 196 136 155 183 198 176 171 136 129 154 184 158 155 119 117 148 171 173 165 172 161 118 142 146 174 159 187 152 129 144 148 157 119 205 143 152 167 120 185 187 195 150 156 139 161 148 102 148 158 199 181 169 171 155 159 140 176 135 208 159 152 153 129 119 151 161 125 111 107 143 156 181 160 137 172 181 237 188 154 136 196 153 176 147 102 210 134 210 183 169 153 145 156 213 161 145 150 152 169 248 159 169 157 159 151 160 89 183 152 130 140 108 196 157 157 181 152 163 135 196 130 152 205 175 188 171 137 156 187 168 178 142 148 154 167 99 163 185 117 185 144 172 175 150 167 128 193 193 179 191 150 145 188 197 168 129 121 132 192 143 144 186 196 170 154 172 153 179 165 203 172 150 190 137 137 171 149 173 126 177 181 184 196 206 152 139 209 168 175 159 156 154 103 161 212 135 196 173 182 142 173 172 172 169 183 161 187 126 144 171 159 144 146 169 194 161 206 187 175 128 138 178 168 153 146 151 170 140 204 159 137 191 159 102 100 108 122 108 116 92 98 86 96 114 100 124 74 124 80 128 58 92 106 76 116 100 104 106 88 84 80 102 112 100 66 98 82 84 88 102 116 52 70 120 88 90 104 94 106 68 84 102 122 88 66 78 74 96 106 100 66 114 56 96 110 94 82 112 90 74 82 110 88 120 124 94 116 104 98 62 100 96 124 76 82 94 102 92 82 126 62 96 86 64 96 120 104 100 94 94 100 80 94 90 106 92 104 98 108 64 88 100 86 118 126 114 100 76 52 70 116 94 92 122 96 68 106 122 90 104 82 94 80 114 60 104 96 110 122 80 110 96 82 104 46 108 100 102 88 90 130 124 80 108 68 92 108 118 104 82 94 102 98 66 112 84 78 78 108 94 90 54 84 88 96 80 76 142 82 114 84 116 110 76 116 124 82 106 110 126 106 106 104 76 94 88 86 110 90 102 102 94 136 80 112 94 102 74 94 106 114 132 100 102 108 82 76 122 54 76 94 66 78 96 86 72 108 100 104 110 114 82 112 102 100 70 62 92 112 100 108 70 100 78 136 110 92 122 126 108 72 76 72 94 118 128 114 118 94 84 88 112 84 94 54 108 112 84 94 128 78 68 102 114 106 104 86 68 96 90 96 98 88 142 122 106 110 84 84 90 50 112 84 122 116 108 86 106 140 62 86 94 96 76 92 84 100 80 78 110 70 116 74 106 108 110 88 100 72 130 68 108 106 100 92 70 76 62 100 70 80 80 70 112 96 76 118 88 102 118 86 72 110 88 96 102 72 112 102 84 62 78 88 102 82 98 96 104 108 102 98 124 102 102 96 90 110 90 94 96 92 102 88 116 122 82 70 98 84 92 96 92 64 92 98 68 86 92 100 104 106 96 100 66 110 114 106 106 134 74 96 104 102 94 82 100 90 106 74 90 136 74 108 104 84 92 86 62 92 110 88 130 98 102 118 84 70 78 124 82 102 98 88 104 128 92 92 106 108 82 88 104 124 120 82 116 130 110 80 94 100 86 134 100 100 80 98 68 120 86 128 48 88 72 108 90 116 78 96 100 122 82 124 76 106 94 94 98 82 98 92 122 72 86 90 94 92 80 96 102 72 98 48 102 122 88 86 90 86 74 110 98 80 72 88 96 88 126 80 54 60 96 100 88 130 100 98 104 114 72 74 108 94 116 86 78 92 100 68 124 68 74 106 112 140 76 80 76 86 84 128 120 96 128 80 86 94 116 100 72 90 130 112 84 94 66 126 90 88 74 88 122 90 108 104 108 100 124 62 92 86 92 90 90 106 64 70 94 80 70 96 100 68 142 82 120 122 78 120 70 96 86 88 144 90 54 122 110 82 86 58 96 72 96 78 84 126 90 110 108 80 98 102 78 86 110 84 106 82 98 120 114 78 106 84 108 112 100 80 94 94 82 100 80 72 120 74 68 90 84 104 84 78 86 78 70 92 112 94 86 114 112 134 96 60 72 114 108 84 96 114 118 122 104 100 126 130 78 78 116 88 86 106 92 76 92 86 108 108 84 72 88 102 84 110 110 108 108 76 114 66 126 102 118 88 112 94 72 96 96 112 88 98 66 92 80 104 104 88 92 140 104 116 132 116 114 102 108 106 110 100 74 76 78 110 96 82 66 92 86 62 86 92 96 80 102 114 98 80 98 108 82 70 98 74 76 110 72 102 110 98 82 106 78 64 68 88 76 92 68 82 96 104 90 72 106 80 92 94 138 94 130 118 72 104 112 108 118 102 64 94 78 106 78 88 88 64 106 110 108 102 94 122 106 76 94 44 94 41 42 21 27 25 41 17 34 15 30 40 43 36 24 20 33 46 28 28 28 36 30 35 39 34 30 43 25 28 28 36 45 36 39 24 44 18 24 22 23 27 44 25 21 35 25 14 41 38 39 43 19 37 31 34 26 29 38 33 22 41 29 43 29 39 24 33 23 35 27 27 48 40 30 30 33 46 41 39 31 33 32 38 34 9 45 27 37 39 26 45 36 18 28 26 28 32 36 33 32 27 31 21 28 45 42 15 43 36 36 36 12 34 42 21 49 33 19 20 39 38 25 26 30 34 32 38 23 45 34 39 30 17 34 48 33 40 23 37 32 15 44 14 26 38 30 37 27 44 35 31 35 28 39 21 16 11 21 33 43 38 29 37 29 45 17 43 35 33 45 30 42 25 20 42 33 37 37 39 27 36 36 36 22 30 38 41 35 20 29 43 31 35 25 23 48 29 22 34 28 21 35 33 35 28 34 30 40 42 13 38 20 29 25 31 40 28 32 36 35 33 35 43 4 26 43 36 24 25 31 34 29 40 27 38 38 28 41 48 40 32 21 33 29 21 19 30 33 38 22 36 30 38 11 47 32 37 30 42 27 39 30 26 34 46 26 39 42 32 41 29 42 39 36 35 37 22 23 24 33 23 19 25 25 41 23 39 28 39 16 24 35 35 31 33 27 25 23 28 38 27 27 38 36 39 49 26 44 21 24 26 29 33 24 23 44 34 29 33 31 30 37 29 29 24 25 25 32 33 43 51 6 27 49 40 40 29 35 29 35 11 27 47 38 21 13 23 34 25 22 30 36 45 27 38 40 29 24 39 12 35 39 26 25 37 12 39 34 9 21 22 40 41 37 39 42 44 19 31 32 33 54 50 32 10 31 25 22 29 40 23 16 27 23 34 23 33 26 36 30 24 50 34 41 44 44 20 23 34 13 31 30 27 31 21 40 24 45 25 43 38 34 11 50 29 35 38 16 23 43 18 32 27 24 33 23 38 20 39 32 21 41 37 36 43 32 38 38 36 31 27 27 36 17 32 45 29 21 33 21 34 16 31 36 31 32 35 24 23 34 37 40 32 29 26 37 25 33 39 37 32 32 34 26 41 29 16 32 37 14 38 31 25 35 41 35 42 37 32 34 38 48 29 32 26 29 36 24 33 19 36 38 35 28 38 29 42 30 41 27 38 22 33 26 19 13 7 32 29 37 21 44 20 37 39 49 43 32 45 33 10 27 16 36 29 44 45 35 34 36 38 31 41 39 14 28 28 26 25 38 42 18 38 45 33 43 24 34 31 37 29 20 46 35 38 20 18 35 33 22 18 34 41 7 37 34 22 26 13 29 15 43 37 38 38 34 37 45 35 31 39 52 26 28 30 20 35 34 33 35 21 38 20 31 26 40 44 36 43 23 36 44 38 9 23 26 40 25 39 38 37 35 30 33 39 42 28 25 45 40 39 36 27 37 25 33 33 36 37 35 25 26 41 32 35 20 31 23 35 24 32 27 31 36 22 31 29 18 34 32 31 30 25 31 36 38 36 23 19 23 35 25 34 31 27 37 25 29 38 27 32 35 47 27 35 36 36 24 32 34 47 29 39 35 21 24 28 35 41 30 18 25 32 38 26 28 27 36 40 25 30 22 28 31 27 24 35 43 22 35 20 30 22 33 27 16 27 20 18 34 43 24 23 28 30 41 33 37 28 43 32 30 35 37 30 26 17 45 37 38 34 30 25 39 36 39 39 27 41 27 38 37 26 46 35 30 25 38 24 31 11 30 23 58 31 28 38 40 23 41 30 33 10 44 17 32 21 38 34 27 39 27 21 36 32 37 30 29 40 24 40 51 35 33 35 20 37 15 35 34 45 32 33 19 22 36 18 41 44 30 35 32 32 26 28 29 26 11 22 45 24 46 14 30 35 42 38 29 40 28 27 30 34 24 28 34 37 34 34 11 32 30 24 36 29 35 33 17 31 22 23 11 42 17 46 40 27 30 32 37 40 35 29 33 36 41 27 35 36 42 11 25 33 26 41 28 39 25 32 39 34 37 42 57 31 39 19 39 31 29 32 30 41 32 31 34 15 29 22 39 28 38 42 28 22 39 20 32 36 45 16 36 27 30 34 24 34 27 27 43 28 35 46 44 30 34 27 27 37 11 36 31 27 38 36 42 28 34 21 27 25 33 26 29 48 5 3 29 13 29 21 30 31 25 26 32 34 34 31 39 33 28 50 29 33 46 32 22 46 35 25 27 35 21 24 47 36 30 33 24 42 33 16 39 12 29 48 38 42 39 30 42 29 46 30 38 31 41 45 22 17 24 44 31 43 29 36 37 50 33 23 27 38 40 32 22 35 28 32 28 30 8 26 27 22 31 25 29 26 34 21 41 31 42 23 30 32 40 28 28 42 38 33 37 34 38 27 32 25 30 35 45 45 35 35 44 31 34 30 31 37 26 37 37 27 39 28 14 29 33 28 35 27 31 41 44 38 31 31 42 42 39 20 47 16 19 39 32 39 23 35 44 22 40 32 39 31 27 19 26 50 41 48 20 27 30 37 38 9 40 40 32 26 51 49 12 34 23 20 33 34 42 33 38 32 37 35 29 22 33 32 8 50 43 33 40 42 17 27 41 40 36 16 39 35 16 31 39 25 28 31 41 35 41 36 35 32 27 26 31 23 35 24 25 29 35 26 31 32 28 16 33 28 30 35 45 25 33 37 32 42 34 47 51 33 35 29 41 18 42 26 30 38 43 20 28 40 35 40 19 36 22 37 19 39 35 37 28 33 38 36 25 30 31 32 29 34 32 28 15 40 33 27 33 18 26 22 37 32 29 36 31 37 38 25 35 30 25 31 21 38 42 22 30 39 39 12 39 26 35 34 33 30 30 29 44 34 25 26 30 33 36 18 34 39 30 32 31 31 27 28 24 39 23 34 36 45 35 34 23 41 36 38 25 30 22 35 25 37 32 35 18 24 24 46 41 40 30 36 16 42 31 31 20 42 35 16 40 30 33 32 41 25 39 20 35 26 15 20 45 22 33 28 38 26 29 31 27 36 37 41 30 39 33 36 29 34 27 22 38 34 29 27 53 37 36 26 38 52 27 46 33 28 18 34 32 30 24 24 30 39 35 28 26 37 28 30 32 40 27 32 29 31 21 32 34 30 19 8 38 39 40 28 30 22 15 27 31 8 36 38 36 30 47 27 31 32 41 31 13 13 36 35 2 28 30 28 29 40 24 39 36 28 30 36 21 34 31 34 23 31 5 34 38 17 33 22 33 6 38 14 28 42 27 37 30 24 44 40 34 40 32 16 37 34 37 32 31 38 44 30 39 19 41 25 42 32 31 25 31 31 31 34 47 33 26 43 21 38 43 44 46 28 38 41 39 42 26 27 29 27 31 37 31 23 31 12 42 34 32 38 25 29 31 8 32 44 33 31 38 34 8 16 32 33 45 36 32 23 34 19 38 43 35 30 42 23 33 33 43 31 37 34 18 33 37 29 24 41 13 41 37 19 42 44 26 32 26 52 28 9 42 41 24 34 31 32 40 36 39 36 33 31 33 39 39 29 17 48 22 37 38 33 29 26 26 41 47 0 0 0 0 0 0 0 0 0 0 0 0 0 0 0 0 0 0 0 0 0 0 0 0 0 0 0 0 0 0 0 0 0 0 0 0 0 0 0 0 0 0 0 0 0 0 0 0 0 0 0 0 0 0 0 0 0 0 0 0 0 0 0 0 0 0 0 0 0 0 0 0 0 0 0 0 0 0 0 0 0 0 0 0 0 0 0 0 0 0 0 0 0 0 0 0 0 0 0 0 0 0 0 0 0 0 0 0 0 0 0 0 0 0 0 0 0 0 0 0 0 0 0 0 0 0 0 0 0 0 0 0 0 0 0 0 0 0 0 0 0 0 0 0 0 0 0 0 0 0 0 0 0 0 0 0 0 0 0 0 0 0 0 0 0 0 0 0 0 0 0 0 0 0 0 0 0 0 0 0 0 0 0 0 0 0 0 0 0 0 0 0 0 0 0 0 0 0 0 0 0 0 0 0 0 0 0 0 0 0 0 0 0 0 0 0 0 0 0 0 0 0 0 0 0 0 0 0 0 0 0 0 0 0 0 0 0 0 0 0 0 0 0 0 0 0 0 0 0 0 0 0 0 0 0 0 0 0 0 0 0 0 0 0 0 0 0 0 0 0 0 0 0 0 0 0 0 0 0 0 0 0 0 0 0 0 0 0 0 0 0 0 0 0 0 0 0 0 0 0 0 0 0 0 0 0 0 0 0 0 0 0 0 0 0 0 0 0 0 0 0 0 0 0 0 0 0 0 0 0 0 0 0 0 0 0 0 0 0 0 0 0 0 0 0 0 0 0 0 0 0 0 0 0 0 0 0 0 0 0 0 0 0 0 0 0 0 0 0 0 0 0 0 0 0 0 0 0 0 0 0 0 0 0 0 0 0 0 0 0 0 0 0 0 0 0 0 0 0 0 0 0 0 0 0 0 0 0 0 0 0 0 0 0 0 0 0 0 0 0 0 0 0 0 0 0 0 0 0 0 0 0 0 0 0 0 0 0 0 0 0 0 0 0 0 0 0 0 0 0 0 0 0 0 0 0 0 0 0 0 0 0 0 0 0 0 0 0 0 0 0 0 0 0 0 0 0 0 0 0 0 0 0 0 0 0 0 0 0 0 0 0 0 0 0 0 0 0 0 0 0 0 0 0 0 0 0 0 0 0 0 0 0 0 0 0 0 0 0 0 0 0 0 0 0 0 0 0 0 0 0 0 0 0 0 0 0 0 0 0 0 0 0 0 0 0 0 0 0 0 0 0 0 0 0 0 0 0 0 0 0 0 0 0 0 0 0 0 0 0 0 0 0 0 0 0 0 0 0 0 0 0 0 0 0 0 0 0 0 0 0 0 0 0 0 0 0 0 0 0 0 0 0 0 0 0 0 0 0 0 0 0 0 0 0 0 0 0 0 0 0 0 0 0 0 0 0 0 0 0 0 0 0 0 0 0 0 0 0 0 0 0 0 0 0 0 0 0 0 0 0 0 0 0 0 0 0 0 0 0 0 0 0 0 0 0 0 0 0 0 0 0 0 0 0 0 0 0 0 0 0 0 0 0 0 0 0 0 0 0 0 0 0 0 0 0 0 0 0 0 0 0 0 0 0 0 0 0 0 0 0 0 0 0 0 0 0 0 0 0 0 0 0 0 0 0 0 0 0 0 0 0 0 0 0 0 0 0 0 0 0 0 0 0 0 0 0 0 0 0 0 0 0 0 0 0 0 0 0 0 0 0 0 0 0 0 0 0 0 0 0 0 0 0 0 0 0 0 0 0 0 0 0 0 0 0 0 0 0 0 0 0 0 0 0 0 0 0 0 0 0 0 0 0 0 0 0 0 0 0 0 0 0 0 0 0 0 0 0 0 0 0 0 0 0 0 0 0 0 0 0 0 0 0 0 0 0 0 0 0 0 0 0 0 0 0 0 0 0 0 0 0 0 0 0 0 0 0 0 0 0 0 0 0 0 0 0 0 0 0 0 0 0 0 0 0 0 0 0 0 0 0 0 0 0 0 0 0 0 0 0 0 0 0 0 0 0 0 0 0 0 0 0 0 0 0 0 0 0 0 0 0 0 0 0 0 0 0 0 0 0 0 0 0 0 0 0 0 0 0 0 0 0 0 0 0 0 0 0 0 0 0 0 0 0 0 0 0 0 0 0 0 0 0 0 0 0 0 0 0 0 0 0 0 0 0 0 0 0 0 0 0 0 0 0 0 0 0 0 0 0 0 0 0 0 0 0 0 0 0 0 0 0 0 0 0 0 0 0 0 0 0 0 0 0 0 0 0 0 0 0 0 0 0 0 0 0 0 0 0 0 0 0 0 0 0 0 0 0 0 0 0 0 0 0 0 0 0 0 0 0 0 0 0 0 0 0 0 0 0 0 0 0 0 0 0 0 0 0 0 0 0 0 0 0 0 0 0 0 0 0 0 0 0 0 0 0 0 0 0 0 0 0 0 0 0 0 0 0 0 0 0 0 0 0 0 0 0 0 0 0 0 0 0 0 0 0 0 0 0 0 0 0 0 0 0 0 0 0 0 0 0 0 0 0 0 0 0 0 0 0 0 0 0 0 0 0 0 0 0 0 0 0 0 0 0 0 0 0 0 0 0 0 0 0 0 0 0 0 0 0 0 0 0 0 0 0 0 0 0 0 0 0 0 0 0 0 0 0 0 0 0 0 0 0 0 0 0 0 0 0 0 0 0 0 0 0 0 0 0 0 0 0 0 0 0 0 0 0 0 0 0 0 0 0 0 0 0 0 0 0 0 0 0 0 0 0 0 0 0 0 0 0 0 0 0 0 0 0 0 0 0 0 0 0 0 0 0 0 0 0 0 0 0 0 0 0 0 0 0 0 0 0 0 0 0 0 0 0 0 0 0 0 0 0 0 0 0 0 0 0 0 0 0 0 0 0 0 0 0 0 0 0 0 0 0 0 0 0 0 0 0 0 0 0 0 0 0 0 0 0 0 0 0 0 0 0 0 0 0 0 0 0 0 0 0 0 0 0 0 0 0 0 0 0 0 0 0 0 0 0 0 0 0 0 0 0 0 0 0 0 0 0 0 0 0 0 0 0 0 0 0 0 0 0 0 0 0 0 0 0 0 0 0 0 0 0 0 0 0 0 0 0 0 0 0 0 0 0 0 0 0 0 0 0 0 0 0 0 0 0 0 0 0 0 0 0 0 0 0 0 0 0 0 0 0 0 0 0 0 0 0 0 0 0 0 0 0 0 0 0 0 0 0 0 0 0 0 0 0 0 0 0 0 0 0 0 0 0 0 0 0 0 0 0 0 0 0 0 0 0 0 0 0 0 0 0 0 0 0 0 0 0 0 0 0 0 0 0 0 0 0 0 0 0 0 0 0 0 0 0 0 0 0 0 0 0 0 0 0 0 0 0 0 0 0 0 0 0 0 0 0 0 0 0 0 0 0 0 0 0 0 0 0 0 0 0 0 0 0 0 0 0 0 0 0 0 0 0 0 0 0 0 0 0 0 0 0 0 0 0 0 0 0 0 0 0 0 0 0 0 0 0 0 0 0 0 0 0 0 0 0 0 0 0 0 0 0 0 0 0 0 0 0 0 0 0 0 0 0 0 0 0 0 0 0 0 0 0 0 0 0 0 0 0 0 0 0 0 0 0 0 0 0 0 0 0 0 0 0 0 0 0 0 0 0 0 0 0 0 0 0 0 0 0 0 0 0 0 0 0 0 0 0 0 0 0 0 0 0 0 0 0 0 0 0 0 0 0 0 0 0 0 0 0 0 0 0 0 0 0 0 0 0 0 0 0 0 0 0 0 0 0 0 0 0 0 0 0 0 0 0 0 0 0 0 0 0 0 0 0 0 0 0 0 0 0 0 0 0 0 0 0 0 0 0 0 0 0 0 0 0 0 0 0 0 0 0 0 0 0 0 0 0 0 0 0 0 0 0 0 0 0 0 0 0 0 0 0 0 0 0 0 0 0 0 0 0 0 0 0 0 0 0 0 0 0 0 0 0 0 0 0 0 0 0 0 0 0 0 0 0 0 0 0 0 0 0 0 0 0 0 0 0 0 0 0 0 0 0 0 0 0 0 0 0 0 0 0 0 0 0 0 0 0 0 0 0 0 0 0 0 0 0 0 0 0 0 0 0 0 0 0 0 0 0 0 0 0 0 0 0 0 0 0 0 0 0 0 0 0 0 0 0 0 0 0 0 0 0 0 0 0 0 0 0 0 0 0 0 0 0 0 0 0 0 0 0 0 0 0 0 0 0 0 0 0 0 0 0 0 0 0 0 0 0 0 0 0 0 0 0 0 0 0 0 0 0 0 0 0 0 0 0 0 0 0 0 0 0 0 0 0 0 0 0 0 0 0 0 0 0 0 0 0 0 0 0 0 0 0 0 0 0 0 0 0 0 0 0 0 0 0 0 0 0 0 0 0 0 0 0 0 0 0 0 0 0 0 0 0 0 0 0 0 0 0 0 0 0 0 0 0 0 0 0 0 0 0 0 0 0 0 0 0 0 0 0 0 0 0 0 0 0 0 0 0 0 0 0 0 0 0 0 0 0 0 0 0 0 0 0 0 0 0 0 0 0 0 0 0 0 0 0 0 0 0 0 0 0 0 0 0 0 0 0 0 0 0 0 0 0 0 0 0 0 0 0 0 0 0 0 0 0 0 0 0 0 0 0 0 0 0 0 0 0 0 0 0 0 0 0 0 0 0 0 0 0 0 0 0 0 0 0 0 0 0 0 0 0 0 0 0 0 0 0 0 0 0 0 0 0 0 0 0 0 0 0 0 0 0 0 0 0 0 0 0 0 0 0 0 0 0 0 0 0 0 0 0 0 0 0 0 0 0 0 0 0 0 0 0 0 0 0 0 0 0 0 0 0 0 0 0 0 0 0 0 0 0 0 0 0 0 0 0 0 0 0 0 0 0 0 0 0 0 0 0 0 0 0 0 0 0 0 0 0 0 0 0 0 0 0 0 0 0 0 0 0 0 0 0 0 0 0 0 0 0 0 0 0 0 0 0 0 0 0 0 0 0 0 0 0 0 0 0 0 0 0 0 0 0 0 0 0 0 0 0 0 0 0 0 0 0 0 0 0 0 0 0 0 0 0 0 0 0 0 0 0 0 0 0 0 0 0 0 0 0 0 0 0 0 0 0 0 0 0 0 0 0 0 0 0 0 0 0 0 0 0 0 0 0 0 0 0 0 0 0 0 0 0 0 0 0 0 0 0 0 0 0 0 0 0 0 0 0 0 0 0 0 0 0 0 0 0 0 0 0 0 0 0 0 0 0 0 0 0 0 0 0 0 0 0 0 0 0 0 0 0 0 0 0 0 0 0 0 0 0 0 0 0 0 0 0 0 0 0 0 0 0 0 0 0 0 0 0 0 0 0 0 0 0 0 0 0 0 0 0 0 0 0 0 0 0 0 0 0 0 0 0 0 0 0 0 0 0 0 0 0 0 0 0 0 0 0 0 0 0 0 0 0 0 0 0 0 0 0 0 0 0 0 0 0 0 0 0 0 0 0 0 0 0 0 0 0 0 0 0 0 0 0 0 0 0 0 0 0 0 0 0 0 0 0 0 0 0 0 0 0 0 0 0 0 0 0 0 0 0 0 0 0 0 0 0 0 0 0 0 0 0 0 0 0 0 0 0 0 0 0 0 0 0 0 0 0 0 0 0 0 0 0 0 0 0 0 0 0 0 0 0 0 0 0 0 0 0 0 0 0 0 0 0 0 0 0 0 0 0 0 0 0 0 0 0 0 0 0 0 0 0 0 0 0 0 0 0 0 0 0 0 0 0 0 0 0 0 0 0 0 0 0 0 0 0 0 0 0 0 0 0 0 0 0 0 0 0 0 0 0 0 0 0 0 0 0 0 0 0 0 0 0 0 0 0 0 0 0 0 0 0 0 0 0 0 0 0 0 0 0 0 0 0 0 0 0 0 0 0 0 0 0 0 0 0 0 0 0 0 0 0 0 0 0 0 0 0 0 0 0 0 0 0 0 0 0 0 0 0 0 0 0 0 0 0 0 0 0 0 0 0 0 0 0 0 0 0 0 0 0 0 0 0 0 0 0 0 0 0 0 0 0 0 0 0 0 0 0 0 0 0 0 0 0 0 0 0 0 0 0 0 0 0 0 0 0 0 0 0 0 0 0 0 0 0 0 0 0 0 0 0 0 0 0 0 0 0 0 0 0 0 0 0 0 0 0 0 0 0 0 0 0 0 0 0 0 0 0 0 0 0 0 0 0 0 0 0 0 0 0 0 0 0 0 0 0 0 0 0 0 0 0 0 0 0 0 0 0 0 0 0 0 0 0 0 0 0 0 0 0 0 0 0 0 0 0 0 0 0 0 0 0 0 0 0 0 0 0 0 0 0 0 0 0 0 0 0 0 0 0 0 0 0 0 0 0 0 0 0 0 0 0 0 0 0 0 0 0 0 0 0 0 0 0 0 0 0 0 0 0 0 0 0 0 0 0 0 0 0 0 0 0 0 0 0 0 0 0 0 0 0 0 0 0 0 0 0 0 0 0 0 0 0 0 0 0 0 0 0 0 0 0 0 0 0 0 0 0 0 0 0 0 0 0 0 0 0 0 0 0 0 0 0 0 0 0 0 0 0 0 0 0 0 0 0 0 0 0 0 0 0 0 0 0 0 0 0 0 0 0 0 0 0 0 0 0 0 0 0 0 0 0 0 0 0 0 0 0 0 0 0 0 0 0 0 0 0 0 0 0 0 0 0 0 0 0 0 0 0 0 0 0 0 0 0 0 0 0 0 0 0 0 0 0 0 0 0 0 0 0 0 0 0 0 0 0 0 0 0 0 0 0 0 0 0 0 0 0 0 0 0 0 0 0 0 0 0 0 0 0 0 0 0 0 0 0 0 0 0 0 0 0 0 0 0 0 0 0 0 0 0 0 0 0 0 0 0 0 0 0 0 0 0 0 0 0 0 0 0 0 0 0 0 0 0 0 0 0 0 0 0 0 0 0 0 0 0 0 0 0 0 0 0 0 0 0 0 0 0 0 0 0 0 0 0 0 0 0 0 0 0 0 0 0 0 0 0 0 0 0 0 0 0 0 0 0 0 0 0 0 0 0 0 0 0 0 0 0 0 0 0 0 0 0 0 0 0 0 0 0 0 0 0 0 0 0 0 0 0 0 0 0 0 0 0 0 0 0 0 0 0 0 0 0 0 0 0 0 0 0 0 0 0 0 0 0 0 0 0 0 0 0 0 0 0 0 0 0 0 0 0 0 0 0 0 0 0 0 0 0 0 0 0 0 0 0 0 0 0 0 0 0 0 0 0 0 0 0 0 0 0 0 0 0 0 0 0 0 0 0 0 0 0 0 0 0 0 0 0 0 0 0 0 0 0 0 0 0 0 0 0 0 0 0 0 0 0 0 0 0 0 0 0 0 0 0 0 0 0 0 0 0 0 0 0 0 0 0 0 0 0 0 0 0 0 0 0 0 0 0 0 0 0 0 0 0 0 0 0 0 0 0 0 0 0 0 0 0 0 0 0 0 0 0 0 0 0 0 0 0 0 0 0 0 0 0 0 0 0 0 0 0 0 0 0 0 0 0 0 0 0 0 0 0 0 0 0 0 0 0 0 0 0 0 0 0 0 0 0 0 0 0 0 0 0 0 0 0 0 0 0 0 0 0 0 0 0 0 0 0 0 0 0 0 0 0 0 0 0 0 0 0 0 0 0 0 0 0 0 0 0 0 0 0 0 0 0 0 0 0 0 0 0 0 0 0 0 0 0 0 0 0 0 0 0 0 0 0 0 0 0 0 0 0 0 0 0 0 0 0 0 0 0 0 0 0 0 0 0 0 0 0 0 0 0 0 0 0 0 0 0 0 0 0 0 0 0 0 0 0 0 0 0 0 0 0 0 0 0 0 0 0 0 0 0 0 0 0 0 0 0 0 0 0 0 0 0 0 0 0 0 0 0 0 0 0 0 0 0 0 0 0 0 0 0 0 0 0 0 0 0 0 0 0 0 0 0 0 0 0 0 0 0 0 0 0 0 0 0 0 0 0 0 0 0 0 0 0 0 0 0 0 0 0 0 0 0 0 0 0 0 0 0 0 0 0 0 0 0 0 0 0 0 0 0 0 0 0 0 0 0 0 0 0 0 0 0 0 0 0 0 0 0 0 0 0 0 0 0 0 0 0 0 0 0 0 0 0 0 0 0 0 0 0 0 0 0 0 0 0 0 0 0 0 0 0 0 0 0 0 0 0 0 0 0 0 0 0 0 0 0 0 0 0 0 0 0 0 0 0 0 0 0 0 0 0 0 0 0 0 0 0 0 0 0 0 0 0 0 0 0 0 0 0 0 0 0 0 0 0 0 0 0 0 0 0 0 0 0 0 0 0 0 0 0 0 0 0 0 0 0 0 0 0 0 0 0 0 0 0 0 0 0 0 0 0 0 0 0 0 0 0 0 0 0 0 0 0 0 0 0 0 0 0 0 0 0 0 0 0 0 0 0 0 0 0 0 0 0 0 0 0 0 0 0 0 0 0 0 0 0 0 0 0 0 0 0 0 0 0 0 0 0 0 0 0 0 0 0 0 0 0 0 0 0 0 0 0 0 0 0 0 0 0 0 0 0 0 0 0 0 0 0 0 0 0 0 0 0 0 0 0 0 0 0 0 0 0 0 0 0 0 0 0 0 0 0 0 0 0 0 0 0 0 0 0 0 0 0 0 0 0 0 0 0 0 0 0 0 0 0 0 0 0 0 0 0 0 0 0 0 0 0 0 0 0 0 0 0 0 0 0 0 0 0 0 0 0 0 0 0 0 0 0 0 0 0 0 0 0 0 0 0 0 0 0 0 0 0 0 0 0 0 0 0 0 0 0 0 0 0 0 0 0 0 0 0 0 0 0 0 0 0 0 0 0 0 0 0 0 0 0 0 0 0 0 0 0 0 0 0 0 0 0 0 0 0 0 0 0 0 0 0 0 0 0 0 0 0 0 0 0 0 0 0 0 0 0 0 0 0 0 0 0 0 0 0 0 0 0 0 0 0 0 0 0 0 0 0 0 0 0 0 0 0 0 0 0 0 0 0 0 0 0 0 0 0 0 0 0 0 0 0 0 0 0 0 0 0 0 0 0 0 0 0 0 0 0 0 0 0 0 0 0 0 0 0 0 0 0 0 0 0 0 0 0 0 0 0 0 0 0 0 0 0 0 0 0 0 0 0 0 0 0 0 0 0 0 0 0 0 0 0 0 0 0 0 0 0 0 0 0 0 0 0 0 0 0 0 0 0 0 0 0 0 0 0 0 0 0 0 0 0 0 0 0 0 0 0 0 0 0 0 0 0 0 0 0 0 0 0 0 0 0 0 0 0 0 0 0 0 0 0 0 0 0 0 0 0 0 0 0 0 0 0 0 0 0 0 0 0 0 0 0 0 0 0 0 0 0 0 0 0 0 0 0 0 0 0 0 0 0 0 0 0 0 0 0 0 0 0 0 0 0 0 0 0 0 0 0 0 0 0 0 0 0 0 0 0 0 0 0 0 0 0 0 0 0 0 0 0 0 0 0 0 0 0 0 0 0 0 0 0 0 0 0 0 0 0 0 0 0 0 0 0 0 0 0 0 0 0 0 0 0 0 0 0 0 0 0 0 0 0 0 0 0 0 0 0 0 0 0 0 0 0 0 0 0 0 0 0 0 0 0 0 0 0 0 0 0 0 0 0 0 0 0 0 0 0 0 0 0 0 0 0 0 0 0 0 0 0 0 0 0 0 0 0 0 0 0 0 0 0 0 0 0 0 0 0 0 0 0 0 0 0 0 0 0 0 0 0 0 0 0 0 0 0 0 0 0 0 0 0 0 0 0 0 0 0 0 0 0 0 0 0 0 0 0 0 0 0 0 0 0 0 0 0 0 0 0 0 0 0 0 0 0 0 0 0 0 0 0 0 0 0 0 0 0 0 0 0 0 0 0 0 0 0 0 0 0 0 0 0 0 0 0 0 0 0 0 0 0 0 0 0 0 0 0 0 0 0 0 0 0 0 0 0 0 0 0 0 0 0 0 0 0 0 0 0 0 0 0 0 0 0 0 0 0 0 0 0 0 0 0 0 0 0 0 0 0 0 0 0 0 0 0 0 0 0 0 0 0 0 0 0 0 0 0 0 0 0 0 0 0 0 0 0 0 0 0 0 0 0 0 0 0 0 0 0 0 0 0 0 0 0 0 0 0 0 0 0 0 0 0 0 0 0 0 0 0 0 0 0 0 0 0 0 0 0 0 0 0 0 0 0 0 0 0 0 0 0 0 0 0 0 0 0 0 0 0 0 0 0 0 0 0 0 0 0 0 0 0 0 0 0 0 0 0 0 0 0 0 0 0 0 0 0 0 0 0 0 0 0 0 0 0 0 0 0 0 0 0 0 0 0 0 0 0 0 0 0 0 0 0 0 0 0 0 0 0 0 0 0 0 0 0 0 0 0 0 0 0 0 0 0 0 0 0 0 0 0 0 0 0 0 0 0 0 0 0 0 0 0 0 0 0 0 0 0 0 0 0 0 0 0 0 0 0 0 0 0 0 0 0 0 0 0 0 0 0 0 0 0 0 0 0 0 0 0 0 0 0 0 0 0 0 0 0 0 0 0 0 0 0 0 0 0 0 0 0 0 0 0 0 0 0 0 0 0 0 0 0 0 0 0 0 0 0 0 0 0 0 0 0 0 0 0 0 0 0 0 0 0 0 0 0 0 0
Case #35: 383141088 95958319 42969732 23665417 15198141 10732491 7810120 5950881 4755035 3807859 3226583 2633799 2260434 1924839 1727730 1495303 1330104 1186106 1064909 921112 887652 789197 726854 652981 608473 566708 524333 477128 447966 432276 395624 375805 361170 331675 305888 298136 288396 263483 251156 232253 223838 215640 199595 195152 185639 181748 180115 159881 167619 155479 139779 137222 135683 132608 130598 121746 124120 107148 103025 106201 103710 97566 101084 87496 87162 84216 83141 80969 81551 78074 79079 72847 76401 69715 69352 63458 64867 63621 65487 56891 57480 56454 56062 54312 49815 53961 51593 48654 45304 46945 44374 40551 44826 44004 43000 42314 38828 38075 40650 36036 37647 33879 36383 37203 33410 34416 32675 32161 31853 30556 33857 31269 28606 30818 30746 27404 28695 26194 27200 24277 26546 25561 21889 24860 22846 25406 25084 22309 23736 23143 21595 20965 20430 20997 20962 20749 21987 19958 19665 19441 18716 20059 19560 18670 18403 18163 19532 18701 17601 16766 16976 16077 15033 15299 16721 14704 15422 15593 16016 13848 14283 13583 15496 14155 15732 14161 13314 13000 13921 12999 14538 12433 13180 11878 11187 10806 11604 12065 12427 11669 11929 11238 12714 11007 10539 10137 10410 9843 12083 10457 10924 9771 10900 10395 10081 9485 9814 10094 9011 8815 9541 9643 8581 7516 9957 8711 8760 8724 8337 8048 8543 9427 9316 7896 7996 7749 8202 7908 9412 8051 8463 8447 7771 7737 7952 7537 7558 6944 7309 7486 7198 6838 7217 6644 6682 6842 7531 7144 6297 5998 6534 6484 5803 7160 6876 5523 6167 6531 6267 6324 5434 6578 6009 6790 5234 5737 5794 6435 5647 4792 5044 4941 5328 5486 4589 5235 5317 5134 5909 5198 5307 5150 4825 5687 5309 5306 5114 5681 5415 5176 4061 4819 4543 4722 5081 4812 4686 4709 4510 3996 4607 4742 4361 4524 3725 4455 4500 4377 4282 3976 4037 4359 4320 4179 4145 3798 4705 3847 4018 4005 3465 3865 3196 3810 3529 4116 3908 4380 3655 3902 3886 3648 3837 3106 3210 3987 3220 3736 3554 3829 3470 3581 4037 3246 3663 3458 3440 3888 3568 2885 2804 3295 3123 3096 3245 3387 3124 2854 3092 2669 2750 3057 3005 2661 3167 2924 2894 3418 2856 2524 2929 2816 2973 2647 3050 3039 2804 2513 3042 2719 3116 2959 2820 2816 2361 2701 2915 3220 2951 2259 2785 2540 2595 2392 2432 2356 2531 2496 2349 2422 2712 2504 1974 2286 2677 2490 2419 2437 2323 2090 2469 2310 2632 2297 1862 1835 2437 1849 2046 2474 2244 2092 2037 2332 2187 1826 2030 1901 2259 2197 2202 2163 1954 2495 2114 2152 2182 1925 2274 2337 2020 2006 1838 1876 1860 1894 1822 2242 2081 1970 2276 2027 2161 1933 1890 2066 1938 2030 1990 1867 1944 1837 2124 1823 1938 1972 1719 2084 1811 1843 1972 1575 1704 1707 1937 1633 1959 1474 1805 1769 1666 1619 1652 1820 1622 1812 1905 1398 1674 1748 1781 1818 1567 1736 1521 1747 1684 1856 1994 1796 1655 1626 1663 1651 1956 1752 1523 1592 1145 1246 1133 1122 1358 1326 1153 1146 1466 1437 1362 1206 1337 1147 1444 1276 1456 1394 1360 1403 1406 1369 1583 1194 1206 1270 1502 1128 1376 1174 1329 1222 1233 1291 1363 1318 1342 1465 1376 1547 1193 1270 1075 1319 1369 1237 1099 1288 1028 1112 1241 1203 1257 1377 1331 1200 1259 1256 1341 1205 1082 1255 1085 1258 1307 1249 1095 1285 1344 1325 1131 1302 1256 1297 1410 1334 1386 1373 1277 1232 1266 952 1244 1285 1253 1370 1076 1347 960 967 961 969 920 955 1007 967 930 963 1021 1030 912 730 1032 1004 1041 1042 956 1060 1196 987 990 955 1047 883 1078 972 932 898 772 737 880 1020 951 792 877 770 873 1027 967 900 962 831 877 1007 968 1068 955 1140 1019 904 991 1000 944 938 922 847 960 916 874 718 779 749 954 918 871 798 768 737 933 722 782 898 699 914 665 774 949 829 822 668 759 886 742 860 777 857 822 900 995 859 747 738 837 547 700 965 839 762 797 886 890 916 763 937 1038 818 718 786 659 774 923 646 787 669 822 832 699 894 735 878 990 830 973 709 803 816 945 900 891 679 604 574 577 575 596 605 668 641 612 644 629 554 554 703 643 721 743 513 540 736 631 572 620 669 663 652 614 501 785 655 587 584 680 607 448 665 654 701 730 687 653 626 652 701 717 677 667 742 529 713 719 620 571 695 586 543 621 644 697 515 538 590 758 675 617 729 619 534 554 584 597 621 681 688 734 490 658 627 672 528 714 572 611 675 685 496 587 709 642 464 547 486 529 488 505 493 532 377 440 534 478 604 460 484 611 566 622 441 396 569 585 511 500 441 499 509 528 399 596 503 436 462 435 557 457 492 514 549 522 628 546 490 567 536 552 495 624 482 469 586 273 512 433 478 555 567 565 419 476 617 539 477 546 495 451 417 433 573 515 528 486 455 468 640 476 475 528 609 390 526 605 447 499 490 477 549 486 500 457 494 424 552 474 474 534 471 553 532 605 531 548 612 480 514 444 442 447 407 544 522 540 579 629 504 258 381 293 387 306 287 275 361 354 346 313 328 258 313 293 280 306 242 309 374 288 352 295 341 350 359 387 348 362 368 352 375 340 226 407 337 419 304 310 322 405 331 373 334 248 335 348 255 268 296 336 257 214 344 292 386 319 275 294 295 276 351 271 326 381 296 317 377 318 281 255 366 352 358 307 290 401 338 355 331 338 268 386 393 402 345 251 389 318 294 330 386 363 376 271 281 346 259 349 354 287 316 393 371 351 317 391 351 372 325 359 365 411 394 380 318 361 341 408 340 363 351 315 416 286 388 337 309 272 284 282 345 299 291 345 326 377 346 351 268 301 299 358 321 402 273 421 272 286 257 471 368 348 342 231 229 256 234 235 256 315 272 293 310 295 262 198 213 296 266 256 239 287 228 335 329 201 261 289 232 283 264 278 279 253 244 285 279 324 313 302 307 276 264 319 269 261 239 208 222 299 287 277 286 305 246 282 287 248 257 314 351 308 343 310 217 242 334 270 254 288 244 246 263 216 336 363 310 254 251 286 265 314 224 212 280 244 298 232 287 293 315 310 276 242 263 231 244 260 299 303 251 274 302 325 266 242 275 297 225 281 250 272 252 264 268 264 338 246 288 306 263 205 219 326 299 297 268 264 330 222 291 306 314 270 305 225 295 228 288 253 370 248 254 318 204 227 327 341 291 217 233 232 265 268 300 313 252 273 265 268 264 241 234 245 241 279 255 306 251 229 310 345 295 209 205 261 247 207 256 258 243 222 295 205 172 299 228 271 287 329 323 293 280 256 222 249 282 303 322 303 271 238 224 227 284 314 257 299 247 269 296 227 269 316 256 284 254 294 134 177 130 107 131 139 124 145 135 194 155 118 176 138 190 113 143 184 141 121 131 170 116 174 99 168 163 134 189 169 143 155 110 88 122 166 173 145 129 170 161 125 112 187 114 128 131 196 160 117 151 177 162 213 181 165 173 171 154 144 183 145 203 176 144 138 158 113 115 123 162 97 70 141 150 154 153 142 157 128 140 186 150 161 203 141 173 151 167 153 143 154 200 137 138 144 146 122 198 142 139 176 128 194 136 184 151 135 95 151 126 122 88 136 137 161 123 166 130 148 152 139 146 143 143 161 216 159 157 159 171 155 97 176 132 182 146 115 170 160 164 156 181 159 133 137 132 187 137 185 117 166 131 194 122 131 151 137 124 133 119 172 148 125 147 147 122 185 140 159 151 138 205 185 143 145 174 159 174 134 116 174 111 138 192 148 182 181 133 151 160 123 147 199 152 146 190 108 119 174 116 136 186 163 116 90 109 142 138 144 206 177 75 170 116 166 138 170 172 173 156 185 181 167 176 134 161 138 125 227 152 94 147 173 154 119 159 159 158 168 157 145 151 134 150 163 123 147 147 146 140 191 158 180 150 138 96 83 183 148 184 214 175 143 111 129 159 166 143 189 173 187 173 131 155 105 205 129 130 199 140 177 167 192 150 198 140 177 134 149 164 177 170 139 194 145 146 136 181 159 176 118 190 160 120 153 188 131 146 139 106 134 125 184 173 122 141 214 173 167 196 182 171 116 92 92 108 124 94 74 94 106 120 56 78 88 114 78 114 82 76 98 114 44 106 112 96 84 84 92 84 64 70 82 114 108 74 60 124 90 64 98 86 120 126 78 108 112 82 92 64 66 62 56 94 92 102 70 92 102 84 58 78 112 76 106 88 124 86 104 54 86 100 82 106 116 78 104 94 82 94 76 94 84 118 74 92 108 102 124 90 60 124 62 106 56 86 128 128 98 56 84 62 100 110 104 62 114 100 100 90 90 104 94 104 86 108 64 106 82 78 88 80 88 106 108 78 88 84 90 90 98 92 92 108 120 76 74 92 88 116 108 80 76 80 100 108 76 104 100 82 76 94 84 84 80 86 106 104 66 130 98 82 124 84 72 126 92 78 58 98 80 96 72 112 108 110 86 92 86 104 126 106 80 102 108 100 78 74 104 90 92 126 100 96 84 92 94 80 80 96 92 88 110 62 102 126 68 106 108 114 72 100 116 98 60 76 88 92 66 82 122 68 100 84 108 88 106 88 68 110 108 68 90 68 122 86 98 116 102 98 94 68 96 40 86 94 78 106 98 78 88 90 78 72 104 66 84 88 96 66 94 104 76 44 84 102 42 76 106 86 74 72 94 66 100 102 108 80 92 56 78 106 54 114 74 84 96 72 102 110 104 84 94 100 104 100 100 106 96 64 94 106 132 82 118 108 78 92 104 68 106 102 94 120 98 98 64 104 120 96 110 94 90 72 94 84 90 90 102 76 102 68 90 98 80 66 100 56 86 100 106 86 100 94 80 100 144 90 96 96 72 80 74 114 120 88 80 66 90 94 78 88 102 54 104 110 90 112 122 100 76 88 120 64 74 94 56 126 50 112 90 92 104 76 100 86 76 64 94 100 78 94 88 108 78 52 94 114 76 86 110 88 104 86 92 88 102 104 84 122 74 92 74 108 102 114 84 68 128 66 86 94 100 106 94 102 96 62 98 90 102 112 120 58 104 82 88 122 88 82 84 116 114 78 104 112 110 96 44 98 62 86 114 88 84 90 80 86 94 40 72 110 118 84 92 68 78 88 112 110 114 78 80 92 88 86 90 98 72 92 102 70 84 82 102 104 106 82 86 88 94 84 88 64 88 92 116 78 98 92 78 108 60 90 114 96 72 54 112 122 66 82 106 86 124 78 96 76 78 76 96 62 88 64 92 86 106 92 46 96 74 78 100 130 108 84 114 112 108 74 28 23 14 35 27 26 47 30 22 19 13 28 24 25 37 34 29 49 27 40 34 25 29 30 13 32 33 23 31 32 32 34 31 30 37 11 24 35 32 32 33 31 26 31 26 31 42 15 48 25 31 32 25 37 34 28 35 24 15 15 30 35 13 32 35 41 45 29 27 34 38 39 21 40 18 31 30 38 28 38 11 29 29 25 34 17 24 31 6 42 25 28 35 17 25 33 42 31 34 26 25 27 35 26 27 32 11 25 21 20 34 31 47 30 28 23 29 36 43 35 31 34 32 13 28 30 45 42 35 38 31 36 26 42 28 34 36 16 21 31 10 34 42 14 38 9 14 20 35 32 26 25 25 42 32 15 14 36 41 34 32 32 49 44 46 24 36 20 25 22 24 31 29 41 29 37 36 18 36 38 26 14 30 33 27 17 8 30 14 12 41 31 31 37 35 39 26 26 34 38 22 23 32 32 37 38 24 37 25 29 34 17 35 31 25 40 22 36 26 32 26 22 42 38 37 38 42 32 14 26 33 34 29 30 19 41 1 25 33 33 5 32 28 23 45 39 30 28 28 38 33 36 24 14 32 43 40 40 40 26 19 32 29 35 34 19 24 33 36 24 47 30 34 33 39 44 18 20 41 26 15 40 40 32 26 25 33 37 16 37 24 21 18 23 13 37 35 18 42 23 31 38 27 36 38 41 27 24 47 23 22 37 31 30 30 30 41 11 24 34 48 35 44 17 28 27 30 27 18 38 21 15 36 45 21 26 29 29 40 33 12 23 21 25 36 39 23 31 24 15 30 36 28 30 37 29 28 16 28 25 36 35 23 34 22 39 37 24 31 29 25 29 37 21 30 45 33 25 38 16 31 24 30 26 9 33 23 24 28 29 30 44 23 39 44 29 28 22 39 30 23 33 32 34 39 36 30 33 17 27 37 41 36 39 37 30 38 31 31 31 40 46 38 18 21 50 39 40 26 38 35 42 8 38 41 24 35 31 29 37 37 36 45 31 35 31 22 32 32 40 36 39 36 32 33 22 26 37 27 19 28 32 29 39 34 40 39 39 27 33 23 30 25 41 33 29 9 5 25 31 50 34 27 33 32 30 26 25 31 42 40 22 40 32 31 24 26 9 26 31 46 25 36 33 47 37 33 18 20 30 24 28 28 27 19 32 31 25 38 26 39 22 17 18 27 34 39 38 35 37 22 13 34 37 10 46 14 38 37 24 30 44 35 40 10 27 42 32 30 28 40 35 31 32 29 44 44 23 25 31 35 29 39 27 22 22 43 21 15 26 38 31 37 33 24 23 32 34 37 20 46 24 32 40 28 27 20 6 11 36 30 26 31 42 26 29 20 41 28 29 32 24 21 47 10 34 41 37 26 38 31 40 23 28 24 31 12 36 32 46 35 23 37 34 18 40 22 36 28 42 28 15 37 27 35 27 32 29 37 26 36 26 34 46 35 17 31 25 40 20 19 29 11 30 29 7 21 22 24 41 25 21 35 31 41 41 36 17 43 30 42 32 35 31 29 21 20 33 29 27 34 30 26 44 37 39 39 35 36 29 16 46 25 31 43 22 34 34 34 17 28 44 28 32 34 16 30 19 24 43 22 30 32 43 22 32 28 38 43 30 36 30 24 34 30 36 22 27 40 41 32 28 31 25 29 37 24 28 44 35 36 22 26 18 28 35 44 24 12 15 36 35 42 45 26 26 25 27 24 31 34 30 21 19 30 24 39 28 27 28 19 35 20 28 27 42 33 27 31 24 38 25 16 35 2 30 28 31 31 36 34 20 40 27 31 29 34 34 35 35 36 25 26 33 23 35 31 33 23 24 41 30 19 24 39 19 33 28 32 35 37 24 30 34 35 26 23 33 31 32 37 24 44 31 44 44 25 17 18 29 38 26 29 21 38 37 16 20 41 40 38 31 32 44 30 24 15 43 36 27 27 40 42 32 30 40 13 21 33 31 37 41 38 39 41 27 33 17 21 34 36 46 32 35 6 15 35 31 33 11 41 27 32 20 45 33 37 35 23 42 27 29 31 1 41 31 23 35 21 27 26 38 43 31 28 34 31 23 39 31 34 38 32 46 40 37 50 19 35 29 35 29 19 33 11 42 34 34 29 24 38 28 32 26 35 35 39 33 25 33 18 40 40 35 22 35 27 35 32 17 35 31 34 26 39 26 32 35 30 41 35 36 30 16 21 33 52 35 26 27 23 29 28 26 32 15 17 39 31 33 41 26 25 40 44 42 30 21 43 40 26 3 37 37 28 40 27 38 31 27 39 29 33 28 37 43 31 22 47 51 37 28 42 27 38 22 29 37 23 23 40 32 42 8 33 35 30 27 19 10 26 27 26 43 31 13 21 35 32 38 32 27 26 33 48 37 14 37 41 26 46 27 38 31 41 27 11 25 38 38 44 37 31 25 35 31 40 0 0 0 0 0 0 0 0 0 0 0 0 0 0 0 0 0 0 0 0 0 0 0 0 0 0 0 0 0 0 0 0 0 0 0 0 0 0 0 0 0 0 0 0 0 0 0 0 0 0 0 0 0 0 0 0 0 0 0 0 0 0 0 0 0 0 0 0 0 0 0 0 0 0 0 0 0 0 0 0 0 0 0 0 0 0 0 0 0 0 0 0 0 0 0 0 0 0 0 0 0 0 0 0 0 0 0 0 0 0 0 0 0 0 0 0 0 0 0 0 0 0 0 0 0 0 0 0 0 0 0 0 0 0 0 0 0 0 0 0 0 0 0 0 0 0 0 0 0 0 0 0 0 0 0 0 0 0 0 0 0 0 0 0 0 0 0 0 0 0 0 0 0 0 0 0 0 0 0 0 0 0 0 0 0 0 0 0 0 0 0 0 0 0 0 0 0 0 0 0 0 0 0 0 0 0 0 0 0 0 0 0 0 0 0 0 0 0 0 0 0 0 0 0 0 0 0 0 0 0 0 0 0 0 0 0 0 0 0 0 0 0 0 0 0 0 0 0 0 0 0 0 0 0 0 0 0 0 0 0 0 0 0 0 0 0 0 0 0 0 0 0 0 0 0 0 0 0 0 0 0 0 0 0 0 0 0 0 0 0 0 0 0 0 0 0 0 0 0 0 0 0 0 0 0 0 0 0 0 0 0 0 0 0 0 0 0 0 0 0 0 0 0 0 0 0 0 0 0 0 0 0 0 0 0 0 0 0 0 0 0 0 0 0 0 0 0 0 0 0 0 0 0 0 0 0 0 0 0 0 0 0 0 0 0 0 0 0 0 0 0 0 0 0 0 0 0 0 0 0 0 0 0 0 0 0 0 0 0 0 0 0 0 0 0 0 0 0 0 0 0 0 0 0 0 0 0 0 0 0 0 0 0 0 0 0 0 0 0 0 0 0 0 0 0 0 0 0 0 0 0 0 0 0 0 0 0 0 0 0 0 0 0 0 0 0 0 0 0 0 0 0 0 0 0 0 0 0 0 0 0 0 0 0 0 0 0 0 0 0 0 0 0 0 0 0 0 0 0 0 0 0 0 0 0 0 0 0 0 0 0 0 0 0 0 0 0 0 0 0 0 0 0 0 0 0 0 0 0 0 0 0 0 0 0 0 0 0 0 0 0 0 0 0 0 0 0 0 0 0 0 0 0 0 0 0 0 0 0 0 0 0 0 0 0 0 0 0 0 0 0 0 0 0 0 0 0 0 0 0 0 0 0 0 0 0 0 0 0 0 0 0 0 0 0 0 0 0 0 0 0 0 0 0 0 0 0 0 0 0 0 0 0 0 0 0 0 0 0 0 0 0 0 0 0 0 0 0 0 0 0 0 0 0 0 0 0 0 0 0 0 0 0 0 0 0 0 0 0 0 0 0 0 0 0 0 0 0 0 0 0 0 0 0 0 0 0 0 0 0 0 0 0 0 0 0 0 0 0 0 0 0 0 0 0 0 0 0 0 0 0 0 0 0 0 0 0 0 0 0 0 0 0 0 0 0 0 0 0 0 0 0 0 0 0 0 0 0 0 0 0 0 0 0 0 0 0 0 0 0 0 0 0 0 0 0 0 0 0 0 0 0 0 0 0 0 0 0 0 0 0 0 0 0 0 0 0 0 0 0 0 0 0 0 0 0 0 0 0 0 0 0 0 0 0 0 0 0 0 0 0 0 0 0 0 0 0 0 0 0 0 0 0 0 0 0 0 0 0 0 0 0 0 0 0 0 0 0 0 0 0 0 0 0 0 0 0 0 0 0 0 0 0 0 0 0 0 0 0 0 0 0 0 0 0 0 0 0 0 0 0 0 0 0 0 0 0 0 0 0 0 0 0 0 0 0 0 0 0 0 0 0 0 0 0 0 0 0 0 0 0 0 0 0 0 0 0 0 0 0 0 0 0 0 0 0 0 0 0 0 0 0 0 0 0 0 0 0 0 0 0 0 0 0 0 0 0 0 0 0 0 0 0 0 0 0 0 0 0 0 0 0 0 0 0 0 0 0 0 0 0 0 0 0 0 0 0 0 0 0 0 0 0 0 0 0 0 0 0 0 0 0 0 0 0 0 0 0 0 0 0 0 0 0 0 0 0 0 0 0 0 0 0 0 0 0 0 0 0 0 0 0 0 0 0 0 0 0 0 0 0 0 0 0 0 0 0 0 0 0 0 0 0 0 0 0 0 0 0 0 0 0 0 0 0 0 0 0 0 0 0 0 0 0 0 0 0 0 0 0 0 0 0 0 0 0 0 0 0 0 0 0 0 0 0 0 0 0 0 0 0 0 0 0 0 0 0 0 0 0 0 0 0 0 0 0 0 0 0 0 0 0 0 0 0 0 0 0 0 0 0 0 0 0 0 0 0 0 0 0 0 0 0 0 0 0 0 0 0 0 0 0 0 0 0 0 0 0 0 0 0 0 0 0 0 0 0 0 0 0 0 0 0 0 0 0 0 0 0 0 0 0 0 0 0 0 0 0 0 0 0 0 0 0 0 0 0 0 0 0 0 0 0 0 0 0 0 0 0 0 0 0 0 0 0 0 0 0 0 0 0 0 0 0 0 0 0 0 0 0 0 0 0 0 0 0 0 0 0 0 0 0 0 0 0 0 0 0 0 0 0 0 0 0 0 0 0 0 0 0 0 0 0 0 0 0 0 0 0 0 0 0 0 0 0 0 0 0 0 0 0 0 0 0 0 0 0 0 0 0 0 0 0 0 0 0 0 0 0 0 0 0 0 0 0 0 0 0 0 0 0 0 0 0 0 0 0 0 0 0 0 0 0 0 0 0 0 0 0 0 0 0 0 0 0 0 0 0 0 0 0 0 0 0 0 0 0 0 0 0 0 0 0 0 0 0 0 0 0 0 0 0 0 0 0 0 0 0 0 0 0 0 0 0 0 0 0 0 0 0 0 0 0 0 0 0 0 0 0 0 0 0 0 0 0 0 0 0 0 0 0 0 0 0 0 0 0 0 0 0 0 0 0 0 0 0 0 0 0 0 0 0 0 0 0 0 0 0 0 0 0 0 0 0 0 0 0 0 0 0 0 0 0 0 0 0 0 0 0 0 0 0 0 0 0 0 0 0 0 0 0 0 0 0 0 0 0 0 0 0 0 0 0 0 0 0 0 0 0 0 0 0 0 0 0 0 0 0 0 0 0 0 0 0 0 0 0 0 0 0 0 0 0 0 0 0 0 0 0 0 0 0 0 0 0 0 0 0 0 0 0 0 0 0 0 0 0 0 0 0 0 0 0 0 0 0 0 0 0 0 0 0 0 0 0 0 0 0 0 0 0 0 0 0 0 0 0 0 0 0 0 0 0 0 0 0 0 0 0 0 0 0 0 0 0 0 0 0 0 0 0 0 0 0 0 0 0 0 0 0 0 0 0 0 0 0 0 0 0 0 0 0 0 0 0 0 0 0 0 0 0 0 0 0 0 0 0 0 0 0 0 0 0 0 0 0 0 0 0 0 0 0 0 0 0 0 0 0 0 0 0 0 0 0 0 0 0 0 0 0 0 0 0 0 0 0 0 0 0 0 0 0 0 0 0 0 0 0 0 0 0 0 0 0 0 0 0 0 0 0 0 0 0 0 0 0 0 0 0 0 0 0 0 0 0 0 0 0 0 0 0 0 0 0 0 0 0 0 0 0 0 0 0 0 0 0 0 0 0 0 0 0 0 0 0 0 0 0 0 0 0 0 0 0 0 0 0 0 0 0 0 0 0 0 0 0 0 0 0 0 0 0 0 0 0 0 0 0 0 0 0 0 0 0 0 0 0 0 0 0 0 0 0 0 0 0 0 0 0 0 0 0 0 0 0 0 0 0 0 0 0 0 0 0 0 0 0 0 0 0 0 0 0 0 0 0 0 0 0 0 0 0 0 0 0 0 0 0 0 0 0 0 0 0 0 0 0 0 0 0 0 0 0 0 0 0 0 0 0 0 0 0 0 0 0 0 0 0 0 0 0 0 0 0 0 0 0 0 0 0 0 0 0 0 0 0 0 0 0 0 0 0 0 0 0 0 0 0 0 0 0 0 0 0 0 0 0 0 0 0 0 0 0 0 0 0 0 0 0 0 0 0 0 0 0 0 0 0 0 0 0 0 0 0 0 0 0 0 0 0 0 0 0 0 0 0 0 0 0 0 0 0 0 0 0 0 0 0 0 0 0 0 0 0 0 0 0 0 0 0 0 0 0 0 0 0 0 0 0 0 0 0 0 0 0 0 0 0 0 0 0 0 0 0 0 0 0 0 0 0 0 0 0 0 0 0 0 0 0 0 0 0 0 0 0 0 0 0 0 0 0 0 0 0 0 0 0 0 0 0 0 0 0 0 0 0 0 0 0 0 0 0 0 0 0 0 0 0 0 0 0 0 0 0 0 0 0 0 0 0 0 0 0 0 0 0 0 0 0 0 0 0 0 0 0 0 0 0 0 0 0 0 0 0 0 0 0 0 0 0 0 0 0 0 0 0 0 0 0 0 0 0 0 0 0 0 0 0 0 0 0 0 0 0 0 0 0 0 0 0 0 0 0 0 0 0 0 0 0 0 0 0 0 0 0 0 0 0 0 0 0 0 0 0 0 0 0 0 0 0 0 0 0 0 0 0 0 0 0 0 0 0 0 0 0 0 0 0 0 0 0 0 0 0 0 0 0 0 0 0 0 0 0 0 0 0 0 0 0 0 0 0 0 0 0 0 0 0 0 0 0 0 0 0 0 0 0 0 0 0 0 0 0 0 0 0 0 0 0 0 0 0 0 0 0 0 0 0 0 0 0 0 0 0 0 0 0 0 0 0 0 0 0 0 0 0 0 0 0 0 0 0 0 0 0 0 0 0 0 0 0 0 0 0 0 0 0 0 0 0 0 0 0 0 0 0 0 0 0 0 0 0 0 0 0 0 0 0 0 0 0 0 0 0 0 0 0 0 0 0 0 0 0 0 0 0 0 0 0 0 0 0 0 0 0 0 0 0 0 0 0 0 0 0 0 0 0 0 0 0 0 0 0 0 0 0 0 0 0 0 0 0 0 0 0 0 0 0 0 0 0 0 0 0 0 0 0 0 0 0 0 0 0 0 0 0 0 0 0 0 0 0 0 0 0 0 0 0 0 0 0 0 0 0 0 0 0 0 0 0 0 0 0 0 0 0 0 0 0 0 0 0 0 0 0 0 0 0 0 0 0 0 0 0 0 0 0 0 0 0 0 0 0 0 0 0 0 0 0 0 0 0 0 0 0 0 0 0 0 0 0 0 0 0 0 0 0 0 0 0 0 0 0 0 0 0 0 0 0 0 0 0 0 0 0 0 0 0 0 0 0 0 0 0 0 0 0 0 0 0 0 0 0 0 0 0 0 0 0 0 0 0 0 0 0 0 0 0 0 0 0 0 0 0 0 0 0 0 0 0 0 0 0 0 0 0 0 0 0 0 0 0 0 0 0 0 0 0 0 0 0 0 0 0 0 0 0 0 0 0 0 0 0 0 0 0 0 0 0 0 0 0 0 0 0 0 0 0 0 0 0 0 0 0 0 0 0 0 0 0 0 0 0 0 0 0 0 0 0 0 0 0 0 0 0 0 0 0 0 0 0 0 0 0 0 0 0 0 0 0 0 0 0 0 0 0 0 0 0 0 0 0 0 0 0 0 0 0 0 0 0 0 0 0 0 0 0 0 0 0 0 0 0 0 0 0 0 0 0 0 0 0 0 0 0 0 0 0 0 0 0 0 0 0 0 0 0 0 0 0 0 0 0 0 0 0 0 0 0 0 0 0 0 0 0 0 0 0 0 0 0 0 0 0 0 0 0 0 0 0 0 0 0 0 0 0 0 0 0 0 0 0 0 0 0 0 0 0 0 0 0 0 0 0 0 0 0 0 0 0 0 0 0 0 0 0 0 0 0 0 0 0 0 0 0 0 0 0 0 0 0 0 0 0 0 0 0 0 0 0 0 0 0 0 0 0 0 0 0 0 0 0 0 0 0 0 0 0 0 0 0 0 0 0 0 0 0 0 0 0 0 0 0 0 0 0 0 0 0 0 0 0 0 0 0 0 0 0 0 0 0 0 0 0 0 0 0 0 0 0 0 0 0 0 0 0 0 0 0 0 0 0 0 0 0 0 0 0 0 0 0 0 0 0 0 0 0 0 0 0 0 0 0 0 0 0 0 0 0 0 0 0 0 0 0 0 0 0 0 0 0 0 0 0 0 0 0 0 0 0 0 0 0 0 0 0 0 0 0 0 0 0 0 0 0 0 0 0 0 0 0 0 0 0 0 0 0 0 0 0 0 0 0 0 0 0 0 0 0 0 0 0 0 0 0 0 0 0 0 0 0 0 0 0 0 0 0 0 0 0 0 0 0 0 0 0 0 0 0 0 0 0 0 0 0 0 0 0 0 0 0 0 0 0 0 0 0 0 0 0 0 0 0 0 0 0 0 0 0 0 0 0 0 0 0 0 0 0 0 0 0 0 0 0 0 0 0 0 0 0 0 0 0 0 0 0 0 0 0 0 0 0 0 0 0 0 0 0 0 0 0 0 0 0 0 0 0 0 0 0 0 0 0 0 0 0 0 0 0 0 0 0 0 0 0 0 0 0 0 0 0 0 0 0 0 0 0 0 0 0 0 0 0 0 0 0 0 0 0 0 0 0 0 0 0 0 0 0 0 0 0 0 0 0 0 0 0 0 0 0 0 0 0 0 0 0 0 0 0 0 0 0 0 0 0 0 0 0 0 0 0 0 0 0 0 0 0 0 0 0 0 0 0 0 0 0 0 0 0 0 0 0 0 0 0 0 0 0 0 0 0 0 0 0 0 0 0 0 0 0 0 0 0 0 0 0 0 0 0 0 0 0 0 0 0 0 0 0 0 0 0 0 0 0 0 0 0 0 0 0 0 0 0 0 0 0 0 0 0 0 0 0 0 0 0 0 0 0 0 0 0 0 0 0 0 0 0 0 0 0 0 0 0 0 0 0 0 0 0 0 0 0 0 0 0 0 0 0 0 0 0 0 0 0 0 0 0 0 0 0 0 0 0 0 0 0 0 0 0 0 0 0 0 0 0 0 0 0 0 0 0 0 0 0 0 0 0 0 0 0 0 0 0 0 0 0 0 0 0 0 0 0 0 0 0 0 0 0 0 0 0 0 0 0 0 0 0 0 0 0 0 0 0 0 0 0 0 0 0 0 0 0 0 0 0 0 0 0 0 0 0 0 0 0 0 0 0 0 0
Case #36: 14233770642 3559939908 1577619615 887142957 567156853 394477850 289714365 222134838 175768546 142146303 118557809 98711190 84053310 71984646 63110087 55439720 49327763 44158970 39293966 35381264 32121721 29466638 26931352 24785245 22596093 21124543 19539261 18085225 16744936 15777912 14943040 13895461 13108102 12493649 11556285 10892416 10475631 9804446 9291316 8831216 8383471 7950073 7624178 7362445 6949646 6658611 6356363 6151495 5919924 5668587 5456119 5268618 4985972 4856964 4738996 4484976 4342508 4219192 4168619 3953354 3826009 3682788 3538872 3515400 3379052 3303102 3147018 3076424 3013146 2875820 2843198 2797393 2673520 2614527 2518310 2435486 2403617 2340027 2294016 2218216 2153211 2136318 2050873 2022490 1953455 1916275 1863437 1843207 1793587 1734831 1744269 1660246 1663035 1595118 1575552 1562071 1501298 1450731 1477098 1417814 1380907 1388484 1327776 1309076 1275559 1273487 1266396 1186949 1195892 1185721 1161251 1096762 1137094 1072553 1065416 1053853 1055470 1033440 997042 991679 996246 955098 925868 936544 907677 883916 869415 889485 857950 835605 821915 834118 811258 821828 780237 777570 771372 751572 746660 729697 701157 721140 715469 687197 659264 675365 646988 666662 636053 637718 628090 609426 607492 610358 617619 579054 590936 587768 549480 560455 551401 555145 517212 520402 530184 533347 499199 507704 515470 496300 483163 488471 481486 493499 458481 456656 449576 459492 461424 433153 431083 439916 422909 415393 420968 408596 416014 396210 399792 388716 393581 394017 374265 367555 374159 376960 368158 366424 354870 351442 351355 351933 340981 343562 334862 326360 350226 321903 331186 308796 318595 314122 313541 319965 311695 307882 308961 297262 292095 303365 291636 287825 286959 269755 279700 291642 272508 267046 274715 258929 263428 265530 258497 264992 254073 255633 251287 251536 253549 252336 242590 244011 243356 237820 239029 232311 228278 227870 227498 222225 231580 217425 219528 211931 217721 214737 212054 221413 211969 211585 212262 201507 202036 208511 198765 201384 201762 196026 199933 188933 202871 198800 195756 194319 184995 186206 183920 185808 188215 178701 181774 174835 179585 174996 179613 177225 171222 174762 167362 170022 165924 166114 166126 156000 168834 166366 164796 165896 165963 158068 157645 158042 157828 149135 151867 160026 149592 153656 152399 152793 143108 142059 145574 147130 136597 140714 135359 143389 139340 139297 137486 137453 136514 133900 135369 130254 133714 131795 134990 127752 133885 130181 132278 132762 123600 122793 127122 124699 124015 121814 119266 121548 121787 116946 123102 123256 116248 122896 115400 113737 115801 112129 114751 109172 110337 111508 114292 112379 104395 110983 108186 105174 108848 110036 102047 104069 110153 106392 104058 102170 102646 101580 105030 104810 100434 97607 97495 99841 99877 98514 101792 95765 94870 102390 93931 93508 96252 91478 95574 92467 92827 90483 92786 88978 91192 86492 82625 92577 91118 89293 90129 92253 93642 87339 85711 86404 85649 82342 88389 86084 87084 80809 84964 85332 82032 81740 81780 83170 75828 81085 79981 77202 75842 76445 79539 77588 83136 79822 80412 76672 77934 74255 75883 76700 74842 75294 73239 76022 74256 75357 72058 75420 70519 71804 72401 73061 73753 71966 68747 70283 68964 71256 71298 67841 71982 66034 68695 65945 67662 66529 67683 69613 63814 62392 69491 65208 64904 61278 65932 62876 65470 62542 62752 63796 62369 60982 60813 63850 61490 63192 60351 61774 61343 60650 59814 63242 61920 59346 57842 56838 58239 58204 57614 58400 58989 55281 57398 57025 57017 57869 55215 54785 54125 55170 57061 53958 55099 53510 52926 55549 53175 52841 54635 57745 54054 56135 52759 52733 53064 51219 51134 53909 52173 50725 50607 50538 48573 50180 49150 50883 48021 47661 50801 51163 51130 50643 52463 47858 48294 46372 51547 47501 46898 48439 47774 48359 46312 48483 49088 46527 43320 46764 46797 47893 45844 45703 44576 46312 46862 45723 46598 44386 42295 43390 45514 43679 44152 44155 44565 43128 44296 44233 41815 41068 41587 44890 40132 44022 39133 41882 41837 41571 41206 40899 42915 43016 41035 41409 41016 41646 39630 38971 39497 41093 41419 40029 41730 39662 42508 40646 40729 40076 38332 39340 39282 39515 37280 38359 39782 37463 38451 37684 38544 38987 38452 38427 35416 36972 36682 37808 37972 37517 36299 36660 39555 35352 37404 37569 37032 33117 38076 37017 34997 32947 34058 33806 35514 36086 34523 35417 34062 34281 34451 37023 35256 36269 35065 36443 36452 33784 34145 31595 33199 32246 31430 32043 32180 32044 33689 33344 32165 33947 32517 34926 33718 33238 30402 32410 31064 31401 33054 31355 31798 32211 31845 30616 31388 31621 30045 31242 30071 30639 29221 29450 29095 30803 29877 27942 27108 29040 28762 31823 30274 30594 29689 29110 29217 28356 26490 29580 29881 29242 29893 30187 28563 26598 27734 28583 28736 30142 27191 27907 28741 29162 29552 27267 28311 25336 26545 27374 28243 26283 26520 26383 26732 26908 29272 26495 26572 26656 26915 25640 26495 27865 25435 26373 25708 24715 27586 27167 26826 25656 25115 25216 24964 25848 25638 25431 25761 23894 25050 24452 24242 24729 26518 24952 22634 24983 25388 23214 24623 24610 24162 23604 24823 24001 24949 24948 22886 23722 23080 22567 23486 25007 24759 22557 22638 22489 23822 23721 23589 23122 21663 22683 21469 22330 24642 22523 21283 23554 23801 23257 24442 22121 21248 21389 22568 22656 23159 22157 22351 22309 23257 21674 22745 23403 21525 23126 22100 20566 20394 20953 22634 21908 20033 21290 21208 22301 21419 20957 20447 21004 20991 19119 20328 20544 19376 21313 20038 20472 21888 20167 19564 19930 19562 19497 20958 20976 20527 20445 20345 21179 20820 20041 20950 19999 21153 19911 19925 17954 19156 19399 17618 19324 19037 19296 19485 19355 18994 20016 17629 18702 19980 18320 18956 17755 17667 18790 19087 19479 18415 19054 18849 18412 17646 18274 18879 18075 18010 17524 17924 16609 18184 19115 18099 17401 17791 19162 17756 20461 18059 18487 16891 19560 18313 17880 18960 18093 17738 17758 16631 17194 17508 18016 17311 17548 17483 16356 18877 17130 17770 16380 16556 15795 17077 15955 16831 16559 18251 15908 17150 18155 16708 17661 17170 15518 16268 15745 16690 17186 17294 16786 15014 16108 16785 17343 17060 17659 17408 15758 16681 17333 17430 15969 15147 16394 15101 15500 14669 15679 15162 15042 16353 16148 15720 15570 14458 15472 16262 15048 15074 14635 14919 13842 13115 14232 14903 15443 14129 14498 15019 15221 15954 15672 15020 15153 15659 14750 15414 15147 14018 13142 14159 15258 14415 15366 14273 13835 14293 12839 13650 14332 13821 14305 13402 15014 15717 13562 14474 14371 15086 14459 14560 14035 13615 13694 13678 13107 14172 15555 15018 13866 14991 14771 13883 13632 13817 13330 14841 14905 13785 13015 12519 13057 12821 12870 13540 13415 12850 13210 12342 13564 13782 13742 14742 13668 13718 13574 12732 13327 12312 13883 13146 12995 12670 13306 13596 13547 12667 12281 12418 13302 14269 12907 13214 12331 13553 12083 12640 12947 13660 12070 13007 11296 11502 11917 13117 12016 12349 13227 11773 12736 11489 12181 11445 11905 10704 12450 12470 12094 12701 12475 11775 12415 12457 12011 11075 11969 12045 11328 12025 11690 11788 11826 11415 11639 10985 11949 11533 12193 11712 11141 12297 12031 12359 11326 11842 11238 11875 11778 11471 10899 10873 10221 11411 11949 10698 11989 11783 10316 11107 11680 11879 11236 11237 9685 10573 11222 11788 12238 9980 10406 11615 11269 10941 11551 11723 11480 11363 11411 11091 11510 11422 11179 11785 11140 11232 10542 10562 10116 10797 11675 9768 10279 10329 10842 10764 9914 10381 11487 11849 10397 10736 10695 10791 10042 10180 9263 10221 10539 9526 10216 9627 10367 9709 9901 10627 10706 9949 10692 10635 9881 10302 10232 9618 10403 10055 9582 9570 9960 9185 10276 9792 10632 9193 10214 9365 9743 10476 11142 10439 10480 9921 10284 9919 9973 9640 9951 10095 10194 10098 10878 9163 10275 9435 9995 9630 10856 9807 8874 8861 9579 10449 8918 9748 8254 9184 10060 8866 9166 9401 8292 9567 8670 8605 9198 10035 9253 8791 9495 9501 9119 9506 8524 9093 9715 9450 8726 9249 9662 8737 8785 9288 9800 9274 9887 8897 9132 8464 8577 7872 9170 9224 8923 8560 8535 8690 8364 8415 8433 8763 8512 9428 9148 8552 8905 8974 9035 9285 8250 9571 8760 8351 8292 7853 8164 8807 8431 8470 9057 8242 8446 8694 8551 7933 8524 8889 8324 8242 9025 8446 8350 8485 7843 8610 8303 7931 8365 8268 7717 8582 7734 7866 8484 8659 8183 8361 7913 8008 8179 7603 8507 8388 8453 8225 7811 8088 8408 7846 8430 7745 8388 8351 7575 7998 8882 8109 8095 7744 7536 8531 8184 8048 8611 8330 8682 7474 8595 7818 7611 8454 7301 6671 7459 7401 7228 7116 7055 7616 7178 7697 6985 7247 7542 7347 7210 7554 7023 7937 6872 7400 8314 6760 6742 7076 7219 7371 6888 7571 7975 7642 7414 7666 7458 7120 7892 7951 6870 7646 7025 6380 6549 7086 7308 7628 7552 6618 6976 6361 6685 7306 7351 7349 6562 7174 6384 7066 7743 7171 7054 7105 6649 7766 7603 6956 7056 6972 8306 7284 7705 6577 7272 6560 7446 7032 7130 6900 7256 6704 7442 6812 6803 7071 6749 6727 6471 6492 6668 7081 6558 7033 6563 6641 7127 6534 6558 7301 7116 6965 7241 6638 6902 7359 7062 6289 6086 6042 6825 6907 6738 6475 7006 6621 6593 7032 7000 5986 7481 6409 6064 6247 6406 6077 7064 6570 6382 6219 6442 6461 6720 6192 6280 5337 6822 6405 6247 6191 6384 6825 6683 5800 7033 6431 7367 6776 6615 5946 6853 6308 6537 5937 6661 6447 6333 6605 6409 6724 6036 6258 7357 6089 6306 6640 5731 6300 6543 6095 6754 6381 5240 5960 6114 6118 6281 5676 5644 5349 6360 6217 6514 6081 6226 5971 6331 6337 5590 5433 6168 5869 6245 6398 6153 6511 5138 6289 6187 6612 6208 6005 5867 6537 5389 5776 5557 5868 6364 6418 6235 6309 5653 5609 6129 5323 5750 5518 5609 5489 5237 5226 5036 6317 5569 5819 5429 5476 5420 5757 5876 5649 5870 5804 6161 5600 5651 5729 6287 6100 5651 5252 5214 5502 5519 5574 5136 5676 5640 5766 5869 5714 5504 5499 5372 5765 5819 5415 6014 5777 5811 5900 5435 5398 6221 4948 4806 4927 5519 5280 5261 4990 4983 5591 5332 5249 5089 5582 5277 5152 5635 5196 4701 5466 5292 4525 5275 4649 5159 5342 5383 5810 5230 5072 4734 5389 5809 5137 5121 5710 5235 5056 5408 5122 5102 5359 4932 5241 5554 4923 4904 5008 5210 4783 5523 5142 4943 4960 4986 4746 4703 5416 5025 4858 4726 5204 5084 4824 5069 5315 5047 5332 4864 5240 5029 5057 4839 4876 5002 5300 4882 4839 5081 5426 4450 5295 5392 5151 5189 4788 5154 4618 5068 5083 5378 5529 5186 5366 4791 4807 5092 4708 5022 4835 4828 5096 5308 5411 4825 4844 5157 5060 5003 5391 4576 4808 4674 4041 4644 4702 4645 4584 4554 4666 4241 4626 4432 4705 4215 4219 4650 4508 4740 4708 4624 4491 4131 4732 4597 4734 4567 4396 4279 4465 4626 4548 4613 4254 4377 4305 4329 4479 4467 4535 4854 4908 4174 4565 4468 4544 4430 3997 4393 3964 4225 4251 4738 4415 4382 4577 4483 4316 4581 4569 4570 4701 4260 4534 3881 4084 4621 4058 4361 4300 4307 4221 4421 4047 4352 4728 4692 4200 4096 4391 4124 4623 3880 4447 4365 4664 4252 4502 4031 4141 4149 3961 3681 4918 4224 4186 4506 4477 4718 4150 4457 4141 4424 4345 4343 4460 4000 4471 4048 4434 4133 4372 3790 4704 3654 4164 4054 4185 4416 4342 4720 4172 4850 4165 4380 4308 4519 4508 4502 4112 3669 3674 4009 3970 4012 4031 3967 4292 3906 3885 3567 3943 3844 4108 3869 3920 3854 3675 3913 3857 3908 3803 3866 4422 4337 3867 3773 3382 3502 4081 4093 4135 4243 3682 4266 4040 4212 4251 3421 3989 4020 3953 3786 3729 3937 3693 3696 3815 3913 4072 3528 3951 3779 4283 3970 3933 3922 3796 3896 4374 3738 3900 4040 3896 3718 3819 4107 3915 4074 3795 3818 3844 3846 3679 3535 3697 3742 3808 3290 3920 3688 3971 3741 3801 3559 3814 3560 3827 3877 4051 3531 3531 3879 3663 3823 3669 3666 3925 3572 3793 4160 3762 3702 3671 3594 3653 4167 3955 3741 3467 3791 3591 3260 3511 3705 3689 3426 3793 3101 3594 3619 3815 3426 3701 3650 3589 3287 3887 3632 3556 3374 3653 3704 3595 3987 3137 3476 3542 3719 3607 3919 3509 3478 3964 3484 3513 3997 3551 3813 3093 3625 3299 3446 3284 3442 3378 3318 3216 3245 2950 3031 3543 3349 3785 3208 3076 3095 3505 3219 3566 3337 3557 3289 3507 3347 3685 2865 3352 3455 3419 3428 3114 3425 3281 3364 2992 3570 3057 3745 3388 3403 2960 3370 3644 3038 3385 3294 2975 3409 3294 2947 3086 3562 3461 3330 3615 3299 3326 3548 3464 3142 3729 3852 3563 3306 3364 3198 3317 3453 3390 3286 3279 3556 3430 3262 2948 3397 3497 3422 3181 3133 3710 3021 3242 3309 3208 3107 3210 3263 3312 3422 3239 2969 3072 3470 3253 3246 3179 3166 3199 3192 3456 3249 3196 3244 3120 3209 3126 3182 3212 3117 2958 3311 3100 3421 3186 3130 3017 3208 3338 3171 2719 3141 3291 3255 3245 2664 3033 3046 3022 3242 3280 3120 2980 3371 3116 3078 3464 3681 3273 3204 3196 3460 3422 3329 3137 3183 3030 3049 3247 3253 3323 2989 2813 3338 2945 3425 3166 2829 3112 2903 3256 3351 3166 3146 2863 3071 3044 3528 2903 3168 3334 2573 2989 3149 2861 2855 2607 2708 2911 2917 3105 2714 2938 2695 2750 2672 2971 2958 2549 3027 2813 2821 3033 2951 2625 3026 2943 2866 2668 2550 2818 2530 2472 3000 2965 2796 2671 2795 2739 2600 2705 2743 2689 2899 2857 2787 2774 2840 3061 2917 2776 2557 2795 2879 2679 2805 2764 2821 2723 2929 2646 2991 2735 2743 2426 2870 2710 2986 2866 2547 2845 3043 2763 3229 2846 2486 2604 2668 2942 2575 2587 2736 2824 2898 2847 2876 2737 3051 2398 2598 2797 2623 2879 2718 2496 2731 2486 2685 2651 2908 2558 2658 2794 2786 2944 3114 2367 2452 2543 2606 2647 2608 2565 2520 2409 2516 2589 2645 2421 2567 2666 2640 2782 2248 2829 2316 2985 2841 2502 2453 2754 2754 2525 2346 2341 2473 2938 2555 2360 2378 2678 2775 2559 2491 2476 2307 2286 2721 2764 2912 2687 2348 2906 2383 2447 2660 2775 2748 2740 2542 2302 2400 2538 2625 2493 2794 2783 2636 2743 2641 2576 2699 2763 2611 2534 2974 2638 2450 2581 2791 2267 2877 2551 2657 2647 2685 2537 2633 2682 2658 2526 2691 2642 2312 2532 2520 2586 2524 2690 2749 2626 3077 2461 2363 2570 2557 2765 2595 2497 2161 2492 2374 2322 2260 2289 2500 2587 2239 2142 2560 2522 2393 2535 2500 2571 2429 2229 2216 2628 2337 2333 2652 2371 2356 2477 2547 2316 2656 2353 2419 2323 2449 2399 2353 2686 2244 2628 2205 2133 2443 2420 2380 2399 2280 2674 2688 2336 2220 2559 2396 2496 2124 2587 2305 2085 2181 2278 2246 2081 2316 2352 2115 2438 2641 2274 2370 2494 2270 2434 2040 2479 2189 2442 2596 2372 2434 2280 2527 2267 2505 2208 1690 2189 2555 2364 2067 2557 2193 2339 2426 2535 2615 2349 2318 1984 2215 2326 2429 2419 2763 2279 2395 2264 2463 2506 2485 2368 2640 2252 2587 2357 2297 2308 2422 2270 2431 2281 2648 1961 1996 1813 2165 2015 2065 2250 1982 2265 2144 2051 2499 1994 2142 2162 2349 2151 2316 2046 2153 2426 1929 2054 2478 2094 2312 2408 2328 2337 2171 2481 2312 2225 2119 2165 2004 2371 2099 1943 2071 2351 2363 2290 2203 2023 2413 2346 2297 2322 2232 2063 2391 2306 2204 2130 2199 2276 2157 2395 2243 2405 2199 1984 2407 2453 2242 2323 2297 2385 2279 2193 2189 2432 2257 2423 2185 2250 2381 1964 2407 2427 2372 2132 2196 2071 2311 2170 2163 2477 2034 2294 2409 2727 2147 2513 2358 2577 1985 2099 2225 2000 2259 2315 1988 2272 2048 2400 2165 2213 2176 2525 2424 2352 1941 2284 2106 2042 2024 2272 2243 2180 2065 2206 1922 2105 2065 2202 2070 2172 2331 2062 1850 1725 2059 1967 2162 1906 1829 1990 1880 1925 1856 1852 2016 1827 1955 2220 1697 1803 1712 1988 1967 1769 1998 1900 1873 1798 1699 1917 1916 1841 1831 2057 2045 1994 2072 2232 1898 2060 2118 1886 1893 1907 1820 1731 1838 1907 1822 1825 1962 1603 2056 1893 1987 1895 2042 1703 2018 1451 1672 2272 1971 2079 1800 2063 1942 1830 2150 2119 1752 1766 2059 1754 1959 1949 1739 1814 2022 1895 1742 1794 2002 1771 1825 1921 1697 1906 2035 1901 1607 1702 2121 1754 1909 1831 2051 2015 1934 1767 1674 2004 2033 1990 2030 2103 1710 1833 1797 2027 1938 2053 1815 2026 1924 1728 1546 2050 1881 1961 1987 1932 1841 1977 1991 1789 1757 1738 1768 1924 1921 1891 1889 2052 2000 1997 1996 2134 1916 1834 2026 1969 1812 1880 1989 2082 1794 2262 1748 1535 1598 1733 1730 1682 1745 1525 1777 1843 1815 1803 1750 1691 1618 1826 1720 1724 1933 1713 1630 1613 1677 1827 1900 1762 1919 2086 1789 1746 1579 1973 1648 1784 1662 1915 1814 1684 1891 1828 1733 1797 1759 1885 1726 1964 1726 1739 1986 1723 1697 1871 1864 1729 2034 1766 1885 1823 1878 1661 2093 1658 1838 1653 1691 1902 1663 2057 1826 2023 1800 1854 1754 1834 1736 1672 1740 1744 1729 1710 1845 1923 1908 1608 1781 1712 1796 1806 2074 1574 1868 2096 1758 1911 1551 1968 1785 1701 1686 1855 1680 1905 1665 1576 1782 1651 1846 1766 1755 2010 1964 1720 1893 1479 1767 1842 1845 1528 1765 1886 1683 1997 1766 1825 1879 1792 1920 1674 1891 1592 1969 1679 1642 1954 1551 1870 1801 1730 1807 1827 1922 1984 1801 1751 1692 1814 1754 1669 1948 1857 1805 1553 1810 1846 1626 1728 1867 1807 1855 1710 1723 1829 1795 1624 1603 1536 1613 1550 1291 1497 1561 1421 1397 1641 1409 1564 1398 1413 1452 1511 1595 1729 1395 1416 1435 1526 1541 1412 1310 1450 1560 1510 1264 1382 1525 1373 1346 1547 1420 1332 1653 1505 1563 1584 1360 1556 1512 1493 1407 1691 1550 1680 1443 1356 1577 1369 1403 1531 1625 1506 1381 1548 1502 1719 1537 1520 1387 1637 1750 1748 1525 1296 1487 1575 1480 1328 1374 1410 1378 1390 1320 1624 1580 1329 1428 1348 1403 1616 1547 1656 1152 1562 1600 1424 1504 1505 1372 1397 1746 1460 1634 1465 1377 1402 1501 1574 1593 1509 1637 1545 1398 1549 1446 1587 1486 1533 1317 1444 1442 1594 1468 1438 1681 1436 1445 1408 1380 1539 1490 1439 1384 1347 1610 1392 1572 1297 1352 1417 1330 1558 1437 1579 1530 1509 1751 1695 1458 1480 1539 1417 1452 1556 1473 1607 1440 1459 1596 1486 1764 1367 1413 1559 1579 1416 1668 1434 1317 1603 1446 1511 1329 1256 1526 1417 1483 1523 1751 1489 1428 1418 1374 1412 1593 1391 1413 1629 1564 1728 1333 1047 1247 1467 1216 1387 1351 1404 1199 1390 1339 1283 1112 1232 1243 1375 1390 1195 1378 1313 1409 1475 1231 1381 1271 1270 1306 1293 1378 1469 1433 1256 1226 1613 1336 1372 1268 1407 1392 1382 1308 1218 1143 1387 1274 1493 1613 1271 1346 1193 1179 1220 1138 1348 1257 1283 1319 1536 1252 1460 1282 1435 1262 1369 1314 1425 1264 1150 1291 1345 1276 1335 1390 1263 1342 1322 1329 1292 1171 1454 1305 1363 1370 1308 1365 1358 1320 1264 1292 1277 1477 1304 1675 1203 1347 1363 1222 1319 1475 1271 1374 1420 1200 1193 1456 1334 1500 1367 1293 1315 1317 1416 1250 1373 1430 1305 1347 1563 1308 1437 1429 1277 1269 1503 1521 1247 1317 1445 1218 1437 1472 1269 1363 1393 1307 1304 1547 1327 1471 1263 1356 1223 1385 1283 1235 1484 1215 1199 1433 1124 1173 1357 1481 1387 1282 1191 1507 1004 1333 1179 1330 1179 1485 1334 1361 1335 1191 1427 1345 1277 1333 1177 1522 1539 1287 1153 1361 1323 1230 1406 1385 1266 1212 1566 1452 1334 1517 1247 1131 1270 1385 1325 1150 1298 1354 1157 1335 1271 1399 1251 1086 1286 1253 1324 1352 1330 1295 1292 1046 1134 1213 1119 997 1150 1123 1210 1267 1108 1121 1187 1250 1184 1067 1208 1271 1156 1162 1087 1262 1168 1319 1367 1190 1033 1079 1400 1382 1212 1178 1183 1301 1132 1235 1109 1220 1179 1156 1091 1261 1167 1281 1090 1030 1106 1096 1147 1135 1098 1217 1294 1100 1259 1167 1156 1206 1140 1062 1189 1159 1205 1268 1208 1131 1191 1140 1214 1166 1200 1277 1175 1246 1060 1287 1171 1297 1217 1203 1049 1103 1194 1226 1156 1235 1232 1058 1129 1206 1107 1099 1078 1115 1179 1367 1195 1287 1233 1127 1136 1222 1292 1193 1404 1423 964 1196 1150 1214 1229 1027 1004 1186 1170 1062 1051 1167 1255 1133 1064 1287 1145 1326 1191 1263 1072 1293 1103 1324 1168 1071 1079 1320 1246 1202 1119 1151 1164 1013 1286 1120 1266 1287 1205 1101 1222 1194 1246 1096 1098 1129 1156 1150 1170 1158 1214 1296 1099 1150 1272 1254 986 1267 1216 1225 1135 1236 1188 1266 1203 1074 1286 967 1184 1034 1365 1204 1201 1069 1015 1171 1298 1173 1170 1248 1132 1143 992 1088 1172 1215 1168 1284 1106 1234 1094 1104 1164 1325 1130 1200 1206 1095 1033 1248 1323 1287 1148 1166 1287 1018 1214 1061 1118 1263 1007 1176 1124 1195 1226 1412 1185 1246 1306 1126 1312 1369 1100 1184 1139 1186 1087 1209 1143 1235 1031 1165 1370 1094 1038 1194 1117 1197 944 995 1064 1062 1097 1025 939 1183 909 954 1047 1037 1043 1075 979 1058 1062 1092 1010 1192 1064 1031 1146 1015 1036 1159 1136 1026 1016 1205 1196 886 931 1094 1119 1066 1171 1249 1012 1185 1290 1155 1168 1034 1031 1035 1192 1030 1084 998 1015 864 939 1141 923 1012 1094 1001 1108 1058 1114 1137 1133 964 1259 1057 957 1169 938 1153 989 1057 1067 1119 963 1067 1051 1193 1027 1141 945 1060 1107 1033 936 1093 1105 981 1102 1107 1122 1030 1200 1211 1084 805 1034 1029 1145 1191 1184 858 1042 1083 1042 1087 1085 1187 1050 1025 1111 1396 947 1089 1389 936 1054 990 1121 1076 1134 1054 1055 1282 924 1141 1141 1072 1080 980 1020 1111 1093 1016 1170 1038 1315 1075 839 1098 1066 1021 1088 1066 1017 938 1251 1151 1062 1070 1202 1028 1106 1074 1167 859 1195 1008 1169 986 1111 1098 1192 1047 1054 937 1022 1004 1017 1010 1063 1049 919 1110 989 1245 1142 1097 1186 1076 1134 881 1099 1067 1068 1127 1005 1010 1162 1102 1225 1339 952 982 1059 1034 1052 1099 1200 1232 960 1125 1034 919 950 1056 893 1070 1093 996 1034 1054 1081 943 994 987 989 930 1242 1030 1099 1002 938 1040 1174 1168 971 1038 1047 1231 961 1022 961 1008 1229 1072 1102 1179 1083 1206 1046 1288 1032 990 1039 1163 1151 1020 1208 1043 1100 989 1016 1064 999 1067 879 1193 1026 1041 1136 1029 1151 1071 894 1177 1127 1051 932 1109 735 995 789 811 764 837 696 740 764 861 873 785 857 719 908 930 939 772 833 908 819 740 847 923 820 827 739 942 829 797 780 714 849 869 859 932 668 752 820 804 915 756 748 779 805 908 833 772 827 845 839 879 825 908 961 884 865 783 863 866 962 844 983 818 942 804 933 869 846 911 887 988 765 926 726 835 900 846 806 823 961 614 713 806 842 813 991 802 1011 846 856 777 910 744 770 830 872 967 878 851 771 856 783 815 845 783 666 770 730 811 816 970 874 801 841 840 755 759 855 892 806 856 926 806 729 845 802 728 905 824 776 902 777 806 831 792 1045 834 846 782 914 926 948 812 793 862 917 734 818 821 802 935 863 806 929 926 670 897 769 883 929 991 893 823 815 868 824 901 880 731 765 740 926 754 881 682 923 846 764 918 798 914 921 891 999 989 793 754 740 912 887 913 773 991 809 923 1020 839 937 835 743 770 884 717 796 760 733 1038 738 784 869 805 749 794 888 858 786 810 864 887 832 922 828 830 845 754 877 790 636 844 824 763 794 887 771 909 787 832 903 846 749 712 789 991 838 787 853 859 803 830 962 782 865 793 932 839 868 791 813 790 887 781 924 813 872 897 736 844 832 961 967 871 763 883 826 747 969 736 697 1041 832 1038 998 848 867 869 977 788 708 844 724 886 846 884 867 935 890 809 801 823 817 808 911 844 816 945 782 680 954 1026 898 768 732 862 857 861 811 777 870 840 812 702 742 701 645 832 676 680 780 694 709 894 724 856 740 856 725 857 801 656 800 684 789 805 745 750 760 785 792 879 791 740 713 763 669 807 765 787 849 752 829 708 672 741 645 775 811 781 693 708 569 718 786 695 785 850 867 777 795 790 876 730 690 784 822 776 872 763 722 604 840 730 757 803 937 826 873 723 865 638 713 781 804 695 730 805 776 834 704 693 838 715 724 806 791 757 657 757 658 819 774 742 729 670 805 813 818 695 716 795 831 790 844 830 724 750 759 707 756 732 727 849 723 654 758 720 679 834 784 784 767 822 786 718 824 727 819 796 763 824 941 694 775 777 811 866 772 737 834 853 798 827 681 661 717 766 782 811 825 797 838 792 752 638 807 895 841 652 746 691 761 703 779 730 725 840 841 790 788 711 736 670 776 908 722 779 796 825 809 777 742 715 820 751 685 811 841 766 675 824 772 716 890 709 709 755 776 833 787 763 793 734 766 742 786 715 774 800 792 758 900 750 781 799 678 845 808 571 857 829 705 715 721 719 850 819 742 785 669 732 716 707 639 590 790 846 732 785 812 750 771 653 735 882 714 878 634 729 782 784 787 762 683 772 736 676 920 725 814 632 752 678 792 844 743 789 762 756 715 796 741 720 714 874 751 757 775 750 825 815 866 713 795 800 728 707 688 860 660 669 825 823 780 806 794 819 699 699 624 830 918 700 688 844 677 764 786 858 824 803 784 831 873 806 782 899 724 825 828 616 719 710 805 759 673 746 714 655 728 786 838 781 817 849 725 837 627 735 668 766 842 816 745 734 806 643 783 764 883 740 767 706 695 811 611 745 844 774 661 828 826 626 754 600 730 709 846 811 938 545 526 549 524 532 514 656 515 584 631 630 667 618 494 534 533 602 706 503 534 584 652 485 616 448 530 492 561 569 605 568 626 487 523 647 563 525 660 696 528 632 624 660 600 598 564 529 626 604 612 574 607 654 503 609 580 644 498 524 589 547 581 614 459 670 532 515 561 472 560 507 664 604 624 604 527 545 631 555 561 586 521 581 567 561 561 457 640 560 624 537 639 459 599 533 562 533 570 701 662 593 524 583 499 528 591 550 649 497 602 554 522 632 484 641 642 603 649 555 504 519 552 575 470 495 644 588 620 602 644 641 592 526 622 629 570 555 504 562 630 600 533 688 575 603 655 608 596 639 581 664 586 567 621 581 597 569 572 568 604 485 423 652 695 539 554 605 614 580 566 607 575 585 506 691 562 505 653 629 558 497 547 526 602 628 664 598 605 550 553 611 562 497 537 552 490 566 561 657 585 612 734 595 538 545 614 514 457 600 579 638 585 628 549 669 646 525 515 631 544 692 556 635 594 575 593 462 468 607 624 634 654 706 500 625 402 441 558 590 547 496 556 560 572 562 503 558 573 619 600 578 682 565 549 594 646 597 544 583 577 596 587 677 595 548 662 572 556 546 561 478 564 505 594 635 597 608 698 566 526 504 624 573 530 500 539 584 647 642 576 596 680 607 619 586 574 577 533 578 596 513 624 539 635 555 607 514 567 587 566 690 457 622 629 474 553 683 604 575 625 542 603 552 709 668 530 729 489 586 536 471 516 473 535 512 529 576 610 556 524 518 539 503 512 531 612 581 528 563 645 570 557 726 495 568 593 675 545 558 571 614 654 483 494 570 686 679 644 612 526 560 635 729 666 566 608 587 542 636 588 601 547 557 583 586 607 608 611 556 554 449 571 596 571 492 551 570 506 619 660 544 528 613 572 533 569 573 578 550 561 592 474 600 659 709 607 578 638 587 563 601 499 596 446 556 546 589 556 494 485 610 559 569 549 545 522 572 555 627 576 538 549 593 552 539 696 549 677 546 543 569 529 592 607 552 516 345 482 437 644 361 485 371 461 517 541 493 526 496 545 399 429 467 511 499 512 547 601 557 547 517 608 462 460 537 549 433 422 424 498 511 550 470 565 452 576 515 458 403 499 507 542 655 495 541 582 482 478 473 526 558 451 561 490 516 500 583 582 482 526 525 450 528 494 498 532 409 503 571 470 482 488 472 493 489 442 519 626 549 480 485 526 480 478 434 547 437 494 482 524 523 465 572 520 522 572 612 489 464 631 597 530 501 603 471 554 553 458 483 523 531 571 475 600 533 496 504 445 541 537 465 537 618 474 513 545 511 484 582 470 502 561 603 483 561 529 578 548 483 371 557 436 401 567 587 394 457 494 460 453 400 499 415 489 548 491 558 573 468 500 512 554 494 439 446 525 494 594 517 523 573 490 560 417 441 534 528 529 604 561 641 615 462 562 554 565 564 431 517 436 497 566 445 523 580 516 513 484 505 452 499 542 460 492 552 478 457 524 539 451 481 499 532 537 514 496 490 557 493 517 504 476 497 534 468 521 406 573 433 502 433 451 569 553 467 497 539 550 479 397 508 480 492 483 481 512 465 508 539 515 497 503 609 553 545 478 488 467 416 523 401 517 543 596 503 462 472 511 498 507 515 525 562 488 467 505 488 527 544 547 485 590 482 550 493 459 567 486 487 394 520 511 496 454 500 450 529 487 481 510 557 550 456 563 517 545 471 505 528 555 462 567 498 545 475 401 536 467 404 436 527 561 519 441 458 512 448 501 554 572 485 436 567 462 485 485 541 518 531 538 514 464 481 492 497 408 448 510 501 587 434 624 394 538 469 516 433 576 492 470 529 553 483 499 547 433 464 509 463 420 474 505 400 525 445 506 600 446 544 458 548 583 510 465 530 556 601 521 479 553 447 451 486 454 492 465 408 487 515 511 428 472 428 575 558 538 432 522 500 592 597 554 563 554 469 443 452 505 465 609 508 471 465 452 549 461 390 550 448 488 546 475 521 391 437 443 444 449 654 606 485 428 527 447 427 463 416 487 511 554 461 521 539 493 495 484 519 537 461 414 568 452 606 467 556 477 584 405 582 424 494 498 612 608 461 476 497 541 458 500 449 577 589 511 450 478 459 602 561 440 501 449 592 491 576 414 432 527 518 503 491 470 501 584 542 487 457 607 454 466 484 495 515 495 518 556 417 491 468 491 606 547 513 463 518 538 566 383 566 478 561 475 473 524 555 512 528 479 578 446 465 560 513 531 518 536 420 486 521 526 416 403 364 339 353 397 426 392 373 445 350 448 420 430 413 342 385 381 436 363 364 413 383 336 402 418 424 412 411 401 324 371 295 437 445 370 370 413 329 439 309 422 336 384 308 356 417 390 431 389 422 407 421 362 408 488 472 297 404 371 394 416 463 369 387 401 373 379 341 415 445 422 443 394 321 371 429 423 336 381 406 349 409 383 358 432 380 399 389 416 412 302 374 431 411 418 457 381 394 405 424 470 384 351 355 445 391 461 414 389 381 440 364 412 360 367 389 400 386 294 445 330 492 392 395 371 340 301 341 367 338 358 370 406 395 457 413 410 435 440 422 383 400 338 381 396 432 365 447 432 333 356 361 430 395 366 421 452 322 404 400 420 419 473 447 429 396 336 370 433 466 369 366 416 422 302 397 370 427 376 330 372 384 421 399 389 424 456 319 349 403 404 370 388 363 461 348 486 390 411 368 400 419 342 373 481 362 390 430 411 339 435 384 421 413 323 420 372 453 295 424 405 447 420 350 347 314 399 362 389 417 416 462 407 338 342 442 449 423 320 405 378 404 386 452 364 405 442 410 413 328 376 437 422 324 515 398 411 348 435 456 424 455 411 399 386 377 464 374 399 371 409 284 362 372 442 371 361 368 328 450 308 434 364 340 424 339 355 330 354 363 416 314 378 385 319 443 390 379 342 415 427 383 469 420 346 433 385 385 360 401 412 421 389 384 424 439 432 413 354 423 368 380 420 345 412 353 368 349 407 432 368 397 363 448 423 336 385 399 366 472 381 351 373 407 428 415 424 357 370 434 377 354 365 421 402 369 365 453 402 465 317 411 360 405 398 328 441 368 310 351 405 336 356 460 380 341 375 372 384 440 344 372 359 405 487 351 445 360 385 368 425 314 381 307 380 365 391 344 371 473 391 428 376 453 258 396 327 336 408 412 319 423 435 435 393 403 405 406 321 460 406 468 453 473 451 311 323 428 334 367 354 405 416 469 381 380 402 435 436 355 398 311 401 415 445 400 383 345 445 402 445 405 437 428 344 419 396 429 438 437 397 381 435 411 422 419 452 390 396 357 360 452 371 329 324 349 268 408 366 346 428 540 441 344 373 385 327 310 433 338 351 394 480 442 341 411 392 422 458 342 422 433 362 401 349 327 394 302 364 421 359 400 364 422 456 399 412 469 386 393 347 391 428 310 381 400 435 360 385 448 439 428 373 432 401 322 415 452 379 395 372 376 348 344 365 427 355 462 367 489 408 384 377 412 366 370 426 441 445 391 448 367 329 487 371 293 485 395 380 399 433 338 387 434 383 400 437 399 355 391 396 329 419 447 435 324 386 422 366 332 348 387 403 454 455 389 342 364 378 297 304 451 342 362 353 496 385 416 433 408 422 279 432 407 406 409 361 330 392 397 363 332 367 346 463 453 387 356 426 389 404 498 475 394 459 479 444 436 367 300 459 340 448 369 461 365 345 446 342 361 383 309 387 346 332 426 338 371 385 343 401 374 381 392 380 329 333 443 404 449 399 463 385 473 382 406 436 427 397 349 438 397 385 391 455 354 409 436 328 356 397 423 494 409 322 346 289 331 314 349 350 367 384 241 327 331 265 366 322 286 289 288 317 371 335 295 331 353 367 261 347 326 276 246 342 264 292 346 356 357 358 347 305 337 307 318 297 379 303 266 309 337 390 313 355 378 311 294 274 358 292 371 320 354 338 335 378 271 319 330 378 372 378 337 294 392 357 275 271 332 358 370 349 306 262 350 362 240 350 321 280 313 347 288 327 344 285 341 318 294 304 368 256 340 320 297 358 326 360 248 345 291 345 314 301 288 387 300 339 301 299 268 211 355 331 332 280 320 317 304 309 370 255 313 344 323 309 285 300 236 364 294 265 320 299 359 378 380 376 381 359 293 275 282 397 310 320 289 269 269 306 338 328 354 348 299 349 340 311 302 426 312 303 332 347 289 335 276 303 293 318 255 348 270 365 332 355 330 328 374 302 303 339 312 306 374 328 277 324 314 332 328 259 301 421 296 359 361 346 269 278 267 335 331 344 300 337 392 335 367 305 371 277 318 214 344 350 353 272 287 337 342 324 296 400 311 354 308 296 313 269 403 324 279 332 310 270 258 333 280 303 359 376 410 281 258 317 344 296 364 367 316 280 338 311 298 331 290 349 340 360 355 341 268 345 259 283 379 328 292 309 364 291 294 318 338 282 275 288 290 296 324 319 280 418 371 364 312 328 336 313 316 386 296 308 296 282 318 357 333 324 341 269 305 276 274 269 379 247 243 356 303 356 333 337 313 316 286 313 342 286 265 370 379 318 319 301 304 333 282 338 344 353 285 261 339 382 292 293 316 353 340 342 315 356 280 259 313 346 335 339 275 335 389 372 299 312 334 299 319 288 355 319 311 397 402 377 370 319 289 288 278 300 257 301 334 349 349 290 281 348 315 321 285 246 285 303 347 329 289 333 316 311 321 392 280 295 221 290 327 292 306 278 304 371 284 336 285 361 308 355 294 303 278 358 276 397 279 314 321 264 287 324 313 295 317 314 349 301 367 322 271 404 349 315 314 310 334 300 313 299 307 260 294 350 353 308 319 303 273 286 274 332 346 286 306 347 318 333 351 293 268 310 358 330 305 310 292 378 277 311 315 297 312 315 333 332 307 301 304 343 363 312 300 336 378 274 285 300 328 301 338 254 318 258 314 310 349 304 316 263 302 338 296 405 296 305 271 303 343 315 309 316 339 288 309 261 355 314 302 241 332 361 300 336 293 345 293 311 290 345 383 303 309 319 332 395 339 327 269 293 306 307 298 282 309 301 326 306 341 272 342 347 316 359 365 249 294 312 377 354 313 280 359 276 332 332 348 319 328 307 329 254 259 339 357 307 315 337 334 310 314 328 302 352 294 295 353 312 278 324 304 317 268 347 315 321 349 288 369 358 321 315 311 312 313 244 264 278 369 223 280 351 319 282 310 338 400 310 345 383 238 340 352 359 337 285 300 362 318 283 304 295 254 322 322 378 308 352 309 327 302 244 318 292 358 284 324 324 317 363 378 311 386 409 320 267 343 343 285 384 275 331 361 257 324 312 302 296 313 306 323 294 274 314 371 278 311 357 295 338 277 345 285 366 335 318 328 386 385 316 329 407 359 329 341 318 276 322 293 297 328 261 358 255 257 360 310 314 290 390 316 271 326 341 289 335 311 393 349 303 306 381 374 283 305 381 278 315 258 341 332 232 285 283 295 339 357 287 302 310 290 342 315 292 264 320 356 345 339 324 357 322 362 289 288 348 308 322 308 336 322 346 333 302 385 393 278 295 270 375 321 315 310 266 309 294 338 319 342 285 359 303 347 253 314 320 355 306 330 315 267 284 298 279 397 281 239 312 288 301 340 267 316 341 382 303 321 331 336 311 288 327 378 273 289 310 273 285 305 336 367 323 331 342 280 309 351 284 343 311 326 311 402 316 313 323 319 362 398 347 308 356 272 287 319 288 323 307 300 288 323 271 329 370 288 302 331 369 341 291 275 319 357 286 336 285 247 294 338 250 379 369 304 290 392 362 339 288 332 355 366 310 335 386 356 180 213 211 207 233 232 220 220 210 185 169 184 160 196 258 239 193 241 232 217 147 170 227 181 219 221 259 161 229 193 228 176 205 237 217 204 204 165 184 171 178 213 249 199 215 254 186 233 222 218 252 199 213 228 229 185 195 149 255 243 195 201 165 195 196 196 156 168 195 220 190 256 212 204 178 171 181 253 191 201 239 196 212 249 171 235 232 207 206 211 249 239 205 214 174 244 236 188 173 210 213 182 231 212 166 229 187 198 196 188 240 193 226 162 242 130 220 227 201 205 184 185 231 187 223 177 217 173 226 198 216 229 188 195 175 218 231 136 189 190 244 188 229 197 206 255 234 178 144 183 198 239 215 211 199 212 185 248 212 182 216 225 173 203 209 156 154 189 208 218 169 161 216 173 205 215 188 198 195 186 127 213 200 189 196 223 178 206 138 178 226 201 216 173 179 235 234 242 205 206 187 194 226 208 230 220 196 186 241 201 174 208 198 167 212 210 219 200 222 154 228 175 192 185 191 241 208 203 202 223 219 224 233 236 165 217 178 211 163 263 214 162 181 223 194 193 209 225 243 162 178 208 226 235 194 158 230 251 221 166 221 172 216 177 197 207 226 144 200 214 146 193 153 218 235 204 202 238 184 264 214 165 212 216 231 190 185 123 180 231 251 214 171 228 214 216 268 253 276 209 210 211 187 288 242 194 180 235 238 194 199 228 160 154 242 232 194 241 198 171 195 203 125 191 188 217 248 286 207 179 182 204 219 232 233 172 201 199 220 210 149 165 184 185 238 229 208 235 152 169 230 215 261 176 181 197 165 223 196 168 186 233 176 248 168 208 186 262 186 207 246 212 201 185 217 218 221 195 252 223 188 152 181 229 213 208 211 215 170 217 204 251 188 240 158 190 168 156 264 129 178 212 221 231 207 224 212 240 184 219 204 176 196 231 181 214 153 174 184 232 234 217 227 201 221 216 215 214 220 231 206 187 219 230 187 223 203 178 224 216 146 210 199 162 203 183 240 233 195 165 198 184 207 252 231 223 189 179 179 242 213 233 230 191 225 209 205 212 203 253 201 197 204 214 159 225 192 240 192 210 237 213 185 194 224 226 214 199 231 250 212 229 168 209 259 202 230 172 147 200 160 254 209 161 239 217 197 223 207 227 180 199 191 163 196 217 239 205 178 220 172 171 203 180 171 196 195 197 131 181 251 172 222 213 176 197 198 201 205 193 230 229 228 185 201 185 181 234 189 259 246 174 232 241 183 228 201 197 251 203 204 226 255 171 187 170 208 224 196 193 202 261 174 245 173 202 241 160 207 205 184 212 257 221 150 173 219 233 259 241 182 187 262 200 177 202 237 208 224 180 240 232 170 208 177 220 181 192 171 171 173 212 209 184 191 221 204 237 219 231 230 213 167 187 236 226 185 199 249 185 220 224 163 205 206 183 282 224 213 222 199 206 218 226 180 218 160 195 228 189 195 212 216 237 200 149 204 173 182 272 180 189 203 214 239 200 240 175 213 218 207 216 230 185 210 224 216 218 240 259 207 187 175 205 211 207 185 212 165 231 256 213 244 267 172 176 223 186 187 193 186 245 188 210 190 204 244 216 190 184 247 252 199 176 239 187 222 190 224 176 177 203 216 201 207 200 238 212 217 188 232 184 211 172 191 194 209 187 211 165 189 185 208 223 230 218 214 215 168 177 183 195 170 176 221 211 189 192 242 249 210 240 240 189 244 227 218 194 221 182 200 224 191 207 205 175 177 180 260 198 222 204 248 171 181 182 203 247 245 175 165 198 225 232 238 199 224 229 255 194 207 199 187 195 152 175 191 196 223 222 225 181 198 177 216 180 202 228 194 193 231 205 175 249 167 176 200 186 198 204 247 200 182 204 237 192 214 220 189 199 190 232 212 210 239 201 229 176 226 232 181 156 217 221 212 251 175 221 242 180 191 222 232 158 222 237 181 192 191 187 226 207 221 207 208 164 246 225 179 221 235 193 176 219 226 198 179 224 207 201 256 176 238 236 181 206 220 177 180 229 172 198 184 213 270 213 170 195 204 189 213 182 195 224 203 223 181 196 164 240 174 237 213 179 174 213 187 155 196 252 192 231 201 222 245 220 208 242 222 188 229 244 200 225 151 190 206 272 278 181 205 205 169 145 200 219 242 186 247 195 190 201 187 221 206 175 180 200 186 204 186 276 205 223 187 201 188 235 227 212 161 256 243 210 225 184 202 198 203 191 179 172 225 220 236 202 210 237 229 200 228 210 190 171 185 187 202 159 263 186 151 208 228 209 215 215 201 200 201 197 175 266 208 216 208 209 188 221 220 198 224 190 215 123 180 219 232 187 237 223 192 153 203 215 227 237 188 216 231 214 223 236 223 202 174 226 176 219 233 231 212 177 230 170 255 185 241 190 200 197 205 190 256 202 156 226 194 214 195 226 253 223 190 191 215 200 219 193 170 179 217 237 247 200 222 186 218 214 228 219 210 185 167 250 208 206 187 188 171 245 215 194 231 219 178 224 258 230 167 231 184 223 238 284 241 191 212 184 218 186 189 177 217 173 234 195 207 220 237 234 197 191 167 203 201 218 256 221 205 207 224 193 154 222 198 209 195 191 209 233 188 202 191 222 251 185 191 206 171 261 215 255 201 181 206 188 189 196 191 208 220 208 206 176 172 187 230 184 189 250 164 152 167 148 160 155 221 132 177 137 151 164 174 163 194 168 163 162 158 162 153 202 163 171 231 152 174 166 174 188 198 223 140 174 156 214 150 153 177 195 134 202 158 155 160 182 163 199 162 169 136 146 148 113 151 156 183 153 164 180 162 196 176 167 171 192 160 186 149 135 177 224 127 166 178 186 164 193 141 175 184 178 217 169 150 163 212 182 178 164 114 169 120 183 162 178 166 137 173 142 169 137 149 163 186 139 247 169 173 165 179 138 166 167 155 158 163 181 161 161 194 204 188 173 154 192 134 143 183 201 176 194 147 173 160 220 185 143 185 166 190 170 184 151 142 166 179 189 131 218 159 164 182 154 179 170 191 151 162 121 146 140 157 162 171 159 165 182 161 154 181 152 149 170 232 151 139 162 157 158 189 196 186 173 164 181 158 163 150 165 140 145 201 147 117 139 194 184 144 183 157 177 173 161 207 177 161 133 176 189 151 218 167 186 191 174 161 149 156 177 149 152 178 163 132 164 183 202 186 143 225 180 115 199 192 162 177 195 164 150 186 213 186 165 180 172 243 150 163 153 122 179 154 134 139 204 117 167 205 167 182 144 207 155 183 218 165 139 127 159 167 172 132 162 179 171 183 185 192 173 168 211 187 136 214 162 183 149 219 198 149 199 143 181 154 176 163 151 190 197 127 167 195 180 175 171 198 150 161 127 155 155 190 156 232 177 194 186 174 206 162 163 158 202 131 176 184 147 154 172 158 224 145 194 128 188 159 179 191 193 121 175 140 145 159 142 139 169 206 149 146 192 151 155 126 161 144 152 196 158 168 175 148 187 154 210 168 189 177 125 189 177 182 178 157 169 203 182 180 149 167 218 158 161 187 175 194 133 143 187 218 187 172 198 145 126 176 148 182 179 185 184 184 160 185 208 168 169 209 182 157 162 190 154 163 160 154 138 184 152 211 180 171 148 183 182 172 183 177 205 130 173 160 169 155 204 167 157 148 143 156 161 127 155 149 220 161 155 172 145 208 181 163 202 135 142 182 187 224 187 180 112 193 150 162 171 179 178 171 198 198 225 185 157 184 170 127 112 178 168 215 164 206 150 151 157 129 147 141 168 166 183 191 181 114 179 236 184 189 198 149 193 171 155 158 145 138 133 167 128 208 153 135 152 197 164 159 142 188 174 155 176 145 172 169 119 169 170 176 135 171 167 150 205 141 133 152 202 238 150 102 155 143 177 178 154 159 150 155 185 129 163 146 155 160 174 206 186 166 151 183 175 171 183 158 166 173 165 167 181 142 173 150 152 176 184 171 154 224 194 153 142 151 170 168 210 181 160 178 180 171 124 144 143 169 175 164 147 155 117 121 184 168 211 158 185 168 212 132 185 150 161 170 175 190 145 141 142 186 209 208 189 168 154 149 161 160 182 186 184 178 182 134 173 171 159 164 178 164 181 154 195 156 220 145 195 150 163 166 174 169 178 192 167 164 195 177 173 185 149 118 154 154 165 149 164 174 148 169 153 157 175 135 163 147 158 174 158 196 174 176 177 188 151 159 195 130 160 246 177 209 177 201 141 168 159 179 179 186 134 156 219 173 222 139 176 139 185 142 188 149 157 132 152 137 126 165 197 184 151 150 157 163 162 198 154 184 171 194 147 184 159 113 183 174 147 159 146 169 155 182 191 192 153 211 181 154 172 168 148 164 119 145 161 170 175 161 177 185 180 175 177 197 135 142 155 129 149 147 129 173 154 156 150 142 179 187 178 148 184 177 191 163 197 133 157 159 182 177 148 143 161 201 195 179 150 175 134 164 167 219 166 145 152 162 210 176 131 176 135 164 163 156 147 193 154 141 199 187 180 198 163 164 165 178 156 211 201 144 141 158 158 188 138 175 146 188 133 163 134 231 172 170 161 160 160 157 164 195 150 156 164 170 163 157 183 165 156 157 190 156 167 158 191 165 193 146 195 174 171 161 146 175 111 150 178 147 182 158 185 175 143 145 190 186 133 148 184 226 179 158 157 146 163 140 146 156 177 182 171 195 187 183 213 137 172 173 176 181 156 143 137 199 156 139 152 197 159 195 168 170 157 173 177 228 144 182 152 199 180 170 165 190 192 164 153 190 186 152 143 229 199 184 168 160 183 162 192 163 191 163 171 191 178 163 247 176 195 141 184 129 158 186 165 181 124 178 195 198 156 175 161 177 167 148 138 179 153 208 164 152 145 180 208 149 145 184 180 158 219 156 150 178 204 165 176 159 119 137 148 190 195 152 168 176 151 184 132 137 206 184 180 191 214 158 180 197 158 158 214 152 151 175 149 108 167 138 200 115 180 178 128 195 179 198 156 144 153 185 222 153 143 227 227 188 144 180 168 135 191 146 175 133 167 161 192 163 167 130 172 177 177 157 186 158 195 182 124 140 144 160 154 155 168 164 179 183 142 173 149 197 107 195 193 158 221 195 164 140 170 166 210 177 154 201 144 143 151 198 203 187 216 153 151 188 134 107 236 199 146 194 146 172 184 161 167 169 119 198 125 156 167 169 188 147 228 174 190 140 179 149 165 154 204 200 177 146 151 117 165 159 174 164 162 196 147 166 171 155 151 194 196 187 151 162 207 194 162 166 166 176 209 156 185 170 178 140 163 152 156 169 151 162 146 151 181 179 112 179 200 198 175 189 189 188 137 166 169 165 150 154 151 136 141 180 125 148 183 144 202 125 174 137 175 173 186 200 186 167 157 150 167 164 162 177 168 189 153 178 170 174 171 191 159 182 184 142 181 170 151 136 184 181 152 158 178 182 177 140 143 199 154 139 157 156 158 142 158 142 144 170 170 166 199 192 143 130 154 178 205 151 171 149 142 177 168 155 170 119 141 164 196 175 165 169 149 157 147 177 140 133 158 186 193 140 161 185 147 170 173 244 190 121 186 182 175 216 172 156 156 135 177 164 126 152 159 193 213 151 175 185 203 162 194 195 188 213 139 188 156 187 224 151 153 127 154 167 156 189 159 168 122 171 171 153 188 184 177 167 182 156 198 143 168 169 178 146 147 147 170 164 131 155 140 195 176 201 207 149 137 174 171 187 190 127 189 199 177 170 149 202 157 188 158 195 188 184 156 197 197 180 151 120 198 118 181 196 118 197 195 201 177 144 164 153 142 183 164 135 195 197 169 157 183 154 188 125 160 166 125 111 160 178 149 175 151 168 180 175 153 162 148 155 118 161 152 170 174 149 174 175 189 180 172 156 170 148 147 164 144 174 154 204 168 205 155 161 188 153 183 133 188 175 189 159 168 156 241 160 174 173 150 186 211 129 170 130 130 183 164 153 192 142 183 154 155 141 176 126 153 187 183 167 168 141 135 140 118 214 188 164 198 142 162 187 162 157 135 208 167 162 175 158 214 133 190 199 145 155 170 134 145 164 165 172 161 157 151 164 193 168 198 183 161 172 173 154 163 146 143 162 190 198 186 215 127 211 173 196 139 165 183 159 136 146 136 184 134 146 182 150 156 189 127 177 165 162 153 150 178 144 190 174 162 182 171 161 193 210 169 182 196 161 189 166 168 165 149 165 145 163 142 143 151 132 187 198 154 148 229 142 203 164 210 113 192 137 197 200 168 186 170 125 168 188 157 167 202 149 136 158 123 175 163 167 166 176 159 143 186 156 117 201 191 185 152 148 203 163 168 167 174 188 167 140 180 189 161 182 158 183 152 161 139 158 120 155 182 161 203 174 149 153 221 198 156 173 184 156 183 164 147 116 157 193 161 152 180 102 102 108 68 71 98 81 85 105 121 80 66 97 90 96 98 86 89 72 96 89 118 99 90 91 127 118 126 97 109 102 90 99 87 115 85 66 101 95 82 123 109 57 98 106 86 85 122 89 103 116 85 112 125 70 87 103 63 79 91 97 83 103 84 117 86 100 98 67 90 81 88 101 107 101 79 99 96 121 94 80 113 96 82 74 92 110 83 94 100 100 98 90 104 92 118 82 92 87 99 102 102 103 108 91 81 79 98 110 98 91 78 79 74 100 102 106 103 81 77 104 98 72 110 113 124 73 116 103 110 60 83 64 98 86 124 89 106 103 84 76 109 88 73 92 72 92 112 109 96 68 93 77 119 90 84 105 106 94 92 116 76 124 103 112 98 92 72 100 82 101 87 90 100 89 91 107 116 86 78 98 76 96 79 81 100 108 82 84 94 99 91 93 100 85 107 106 93 90 106 72 88 122 136 91 103 83 116 110 126 118 115 84 80 97 101 95 102 78 79 75 93 81 118 120 67 82 92 91 96 74 108 103 82 93 113 89 121 68 91 92 89 80 101 99 73 71 84 90 96 98 82 110 103 94 78 83 89 99 79 90 99 75 76 62 91 89 99 68 97 77 86 103 106 80 110 98 90 117 92 97 88 93 87 88 118 90 101 71 60 107 131 82 83 113 87 116 101 63 114 90 80 95 121 87 77 114 112 75 121 115 80 111 130 93 82 86 111 108 116 112 83 95 107 122 105 82 86 97 103 101 74 98 90 73 106 79 81 121 79 94 98 70 89 81 99 101 95 78 103 120 97 108 69 109 90 118 67 93 86 110 110 115 76 97 103 104 104 70 97 106 119 99 114 87 102 90 115 97 109 67 89 80 87 80 91 82 114 70 78 100 80 94 138 83 67 87 118 108 117 111 108 83 86 109 98 103 92 105 77 97 89 99 113 113 86 90 116 105 84 92 73 88 104 104 112 82 118 106 107 83 87 76 102 95 92 83 109 91 92 95 74 73 81 86 109 121 120 88 97 82 82 90 93 101 79 120 95 81 91 126 86 82 89 112 97 99 91 64 90 97 87 97 92 126 83 103 121 110 89 106 87 103 85 79 116 87 80 84 72 102 78 86 106 90 77 103 89 120 84 95 93 105 87 123 124 83 93 82 82 104 88 81 94 115 117 103 87 114 103 103 78 110 56 104 60 99 90 119 106 105 68 87 83 70 119 113 93 97 95 93 105 87 82 93 85 61 89 100 88 77 73 91 103 101 98 78 107 125 80 78 102 48 107 86 84 71 115 93 109 69 94 102 102 103 109 97 109 69 105 88 95 69 111 82 100 82 107 75 74 83 83 89 89 99 101 84 73 94 83 82 82 116 105 106 135 78 76 75 89 81 128 105 103 71 87 112 112 100 116 105 100 106 93 98 110 83 96 116 92 95 88 111 104 95 88 95 100 87 84 85 76 109 116 97 86 83 89 82 106 121 115 93 101 79 102 110 87 109 91 68 93 90 74 95 103 117 106 107 96 89 102 87 73 82 102 114 91 84 100 87 78 94 135 96 101 81 81 90 119 100 85 83 82 99 133 91 102 88 95 108 78 98 98 108 90 88 73 76 120 100 90 72 120 96 70 98 67 111 86 85 97 99 80 114 85 107 92 91 116 75 112 89 86 112 97 93 82 94 99 107 121 96 104 113 96 100 87 87 80 90 94 84 93 61 85 82 85 66 63 95 91 92 104 100 80 102 86 105 82 73 105 78 119 80 79 98 86 99 98 95 99 91 100 111 84 111 90 91 108 95 107 117 87 111 85 82 103 67 97 120 74 102 84 86 92 116 90 68 56 88 71 103 90 81 90 79 115 90 86 110 89 92 105 99 88 71 75 86 91 83 143 105 100 84 84 94 93 102 78 101 76 88 79 103 134 94 95 93 105 89 113 73 85 105 79 110 92 108 85 90 76 86 78 95 95 88 65 109 86 89 74 94 123 83 71 89 80 66 78 93 91 80 90 102 116 79 122 60 85 98 95 89 98 76 85 99 76 112 86 80 85 92 85 79 79 100 78 92 100 103 93 96 92 131 92 101 79 98 71 86 76 103 91 105 101 94 94 88 63 96 83 106 74 69 109 90 94 113 75 88 100 72 90 99 75 72 104 81 76 92 88 87 81 91 97 85 107 91 119 92 99 79 94 98 113 114 109 98 100 85 104 79 98 131 107 80 69 124 95 111 87 62 65 73 117 90 114 101 73 96 85 128 80 107 146 140 94 92 103 80 81 91 101 116 91 103 85 114 92 99 111 102 76 101 100 107 85 103 91 110 102 91 88 101 96 68 80 92 104 105 88 103 74 104 88 91 94 76 106 90 100 95 88 98 99 55 105 109 81 78 108 95 118 103 72 94 105 55 109 86 85 97 134 66 51 97 97 102 78 90 86 115 109 95 72 96 97 98 87 102 69 100 87 99 72 97 86 87 96 93 80 110 108 96 75 65 110 89 80 102 104 94 84 105 94 118 104 105 88 110 102 100 79 92 92 101 92 117 83 99 71 65 110 88 97 82 72 89 97 103 100 109 95 102 87 93 113 121 93 85 84 115 111 71 98 130 84 100 70 103 96 67 99 94 113 105 61 95 70 88 91 83 87 82 88 63 64 95 114 89 89 98 95 103 60 86 124 88 89 104 64 102 70 67 101 92 81 70 123 100 75 107 109 83 83 109 87 90 97 101 73 85 123 104 119 66 87 88 75 96 110 105 82 99 111 102 89 83 93 76 101 90 111 111 74 97 96 91 72 97 103 141 102 95 105 87 94 88 81 98 120 118 88 76 102 78 93 112 83 107 126 97 117 98 115 82 91 105 94 116 87 113 93 94 81 104 75 127 77 90 92 80 79 88 92 96 90 108 99 64 92 98 86 111 108 86 101 95 82 102 98 89 82 88 90 95 85 101 101 103 94 95 135 98 113 105 93 113 79 72 76 102 99 93 96 91 84 87 86 125 100 118 103 95 87 94 103 95 86 90 101 88 109 94 110 76 109 79 82 84 100 109 100 77 94 121 107 68 63 89 86 120 85 83 85 83 103 72 112 113 117 98 74 88 67 67 88 99 84 78 95 98 96 101 86 99 85 83 125 98 103 82 95 79 98 87 104 80 92 86 109 85 111 82 113 84 82 134 109 106 63 101 91 88 88 109 77 95 96 72 103 92 107 74 108 98 108 80 103 87 75 109 90 73 82 103 85 85 101 89 105 98 84 121 100 93 106 69 97 99 122 103 98 83 103 86 96 119 80 102 94 107 105 77 96 94 94 104 92 63 85 89 98 116 111 116 86 99 67 102 80 98 110 113 90 75 98 81 94 103 58 88 100 93 109 99 76 74 85 96 99 91 92 103 75 95 78 83 93 68 101 89 98 114 109 87 105 89 123 83 71 89 114 117 110 111 91 72 98 84 119 108 75 84 85 115 116 102 91 78 75 101 93 71 122 87 131 79 69 74 80 110 112 111 95 77 129 81 83 69 121 102 84 78 123 82 96 80 78 70 70 104 84 99 88 96 81 100 94 113 84 87 100 67 107 75 87 92 70 101 99 121 107 87 129 88 94 110 80 85 79 64 88 113 104 110 85 116 99 78 102 75 83 103 85 87 85 94 129 76 79 103 100 84 100 83 106 83 94 88 108 80 103 108 79 117 87 108 82 99 99 94 88 88 95 87 108 105 91 78 88 114 81 88 103 80 85 83 85 85 110 92 111 105 78 84 95 87 92 120 107 84 103 94 81 83 71 79 61 91 131 110 79 78 122 96 77 78 113 95 98 83 86 94 97 93 82 89 95 61 81 73 93 78 70 93 95 78 100 96 73 85 86 123 83 78 65 113 71 106 83 98 104 74 102 101 90 77 108 110 86 69 98 101 63 111 105 71 84 85 87 109 99 88 110 81 77 97 94 83 92 67 108 108 94 82 81 73 97 86 92 121 95 95 94 84 83 88 82 75 93 82 87 56 107 98 92 63 117 95 114 124 100 94 105 125 96 72 103 104 88 94 75 98 75 114 77 79 102 90 107 92 82 107 78 103 100 77 87 72 95 92 121 121 83 104 88 103 78 117 113 125 86 86 66 112 96 104 89 83 97 85 83 67 109 95 122 91 73 106 112 132 89 115 72 60 91 98 92 93 87 103 72 98 115 107 97 82 80 93 96 100 81 84 88 87 93 51 100 101 106 104 103 64 86 96 100 118 110 84 101 132 76 76 99 98 81 108 85 77 109 95 99 67 108 117 100 88 102 93 79 88 112 88 65 76 112 100 79 101 105 103 86 119 89 92 85 107 90 61 95 91 105 126 84 129 105 104 94 106 46 68 117 96 87 97 87 84 89 72 103 98 85 97 113 85 91 75 102 88 95 81 122 122 77 104 88 122 96 107 99 77 92 78 115 82 104 110 80 84 84 88 69 115 71 84 110 104 71 93 74 101 97 108 89 116 100 102 96 102 90 109 84 92 114 94 77 92 101 107 96 95 119 69 76 76 100 113 93 91 101 84 94 100 134 91 92 85 115 101 85 77 88 77 101 87 125 75 107 101 77 112 109 123 93 73 132 96 107 77 112 88 85 72 92 86 109 63 102 100 101 75 86 103 101 124 92 90 93 72 76 91 86 101 105 103 98 99 95 101 92 123 95 110 72 92 73 97 100 77 98 97 103 95 136 91 120 84 103 104 121 97 92 109 89 114 74 100 81 104 71 109 98 105 103 98 108 98 95 90 96 119 119 61 117 89 119 88 89 93 82 95 111 87 111 125 122 78 92 99 96 93 70 98 112 77 93 92 82 118 95 87 104 111 103 110 89 113 103 88 90 113 101 96 83 101 118 96 70 98 74 79 59 125 86 88 97 85 62 108 115 66 94 94 99 80 86 78 83 85 97 105 87 94 119 100 92 96 111 117 83 83 100 94 116 95 115 92 81 96 105 114 105 97 90 83 95 96 93 104 101 66 97 72 90 120 91 90 82 96 99 101 73 88 105 96 104 96 106 86 100 100 94 87 124 110 98 90 102 122 85 79 99 83 100 106 85 77 106 100 85 77 75 114 119 111 81 98 103 117 94 88 94 103 73 71 112 95 111 87 97 99 104 97 104 86 111 83 92 80 98 98 109 89 102 69 106 97 110 81 107 123 91 84 94 87 127 82 82 110 86 102 72 75 100 80 112 83 101 98 72 108 91 68 78 80 92 104 92 98 89 92 71 101 88 84 78 114 74 100 87 122 83 93 93 96 113 103 119 119 92 64 96 85 65 100 123 86 83 77 96 105 103 115 76 94 104 84 70 99 94 84 87 101 84 83 87 116 94 90 111 79 90 108 96 82 84 92 110 90 74 86 91 82 83 79 131 88 80 93 139 95 137 98 75 80 75 103 93 81 77 89 91 75 103 83 105 114 102 82 103 101 78 95 66 77 117 105 98 81 106 123 106 80 102 100 74 122 89 101 91 110 95 82 87 92 87 83 95 80 89 111 92 95 71 86 82 55 104 94 82 84 80 115 105 113 107 82 102 97 88 74 106 86 89 85 89 78 142 91 92 101 111 98 67 86 135 97 92 107 77 86 105 75 85 88 82 119 99 92 82 81 79 92 118 82 96 82 95 118 89 75 77 93 96 96 110 94 106 46 60 80 46 48 40 54 48 60 36 56 50 46 58 32 74 62 60 46 32 62 46 64 64 52 38 54 56 62 68 58 46 62 66 66 54 44 60 54 52 66 62 40 60 48 64 58 64 60 68 56 42 40 60 42 38 42 36 60 26 54 64 60 44 50 60 54 40 76 44 48 50 62 66 60 60 56 52 64 68 50 68 70 50 56 58 62 74 56 54 56 72 64 68 56 78 54 64 52 42 64 70 46 60 54 64 50 60 64 52 48 64 56 66 50 86 48 54 60 68 58 70 64 48 60 64 48 40 44 54 52 54 52 62 70 56 66 50 50 68 50 40 46 68 52 64 54 46 82 50 28 54 54 46 70 54 60 52 54 42 60 48 60 42 46 68 60 42 66 52 64 58 38 48 54 56 64 70 56 48 62 46 58 58 60 50 50 60 58 68 52 54 52 60 56 52 64 48 68 50 80 70 52 46 68 44 54 46 56 70 54 48 68 62 54 58 60 52 52 52 60 44 76 54 68 54 46 50 58 50 62 48 74 48 52 48 52 38 68 70 60 68 56 68 58 48 74 6 60 54 48 54 74 52 52 60 54 50 70 40 48 72 70 48 70 48 48 66 58 42 70 44 38 60 38 54 42 44 72 42 52 76 54 80 48 76 62 58 56 70 78 74 64 70 56 50 56 50 42 44 68 74 68 50 52 54 50 48 54 30 52 34 58 70 56 56 58 66 54 62 58 48 38 50 64 60 60 80 44 62 68 68 62 58 70 48 58 34 62 56 54 64 54 56 64 30 54 46 60 42 62 32 52 32 68 32 50 62 58 56 40 56 58 66 54 62 58 50 52 52 76 84 66 42 62 46 54 52 58 64 60 62 48 60 62 60 48 56 70 46 38 58 42 66 46 56 40 52 54 52 58 54 62 40 54 74 50 72 54 68 50 58 36 52 62 46 62 50 62 66 60 60 40 54 50 54 42 68 64 60 58 56 58 68 52 74 60 54 58 56 80 38 52 54 68 56 62 62 74 46 84 44 56 44 78 52 70 46 58 54 52 68 54 54 58 66 68 50 58 48 54 76 54 54 52 80 60 58 50 48 74 70 46 52 62 46 56 44 56 52 44 58 48 72 48 64 60 52 68 68 58 44 76 36 48 62 64 56 54 54 66 62 48 46 56 76 58 44 40 48 48 52 52 52 72 62 66 54 54 52 62 68 54 50 56 80 54 60 52 54 50 58 40 50 62 48 42 62 54 64 44 52 54 66 54 52 36 58 62 48 38 52 48 46 62 64 74 44 56 50 68 46 38 42 60 60 58 74 50 46 70 58 58 48 48 60 58 58 70 48 60 58 52 64 56 54 60 58 50 40 66 50 52 64 58 54 60 62 54 74 64 60 50 62 72 60 44 58 54 52 58 66 58 44 64 34 68 60 58 44 56 40 68 56 64 56 54 70 56 58 50 66 74 52 70 46 50 50 50 46 62 60 48 52 44 44 68 66 42 64 60 56 34 52 62 60 68 46 58 60 50 60 44 62 66 64 66 56 70 74 44 40 50 60 58 74 68 54 72 54 50 70 54 52 52 46 44 70 38 60 56 48 58 38 54 50 60 62 64 70 74 58 40 66 70 46 58 36 52 62 52 56 64 52 40 56 48 58 70 52 64 68 56 66 64 70 48 60 56 38 70 46 62 76 52 72 64 78 58 42 48 28 52 46 48 50 44 44 52 54 66 56 50 58 68 66 54 64 32 60 66 32 50 46 60 68 68 74 44 52 56 50 66 58 50 70 48 66 60 48 56 48 50 48 60 54 54 70 62 44 62 66 50 42 58 62 44 42 46 42 62 56 54 50 68 46 48 52 38 64 56 62 58 46 44 44 32 42 62 62 68 52 54 50 66 38 66 40 62 52 44 50 66 44 50 74 64 42 50 76 54 62 70 52 74 52 34 54 50 38 66 48 42 60 54 62 64 80 38 48 68 66 60 54 60 64 54 76 60 54 60 52 58 48 42 70 52 52 42 52 50 54 86 46 50 60 52 54 50 54 60 70 50 46 46 56 52 56 72 66 60 48 50 60 60 72 38 44 60 46 44 66 62 36 48 42 54 68 66 62 74 60 58 44 36 40 40 68 70 68 62 64 48 62 22 68 58 52 62 48 56 72 56 64 62 52 54 68 64 60 40 52 44 48 56 62 70 64 66 58 54 62 56 66 76 62 58 66 60 52 64 68 42 58 54 46 64 54 48 82 40 74 66 44 66 52 68 68 50 48 68 48 46 52 40 50 52 60 40 50 56 44 52 52 38 56 42 66 50 66 76 66 62 52 70 50 68 52 56 52 58 62 56 64 60 64 46 44 56 56 64 44 60 46 62 42 64 40 50 68 68 48 58 44 48 44 66 72 68 66 56 60 70 72 62 60 54 58 66 64 62 48 64 50 52 62 66 48 54 66 70 36 52 54 58 64 46 70 50 64 66 48 56 46 70 74 44 56 64 36 68 56 58 52 54 58 62 70 66 62 64 64 54 54 48 68 66 58 56 62 54 66 50 56 48 56 56 48 54 48 48 52 58 58 62 48 56 48 56 62 44 56 52 56 58 52 54 46 58 60 70 62 58 48 70 58 68 44 56 50 48 56 54 62 62 40 44 58 42 64 76 58 70 58 72 58 48 52 62 46 40 68 48 40 58 60 56 42 86 40 48 36 38 50 50 36 64 46 62 48 62 72 64 48 70 74 68 56 46 40 82 60 58 64 48 38 72 46 44 56 44 50 62 72 58 58 50 52 46 64 58 70 56 34 50 48 46 66 64 64 64 52 56 60 50 66 54 64 52 46 64 74 58 54 56 38 64 68 74 64 64 68 64 90 76 56 62 66 66 56 44 66 56 70 52 38 70 58 52 50 52 66 66 46 46 68 64 68 56 50 66 56 68 52 56 54 48 42 56 54 50 66 54 50 62 42 78 66 60 56 70 48 68 62 68 58 54 50 46 68 54 56 34 56 38 42 44 74 60 72 50 50 52 68 62 38 46 64 56 62 62 44 60 52 64 56 58 42 50 50 68 44 70 74 60 38 68 46 54 58 54 58 54 52 72 58 68 64 56 52 72 52 58 38 72 44 72 54 52 44 58 52 44 62 44 66 58 52 64 64 48 46 72 58 48 58 68 88 74 46 44 68 52 64 68 46 54 34 36 58 58 56 58 42 52 46 62 48 48 66 58 62 42 46 38 56 56 60 50 50 60 54 48 74 58 48 62 54 36 68 48 48 64 62 70 58 40 44 56 58 40 50 54 56 56 52 42 50 72 58 42 38 48 52 54 60 52 52 52 34 64 50 62 46 64 60 50 40 48 66 60 48 62 58 62 60 66 56 46 50 52 50 72 44 52 42 64 52 66 48 40 60 68 54 48 74 56 56 54 60 48 64 60 54 56 62 72 52 68 58 52 64 68 58 62 78 56 62 60 54 58 56 36 54 48 64 36 48 56 70 62 64 60 64 72 54 50 62 54 52 54 48 76 50 42 56 52 64 62 76 58 42 44 76 62 58 72 64 54 44 54 48 50 42 54 50 42 70 56 56 48 48 66 58 58 64 50 60 46 56 58 68 62 46 54 54 48 56 70 60 70 48 44 66 50 48 66 40 50 52 52 40 52 56 56 60 54 56 50 50 54 66 72 58 64 40 68 66 54 62 56 52 48 54 36 58 40 78 60 58 46 38 78 54 60 38 58 48 48 54 56 44 54 56 38 72 48 42 44 72 44 64 44 46 48 46 60 44 60 42 58 60 48 60 56 60 50 46 64 56 42 46 44 50 54 52 44 96 58 62 70 84 66 58 62 44 68 72 74 42 54 36 70 50 52 54 56 56 56 50 64 46 62 36 60 72 36 54 44 52 46 58 60 54 44 52 60 60 54 78 48 48 44 52 74 46 58 76 52 52 56 48 52 60 48 66 60 60 68 56 72 54 56 44 62 68 76 58 44 52 56 62 60 66 52 48 58 60 48 46 58 62 48 64 68 80 60 50 72 70 60 74 60 66 60 48 56 52 56 74 54 62 62 46 50 64 40 62 74 58 52 58 54 64 48 48 44 46 54 48 64 48 64 84 58 60 48 48 44 62 88 60 66 62 62 34 50 46 48 58 64 50 60 58 52 52 54 78 68 64 52 56 44 58 62 54 58 50 46 68 44 76 66 66 68 60 74 38 66 54 66 42 62 46 48 54 62 60 42 58 66 64 62 72 48 62 30 60 60 48 62 58 48 50 56 76 66 58 34 52 62 62 58 70 74 60 50 64 52 40 52 60 66 44 52 48 58 66 62 56 46 48 48 46 66 60 78 62 46 54 60 44 52 62 58 70 58 66 42 50 60 54 80 42 54 60 54 48 42 60 70 54 54 38 42 68 48 50 42 54 50 62 58 48 46 58 56 58 56 64 40 40 56 58 50 72 50 74 76 64 72 52 54 58 40 62 70 68 56 40 52 52 72 64 44 60 48 40 68 48 66 38 68 44 46 62 50 50 54 54 62 64 48 38 54 66 34 56 54 54 54 38 76 52 54 36 62 56 68 68 40 58 60 52 68 62 52 56 56 62 52 62 54 70 58 60 46 58 36 40 64 54 58 44 60 66 58 52 58 54 46 58 74 52 66 68 42 44 46 36 68 48 64 52 60 74 56 56 68 62 42 50 60 54 60 78 56 56 64 54 48 60 62 38 66 54 40 64 54 80 62 64 48 48 72 54 62 50 54 68 62 56 62 60 38 64 86 56 66 60 56 50 54 58 46 48 58 44 56 54 54 56 68 72 48 34 64 40 38 68 42 60 52 48 60 56 64 42 48 54 54 68 46 58 36 44 50 78 62 48 56 60 62 44 50 48 46 38 64 58 54 48 58 42 40 62 40 56 44 66 48 68 68 54 50 58 66 64 58 50 46 74 52 60 64 60 74 64 50 56 52 60 44 66 54 72 50 54 80 50 62 48 46 58 52 66 58 74 48 66 48 42 62 64 66 56 56 48 46 60 54 70 48 40 52 66 38 38 62 50 60 56 68 54 52 44 48 62 58 52 50 46 56 60 38 62 54 52 54 50 84 64 70 76 62 52 58 54 38 58 48 42 52 68 50 64 48 50 54 58 60 56 50 54 46 56 76 46 54 40 52 64 62 44 60 58 64 46 52 64 46 66 58 50 74 52 60 54 56 76 58 56 40 38 52 64 62 50 54 66 60 62 44 42 58 58 62 72 42 48 60 56 64 46 42 52 52 50 40 60 48 64 62 68 54 38 54 44 46 50 40 58 62 52 50 58 62 42 48 44 50 70 64 60 70 58 48 38 46 32 56 42 64 56 60 70 44 48 52 48 56 52 52 54 52 58 68 100 76 58 70 84 46 50 52 52 88 50 66 72 46 66 56 48 62 50 62 56 60 64 36 66 50 62 50 60 44 66 66 48 68 44 54 56 56 62 56 54 62 56 38 50 52 54 50 60 50 60 66 30 48 58 58 48 78 58 48 62 58 58 48 46 64 36 52 56 52 60 50 66 56 58 68 58 60 52 56 46 72 56 30 60 46 70 52 28 60 40 46 56 58 48 68 58 68 70 58 44 74 62 66 58 46 58 62 50 58 62 42 62 46 66 54 52 54 64 64 58 48 66 70 64 54 52 58 34 52 44 68 54 62 54 62 54 62 48 56 48 50 50 48 70 58 52 76 72 46 64 56 66 64 54 74 50 54 56 54 66 50 52 58 66 56 64 62 52 70 50 40 50 40 72 60 50 58 68 62 70 56 62 62 46 48 62 40 66 54 78 62 44 54 66 74 48 54 44 48 56 56 40 60 64 46 40 58 50 52 54 64 54 62 68 60 62 52 48 64 58 34 42 32 50 56 62 46 42 72 52 54 52 58 76 60 46 62 58 58 46 44 56 48 52 60 54 60 58 42 54 70 64 60 56 58 58 54 58 50 62 66 54 66 38 62 64 70 54 50 44 62 62 56 66 80 64 62 66 56 46 48 44 80 74 58 60 50 54 66 66 42 54 40 50 60 60 52 54 58 80 68 82 40 52 56 46 52 56 64 40 68 72 46 72 60 54 70 58 66 64 50 46 42 52 64 70 56 62 62 58 66 66 48 60 62 74 56 46 60 38 64 50 70 62 54 74 62 60 54 56 68 64 62 66 54 46 50 76 60 56 58 70 54 38 48 62 62 62 48 58 66 56 56 56 50 60 64 82 78 40 64 74 70 58 54 58 58 64 52 48 48 46 56 64 44 60 30 42 56 66 46 42 60 52 52 58 62 56 46 60 60 56 46 56 54 74 62 68 66 64 54 76 54 68 46 52 48 58 46 48 64 50 56 40 58 48 52 60 44 76 50 58 58 44 74 58 64 46 78 54 50 62 52 40 64 42 60 70 42 44 46 54 56 46 60 58 46 62 56 56 68 60 62 64 52 60 38 58 70 62 54 58 40 40 62 46 60 58 52 56 38 62 72 62 60 62 56 56 62 44 54 44 68 42 68 78 46 84 54 56 54 56 42 52 54 60 50 50 62 64 56 52 66 42 58 68 56 66 46 56 60 40 62 62 66 58 46 36 62 62 58 66 68 48 56 54 72 70 64 52 64 56 54 80 46 44 30 60 42 72 56 52 60 58 42 42 42 50 62 64 70 72 46 44 58 60 50 48 50 50 48 54 58 56 48 72 60 48 58 36 62 68 54 58 62 42 58 40 36 68 68 72 70 52 50 56 50 62 56 72 60 54 48 54 56 50 52 68 44 54 64 40 58 42 64 36 62 48 34 54 48 50 46 48 70 62 42 64 60 52 56 64 62 58 42 66 70 42 48 70 58 62 52 56 38 46 54 66 38 32 64 58 70 78 50 56 42 56 58 44 56 56 64 66 58 66 64 72 42 82 44 66 48 56 62 58 62 62 56 72 66 60 70 66 62 40 54 78 70 46 58 52 56 58 68 58 32 44 68 62 56 62 78 76 58 42 50 48 68 60 54 62 60 52 48 70 50 64 70 70 54 66 52 52 56 78 56 48 58 58 64 68 56 74 62 58 74 46 70 76 84 54 38 54 46 54 44 46 44 66 60 68 54 76 60 72 58 58 58 48 54 44 46 60 48 62 62 50 66 56 54 80 68 52 58 60 64 58 52 60 68 44 58 82 62 48 74 44 42 54 58 64 54 60 38 60 56 62 56 70 48 32 48 42 46 40 42 46 68 68 58 56 54 56 46 60 36 60 72 66 60 36 54 36 56 54 48 46 56 62 46 64 52 72 70 54 50 46 42 56 52 54 68 52 52 54 52 56 62 54 74 38 46 44 40 60 46 70 52 58 50 56 56 48 52 42 52 46 48 42 62 58 48 56 36 58 56 44 46 58 50 46 52 76 58 64 58 64 48 60 54 72 50 64 44 52 46 58 68 46 36 42 52 50 72 50 66 52 66 42 58 46 50 60 42 64 52 70 68 66 42 60 66 44 54 46 74 42 54 66 58 44 42 50 48 64 64 48 48 50 50 54 64 60 46 66 68 38 54 42 58 48 60 50 58 42 50 52 48 48 56 60 54 62 70 60 62 62 64 48 54 86 54 58 54 60 48 44 56 36 40 74 62 36 46 72 50 48 62 66 50 46 62 60 34 56 48 54 46 56 42 52 36 46 68 48 62 56 42 58 68 60 60 72 58 62 44 48 62 66 60 64 32 44 62 54 62 34 50 72 52 60 54 72 58 50 58 60 52 60 58 62 56 60 56 36 66 60 50 58 58 58 50 74 54 52 64 72 76 52 72 76 58 64 56 60 68 62 58 62 44 44 54 44 66 44 50 54 42 70 60 62 52 50 68 64 62 40 62 64 48 52 58 60 44 58 60 48 50 40 74 60 56 78 44 54 62 58 54 58 68 62 46 50 50 64 64 60 28 56 46 58 44 48 66 72 42 38 60 52 64 46 42 62 56 50 52 58 48 50 64 52 74 52 50 50 50 46 56 64 72 80 54 50 46 52 70 62 52 70 50 52 56 48 50 64 52 52 70 48 56 62 62 72 54 66 72 68 60 48 48 62 58 64 34 48 64 58 56 54 52 56 54 60 52 56 66 54 62 48 48 64 56 64 64 60 54 54 56 58 64 66 42 54 84 56 48 54 54 64 64 50 56 60 60 58 64 50 86 58 48 52 56 58 58 74 46 50 52 58 58 60 60 58 54 50 70 62 60 52 70 36 52 50 46 70 46 52 50 56 42 82 46 62 58 64 74 54 50 64 54 82 54 76 62 52 48 48 44 52 60 54 56 54 48 44 50 46 48 58 46 64 50 66 76 64 68 34 60 60 54 42 52 38 60 60 76 58 52 62 78 62 52 68 56 40 62 50 44 58 52 52 52 58 54 68 70 58 56 50 60 58 46 62 54 44 48 58 74 68 76 58 70 58 54 40 58 52 66 54 50 72 68 62 64 60 52 40 60 68 64 80 86 66 56 62 52 54 80 56 46 48 72 68 50 52 48 52 54 52 48 64 64 70 58 54 58 56 56 70 60 64 64 46 60 42 60 60 60 60 70 56 48 50 64 50 56 50 58 54 48 50 76 72 68 52 46 56 72 58 40 54 58 50 36 46 52 72 50 72 50 52 52 56 50 52 54 44 58 74 40 68 52 60 44 60 60 48 52 48 44 46 42 52 52 50 64 72 54 48 50 58 48 42 64 40 72 52 44 72 50 64 48 84 54 78 44 56 56 44 60 70 56 36 54 70 36 74 48 48 66 58 60 78 58 54 56 46 66 64 56 70 50 48 58 62 48 72 80 50 46 64 44 54 38 66 44 60 56 52 60 76 64 60 42 78 44 52 52 64 52 64 56 68 64 48 44 54 58 48 54 54 62 56 60 58 52 68 82 64 60 58 78 70 78 68 66 58 62 40 52 56 58 38 66 56 60 56 42 62 54 50 46 42 48 68 72 56 42 68 68 48 38 62 52 72 42 40 44 56 58 64 54 54 54 66 46 52 56 50 56 62 58 60 54 72 50 58 52 48 48 54 46 58 46 64 50 68 60 54 42 56 54 64 50 42 62 58 56 60 46 58 54 52 64 56 72 52 44 66 52 66 66 48 46 64 60 54 50 68 74 40 56 50 38 52 58 60 52 52 58 72 62 56 42 52 58 62 66 72 52 56 52 60 48 68 48 42 60 58 40 32 52 68 52 52 50 62 52 60 58 56 62 60 60 66 52 56 56 56 66 50 52 76 62 48 48 60 64 40 60 56 60 60 44 52 52 50 66 54 54 62 52 70 64 52 50 60 48 64 72 78 68 46 52 60 54 64 62 70 62 46 52 48 58 70 30 54 64 46 50 62 74 64 58 66 66 56 60 52 46 68 54 56 66 34 64 52 44 60 44 64 46 54 62 58 52 50 22 16 20 19 20 18 22 16 17 23 15 25 18 22 13 21 13 21 16 19 27 22 19 26 20 17 12 24 18 10 25 23 21 12 17 20 20 14 19 19 14 16 18 27 12 15 19 19 15 20 17 20 15 24 26 26 17 18 12 20 18 19 22 16 18 22 15 16 21 30 13 20 16 15 17 15 14 23 15 14 23 20 15 16 17 13 26 18 24 18 22 17 18 21 14 26 22 11 16 16 16 18 18 18 20 15 16 17 14 14 20 19 21 19 16 16 21 18 21 14 23 18 15 18 14 15 18 17 20 22 19 10 18 22 23 17 14 7 26 21 19 24 24 15 17 14 17 22 13 28 22 16 20 25 22 11 15 23 16 12 23 28 17 15 16 19 21 18 18 17 23 22 14 22 22 22 12 20 15 10 14 15 13 18 25 25 21 20 20 16 13 14 15 9 17 15 20 20 22 27 15 17 19 21 14 21 12 26 23 17 17 31 18 19 15 21 19 17 23 23 20 18 11 20 16 25 16 23 17 20 17 21 22 11 18 15 21 17 16 22 21 20 16 20 16 17 14 16 16 22 19 20 24 17 14 29 22 25 25 16 29 22 28 17 20 21 21 16 24 22 21 17 12 9 15 21 19 18 25 16 17 24 10 16 26 11 20 20 18 20 8 23 23 25 16 25 23 24 20 13 22 20 20 24 15 14 18 15 18 20 18 21 16 17 26 12 27 9 23 20 12 22 20 17 16 18 21 19 13 17 12 21 21 24 19 23 23 20 24 17 11 16 14 13 19 20 15 26 24 15 25 19 16 10 23 15 24 18 14 19 13 18 22 20 22 21 25 20 15 23 16 10 25 23 12 24 16 17 31 12 16 21 11 25 23 17 15 17 17 13 24 20 14 20 15 16 10 21 17 19 12 17 24 11 14 17 19 29 19 17 21 21 20 15 24 20 10 23 17 21 15 28 18 15 20 20 24 19 22 16 18 17 16 17 21 14 18 15 23 13 17 14 18 24 21 7 21 16 21 16 13 21 15 26 19 22 22 19 11 21 21 24 9 7 13 25 15 22 23 20 17 15 16 25 17 18 21 22 27 20 13 21 20 24 18 23 16 16 18 24 23 29 21 16 28 15 23 11 22 16 21 17 19 8 17 18 19 15 21 18 15 15 17 15 18 21 15 13 30 18 21 18 13 23 11 13 16 19 13 22 20 7 19 17 13 17 22 21 16 19 18 10 21 14 13 14 11 15 21 19 21 23 30 17 17 12 12 17 14 12 17 27 14 23 26 16 24 24 16 18 16 21 18 17 17 23 21 20 14 17 20 13 22 15 16 25 21 16 28 22 19 17 15 15 18 18 20 17 19 13 17 15 19 23 14 20 20 15 16 13 18 20 13 22 25 15 23 11 19 17 9 13 13 22 14 20 9 18 27 23 14 20 22 20 22 22 21 24 21 14 18 19 24 16 19 20 26 15 22 24 21 20 19 19 17 18 20 12 15 18 21 26 24 27 22 18 20 14 19 22 18 19 18 19 15 19 18 23 13 13 14 23 20 12 17 13 20 23 25 12 16 21 21 19 23 18 20 19 30 18 15 16 22 15 20 19 22 18 25 19 16 12 24 18 17 10 21 16 22 14 23 27 23 12 22 23 21 22 20 22 23 24 23 23 18 17 23 9 27 25 19 19 18 24 19 8 19 19 18 19 15 15 10 22 17 20 21 15 11 25 16 16 23 12 17 21 20 27 11 19 13 18 19 15 22 13 20 15 18 28 21 23 17 22 12 8 15 13 21 16 27 14 11 18 16 20 21 21 20 13 14 22 24 26 16 22 12 25 13 24 24 14 19 15 16 29 25 16 15 23 11 14 21 20 18 16 18 17 8 16 18 12 19 16 17 16 17 26 19 21 16 26 16 23 7 12 14 17 16 18 14 22 29 21 11 7 22 21 14 16 19 15 21 18 4 13 22 15 17 22 18 19 23 15 21 10 19 9 19 20 21 17 15 15 16 19 11 15 21 22 24 17 24 21 25 10 25 19 12 26 20 21 18 19 18 20 17 19 17 20 18 18 29 25 21 26 23 21 22 14 11 16 14 23 20 22 15 22 22 15 23 15 14 18 21 21 13 24 10 22 21 23 13 17 17 19 20 24 13 22 18 17 14 10 8 14 21 24 22 29 22 18 20 28 20 12 20 17 14 19 19 11 24 25 20 15 20 16 23 20 21 23 17 17 21 15 15 12 28 21 24 26 19 28 17 15 19 20 19 13 16 27 16 23 19 15 14 18 17 13 14 8 14 15 21 19 16 8 17 18 24 15 20 19 25 14 17 19 17 18 10 13 22 22 17 24 20 20 16 19 20 28 17 21 20 18 12 21 11 15 20 19 32 18 15 20 22 13 27 23 19 17 12 18 21 29 26 29 17 13 27 14 19 16 16 18 13 10 13 18 19 23 12 17 17 21 19 22 20 12 15 25 14 14 22 21 15 21 15 13 19 17 28 16 21 17 15 22 22 22 24 24 20 14 18 16 17 15 21 27 18 15 22 23 12 21 17 22 17 16 23 17 22 19 26 17 21 17 16 18 25 9 20 12 20 18 20 20 20 20 18 17 19 20 21 30 21 24 11 11 25 16 16 19 17 24 19 18 25 22 17 17 20 20 12 16 18 16 13 19 17 14 8 14 17 19 21 19 24 21 13 18 17 17 24 17 26 15 18 13 17 26 19 22 19 25 21 12 19 19 23 22 21 26 26 18 11 25 17 20 13 17 14 18 26 19 17 24 21 11 26 17 25 10 20 18 26 21 21 18 16 25 10 18 19 22 23 21 10 19 24 12 17 26 23 22 16 20 16 20 20 20 17 18 15 23 16 21 15 21 20 24 16 26 15 14 20 13 18 16 23 23 14 22 24 24 14 11 18 23 24 10 25 19 19 18 25 20 12 19 25 28 19 26 18 15 12 18 19 19 17 19 19 25 13 11 20 15 14 12 24 16 21 20 22 23 18 11 17 18 19 22 16 8 19 15 26 17 18 17 15 19 17 17 21 15 17 21 31 12 27 22 16 12 16 24 21 18 18 16 22 13 16 20 15 15 22 15 26 23 22 16 13 18 13 24 13 17 16 19 16 27 19 23 19 13 17 18 24 19 23 19 24 17 21 26 21 18 22 14 20 23 22 21 20 26 17 15 15 22 18 13 17 23 15 14 22 20 23 15 17 15 20 18 23 22 19 23 17 14 23 15 12 25 24 22 24 21 14 18 20 21 20 17 15 16 11 22 26 16 29 20 20 15 13 16 26 15 29 26 22 15 15 9 15 15 13 22 24 17 17 19 22 12 18 21 22 21 12 10 21 17 18 26 24 13 16 17 19 25 17 10 18 12 13 26 24 16 25 18 22 17 21 19 16 21 17 24 17 19 16 17 23 19 20 17 16 16 19 11 10 23 9 29 21 11 19 16 11 15 19 21 24 11 17 27 25 19 22 19 15 24 17 20 16 18 18 18 15 23 16 19 17 22 18 18 19 22 16 19 15 15 18 19 19 21 25 13 21 17 19 15 26 16 20 19 23 22 19 17 19 21 21 25 20 13 23 19 22 14 22 27 20 20 13 20 16 19 19 25 20 18 19 11 14 14 17 22 16 18 21 18 26 11 21 20 23 21 16 16 20 21 17 18 21 21 18 23 25 20 19 13 20 5 17 21 22 22 15 22 13 9 18 14 19 17 18 16 11 16 17 29 12 21 21 16 23 23 16 20 27 12 23 22 28 26 19 11 20 20 20 22 28 15 24 19 22 16 27 17 26 20 17 12 22 17 17 14 13 16 15 13 18 16 17 19 13 24 15 14 23 22 16 10 21 15 14 15 14 23 25 13 23 22 19 21 12 18 13 14 16 21 15 20 19 27 20 25 20 23 23 12 22 27 21 20 22 19 18 19 23 20 13 27 15 15 24 18 14 18 15 25 28 18 16 18 20 9 10 15 26 23 14 19 15 26 20 22 14 15 14 14 23 14 15 26 20 21 18 12 20 19 19 22 23 17 18 10 25 16 11 18 12 13 14 20 14 23 17 27 29 9 16 7 10 19 23 13 20 18 13 19 19 16 16 17 13 20 23 19 15 11 24 19 25 22 26 13 17 12 19 19 17 19 17 19 15 14 12 20 21 11 30 19 23 19 22 26 19 16 17 18 14 20 16 25 14 16 10 22 10 15 20 20 21 22 24 16 18 9 15 16 16 20 25 14 14 19 29 21 26 25 15 18 13 20 13 12 27 17 17 18 16 18 12 23 20 15 20 27 15 25 17 19 18 22 11 19 12 31 19 16 17 21 23 23 20 20 19 15 16 14 17 22 19 23 25 23 21 16 22 20 13 17 11 16 24 16 25 9 17 17 20 23 16 15 17 20 21 20 17 19 12 21 18 22 16 22 26 16 15 17 26 18 19 22 19 21 16 13 22 20 16 20 18 14 19 23 19 18 24 22 19 20 20 22 17 23 16 14 22 19 16 17 23 17 14 16 20 24 15 23 15 14 19 20 18 16 31 15 16 20 21 16 19 13 20 24 18 22 22 18 17 27 14 20 16 14 20 20 10 29 17 18 13 22 15 30 22 20 13 15 15 15 16 15 23 20 18 19 16 20 22 22 21 19 22 22 14 18 24 16 17 15 22 13 25 20 14 16 12 16 19 19 24 15 24 26 14 23 16 19 18 17 22 25 16 12 16 22 15 18 19 24 22 17 25 19 18 18 11 21 21 19 32 19 16 17 22 18 14 21 13 11 18 14 19 22 25 23 15 17 11 15 14 20 21 18 18 25 16 22 21 12 19 12 23 20 20 16 13 12 9 19 22 16 13 20 20 17 15 25 19 14 7 23 15 17 33 25 24 13 14 23 15 15 22 16 23 23 18 25 22 14 20 16 28 16 16 14 18 26 22 17 29 16 19 25 22 18 18 17 17 19 14 16 19 21 22 17 19 20 22 21 18 7 15 28 16 24 18 11 15 22 16 29 17 20 17 18 28 22 21 14 21 18 21 25 21 15 18 17 18 13 16 22 19 9 19 20 15 23 13 15 12 16 26 17 22 22 13 22 16 26 18 18 20 27 11 9 18 23 15 16 29 16 22 24 17 21 17 12 18 21 22 11 20 15 19 19 22 16 24 14 22 16 11 26 20 21 20 20 17 19 21 23 18 15 16 22 20 26 25 13 21 23 17 22 19 23 16 12 23 12 14 16 14 20 17 14 11 23 14 16 22 25 12 18 16 20 27 14 16 17 25 16 20 18 22 19 18 13 22 26 20 16 15 11 12 25 21 23 15 14 17 29 15 18 18 22 16 23 15 19 25 19 22 16 20 9 18 18 19 21 26 17 16 22 15 14 18 15 19 16 25 13 20 22 11 17 16 20 12 9 16 20 25 26 26 23 21 22 22 25 17 21 19 17 12 28 21 16 16 24 16 13 21 17 16 10 25 17 13 22 17 16 21 19 13 18 20 21 14 19 23 18 27 16 8 24 9 19 24 19 16 21 27 16 13 22 19 22 18 17 11 12 15 13 13 16 14 22 16 17 29 18 16 20 16 16 13 24 22 15 19 18 20 23 12 25 18 20 9 21 15 17 20 14 20 18 13 16 15 14 24 22 16 10 12 24 23 22 20 16 10 23 27 20 15 21 18 14 28 14 21 18 13 23 24 13 18 15 16 19 17 20 22 19 24 22 13 21 19 18 23 17 23 21 15 14 20 20 28 23 18 11 20 15 11 15 26 19 17 19 18 19 19 22 17 17 20 22 25 22 16 19 20 12 15 19 15 25 13 19 18 24 22 11 19 24 18 16 20 21 28 14 15 20 15 19 15 26 27 18 23 12 13 14 16 17 23 25 17 22 15 12 17 18 21 15 26 17 12 19 14 17 22 15 23 27 14 11 22 16 20 20 21 21 24 24 22 17 19 17 23 22 19 14 18 19 25 24 22 15 16 21 15 11 27 18 17 23 14 14 20 23 22 11 19 20 16 16 22 19 18 17 18 13 22 28 17 20 17 17 18 17 14 24 24 16 15 22 21 9 28 22 25 13 23 20 26 10 27 17 22 15 16 12 22 20 15 13 12 17 12 14 20 17 22 20 21 23 14 25 18 21 20 23 23 20 22 21 13 19 19 12 13 19 21 25 18 23 17 23 23 12 16 17 21 20 15 13 24 20 17 12 16 23 20 20 21 18 22 14 20 23 18 27 14 16 20 15 21 14 17 22 16 8 21 23 18 24 20 12 15 29 26 23 8 23 21 21 22 22 17 14 21 25 16 22 24 25 16 10 11 11 33 19 27 19 20 17 14 15 24 17 18 18 19 16 25 17 14 18 14 18 26 15 17 15 18 14 22 22 17 19 19 19 10 19 16 14 13 20 27 21 13 17 29 12 21 22 17 15 26 16 19 21 16 10 19 20 16 18 17 11 11 18 17 19 18 17 24 18 21 22 19 14 17 12 19 16 17 17 19 14 12 18 19 20 28 24 18 20 18 18 20 25 14 17 25 17 13 16 17 19 21 17 21 19 15 16 19 19 18 19 17 17 18 18 24 14 23 27 17 14 19 20 21 19 19 20 16 24 19 27 22 13 16 18 25 14 20 16 15 21 21 20 16 19 19 22 19 22 14 15 28 22 19 25 17 13 18 18 21 22 24 19 18 19 16 27 20 23 20 16 19 21 26 21 14 22 23 12 13 20 19 12 13 18 14 30 22 20 11 20 18 19 21 22 18 17 14 15 18 20 19 21 23 18 27 21 13 16 16 28 19 19 16 20 13 23 16 9 19 13 22 16 16 18 16 19 17 20 18 25 11 26 19 19 16 17 23 21 22 20 19 21 14 20 20 26 15 21 14 23 19 24 22 17 30 24 18 25 15 14 12 19 9 14 14 26 15 18 12 22 18 23 21 15 20 29 13 15 18 14 20 15 15 19 22 23 21 21 23 16 13 12 19 16 21 18 20 18 22 16 23 26 21 10 23 16 16 23 11 19 13 15 19 21 22 20 16 19 18 16 18 22 15 18 20 20 17 24 19 20 20 16 16 15 22 17 31 13 24 22 20 17 26 16 11 18 11 21 27 19 18 18 20 10 15 19 21 13 19 17 17 19 16 17 21 14 22 13 20 25 24 18 18 17 22 20 20 20 13 26 24 15 13 16 18 27 20 22 14 24 17 15 17 16 21 19 14 19 19 18 17 18 27 30 25 16 27 17 18 16 21 20 15 15 22 15 16 18 20 11 23 16 20 16 14 9 23 23 20 19 21 19 14 14 21 24 23 17 17 25 20 18 14 18 17 13 19 21 16 27 17 19 26 12 29 20 20 21 24 15 16 16 25 19 20 22 21 22 21 9 19 20 19 16 20 17 16 13 13 24 17 16 29 7 21 20 13 19 19 13 24 16 14 10 12 21 19 24 23 11 23 23 26 24 14 13 17 21 18 29 20 22 18 20 16 17 18 22 12 18 29 21 16 16 13 23 16 10 20 13 13 25 23 19 20 20 13 16 17 27 22 16 21 12 13 9 15 14 12 20 20 22 11 12 17 21 21 27 22 11 13 7 14 22 12 25 18 24 18 17 19 17 17 10 22 19 22 19 25 20 17 15 22 13 18 21 18 21 23 17 26 24 21 12 22 33 20 18 32 24 16 17 19 21 24 16 21 21 22 18 15 16 22 16 12 19 22 15 16 22 18 27 16 12 26 23 12 26 17 25 19 15 21 29 22 17 15 16 26 26 26 12 15 27 11 25 18 14 21 19 23 9 19 15 17 17 23 20 20 18 27 20 12 20 18 19 18 22 12 20 14 21 14 12 22 18 19 16 27 18 14 23 21 22 12 19 19 22 15 17 27 12 24 21 24 17 18 24 24 13 30 25 18 17 16 21 18 15 18 14 19 19 16 10 13 23 22 23 15 20 20 11 29 19 17 14 16 16 21 15 21 23 17 17 21 12 16 22 23 21 25 16 23 21 25 18 17 11 27 13 11 21 24 17 14 16 22 14 20 24 22 16 21 18 20 15 14 24 11 21 21 17 8 17 12 18 17 15 31 20 22 22 18 16 12 23 12 20 25 26 14 12 19 14 16 22 24 22 23 17 28 24 16 23 15 18 18 20 17 24 23 14 18 22 18 23 24 16 14 15 25 25 26 20 25 14 19 18 18 15 16 19 21 23 23 23 16 18 21 13 16 19 18 22 14 25 16 19 24 18 12 21 11 15 15 12 15 17 15 25 14 18 18 21 18 18 25 17 11 24 23 20 13 15 19 31 15 18 17 18 12 22 14 15 21 22 13 24 23 13 26 17 25 26 21 12 26 20 9 16 18 17 26 21 17 16 18 15 16 22 13 27 15 18 15 16 23 18 17 29 16 14 19 15 24 15 23 13 21 19 19 20 15 19 13 19 16 18 15 16 16 22 17 25 19 26 11 17 14 22 17 20 12 26 17 23 23 25 24 20 15 24 16 22 19 14 26 20 19 16 19 20 21 13 21 13 23 12 12 12 14 19 16 13 13 23 21 15 24 9 17 13 15 23 20 25 20 15 24 10 12 25 18 8 10 15 26 19 22 22 20 26 19 13 22 20 19 22 17 23 17 19 24 20 14 17 16 15 10 18 15 13 25 19 11 10 15 11 16 19 20 21 23 23 21 22 27 15 14 18 20 20 18 21 26 22 21 18 20 16 22 22 14 16 17 17 15 19 26 15 19 23 20 21 24 16 14 17 10 17 18 16 19 21 23 27 20 18 16 17 19 24 23 21 22 24 19 19 19 17 15 13 14 15 13 19 21 20 26 24 15 19 16 14 11 20 16 15 15 22 18 14 23 17 16 17 12 24 20 10 14 21 20 24 18 15 19 19 13 15 18 14 18 20 25 22 18 13 18 21 24 18 22 28 20 19 20 18 18 24 16 16 16 16 9 23 27 21 25 17 15 14 20 22 24 23 20 18 13 24 19 16 20 33 16 17 21 26 19 10 17 23 16 16 25 18 15 23 17 13 27 14 22 17 13 16 22 14 24 28 20 16 17 20 21 23 18 17 15 22 22 15 16 15 19 15 15 14 15 23 17 16 13 10 12 15 18 22 17 21 26 18 21 24 22 15 20 18 12 20 19 17 20 20 32 19 18 13 21 20 21 20 23 25 17 18 25 26 23 22 29 10 19 22 18 20 21 14 18 27 17 22 23 17 22 19 13 22 22 26 29 19 25 21 17 16 18 21 21 20 15 20 15 14 17 21 22 15 18 20 9 18 22 19 20 15 23 24 22 25 24 23 18 18 20 20 13 14 23 14 20 12 9 27 14 25 14 23 20 17 17 22 19 19 17 13 18 27 14 16 15 23 15 11 23 22 20 17 5 21 16 14 24 19 23 23 20 15 19 20 15 16 24 12 16 21 21 16 16 15 13 19 18 14 23 13 20 15 21 24 19 26 19 19 24 16 16 20 21 16 21 10 20 19 17 19 24 24 11 26 24 22 18 18 15 17 6 16 17 14 15 10 15 15 9 23 18 26 21 20 21 21 14 15 10 20 26 24 30 12 28 20 32 19 21 15 23 24 34 20 15 27 17 19 22 13 15 21 19 27 26 23 29 24 10 19 26 24 19 18 19 20 22 18 17 13 18 22 20 19 15 14 19 21 24 17 17 31 17 14 16 26 19 24 25 20 20 16 13 27 12 20 20 23 6 20 24 17 23 26 13 16 20 19 23 22 23 17 16 17 12 16 17 17 10 12 22 10 20 11 24 12 15 14 20 28 23 17 21 16 18 21 13 20 23 22 12 25 27 22 17 15 19 22 22 15 26 9 22 19 20 23 29 15 22 21 29 20 19 24 23 11 17 22 31 27 24 26 14 20 18 16 16 17 25 20 21 19 22 15 18 16 21 18 22 13 17 23 20 18 20 15 21 27 21 14 19 17 18 20 32 22 15 19 17 20 21 16 21 22 18 21 17 16 17 18 21 18 17 18 14 17 24 23 13 14 24 17 19 26 21 14 21 26 12 18 18 22 17 18 10 19 15 23 19 29 22 21 21 16 9 19 23 12 20 19 18 16 20 25 16 20 22 25 23 10 12 18 17 15 23 15 20 25 18 16 27 18 13 23 17 21 24 29 22 10 15 16 19 17 24 22 20 16 19 8 19 15 19 16 18 14 22 24 19 13 18 12 18 16 21 23 28 14 18 20 19 20 16 11 19 15 21 13 18 14 19 23 15 18 26 20 17 22 23 20 23 22 20 26 15 18 19 15 12 22 16 15 21 15 15 17 23 28 22 19 14 20 16 13 25 19 11 19 13 16 19 21 16 18 20 23 16 20 15 14 13 19 20 23 18 17 8 22 19 25 18 15 21 13 19 20 22 23 15 21 27 26 18 24 18 19 24 19 28 12 17 15 20 21 18 15 22 18 23 22 21 17 11 19 23 16 14 19 18 14 19 14 19 21 13 26 9 17 25 22 12 15 24 19 25 21 13 14 13 22 20 23 16 16 21 21 10 15 21 10 20 9 12 18 22 25 20 14 28 23 20 22 19 13 16 13 17 12 21 19 11 14 23 21 16 21 15 19 25 10 16 27 17 18 18 21 28 18 18 24 23 21 21 19 19 21 16 18 17 22 16 21 16 21 24 21 17 24 29 18 13 18 22 18 18 23 16 30 21 21 18 22 14 25 16 18 12 17 21 20 19 16 17 18 17 10 21 12 24 11 20 23 19 24 18 20 12 18 11 24 15 16 16 16 17 19 23 15 16 22 23 17 20 21 23 21 15 12 18 11 20 20 17 17 25 22 18 14 13 18 24 16 24 16 20 15 13 15 18 21 17 28 31 18 23 17 20 15 17 12 17 22 20 26 16 24 19 19 6 16 10 26 8 19 22 19 26 20 13 17 6 14 22 21 15 20 16 15 26 20 21 17 18 19 22 21 25 18 16 11 17 12 20 17 25 21 19 22 15 32 22 14 23 20 20 25 21 16 17 22 17 12 19 13 11 19 17 16 12 30 17 21 16 11 28 19 27 21 18 22 17 20 19 19 15 25 16 23 22 29 11 27 18 11 27 27 24 17 26 21 31 21 22 24 22 14 20 19 19 14 14 15 17 17 12 14 17 21 15 16 19 11 21 20 13 15 17 27 18 22 15 20 20 17 22 21 10 19 27 8 17 15 13 18 9 13 19 14 20 18 18 21 25 14 15 18 26 22 15 22 29 20 28 26 19 19 16 22 20 23 16 16 19 12 13 17 23 13 14 21 14 23 20 20 20 28 27 15 21 24 19 14 18 11 19 17 18 17 16 4 26 21 16 25 18 15 15 15 18 23 19 23 25 29 21 17 19 20 22 21 16 12 18 13 24 29 17 14 21 16 25 24 17 14 20 25 19 16 21 19 15 16 19 15 11 15 20 17 14 14 17 23 18 21 23 12 20 11 19 11 16 16 17 19 19 22 20 24 15 24 19 16 10 16 17 22 20 15 30 12 13 19 8 21 19 18 26 22 26 18 12 23 17 23 20 14 21 18 19 16 23 23 15 16 12 22 22 16 21 14 23 17 14 16 17 13 24 15 18 24 17 15 25 18 22 16 19 20 26 13 18 15 24 18 19 20 25 15 25 20 20 16 15 17 26 22 17 13 16 17 21 14 14 7 17 17 16 18 23 16 21 14 15 16 17 6 22 16 18 24 18 21 18 20 27 17 29 17 21 17 20 17 23 19 15 25 14 14 19 16 14 19 28 21 17 16 19 17 19 13 19 13 21 21 28 21 21 14 13 26 18 18 20 12 18 16 26 14 18 16 23 22 16 23 20 12 20 22 16 19 18 15 24 21 24 17 24 17 18 20 20 26 16 19 16 19 24 21 14 19 18 18 18 22 13 26 24 27 8 23 22 22 19 9 17 23 21 17 15 15 12 17 24 22 18 19 16 12 15 24 10 13 18 22 18 19 22 15 21 10 14 13 9 29 22 16 21 23 23 24 17 13 15 17 19 20 15 24 21 11 15 17 24 32 9 8 17 21 14 17 28 21 20 15 19 19 22 18 22 17 18 31 19 28 14 25 14 15 21 25 13 17 18 27 22 22 9 19 10 14 20 14 20 21 19 7 20 21 23 20 15 19 22 20 22 21 11 18 12 17 18 14 21 19 29 8 16 14 20 17 21 26 15 20 18 18 20 23 19 13 10 23 23 13 20 23 16 15 21 17 16 20 16 20 14 30 19 15 15 21 26 21 15 24 27 16 9 23 24 31 17 18 12 23 21 12 20 20 18 29 25 24 16 17 23 26 20 30 26 13 16 17 14 17 25 19 10 20 18 20 16 18 19 12 15 23 21 23 18 24 15 16 17 16 15 19 15 28 15 26 21 16 12 13 19 21 20 15 7 20 14 12 19 18 16 19 30 17 25 19 18 19 25 9 24 16 20 20 25 25 10 24 19 22 22 17 18 15 17 16 18 18 20 20 12 15 18 21 13 19 13 22 15 13 6 22 15 14 14 20 19 23 21 12 16 21 18 23 22 18 21 8 22 22 14 27 23 18 19 12 24 14 28 16 22 22 17 16 22 22 16 18 25 22 22 16 14 14 19 25 17 14 20 21 17 18 27 15 20 18 14 23 23 19 16 20 15 20 21 23 16 16 21 24 23 19 15 29 16 24 19 17 27 21 23 12 12 24 15 22 18 11 24 23 14 18 25 16 20 19 21 16 21 24 23 19 22 14 19 18 21 15 24 20 26 18 12 12 27 22 20 22 14 21 25 23 14 16 23 21 21 17 22 20 11 17 13 11 20 19 16 17 27 18 18 11 20 20 14 20 11 20 20 18 26 20 20 28 21 21 26 19 20 22 19 18 15 20 16 12 23 19 23 19 17 19 14 18 23 9 23 22 19 16 17 19 26 9 18 21 24 14 8 20 6 15 8 13 14 24 22 20 13 20 22 12 11 14 18 26 18 22 15 25 15 16 24 28 21 20 21 22 23 17 5 23 14 19 19 21 25 27 22 16 19 16 22 19 22 19 21 25 26 18 22 20 19 24 11 22 9 22 20 13 22 18 18 18 16 20 19 15 13 15 10 18 18 22 22 19 17 21 34 18 14 19 16 18 21 18 18 12 15 16 20 24 25 19 27 12 16 18 15 22 19 16 21 18 20 19 22 17 19 25 19 18 5 14 22 23 13 12 20 27 20 17 12 18 18 27 12 15 17 23 17 15 28 17 22 16 14 20 23 19 22 19 8 17 19 21 27 15 19 21 20 23 19 17 23 24 22 19 20 16 32 17 21 17 19 27 21 15 23 11 15 17 23 25 27 17 22 27 16 10 12 20 18 22 22 19 16 18 29 18 15 22 16 14 27 15 21 22 17 16 13 16 17 21 24 22 19 20 13 24 12 23 8 19 17 28 9 19 16 22 24 19 19 19 14 12 11 18 15 17 30 16 19 18 15 20 13 18 22 19 12 19 17 18 18 22 17 14 19 17 18 22 17 20 21 24 24 23 8 19 19 21 13 22 20 20 13 23 22 19 27 20 18 15 13 27 20 24 13 15 25 15 13 27 16 17 19 18 11 16 21 15 24 30 10 15 25 14 22 18 18 21 14 22 23 18 14 12 18 11 31 22 18 20 16 15 20 17 17 26 23 13 28 6 19 22 24 23 18 17 20 19 26 22 20 17 17 19 17 15 18 18 14 15 17 21 16 17 15 20 26 18 10 22 17 21 19 19 26 22 17 25 11 12 21 14 24 25 24 18 24 25 16 14 19 23 17 7 21 14 20 22 20 23 15 18 25 18 25 14 14 15 29 20 19 21 11 19 19 22 20 21 15 9 21 23 27 23 15 19 17 12 14 15 17 19 3 15 27 17 18 18 20 13 22 17 17 13 22 18 19 22 18 18 17 18 15 21 22 16 20 20 14 21 15 14 22 18 19 19 22 19 24 15 12 17 16 14 17 21 18 24 9 20 16 17 26 21 20 22 16 16 16 22 18 23 20 21 17 24 17 15 18 23 18 7 16 19 22 24 23 22 14 15 16 20 21 15 18 20 17 17 16 22 25 22 18 14 23 25 18 17 13 23 20 18 17 17 21 21 15 15 15 17 16 19 16 15 18 12 13 15 20 14 18 23 8 16 23 21 19 28 18 22 10 14 17 17 25 25 22 22 21 18 20 22 22 23 19 22 22 20 16 25 19 11 20 17 22 20 15 14 21 17 19 23 23 20 16 20 21 18 22 20 18 13 16 15 13 18 19 23 15 18 29 18 16 20 11 13 12 26 16 15 22 16 16 15 11 9 20 22 21 20 24 16 19 22 18 23 18 21 15 19 21 17 19 26 16 13 11 19 15 17 23 13 19 22 14 21 18 15 14 14 22 12 16 20 21 19 8 15 16 24 19 11 19 19 13 18 21 23 20 17 18 13 22 20 18 20 16 12 12 25 18 16 23 16 19 18 19 16 20 35 17 12 19 13 20 16 18 14 33 28 8 18 21 25 14 17 15 18 12 25 15 22 24 20 21 15 25 24 15 18 13 12 16 13 14 24 19 18 22 18 11 23 23 15 18 20 20 14 13 19 25 13 22 25 17 20 23 16 19 16 23 21 24 20 21 22 20 18 14 19 24 25 24 9 16 26 21 16 18 15 28 13 22 12 15 23 21 18 24 16 23 28 13 19 15 20 20 18 26 15 18 23 18 20 26 20 13 15 19 15 21 18 21 20 26 15 18 21 28 17 12 19 17 17 16 17 19 19 17 10 17 21 23 20 14 19 21 21 22 15 22 22 22 30 15 16 19 22 14 15 10 25 21 18 16 25 23 15 20 21 25 11 15 15 21 12 20 22 16 21 12 14 19 16 6 21 20 16 22 14 21 24 23 15 12 17 29 26 13 20 18 13 18 12 14 21 28 22 16 22 15 27 22 19 23 20 23 14 16 22 20 15 19 23 16 22 23 10 13 18 17 16 25 20 23 18 10 20 17 11 17 26 18 18 17 10 18 12 28 13 20 24 19 13 12 20 10 26 13 18 15 27 16 19 20 18 22 19 24 15 27 17 24 18 24 20 22 31 20 19 19 23 16 13 21 31 24 23 24 21 30 16 20 16 17 18 26 19 26 17 20 15 12 23 22 10 16 18 17 21 19 19 23 22 19 12 19 16 22 15 18 16 25 13 16 15 19 19 22 22 14 18 10 21 17 23 17 15 17 17 12 8 21 15 28 21 18 18 18 13 9 19 14 16 18 23 17 20 23 19 23 19 20 18 24 24 22 27 14 19 19 18 20 27 15 22 28 18 19 18 14 9 11 25 21 13 23 19 25 16 21 19 21 17 17 20 21 16 17 24 15 23 22 21 10 22 16 16 24 20 18 13 25 24 16 18 14 20 20 16 16 19 15 25 24 26 16 7 22 13 16 17 28 20 13 16 25 25 22 24 16 22 22 23 16 24 24 16 21 20 18 17 19 17 16 21 24 19 23 19 23 12 17 12 16 27 11 20 15 7 23 10 18 24 11 16 14 19 19 23 19 17 13 20 29 18 16 25 23 17 18 10 21 21 23 20 19 17 16 16 13 11 8 17 26 18 18 21 14 17 31 16 27 22 11 19 23 28 20 17 17 12 21 19 9 13 20 19 14 14 21 14 9 15 7 9 14 27 16 19 21 25 9 22 17 27 18 25 26 14 21 29 20 19 17 19 18 22 16 26 20 22 19 11 16 11 28 18 14 20 13 16 17 26 23 19 22 12 22 18 18 22 11 13 17 18 18 15 13 19 20 20 25 17 18 23 19 21 27 28 19 13 26 21 14 20 11 10 19 17 19 9 20 29 17 18 25 16 13 21 17 14 26 21 23 21 11 17 23 21 18 16 27 14 14 21 17 19 13 19 24 16 21 14 22 19 17 17 15 18 22 18 18 24 24 17 15 24 18 23 18 17 22 8 13 17 18 16 19 17 11 23 24 24 25 15 16 12 18 27 18 12 17 20 23 18 24 6 24 16 18 22 12 16 22 19 21 24 11 12 19 21 26 11 10 25 8 32 23 14 33 14 12 23 17 19 17 13 13 18 25 26 17 21 20 18 19 12 16 19 21 24 14 17 22 14 21 27 10 12 16 18 16 25 19 20 17 20 17 20 21 14 19 15 15 12 27 13 20 19 17 29 21 25 12 19 17 21 26 15 15 17 17 22 14 24 18 14 19 15 18 21 24 26 17 14 26 13 12 16 20 18 23 16 17 14 20 29 14 19 19 12 23 17 17 23 17 11 19 24 20 14 27 26 18 14 22 20 18 12 19 22 13 33 22 19 17 20 14 16 18 25 19 17 16 18 21 21 18 17 18 17 20 15 15 27 26 11 18 20 15 18 17 12 13 16 23 22 21 22 27 12 18 21 13 14 17 11 14 25 23 26 26 20 15 17 20 18 22 25 11 12 18 12 15 14 18 25 20 17 24 9 17 17 18 17 25 20 16 17 16 21 16 19 19 25 15 17 20 17 17 20 15 23 14 15 22 22 24 17 15 23 27 17 16 18 15 23 18 22 18 14 19 25 18 21 20 23 17 19 13 18 19 24 20 15 28 21 17 20 17 16 16 23 25 21 16 15 13 20 20 17 24 15 22 18 18 19 22 20 20 21 22 26 18 25 19 16 18 19 21 22 17 17 16 19 15 16 20 26 22 21 23 28 11 13 26 20 18 23 15 15 29 13 17 12 16 14 19 12 19 10 18 20 20 16 21 17 15 16 12 13 18 17 26 19 27 19 19 22 9 14 28 23 18 16 20 20 25 24 16 17 15 24 13 16 13 20 13 25 19 17 13 14 18 18 14 15 11 21 18 20 20 17 16 21 18 20 21 18 22 21 20 20 17 20 13 12 25 24 8 17 24 20 27 31 14 20 17 22 22 13 23 20 23 16 26 21 18 21 15 14 21 15 18 13 15 21 21 14 23 23 22 16 23 20 16 19 25 24 14 22 20 20 15 21 17 22 18 22 21 19 15 20 18 19 18 24 23 15 21 26 13 9 16 19 19 21 18 29 19 27 12 17 19 14 20 14 13 16 20 17 25 10 20 19 18 29 19 22 23 12 16 21 22 15 25 22 20 15 18 12 15 19 16 27 18 15 8 21 17 14 18 18 19 20 13 13 20 16 25 17 13 25 19 18 26 19 14 17 23 24 18 24 14 15 20 20 16 21 20 17 20 25 15 9 18 13 27 23 15 16 17 16 23 20 24 17 15 21 21 8 13 29 20 14 18 23 19 15 20 20 21 8 16 20 19 22 26 12 22 19 12 17 19 19 17 15 14 18 16 15 20 19 20 17 16 16 30 22 9 18 17 27 11 26 17 24 11 19 21 22 22 29 16 19 22 17 17 17 20 27 11 20 20 22 17 17 20 26 22 25 11 15 20 19 21 21 21 27 19 12 22 12 15 19 13 16 17 13 22 21 22 17 19 17 16 14 19 13 21 19 19 24 11 25 17 25 14 18 18 17 16 24 15 18 18 13 23 16 14 15 17 24 19 19 13 19 17 19 21 13 17 18 19 18 22 18 18 16 23 14 14 16 20 16 25 19 13 15 19 12 13 18 21 22 21 18 15 15 23 27 15 16 23 18 25 26 25 18 25 17 23 18 16 26 18 17 15 17 21 17 17 25 12 29 18 28 12 20 19 23 17 13 20 19 18 18 20 21 18 19 20 22 21 19 19 17 15 15 19 26 18 20 15 15 20 26 20 22 16 15 32 24 17 28 11 23 24 22 11 21 19 17 22 11 24 20 14 28 17 25 18 14 19 13 20 12 26 20 23 16 21 21 22 19 27 20 18 17 17 17 16 23 21 23 18 18 19 23 22 12 24 20 16 16 25 17 15 21 23 16 16 21 14 20 8 17 17 24 16 24 17 19 17 15 23 18 26 27 16 15 13 19 13 9 17 11 26 13 26 16 22 17 16 14 19 17 10 22 18 15 21 22 19 19 16 17 12 16 23 27 18 19 22 19 24 21 13 25 14 19 25 16 22 20 18 20 21 22 20 22 19 23 17 21 17 16 23 15 12 14 26 14 14 10 20 14 16 23 22 20 16 15 24 18 16 20 16 22 20 21 20 24 15 16 8 12 13 14 20 18 23 15 25 13 23 26 11 19 18 16 11 20 24 19 25 16 20 12 22 17 17 15 17 22 20 25 22 18 17 16 14 22 19 15 27 19 15 21 16 17 15 20 23 15 17 14 21 19 14 23 27 24 21 12 21 22 21 17 18 6 17 8 19 18 24 26 25 20 20 23 17 21 14 12 19 11 20 7 17 21 15 18 18 16 15 19 16 13 17 14 18 16 19 22 15 22 23 9 28 21 23 19 31 10 17 21 28 17 22 22 29 20 14 13 17 13 18 19 21 25 15 16 20 13 17 24 23 25 18 23 15 16 18 18 24 17 21 16 21 28 22 19 24 15 17 15 16 23 20 23 15 22 23 17 12 19 8 22 19 13 16 22 19 16 14 20 17 22 22 20 16 13 14 17 23 17 9 17 22 10 23 17 10 19 17 25 20 16 22 17 18 22 23 21 20 22 25 20 24 16 18 22 18 21 28 23 14 13 13 22 18 17 16 16 7 16 15 15 23 21 19 31 18 23 25 14 16 15 16 16 19 22 18 10 10 20 25 24 19 22 20 17 13 20 19 20 18 14 19 16 21 17 13 15 16 9 22 23 17 20 9 23 18 19 14 24 22 13 21 11 20 15 17 21 14 24 15 25 23 11 16 20 15 15 24 20 10 16 28 14 25 19 17 22 24 18 16 19 23 11 16 21 0 0 0 0 0 0 0 0 0 0 0 0 0 0 0 0 0 0 0 0 0 0 0 0 0 0 0 0 0 0 0 0 0 0 0 0 0 0 0 0 0 0 0 0 0 0 0 0 0 0 0 0 0 0 0 0 0 0 0 0 0 0 0 0 0 0 0 0 0 0 0 0 0 0 0 0 0 0 0 0 0 0 0 0 0 0 0 0 0 0 0 0 0 0 0 0 0 0 0 0 0 0 0 0 0 0 0 0 0 0 0 0 0 0 0 0 0 0 0 0 0 0 0 0 0 0 0 0 0 0 0 0 0 0 0 0 0 0 0 0 0 0 0 0 0 0 0 0 0 0 0 0 0 0 0 0 0 0 0 0 0 0 0 0 0 0 0 0 0 0 0 0 0 0 0 0 0 0 0 0 0 0 0 0 0 0 0 0 0 0 0 0 0 0 0 0 0 0 0 0 0 0 0 0 0 0 0 0 0 0 0 0 0 0 0 0 0 0 0 0 0 0 0 0 0 0 0 0 0 0 0 0 0 0 0 0 0 0 0 0 0 0 0 0 0 0 0 0 0 0 0 0 0 0 0 0 0 0 0 0 0 0 0 0 0 0 0 0 0 0 0 0 0 0 0 0 0 0 0 0 0 0 0 0 0 0 0 0 0 0 0 0 0 0 0 0 0 0 0 0 0 0 0 0 0 0 0 0 0 0 0 0 0 0 0 0 0 0 0 0 0 0 0 0 0 0 0 0 0 0 0 0 0 0 0 0 0 0 0 0 0 0 0 0 0 0 0 0 0 0 0 0 0 0 0 0 0 0 0 0 0 0 0 0 0 0 0 0 0 0 0 0 0 0 0 0 0 0 0 0 0 0 0 0 0 0 0 0 0 0 0 0 0 0 0 0 0 0 0 0 0 0 0 0 0 0 0 0 0 0 0 0 0 0 0 0 0 0 0 0 0 0 0 0 0 0 0 0 0 0 0 0 0 0 0 0 0 0 0 0 0 0 0 0 0 0 0 0 0 0 0 0 0 0 0 0 0 0 0 0 0 0 0 0 0 0 0 0 0 0 0 0 0 0 0 0 0 0 0 0 0 0 0 0 0 0 0 0 0 0 0 0 0 0 0 0 0 0 0 0 0 0 0 0 0 0 0 0 0 0 0 0 0 0 0 0 0 0 0 0 0 0 0 0 0 0 0 0 0 0 0 0 0 0 0 0 0 0 0 0 0 0 0 0 0 0 0 0 0 0 0 0 0 0 0 0 0 0 0 0 0 0 0 0 0 0 0 0 0 0 0 0 0 0 0 0 0 0 0 0 0 0 0 0 0 0 0 0 0 0 0 0 0 0 0 0 0 0 0 0 0 0 0 0 0 0 0 0 0 0 0 0 0 0 0 0 0 0 0 0 0 0 0 0 0 0 0 0 0 0 0 0 0 0 0 0 0 0 0 0 0 0 0 0 0 0 0 0 0 0 0 0 0 0 0 0 0 0 0 0 0 0 0 0 0 0 0 0 0 0 0 0 0 0 0 0 0 0 0 0 0 0 0 0 0 0 0 0 0 0 0 0 0 0 0 0 0 0 0 0 0 0 0 0 0 0 0 0 0 0 0 0 0 0 0 0 0 0 0 0 0 0 0 0 0 0 0 0 0 0 0 0 0 0 0 0 0 0 0 0 0 0 0 0 0 0 0 0 0 0 0 0 0 0 0 0 0 0 0 0 0 0 0 0 0 0 0 0 0 0 0 0 0 0 0 0 0 0 0 0 0 0 0 0 0 0 0 0 0 0 0 0 0 0 0 0 0 0 0 0 0 0 0 0 0 0 0 0 0 0 0 0 0 0 0 0 0 0 0 0 0 0 0 0 0 0 0 0 0 0 0 0 0 0 0 0 0 0 0 0 0 0 0 0 0 0 0 0 0 0 0 0 0 0 0 0 0 0 0 0 0 0 0 0 0 0 0 0 0 0 0 0 0 0 0 0 0 0 0 0 0 0 0 0 0 0 0 0 0 0 0 0 0 0 0 0 0 0 0 0 0 0 0 0 0 0 0 0 0 0 0 0 0 0 0 0 0 0 0 0 0 0 0 0 0 0 0 0 0 0 0 0 0 0 0 0 0 0 0 0 0 0 0 0 0 0 0 0 0 0 0 0 0 0 0 0 0 0 0 0 0 0 0 0 0 0 0 0 0 0 0 0 0 0 0 0 0 0 0 0 0 0 0 0 0 0 0 0 0 0 0 0 0 0 0 0 0 0 0 0 0 0 0 0 0 0 0 0 0 0 0 0 0 0 0 0 0 0 0 0 0 0 0 0 0 0 0 0 0 0 0 0 0 0 0 0 0 0 0 0 0 0 0 0 0 0 0 0 0 0 0 0 0 0 0 0 0 0 0 0 0 0 0 0 0 0 0 0 0 0 0 0 0 0 0 0 0 0 0 0 0 0 0 0 0 0 0 0 0 0 0 0 0 0 0 0 0 0 0 0 0 0 0 0 0 0 0 0 0 0 0 0 0 0 0 0 0 0 0 0 0 0 0 0 0 0 0 0 0 0 0 0 0 0 0 0 0 0 0 0 0 0 0 0 0 0 0 0 0 0 0 0 0 0 0 0 0 0 0 0 0 0 0 0 0 0 0 0 0 0 0 0 0 0 0 0 0 0 0 0 0 0 0 0 0 0 0 0 0 0 0 0 0 0 0 0 0 0 0 0 0 0 0 0 0 0 0 0 0 0 0 0 0 0 0 0 0 0 0 0 0 0 0 0 0 0 0 0 0 0 0 0 0 0 0 0 0 0 0 0 0 0 0 0 0 0 0 0 0 0 0 0 0 0 0 0 0 0 0 0 0 0 0 0 0 0 0 0 0 0 0 0 0 0 0 0 0 0 0 0 0 0 0 0 0 0 0 0 0 0 0 0 0 0 0 0 0 0 0 0 0 0 0 0 0 0 0 0 0 0 0 0 0 0 0 0 0 0 0 0 0 0 0 0 0 0 0 0 0 0 0 0 0 0 0 0 0 0 0 0 0 0 0 0 0 0 0 0 0 0 0 0 0 0 0 0 0 0 0 0 0 0 0 0 0 0 0 0 0 0 0 0 0 0 0 0 0 0 0 0 0 0 0 0 0 0 0 0 0 0 0 0 0 0 0 0 0 0 0 0 0 0 0 0 0 0 0 0 0 0 0 0 0 0 0 0 0 0 0 0 0 0 0 0 0 0 0 0 0 0 0 0 0 0 0 0 0 0 0 0 0 0 0 0 0 0 0 0 0 0 0 0 0 0 0 0 0 0 0 0 0 0 0 0 0 0 0 0 0 0 0 0 0 0 0 0 0 0 0 0 0 0 0 0 0 0 0 0 0 0 0 0 0 0 0 0 0 0 0 0 0 0 0 0 0 0 0 0 0 0 0 0 0 0 0 0 0 0 0 0 0 0 0 0 0 0 0 0 0 0 0 0 0 0 0 0 0 0 0 0 0 0 0 0 0 0 0 0 0 0 0 0 0 0 0 0 0 0 0 0 0 0 0 0 0 0 0 0 0 0 0 0 0 0 0 0 0 0 0 0 0 0 0 0 0 0 0 0 0 0 0 0 0 0 0 0 0 0 0 0 0 0 0 0 0 0 0 0 0 0 0 0 0 0 0 0 0 0 0 0 0 0 0 0 0 0 0 0 0 0 0 0 0 0 0 0 0 0 0 0 0 0 0 0 0 0 0 0 0 0 0 0 0 0 0 0 0 0 0 0 0 0 0 0 0 0 0 0 0 0 0 0 0 0 0 0 0 0 0 0 0 0 0 0 0 0 0 0 0 0 0 0 0 0 0 0 0 0 0 0 0 0 0 0 0 0 0 0 0 0 0 0 0 0 0 0 0 0 0 0 0 0 0 0 0 0 0 0 0 0 0 0 0 0 0 0 0 0 0 0 0 0 0 0 0 0 0 0 0 0 0 0 0 0 0 0 0 0 0 0 0 0 0 0 0 0 0 0 0 0 0 0 0 0 0 0 0 0 0 0 0 0 0 0 0 0 0 0 0 0 0 0 0 0 0 0 0 0 0 0 0 0 0 0 0 0 0 0 0 0 0 0 0 0 0 0 0 0 0 0 0 0 0 0 0 0 0 0 0 0 0 0 0 0 0 0 0 0 0 0 0 0 0 0 0 0 0 0 0 0 0 0 0 0 0 0 0 0 0 0 0 0 0 0 0 0 0 0 0 0 0 0 0 0 0 0 0 0 0 0 0 0 0 0 0 0 0 0 0 0 0 0 0 0 0 0 0 0 0 0 0 0 0 0 0 0 0 0 0 0 0 0 0 0 0 0 0 0 0 0 0 0 0 0 0 0 0 0 0 0 0 0 0 0 0 0 0 0 0 0 0 0 0 0 0 0 0 0 0 0 0 0 0 0 0 0 0 0 0 0 0 0 0 0 0 0 0 0 0 0 0 0 0 0 0 0 0 0 0 0 0 0 0 0 0 0 0 0 0 0 0 0 0 0 0 0 0 0 0 0 0 0 0 0 0 0 0 0 0 0 0 0 0 0 0 0 0 0 0 0 0 0 0 0 0 0 0 0 0 0 0 0 0 0 0 0 0 0 0 0 0 0 0 0 0 0 0 0 0 0 0 0 0 0 0 0 0 0 0 0 0 0 0 0 0 0 0 0 0 0 0 0 0 0 0 0 0 0 0 0 0 0 0 0 0 0 0 0 0 0 0 0 0 0 0 0 0 0 0 0 0 0 0 0 0 0 0 0 0 0 0 0 0 0 0 0 0 0 0 0 0 0 0 0 0 0 0 0 0 0 0 0 0 0 0 0 0 0 0 0 0 0 0 0 0 0 0 0 0 0 0 0 0 0 0 0 0 0 0 0 0 0 0 0 0 0 0 0 0 0 0 0 0 0 0 0 0 0 0 0 0 0 0 0 0 0 0 0 0 0 0 0 0 0 0 0 0 0 0 0 0 0 0 0 0 0 0 0 0 0 0 0 0 0 0 0 0 0 0 0 0 0 0 0 0 0 0 0 0 0 0 0 0 0 0 0 0 0 0 0 0 0 0 0 0 0 0 0 0 0 0 0 0 0 0 0 0 0 0 0 0 0 0 0 0 0 0 0 0 0 0 0 0 0 0 0 0 0 0 0 0 0 0 0 0 0 0 0 0 0 0 0 0 0 0 0 0 0 0 0 0 0 0 0 0 0 0 0 0 0 0 0 0 0 0 0 0 0 0 0 0 0 0 0 0 0 0 0 0 0 0 0 0 0 0 0 0 0 0 0 0 0 0 0 0 0 0 0 0 0 0 0 0 0 0 0 0 0 0 0 0 0 0 0 0 0 0 0 0 0 0 0 0 0 0 0 0 0 0 0 0 0 0 0 0 0 0 0 0 0 0 0 0 0 0 0 0 0 0 0 0 0 0 0 0 0 0 0 0 0 0 0 0 0 0 0 0 0 0 0 0 0 0 0 0 0 0 0 0 0 0 0 0 0 0 0 0 0 0 0 0 0 0 0 0 0 0 0 0 0 0 0 0 0 0 0 0 0 0 0 0 0 0 0 0 0 0 0 0 0 0 0 0 0 0 0 0 0 0 0 0 0 0 0 0 0 0 0 0 0 0 0 0 0 0 0 0 0 0 0 0 0 0 0 0 0 0 0 0 0 0 0 0 0 0 0 0 0 0 0 0 0 0 0 0 0 0 0 0 0 0 0 0 0 0 0 0 0 0 0 0 0 0 0 0 0 0 0 0 0 0 0 0 0 0 0 0 0 0 0 0 0 0 0 0 0 0 0 0 0 0 0 0 0 0 0 0 0 0 0 0 0 0 0 0 0 0 0 0 0 0 0 0 0 0 0 0 0 0 0 0 0 0 0 0 0 0 0 0 0 0 0 0 0 0 0 0 0 0 0 0 0 0 0 0 0 0 0 0 0 0 0 0 0 0 0 0 0 0 0 0 0 0 0 0 0 0 0 0 0 0 0 0 0 0 0 0 0 0 0 0 0 0 0 0 0 0 0 0 0 0 0 0 0 0 0 0 0 0 0 0 0 0 0 0 0 0 0 0 0 0 0 0 0 0 0 0 0 0 0 0 0 0 0 0 0 0 0 0 0 0 0 0 0 0 0 0 0 0 0 0 0 0 0 0 0 0 0 0 0 0 0 0 0 0 0 0 0 0 0 0 0 0 0 0 0 0 0 0 0 0 0 0 0 0 0 0 0 0 0 0 0 0 0 0 0 0 0 0 0 0 0 0 0 0 0 0 0 0 0 0 0 0 0 0 0 0 0 0 0 0 0 0 0 0 0 0 0 0 0 0 0 0 0 0 0 0 0 0 0 0 0 0 0 0 0 0 0 0 0 0 0 0 0 0 0 0 0 0 0 0 0 0 0 0 0 0 0 0 0 0 0 0 0 0 0 0 0 0 0 0 0 0 0 0 0 0 0 0 0 0 0 0 0 0 0 0 0 0 0 0 0 0 0 0 0 0 0 0 0 0 0 0 0 0 0 0 0 0 0 0 0 0 0 0 0 0 0 0 0 0 0 0 0 0 0 0 0 0 0 0 0 0 0 0 0 0 0 0 0 0 0 0 0 0 0 0 0 0 0 0 0 0 0 0 0 0 0 0 0 0 0 0 0 0 0 0 0 0 0 0 0 0 0 0 0 0 0 0 0 0 0 0 0 0 0 0 0 0 0 0 0 0 0 0 0 0 0 0 0 0 0 0 0 0 0 0 0 0 0 0 0 0 0 0 0 0 0 0 0 0 0 0 0 0 0 0 0 0 0 0 0 0 0 0 0 0 0 0 0 0 0 0 0 0 0 0 0 0 0 0 0 0 0 0 0 0 0 0 0 0 0 0 0 0 0 0 0 0 0 0 0 0 0 0 0 0 0 0 0 0 0 0 0 0 0 0 0 0 0 0 0 0 0 0 0 0 0 0 0 0 0 0 0 0 0 0 0 0 0 0 0 0 0 0 0 0 0 0 0 0 0 0 0 0 0 0 0 0 0 0 0 0 0 0 0 0 0 0 0 0 0 0 0 0 0 0 0 0 0 0 0 0 0 0 0 0 0 0 0 0 0 0 0 0 0 0 0 0 0 0 0 0 0 0 0 0 0 0 0 0 0 0 0 0 0 0 0 0 0 0 0 0 0 0 0 0 0 0 0 0 0 0 0 0 0 0 0 0 0 0 0 0 0 0 0 0 0 0 0 0 0 0 0 0 0 0 0 0 0 0 0 0 0 0 0 0 0 0 0 0 0 0 0 0 0 0 0 0 0 0 0 0 0 0 0 0 0 0 0 0 0 0 0 0 0 0 0 0 0 0 0 0 0 0 0 0 0 0 0 0 0 0 0 0 0 0 0 0 0 0 0 0 0 0 0 0 0 0 0 0 0 0 0 0 0 0 0 0 0 0 0 0 0 0 0 0 0 0 0 0 0 0 0 0 0 0 0 0 0 0 0 0 0 0 0 0 0 0 0 0 0 0 0 0 0 0 0 0 0 0 0 0 0 0 0 0 0 0 0 0 0 0 0 0 0 0 0 0 0 0 0 0 0 0 0 0 0 0 0 0 0 0 0 0 0 0 0 0 0 0 0 0 0 0 0 0 0 0 0 0 0 0 0 0 0 0 0 0 0 0 0 0 0 0 0 0 0 0 0 0 0 0 0 0 0 0 0 0 0 0 0 0 0 0 0 0 0 0 0 0 0 0 0 0 0 0 0 0 0 0 0 0 0 0 0 0 0 0 0 0 0 0 0 0 0 0 0 0 0 0 0 0 0 0 0 0 0 0 0 0 0 0 0 0 0 0 0 0 0 0 0 0 0 0 0 0 0 0 0 0 0 0 0 0 0 0 0 0 0 0 0 0 0 0 0 0 0 0 0 0 0 0 0 0 0 0 0 0 0 0 0 0 0 0 0 0 0 0 0 0 0 0 0 0 0 0 0 0 0 0 0 0 0 0 0 0 0 0 0 0 0 0 0 0 0 0 0 0 0 0 0 0 0 0 0 0 0 0 0 0 0 0 0 0 0 0 0 0 0 0 0 0 0 0 0 0 0 0 0 0 0 0 0 0 0 0 0 0 0 0 0 0 0 0 0 0 0 0 0 0 0 0 0 0 0 0 0 0 0 0 0 0 0 0 0 0 0 0 0 0 0 0 0 0 0 0 0 0 0 0 0 0 0 0 0 0 0 0 0 0 0 0 0 0 0 0 0 0 0 0 0 0 0 0 0 0 0 0 0 0 0 0 0 0 0 0 0 0 0 0 0 0 0 0 0 0 0 0 0 0 0 0 0 0 0 0 0 0 0 0 0 0 0 0 0 0 0 0 0 0 0 0 0 0 0 0 0 0 0 0 0 0 0 0 0 0 0 0 0 0 0 0 0 0 0 0 0 0 0 0 0 0 0 0 0 0 0 0 0 0 0 0 0 0 0 0 0 0 0 0 0 0 0 0 0 0 0 0 0 0 0 0 0 0 0 0 0 0 0 0 0 0 0 0 0 0 0 0 0 0 0 0 0 0 0 0 0 0 0 0 0 0 0 0 0 0 0 0 0 0 0 0 0 0 0 0 0 0 0 0 0 0 0 0 0 0 0 0 0 0 0 0 0 0 0 0 0 0 0 0 0 0 0 0 0 0 0 0 0 0 0 0 0 0 0 0 0 0 0 0 0 0 0 0 0 0 0 0 0 0 0 0 0 0 0 0 0 0 0 0 0 0 0 0 0 0 0 0 0 0 0 0 0 0 0 0 0 0 0 0 0 0 0 0 0 0 0 0 0 0 0 0 0 0 0 0 0 0 0 0 0 0 0 0 0 0 0 0 0 0 0 0 0 0 0 0 0 0 0 0 0 0 0 0 0 0 0 0 0 0 0 0 0 0 0 0 0 0 0 0 0 0 0 0 0 0 0 0 0 0 0 0 0 0 0 0 0 0 0 0 0 0 0 0 0 0 0 0 0 0 0 0 0 0 0 0 0 0 0 0 0 0 0 0 0 0 0 0 0 0 0 0 0 0 0 0 0 0 0 0 0 0 0 0 0 0 0 0 0 0 0 0 0 0 0 0 0 0 0 0 0 0 0 0 0 0 0 0 0 0 0 0 0 0 0 0 0 0 0 0 0 0 0 0 0 0 0 0 0 0 0 0 0 0 0 0 0 0 0 0 0 0 0 0 0 0 0 0 0 0 0 0 0 0 0 0 0 0 0 0 0 0 0 0 0 0 0 0 0 0 0 0 0 0 0 0 0 0 0 0 0 0 0 0 0 0 0 0 0 0 0 0 0 0 0 0 0 0 0 0 0 0 0 0 0 0 0 0 0 0 0 0 0 0 0 0 0 0 0 0 0 0 0 0 0 0 0 0 0 0 0 0 0 0 0 0 0 0 0 0 0 0 0 0 0 0 0 0 0 0 0 0 0 0 0 0 0 0 0 0 0 0 0 0 0 0 0 0 0 0 0 0 0 0 0 0 0 0 0 0 0 0 0 0 0 0 0 0 0 0 0 0 0 0 0 0 0 0 0 0 0 0 0 0 0 0 0 0 0 0 0 0 0 0 0 0 0 0 0 0 0 0 0 0 0 0 0 0 0 0 0 0 0 0 0 0 0 0 0 0 0 0 0 0 0 0 0 0 0 0 0 0 0 0 0 0 0 0 0 0 0 0 0 0 0 0 0 0 0 0 0 0 0 0 0 0 0 0 0 0 0 0 0 0 0 0 0 0 0 0 0 0 0 0 0 0 0 0 0 0 0 0 0 0 0 0 0 0 0 0 0 0 0 0 0 0 0 0 0 0 0 0 0 0 0 0 0 0 0 0 0 0 0 0 0 0 0 0 0 0 0 0 0 0 0 0 0 0 0 0 0 0 0 0 0 0 0 0 0 0 0 0 0 0 0 0 0 0 0 0 0 0 0 0 0 0 0 0 0 0 0 0 0 0 0 0 0 0 0 0 0 0 0 0 0 0 0 0 0 0 0 0 0 0 0 0 0 0 0 0 0 0 0 0 0 0 0 0 0 0 0 0 0 0 0 0 0 0 0 0 0 0 0 0 0 0 0 0 0 0 0 0 0 0 0 0 0 0 0 0 0 0 0 0 0 0 0 0 0 0 0 0 0 0 0 0 0 0 0 0 0 0 0 0 0 0 0 0 0 0 0 0 0 0 0 0 0 0 0 0 0 0 0 0 0 0 0 0 0 0 0 0 0 0 0 0 0 0 0 0 0 0 0 0 0 0 0 0 0 0 0 0 0 0 0 0 0 0 0 0 0 0 0 0 0 0 0 0 0 0 0 0 0 0 0 0 0 0 0 0 0 0 0 0 0 0 0 0 0 0 0 0 0 0 0 0 0 0 0 0 0 0 0 0 0 0 0 0 0 0 0 0 0 0 0 0 0 0 0 0 0 0 0 0 0 0 0 0 0 0 0 0 0 0 0 0 0 0 0 0 0 0 0 0 0 0 0 0 0 0 0 0 0 0 0 0 0 0 0 0 0 0 0 0 0 0 0 0 0 0 0 0 0 0 0 0 0 0 0 0 0 0 0 0 0 0 0 0 0 0 0 0 0 0 0 0 0 0 0 0 0 0 0 0 0 0 0 0 0 0 0 0 0 0 0 0 0 0 0 0 0 0 0 0 0 0 0 0 0 0 0 0 0 0 0 0 0 0 0 0 0 0 0 0 0 0 0 0 0 0 0 0 0 0 0 0 0 0 0 0 0 0 0 0 0 0 0 0 0 0 0 0 0 0 0 0 0 0 0 0 0 0 0 0 0 0 0 0 0 0 0 0 0 0 0 0 0 0 0 0 0 0 0 0 0 0 0 0 0 0 0 0 0 0 0 0 0 0 0 0 0 0 0 0 0 0 0 0 0 0 0 0 0 0 0 0 0 0 0 0 0 0 0 0 0 0 0 0 0 0 0 0 0 0 0 0 0 0 0 0 0 0 0 0 0 0 0 0 0 0 0 0 0 0 0 0 0 0 0 0 0 0 0 0 0 0 0 0 0 0 0 0 0 0 0 0 0 0 0 0 0 0 0 0 0 0 0 0 0 0 0 0 0 0 0 0 0 0 0 0 0 0 0 0 0 0 0 0 0 0 0 0 0 0 0 0 0 0 0 0 0 0 0 0 0 0 0 0 0 0 0 0 0 0 0 0 0 0 0 0 0 0 0 0 0 0 0 0 0 0 0 0 0 0 0 0 0 0 0 0 0 0 0 0 0 0 0 0 0 0 0 0 0 0 0 0 0 0 0 0 0 0 0 0 0 0 0 0 0 0 0 0 0 0 0 0 0 0 0 0 0 0 0 0 0 0 0 0 0 0 0 0 0 0 0 0 0 0 0 0 0 0 0 0 0 0 0 0 0 0 0 0 0 0 0 0 0 0 0 0 0 0 0 0 0 0 0 0 0 0 0 0 0 0 0 0 0 0 0 0 0 0 0 0 0 0 0 0 0 0 0 0 0 0 0 0 0 0 0 0 0 0 0 0 0 0 0 0 0 0 0 0 0 0 0 0 0 0 0 0 0 0 0 0 0 0 0 0 0 0 0 0 0 0 0 0 0 0 0 0 0 0 0 0 0 0 0 0 0 0 0 0 0 0 0 0 0 0 0 0 0 0 0 0 0 0 0 0 0 0 0 0 0 0 0 0 0 0 0 0 0 0 0 0 0 0 0 0 0 0 0 0 0 0 0 0 0 0 0 0 0 0 0 0 0 0 0 0 0 0 0 0 0 0 0 0 0 0 0 0 0 0 0 0 0 0 0 0 0 0 0 0 0 0 0 0 0 0 0 0 0 0 0 0 0 0 0 0 0 0 0 0 0 0 0 0 0 0 0 0 0 0 0 0 0 0 0 0 0 0 0 0 0 0 0 0 0 0 0 0 0 0 0 0 0 0 0 0 0 0 0 0 0 0 0 0 0 0 0 0 0 0 0 0 0 0 0 0 0 0 0 0 0 0 0 0 0 0 0 0 0 0 0 0 0 0 0 0 0 0 0 0 0 0 0 0 0 0 0 0 0 0 0 0 0 0 0 0 0 0 0 0 0 0 0 0 0 0 0 0 0 0 0 0 0 0 0 0 0 0 0 0 0 0 0 0 0 0 0 0 0 0 0 0 0 0 0 0 0 0 0 0 0 0 0 0 0 0 0 0 0 0 0 0 0 0 0 0 0 0 0 0 0 0 0 0 0 0 0 0 0 0 0 0 0 0 0 0 0 0 0 0 0 0 0 0 0 0 0 0 0 0 0 0 0 0 0 0 0 0 0 0 0 0 0 0 0 0 0 0 0 0 0 0 0 0 0 0 0 0 0 0 0 0 0 0 0 0 0 0 0 0 0 0 0 0 0 0 0 0 0 0 0 0 0 0 0 0 0 0 0 0 0 0 0 0 0 0 0 0 0 0 0 0 0 0 0 0 0 0 0 0 0 0 0 0 0 0 0 0 0 0 0 0 0 0 0 0 0 0 0 0 0 0 0 0 0 0 0 0 0 0 0 0 0 0 0 0 0 0 0 0 0 0 0 0 0 0 0 0 0 0 0 0 0 0 0 0 0 0 0 0 0 0 0 0 0 0 0 0 0 0 0 0 0 0 0 0 0 0 0 0 0 0 0 0 0 0 0 0 0 0 0 0 0 0 0 0 0 0 0 0 0 0 0 0 0 0 0 0 0 0 0 0 0 0 0 0 0 0 0 0 0 0 0 0 0 0 0 0 0 0 0 0 0 0 0 0 0 0 0 0 0 0 0 0 0 0 0 0 0 0 0 0 0 0 0 0 0 0 0 0 0 0 0 0 0 0 0 0 0 0 0 0 0 0 0 0 0 0 0 0 0 0 0 0 0 0 0 0 0 0 0 0 0 0 0 0 0 0 0 0 0 0 0 0 0 0 0 0 0 0 0 0 0 0 0 0 0 0 0 0 0 0 0 0 0 0 0 0 0 0 0 0 0 0 0 0 0 0 0 0 0 0 0 0 0 0 0 0 0 0 0 0 0 0 0 0 0 0 0 0 0 0 0 0 0 0 0 0 0 0 0 0 0 0 0 0 0 0 0 0 0 0 0 0 0 0 0 0 0 0 0 0 0 0 0 0 0 0 0 0 0 0 0 0 0 0 0 0 0 0 0 0 0 0 0 0 0 0 0 0 0 0 0 0 0 0 0 0 0 0 0 0 0 0 0 0 0 0 0 0 0 0 0 0 0 0 0 0 0 0 0 0 0 0 0 0 0 0 0 0 0 0 0 0 0 0 0 0 0 0 0 0 0 0 0 0 0 0 0 0 0 0 0 0 0 0 0 0 0 0 0 0 0 0 0 0 0 0 0 0 0 0 0 0 0 0 0 0 0 0 0 0 0 0 0 0 0 0 0 0 0 0 0 0 0 0 0 0 0 0 0 0 0 0 0 0 0 0 0 0 0 0 0 0 0 0 0 0 0 0 0 0 0 0 0 0 0 0 0 0 0 0 0 0 0 0 0 0 0 0 0 0 0 0 0 0 0 0 0 0 0 0 0 0 0 0 0 0 0 0 0 0 0 0 0 0 0 0 0 0 0 0 0 0 0 0 0 0 0 0 0 0 0 0 0 0 0 0 0 0 0 0 0 0 0 0 0 0 0 0 0 0 0 0 0 0 0 0 0 0 0 0 0 0 0 0 0 0 0 0 0 0 0 0 0 0 0 0 0 0 0 0 0 0 0 0 0 0 0 0 0 0 0 0 0 0 0 0 0 0 0 0 0 0 0 0 0 0 0 0 0 0 0 0 0 0 0 0 0 0 0 0 0 0 0 0 0 0 0 0 0 0 0 0 0 0 0 0 0 0 0 0 0 0 0 0 0 0 0 0 0 0 0 0 0 0 0 0 0 0 0 0 0 0 0 0 0 0 0 0 0 0 0 0 0 0 0 0 0 0 0 0 0 0 0 0 0 0 0 0 0 0 0 0 0 0 0 0 0 0 0 0 0 0 0 0 0 0 0 0 0 0 0 0 0 0 0 0 0 0 0 0 0 0 0 0 0 0 0 0 0 0 0 0 0 0 0 0 0 0 0 0 0 0 0 0 0 0 0 0 0 0 0 0 0 0 0 0 0 0 0 0 0 0 0 0 0 0 0 0 0 0 0 0 0 0 0 0 0 0 0 0 0 0 0 0 0 0 0 0 0 0 0 0 0 0 0 0 0 0 0 0 0 0 0 0 0 0 0 0 0 0 0 0 0 0 0 0 0 0 0 0 0 0 0 0 0 0 0 0 0 0 0 0 0 0 0 0 0 0 0 0 0 0 0 0 0 0 0 0 0 0 0 0 0 0 0 0 0 0 0 0 0 0 0 0 0 0 0 0 0 0 0 0 0 0 0 0 0 0 0 0 0 0 0 0 0 0 0 0 0 0 0 0 0 0 0 0 0 0 0 0 0 0 0 0 0 0 0 0 0 0 0 0 0 0 0 0 0 0 0 0 0 0 0 0 0 0 0 0 0 0 0 0 0 0 0 0 0 0 0 0 0 0 0 0 0 0 0 0 0 0 0 0 0 0 0 0 0 0 0 0 0 0 0 0 0 0 0 0 0 0 0 0 0 0 0 0 0 0 0 0 0 0 0 0 0 0 0 0 0 0 0 0 0 0 0 0 0 0 0 0 0 0 0 0 0 0 0 0 0 0 0 0 0 0 0 0 0 0 0 0 0 0 0 0 0 0 0 0 0 0 0 0 0 0 0 0 0 0 0 0 0 0 0 0 0 0 0 0 0 0 0 0 0 0 0 0 0 0 0 0 0 0 0 0 0 0 0 0 0 0 0 0 0 0 0 0 0 0 0 0 0 0 0 0 0 0 0 0 0 0 0 0 0 0 0 0 0 0 0 0 0 0 0 0 0 0 0 0 0 0 0 0 0 0 0 0 0 0 0 0 0 0 0 0 0 0 0 0 0 0 0 0 0 0 0 0 0 0 0 0 0 0 0 0 0 0 0 0 0 0 0 0 0 0 0 0 0 0 0 0 0 0 0 0 0 0 0 0 0 0 0 0 0 0 0 0 0 0 0 0 0 0 0 0 0 0 0 0 0 0 0 0 0 0 0 0 0 0 0 0 0 0 0 0 0 0 0 0 0 0 0 0 0 0 0 0 0 0 0 0 0 0 0 0 0 0 0 0 0 0 0 0 0 0 0 0 0 0 0 0 0 0 0 0 0 0 0 0 0 0 0 0 0 0 0 0 0 0 0 0 0 0 0 0 0 0 0 0 0 0 0 0 0 0 0 0 0 0 0 0 0 0 0 0 0 0 0 0 0 0 0 0 0 0 0 0 0 0 0 0 0 0 0 0 0 0 0 0 0 0 0 0 0 0 0 0 0 0 0 0 0 0 0 0 0 0 0 0 0 0 0 0 0 0 0 0 0 0 0 0 0 0 0 0 0 0 0 0 0 0 0 0 0 0 0 0 0 0 0 0 0 0 0 0 0 0 0 0 0 0 0 0 0 0 0 0 0 0 0 0 0 0 0 0 0 0 0 0 0 0 0 0 0 0 0 0 0 0 0 0 0 0 0 0 0 0 0 0 0 0 0 0 0 0 0 0 0 0 0 0 0 0 0 0 0 0 0 0 0 0 0 0 0 0 0 0 0 0 0 0 0 0 0 0 0 0 0 0 0 0 0 0 0 0 0 0 0 0 0 0 0 0 0 0 0 0 0 0 0 0 0 0 0 0 0 0 0 0 0 0 0 0 0 0 0 0 0 0 0 0 0 0 0 0 0 0 0 0 0 0 0 0 0 0 0 0 0 0 0 0 0 0 0 0 0 0 0 0 0 0 0 0 0 0 0 0 0 0 0 0 0 0 0 0 0 0 0 0 0 0 0 0 0 0 0 0 0 0 0 0 0 0 0 0 0 0 0 0 0 0 0 0 0 0 0 0 0 0 0 0 0 0 0 0 0 0 0 0 0 0 0 0 0 0 0 0 0 0 0 0 0 0 0 0 0 0 0 0 0 0 0 0 0 0 0 0 0 0 0 0 0 0 0 0 0 0 0 0 0 0 0 0 0 0 0 0 0 0 0 0 0 0 0 0 0 0 0 0 0 0 0 0 0 0 0 0 0 0 0 0 0 0 0 0 0 0 0 0 0 0 0 0 0 0 0 0 0 0 0 0 0 0 0 0 0 0 0 0 0 0 0 0 0 0 0 0 0 0 0 0 0 0 0 0 0 0 0 0 0 0 0 0 0 0 0 0 0 0 0 0 0 0 0 0 0 0 0 0 0 0 0 0 0 0 0 0 0 0 0 0 0 0 0 0 0 0 0 0 0 0 0 0 0 0 0 0 0 0 0 0 0 0 0 0 0 0 0 0 0 0 0 0 0 0 0 0 0 0 0 0 0 0 0 0 0 0 0 0 0 0 0 0 0 0 0 0 0 0 0 0 0 0 0 0 0 0 0 0 0 0 0 0 0 0 0 0 0 0 0 0 0 0 0 0 0 0 0 0 0 0 0 0 0 0 0 0 0 0 0 0 0 0 0 0 0 0 0 0 0 0 0 0 0 0 0 0 0 0 0 0 0 0 0 0 0 0 0 0 0 0 0 0 0 0 0 0 0 0 0 0 0 0 0 0 0 0 0 0 0 0 0 0 0 0 0 0 0 0 0 0 0 0 0 0 0 0 0 0 0 0 0 0 0 0 0 0 0 0 0 0 0 0 0 0 0 0 0 0 0 0 0 0 0 0 0 0 0 0 0 0 0 0 0 0 0 0 0 0 0 0 0 0 0 0 0 0 0 0 0 0 0 0 0 0 0 0 0 0 0 0 0 0 0 0 0 0 0 0 0 0 0 0 0 0 0 0 0 0 0 0 0 0 0 0 0 0 0 0 0 0 0 0 0 0 0 0 0 0 0 0 0 0 0 0 0 0 0 0 0 0 0 0 0 0 0 0 0 0 0 0 0 0 0 0 0 0 0 0 0 0 0 0 0 0 0 0 0 0 0 0 0 0 0 0 0 0 0 0 0 0 0 0 0 0 0 0 0 0 0 0 0 0 0 0 0 0 0 0 0 0 0 0 0 0 0 0 0 0 0 0 0 0 0 0 0 0 0 0 0 0 0 0 0 0 0 0 0 0 0 0 0 0 0 0 0 0 0 0 0 0 0 0 0 0 0 0 0 0 0 0 0 0 0 0 0 0 0 0 0 0 0 0 0 0 0 0 0 0 0 0 0 0 0 0 0 0 0 0 0 0 0 0 0 0 0 0 0 0 0 0 0 0 0 0 0 0 0 0 0 0 0 0 0 0 0 0 0 0 0 0 0 0 0 0 0 0 0 0 0 0 0 0 0 0 0 0 0 0 0 0 0 0 0 0 0 0 0 0 0 0 0 0 0 0 0 0 0 0 0 0 0 0 0 0 0 0 0 0 0 0 0 0 0 0 0 0 0 0 0 0 0 0 0 0 0 0 0 0 0 0 0 0 0 0 0 0 0 0 0 0 0 0 0 0 0 0 0 0 0 0 0 0 0 0 0 0 0 0 0 0 0 0 0 0 0 0 0 0 0 0 0 0 0 0 0 0 0 0 0 0 0 0 0 0 0 0 0 0 0 0 0 0 0 0 0 0 0 0 0 0 0 0 0 0 0 0 0 0 0 0 0 0 0 0 0 0 0 0 0 0 0 0 0 0 0 0 0 0 0 0 0 0 0 0 0 0 0 0 0 0 0 0 0 0 0 0 0 0 0 0 0 0 0 0 0 0 0 0 0 0 0 0 0 0 0 0 0 0 0 0 0 0 0 0 0 0 0 0 0 0 0 0 0 0 0 0 0 0 0 0 0 0 0 0 0 0 0 0 0 0 0 0 0 0 0 0 0 0 0 0 0 0 0 0 0 0 0 0 0 0 0 0 0 0 0 0 0 0 0 0 0 0 0 0 0 0 0 0 0 0 0 0 0 0 0 0 0 0 0 0 0 0 0 0 0 0 0 0 0 0 0 0 0 0 0 0 0 0 0 0 0 0 0 0 0 0 0 0 0 0 0 0 0 0 0 0 0 0 0 0 0 0 0 0 0 0 0 0 0 0 0 0 0 0 0 0 0 0 0 0 0 0 0 0 0 0 0 0 0 0 0 0 0 0 0 0 0 0 0 0 0 0 0 0 0 0 0 0 0 0 0 0 0 0 0 0 0 0 0 0 0 0 0 0 0 0 0 0 0 0 0 0 0 0 0 0 0 0 0 0 0 0 0 0 0 0 0 0 0 0 0 0 0 0 0 0 0 0 0 0 0 0 0 0 0 0 0 0 0 0 0 0 0 0 0 0 0 0 0 0 0 0 0 0 0 0 0 0 0 0 0 0 0 0 0 0 0 0 0 0 0 0 0 0 0 0 0 0 0 0 0 0 0 0 0 0 0 0 0 0 0 0 0 0 0 0 0 0 0 0 0 0 0 0 0 0 0 0 0 0 0 0 0 0 0 0 0 0 0 0 0 0 0 0 0 0 0 0 0 0 0 0 0 0 0 0 0 0 0 0 0 0 0 0 0 0 0 0 0 0 0 0 0 0 0 0 0 0 0 0 0 0 0 0 0 0 0 0 0 0 0 0 0 0 0 0 0 0 0 0 0 0 0 0 0 0 0 0 0 0 0 0 0 0 0 0 0 0 0 0 0 0 0 0 0 0 0 0 0 0 0 0 0 0 0 0 0 0 0 0 0 0 0 0 0 0 0 0 0 0 0 0 0 0 0 0 0 0 0 0 0 0 0 0 0 0 0 0 0 0 0 0 0 0 0 0 0 0 0 0 0 0 0 0 0 0 0 0 0 0 0 0 0 0 0 0 0 0 0 0 0 0 0 0 0 0 0 0 0 0 0 0 0 0 0 0 0 0 0 0 0 0 0 0 0 0 0 0 0 0 0 0 0 0 0 0 0 0 0 0 0 0 0 0 0 0 0 0 0 0 0 0 0 0 0 0 0 0 0 0 0 0 0 0 0 0 0 0 0 0 0 0 0 0 0 0 0 0 0 0 0 0 0 0 0 0 0 0 0 0 0 0 0 0 0 0 0 0 0 0 0 0 0 0 0 0 0 0 0 0 0 0 0 0 0 0 0 0 0 0 0 0 0 0 0 0 0 0 0 0 0 0 0 0 0 0 0 0 0 0 0 0 0 0 0 0 0 0 0 0 0 0 0 0 0 0 0 0 0 0 0 0 0 0 0 0 0 0 0 0 0 0 0 0 0 0 0 0 0 0 0 0 0 0 0 0 0 0 0 0 0 0 0 0 0 0 0 0 0 0 0 0 0 0 0 0 0 0 0 0 0 0 0 0 0 0 0 0 0 0 0 0 0 0 0 0 0 0 0 0 0 0 0 0 0 0 0 0 0 0 0 0 0 0 0 0 0 0 0 0 0 0 0 0 0 0 0 0 0 0 0 0 0 0 0 0 0 0 0 0 0 0 0 0 0 0 0 0 0 0 0 0 0 0 0 0 0 0 0 0 0 0 0 0 0 0 0 0 0 0 0 0 0 0 0 0 0 0 0 0 0 0 0 0 0 0 0 0 0 0 0 0 0 0 0 0 0 0 0 0 0 0 0 0 0 0 0 0 0 0 0 0 0 0 0 0 0 0 0 0 0 0 0 0 0 0 0 0 0 0 0 0 0 0 0 0 0 0 0 0 0 0 0 0 0 0 0 0 0 0 0 0 0 0 0 0 0 0 0 0 0 0 0 0 0 0 0 0 0 0 0 0 0 0 0 0 0 0 0 0 0 0 0 0 0 0 0 0 0 0 0 0 0 0 0 0 0 0 0 0 0 0 0 0 0 0 0 0 0 0 0 0 0 0 0 0 0 0 0 0 0 0 0 0 0 0 0 0 0 0 0 0 0 0 0 0 0 0 0 0 0 0 0 0 0 0 0 0 0 0 0 0 0 0 0 0 0 0 0 0 0 0 0 0 0 0 0 0 0 0 0 0 0 0 0 0 0 0 0 0 0 0 0 0 0 0 0 0 0 0 0 0 0 0 0 0 0 0 0 0 0 0 0 0 0 0 0 0 0 0 0 0 0 0 0 0 0 0 0 0 0 0 0 0 0 0 0 0 0 0 0 0 0 0 0 0 0 0 0 0 0 0 0 0 0 0 0 0 0 0 0 0 0 0 0 0 0 0 0 0 0 0 0 0 0 0 0 0 0 0 0 0 0 0 0 0 0 0 0 0 0 0 0 0 0 0 0 0 0 0 0 0 0 0 0 0 0 0 0 0 0 0 0 0 0 0 0 0 0 0 0 0 0 0 0 0 0 0 0 0 0 0 0 0 0 0 0 0 0 0 0 0 0 0 0 0 0 0 0 0 0 0 0 0 0 0 0 0 0 0 0 0 0 0 0 0 0 0 0 0 0 0 0 0 0 0 0 0 0 0 0 0 0 0 0 0 0 0 0 0 0 0 0 0 0 0 0 0 0 0 0 0 0 0 0 0 0 0 0 0 0 0 0 0 0 0 0 0 0 0 0 0 0 0 0 0 0 0 0 0 0 0 0 0 0 0 0 0 0 0 0 0 0 0 0 0 0 0 0 0 0 0 0 0 0 0 0 0 0 0 0 0 0 0 0 0 0 0 0 0 0 0 0 0 0 0 0 0 0 0 0 0 0 0 0 0 0 0 0 0 0 0 0 0 0 0 0 0 0 0 0 0 0 0 0 0 0 0 0 0 0 0 0 0 0 0 0 0 0 0 0 0 0 0 0 0 0 0 0 0 0 0 0 0 0 0 0 0 0 0 0 0 0 0 0 0 0 0 0 0 0 0 0 0 0 0 0 0 0 0 0 0 0 0 0 0 0 0 0 0 0 0 0 0 0 0 0 0 0 0 0 0 0 0 0 0 0 0 0 0 0 0 0 0 0 0 0 0 0 0 0 0 0 0 0 0 0 0 0 0 0 0 0 0 0 0 0 0 0 0 0 0 0 0 0 0 0 0 0 0 0 0 0 0 0 0 0 0 0 0 0 0 0 0 0 0 0 0 0 0 0 0 0 0 0 0 0 0 0 0 0 0 0 0 0 0 0 0 0 0 0 0 0 0 0 0 0 0 0 0 0 0 0 0 0 0 0 0 0 0 0 0 0 0 0 0 0 0 0 0 0 0 0 0 0 0 0 0 0 0 0 0 0 0 0 0 0 0 0 0 0 0 0 0 0 0 0 0 0 0 0 0 0 0 0 0 0 0 0 0 0 0 0 0 0 0 0 0 0 0 0 0 0 0 0 0 0 0 0 0 0 0 0 0 0 0 0 0 0 0 0 0 0 0 0 0 0 0 0 0 0 0 0 0 0 0 0 0 0 0 0 0 0 0 0 0 0 0 0 0 0 0 0 0 0 0 0 0 0 0 0 0 0 0 0 0 0 0 0 0 0 0 0 0 0 0 0 0 0 0 0 0 0 0 0 0 0 0 0 0 0 0 0 0 0 0 0 0 0 0 0 0 0 0 0 0 0 0 0 0 0 0 0 0 0 0 0 0 0 0 0 0 0 0 0 0 0 0 0 0 0 0 0 0 0 0 0 0 0 0 0 0 0 0 0 0 0 0 0 0 0 0 0 0 0 0 0 0 0 0 0 0 0 0 0 0 0 0 0 0 0 0 0 0 0 0 0 0 0 0 0 0 0 0 0 0 0 0 0 0 0 0 0 0 0 0 0 0 0 0 0 0 0 0 0 0 0 0 0 0 0 0 0 0 0 0 0 0 0 0 0 0 0 0 0 0 0 0 0 0 0 0 0 0 0 0 0 0 0 0 0 0 0 0 0 0 0 0 0 0 0 0 0 0 0 0 0 0 0 0 0 0 0 0 0 0 0 0 0 0 0 0 0 0 0 0 0 0 0 0 0 0 0 0 0 0 0 0 0 0 0 0 0 0 0 0 0 0 0 0 0 0 0 0 0 0 0 0 0 0 0 0 0 0 0 0 0 0 0 0 0 0 0 0 0 0 0 0 0 0 0 0 0 0 0 0 0 0 0 0 0 0 0 0 0 0 0 0 0 0 0 0 0 0 0 0 0 0 0 0 0 0 0 0 0 0 0 0 0 0 0 0 0 0 0 0 0 0 0 0 0 0 0 0 0 0 0 0 0 0 0 0 0 0 0 0 0 0 0 0 0 0 0 0 0 0 0 0 0 0 0 0 0 0 0 0 0 0 0 0 0 0 0 0 0 0 0 0 0 0 0 0 0 0 0 0 0 0 0 0 0 0 0 0 0 0 0 0 0 0 0 0 0 0 0 0 0 0 0 0 0 0 0 0 0 0 0 0 0 0 0 0 0 0 0 0 0 0 0 0 0 0 0 0 0 0 0 0 0 0 0 0 0 0 0 0 0 0 0 0 0 0 0 0 0 0 0 0 0 0 0 0 0 0 0 0 0 0 0 0 0 0 0 0 0 0 0 0 0 0 0 0 0 0 0 0 0 0 0 0 0 0 0 0 0 0 0 0 0 0 0 0 0 0 0 0 0 0 0 0 0 0 0 0 0 0 0 0 0 0 0 0 0 0 0 0 0 0 0 0 0 0 0 0 0 0 0 0 0 0 0 0 0 0 0 0 0 0 0 0 0 0 0 0 0 0 0 0 0 0 0 0 0 0 0 0 0 0 0 0 0 0 0 0 0 0 0 0 0 0 0 0 0 0 0 0 0 0 0 0 0 0 0 0 0 0 0 0 0 0 0 0 0 0 0 0 0 0 0 0 0 0 0 0 0 0 0 0 0 0 0 0 0 0 0 0 0 0 0 0 0 0 0 0 0 0 0 0 0 0 0 0 0 0 0 0 0 0 0 0 0 0 0 0 0 0 0 0 0 0 0 0 0 0 0 0 0 0 0 0 0 0 0 0 0 0 0 0 0 0 0 0 0 0 0 0 0 0 0 0 0 0 0 0 0 0 0 0 0 0 0 0 0 0 0 0 0 0 0 0 0 0 0 0 0 0 0 0 0 0 0 0 0 0 0 0 0 0 0 0 0 0 0 0 0 0 0 0 0 0 0 0 0 0 0 0 0 0 0 0 0 0 0 0 0 0 0 0 0 0 0 0 0 0 0 0 0 0 0 0 0 0 0 0 0 0 0 0 0 0 0 0 0 0 0 0 0 0 0 0 0 0 0 0 0 0 0 0 0 0 0 0 0 0 0 0 0 0 0 0 0 0 0 0 0 0 0 0 0 0 0 0 0 0 0 0 0 0 0 0 0 0 0 0 0 0 0 0 0 0 0 0 0 0 0 0 0 0 0 0 0 0 0 0 0 0 0 0 0 0 0 0 0 0 0 0 0 0 0 0 0 0 0 0 0 0 0 0 0 0 0 0 0 0 0 0 0 0 0 0 0 0 0 0 0 0 0 0 0 0 0 0 0 0 0 0 0 0 0 0 0 0 0 0 0 0 0 0 0 0 0 0 0 0 0 0 0 0 0 0 0 0 0 0 0 0 0 0 0 0 0 0 0 0 0 0 0 0 0 0 0 0 0 0 0 0 0 0 0 0 0 0 0 0 0 0 0 0 0 0 0 0 0 0 0 0 0 0 0 0 0 0 0 0 0 0 0 0 0 0 0 0 0 0 0 0 0 0 0 0 0 0 0 0 0 0 0 0 0 0 0 0 0 0 0 0 0 0 0 0 0 0 0 0 0 0 0 0 0 0 0 0 0 0 0 0 0 0 0 0 0 0 0 0 0 0 0 0 0 0 0 0 0 0 0 0 0 0 0 0 0 0 0 0 0 0 0 0 0 0 0 0 0 0 0 0 0 0 0 0 0 0 0 0 0 0 0 0 0 0 0 0 0 0 0 0 0 0 0 0 0 0 0 0 0 0 0 0 0 0 0 0 0 0 0 0 0 0 0 0 0 0 0 0 0 0 0 0 0 0 0 0 0 0 0 0 0 0 0 0 0 0 0 0 0 0 0 0 0 0 0 0 0 0 0 0 0 0 0 0 0 0 0 0 0 0 0 0 0 0 0 0 0 0 0 0 0 0 0 0 0 0 0 0 0 0 0 0 0 0 0 0 0 0 0 0 0 0 0 0 0 0 0 0 0 0 0 0 0 0 0 0 0 0 0 0 0 0 0 0 0 0 0 0 0 0 0 0 0 0 0 0 0 0 0 0 0 0 0 0 0 0 0 0 0 0 0 0 0 0 0 0 0 0 0 0 0 0 0 0 0 0 0 0 0 0 0 0 0 0 0 0 0 0 0 0 0 0 0 0 0 0 0 0 0 0 0 0 0 0 0 0 0 0 0 0 0 0 0 0 0 0 0 0 0 0 0 0 0 0 0 0 0 0 0 0 0 0 0 0 0 0 0 0 0 0 0 0 0 0 0 0 0 0 0 0 0 0 0 0 0 0 0 0 0 0 0 0 0 0 0 0 0 0 0 0 0 0 0 0 0 0 0 0 0 0 0 0 0 0 0 0 0 0 0 0 0 0 0 0 0 0 0 0 0 0 0 0 0 0 0 0 0 0 0 0 0 0 0 0 0 0 0 0 0 0 0 0 0 0 0 0 0 0 0 0 0 0 0 0 0 0 0 0 0 0 0 0 0 0 0 0 0 0 0 0 0 0 0 0 0 0 0 0 0 0 0 0 0 0 0 0 0 0 0 0 0 0 0 0 0 0 0 0 0 0 0 0 0 0 0 0 0 0 0 0 0 0 0 0 0 0 0 0 0 0 0 0 0 0 0 0 0 0 0 0 0 0 0 0 0 0 0 0 0 0 0 0 0 0 0 0 0 0 0 0 0 0 0 0 0 0 0 0 0 0 0 0 0 0 0 0 0 0 0 0 0 0 0 0 0 0 0 0 0 0 0 0 0 0 0 0 0 0 0 0 0 0 0 0 0 0 0 0 0 0 0 0 0 0 0 0 0 0 0 0 0 0 0 0 0 0 0 0 0 0 0 0 0 0 0 0 0 0 0 0 0 0 0 0 0 0 0 0 0 0 0 0 0 0 0 0 0 0 0 0 0 0 0 0 0 0 0 0 0 0 0 0 0 0 0 0 0 0 0 0 0 0 0 0 0 0 0 0 0 0 0 0 0 0 0 0 0 0 0 0 0 0 0 0 0 0 0 0 0 0 0 0 0 0 0 0 0 0 0 0 0 0 0 0 0 0 0 0 0 0 0 0 0 0 0 0 0 0 0 0 0 0 0 0 0 0 0 0 0 0 0 0 0 0 0 0 0 0 0 0 0 0 0 0 0 0 0 0 0 0 0 0 0 0 0 0 0 0 0 0 0 0 0 0 0 0 0 0 0 0 0 0 0 0 0 0 0 0 0 0 0 0 0 0 0 0 0 0 0 0 0 0 0 0 0 0 0 0 0 0 0 0 0 0 0 0 0 0 0 0 0 0 0 0 0 0 0 0 0 0 0 0 0 0 0 0 0 0 0 0 0 0 0 0 0 0 0 0 0 0 0 0 0 0 0 0 0 0 0 0 0 0 0 0 0 0 0 0 0 0 0 0 0 0 0 0 0 0 0 0 0 0 0 0 0 0 0 0 0 0 0 0 0 0 0 0 0 0 0 0 0 0 0 0 0 0 0 0 0 0 0 0 0 0 0 0 0 0 0 0 0 0 0 0 0 0 0 0 0 0 0 0 0 0 0 0 0 0 0 0 0 0 0 0 0 0 0 0 0 0 0 0 0 0 0 0 0 0 0 0 0 0 0 0 0 0 0 0 0 0 0 0 0 0 0 0 0 0 0 0 0 0 0 0 0 0 0 0 0 0 0 0 0 0 0 0 0 0 0 0 0 0 0 0 0 0 0 0 0 0 0 0 0 0 0 0 0 0 0 0 0 0 0 0 0 0 0 0 0 0 0 0 0 0 0 0 0 0 0 0 0 0 0 0 0 0 0 0 0 0 0 0 0 0 0 0 0 0 0 0 0 0 0 0 0 0 0 0 0 0 0 0 0 0 0 0 0 0 0 0 0 0 0 0 0 0 0 0 0 0 0 0 0 0 0 0 0 0 0 0 0 0 0 0 0 0 0 0 0 0 0 0 0 0 0 0 0 0 0 0 0 0 0 0 0 0 0 0 0 0 0 0 0 0 0 0 0 0 0 0 0 0 0 0 0 0 0 0 0 0 0 0 0 0 0 0 0 0 0 0 0 0 0 0 0 0 0 0 0 0 0 0 0 0 0 0 0 0 0 0 0 0 0 0 0 0 0 0 0 0 0 0 0 0 0 0 0 0 0 0 0 0 0 0 0 0 0 0 0 0 0 0 0 0 0 0 0 0 0 0 0 0 0 0 0 0 0 0 0 0 0 0 0 0 0 0 0 0 0 0 0 0 0 0 0 0 0 0 0 0 0 0 0 0 0 0 0 0 0 0 0 0 0 0 0 0 0 0 0 0 0 0 0 0 0 0 0 0 0 0 0 0 0 0 0 0 0 0 0 0 0 0 0 0 0 0 0 0 0 0 0 0 0 0 0 0 0 0 0 0 0 0 0 0 0 0 0 0 0 0 0 0 0 0 0 0 0 0 0 0 0 0 0 0 0 0 0 0 0 0 0 0 0 0 0 0 0 0 0 0 0 0 0 0 0 0 0 0 0 0 0 0 0 0 0 0 0 0 0 0 0 0 0 0 0 0 0 0 0 0 0 0 0 0 0 0 0 0 0 0 0 0 0 0 0 0 0 0 0 0 0 0 0 0 0 0 0 0 0 0 0 0 0 0 0 0 0 0 0 0 0 0 0 0 0 0 0 0 0 0 0 0 0 0 0 0 0 0 0 0 0 0 0 0 0 0 0 0 0 0 0 0 0 0 0 0 0 0 0 0 0 0 0 0 0 0 0 0 0 0 0 0 0 0 0 0 0 0 0 0 0 0 0 0 0 0 0 0 0 0 0 0 0 0 0 0 0 0 0 0 0 0 0 0 0 0 0 0 0 0 0 0 0 0 0 0 0 0 0 0 0 0 0 0 0 0 0 0 0 0 0 0 0 0 0 0 0 0 0 0 0 0 0 0 0 0 0 0 0 0 0 0 0 0 0 0 0 0 0 0 0 0 0 0 0 0 0 0 0 0 0 0 0 0 0 0 0 0 0 0 0 0 0 0 0 0 0 0 0 0 0 0 0 0 0 0 0 0 0 0 0 0 0 0 0 0 0 0 0 0 0 0 0 0 0 0 0 0 0 0 0 0 0 0 0 0 0 0 0 0 0 0 0 0 0 0 0 0 0 0 0 0 0 0 0 0 0 0 0 0 0 0 0 0 0 0 0 0 0 0 0 0 0 0 0 0 0 0 0 0 0 0 0 0 0 0 0 0 0 0 0 0 0 0 0 0 0 0 0 0 0 0 0 0 0 0 0 0 0 0 0 0 0 0 0 0 0 0 0 0 0 0 0 0 0 0 0 0 0 0 0 0 0 0 0 0 0 0 0 0 0 0 0 0 0 0 0 0 0 0 0 0 0 0 0 0 0 0 0 0 0 0 0 0 0 0 0 0 0 0 0 0 0 0 0 0 0 0 0 0 0 0 0 0 0 0 0 0 0 0 0 0 0 0 0 0 0 0 0 0 0 0 0 0 0 0 0 0 0 0 0 0 0 0 0 0 0 0 0 0 0 0 0 0 0 0 0 0 0 0 0 0 0 0 0 0 0 0 0 0 0 0 0 0 0 0 0 0 0 0 0 0 0 0 0 0 0 0 0 0 0 0 0 0 0 0 0 0 0 0 0 0 0 0 0 0 0 0 0 0 0 0 0 0 0 0 0 0 0 0 0 0 0 0 0 0 0 0 0 0 0 0 0 0 0 0 0 0 0 0 0 0 0 0 0 0 0 0 0 0 0 0 0 0 0 0 0 0 0 0 0 0 0 0 0 0 0 0 0 0 0 0 0 0 0 0 0 0 0 0 0 0 0 0 0 0 0 0 0 0 0 0 0 0 0 0 0 0 0 0 0 0 0 0 0 0 0 0 0 0 0 0 0 0 0 0 0 0 0 0 0 0 0 0 0 0 0 0 0 0 0 0 0 0 0 0 0 0 0 0 0 0 0 0 0 0 0 0 0 0 0 0 0 0 0 0 0 0 0 0 0 0 0 0 0 0 0 0 0 0 0 0 0 0 0 0 0 0 0 0 0 0 0 0 0 0 0 0 0 0 0 0 0 0 0 0 0 0 0 0 0 0 0 0 0 0 0 0 0 0 0 0 0 0 0 0 0 0 0 0 0 0 0 0 0 0 0 0 0 0 0 0 0 0 0 0 0 0 0 0 0 0 0 0 0 0 0 0 0 0 0 0 0 0 0 0 0 0 0 0 0 0 0 0 0 0 0 0 0 0 0 0 0 0 0 0 0 0 0 0 0 0 0 0 0 0 0 0 0 0 0 0 0 0 0 0 0 0 0 0 0 0 0 0 0 0 0 0 0 0 0 0 0 0 0 0 0 0 0 0 0 0 0 0 0 0 0 0 0 0 0 0 0 0 0 0 0 0 0 0 0 0 0 0 0 0 0 0 0 0 0 0 0 0 0 0 0 0 0 0 0 0 0 0 0 0 0 0 0 0 0 0 0 0 0 0 0 0 0 0 0 0 0 0 0 0 0 0 0 0 0 0 0 0 0 0 0 0 0 0 0 0 0 0 0 0 0 0 0 0 0 0 0 0 0 0 0 0 0 0 0 0 0 0 0 0 0 0 0 0 0 0 0 0 0 0 0 0 0 0 0 0 0 0 0 0 0 0 0 0 0 0 0 0 0 0 0 0 0 0 0 0 0 0 0 0 0 0 0 0 0 0 0 0 0 0 0 0 0 0 0 0 0 0 0 0 0 0 0 0 0 0 0 0 0 0 0 0 0 0 0 0 0 0 0 0 0 0 0 0 0 0 0 0 0 0 0 0 0 0 0 0 0 0 0 0 0 0 0 0 0 0 0 0 0 0 0 0 0 0 0 0 0 0 0 0 0 0 0 0 0 0 0 0 0 0 0 0 0 0 0 0 0 0 0 0 0 0 0 0 0 0 0 0 0 0 0 0 0 0 0 0 0 0 0 0 0 0 0 0 0 0 0 0 0 0 0 0 0 0 0 0 0 0 0 0 0 0 0 0 0 0 0 0 0 0 0 0 0 0 0 0 0 0 0 0 0 0 0 0 0 0 0 0 0 0 0 0 0 0 0 0 0 0 0 0 0 0 0 0 0 0 0 0 0 0 0 0 0 0 0 0 0 0 0 0 0 0 0 0 0 0 0 0 0 0 0 0 0 0 0 0 0 0 0 0 0 0 0 0 0 0 0 0 0 0 0 0 0 0 0 0 0 0 0 0 0 0 0 0 0 0 0 0 0 0 0 0 0 0 0 0 0 0 0 0 0 0 0 0 0 0 0 0 0 0 0 0 0 0 0 0 0 0 0 0 0 0 0 0 0 0 0 0 0 0 0 0 0 0 0 0 0 0 0 0 0 0 0 0 0 0 0 0 0 0 0 0 0 0 0 0 0 0 0 0 0 0 0 0 0 0 0 0 0 0 0 0 0 0 0 0 0 0 0 0 0 0 0 0 0 0 0 0 0 0 0 0 0 0 0 0 0 0 0 0 0 0 0 0 0 0 0 0 0 0 0 0 0 0 0 0 0 0 0 0 0 0 0 0 0 0 0 0 0 0 0 0 0 0 0 0 0 0 0 0 0 0 0 0 0 0 0 0 0 0 0 0 0 0 0 0 0 0 0 0 0 0 0 0 0 0 0 0 0 0 0 0 0 0 0 0 0 0 0 0 0 0 0 0 0 0 0 0 0 0 0 0 0 0 0 0 0 0 0 0 0 0 0 0 0 0 0 0 0 0 0 0 0 0 0 0 0 0 0 0 0 0 0 0 0 0 0 0 0 0 0 0 0 0 0 0 0 0 0 0 0 0 0 0 0 0 0 0 0 0 0 0 0 0 0 0 0 0 0 0 0 0 0 0 0 0 0 0 0 0 0 0 0 0 0 0 0 0 0 0 0 0 0 0 0 0 0 0 0 0 0 0 0 0 0 0 0 0 0 0 0 0 0 0 0 0 0 0 0 0 0 0 0 0 0 0 0 0 0 0 0 0 0 0 0 0 0 0 0 0 0 0 0 0 0 0 0 0 0 0 0 0 0 0 0 0 0 0 0 0 0 0 0 0 0 0 0 0 0 0 0 0 0 0 0 0 0 0 0 0 0 0 0 0 0 0 0 0 0 0 0 0 0 0 0 0 0 0 0 0 0 0 0 0 0 0 0 0 0 0 0 0 0 0 0 0 0 0 0 0 0 0 0 0 0 0 0 0 0 0 0 0 0 0 0 0 0 0 0 0 0 0 0 0 0 0 0 0 0 0 0 0 0 0 0 0 0 0 0 0 0 0 0 0 0 0 0 0 0 0 0 0 0 0 0 0 0 0 0 0 0 0 0 0 0 0 0 0 0 0 0 0 0 0 0 0 0 0 0 0 0 0 0 0 0 0 0 0 0 0 0 0 0 0 0 0 0 0 0 0 0 0 0 0 0 0 0 0 0 0 0 0 0 0 0 0 0 0 0 0 0 0 0 0 0 0 0 0 0 0 0 0 0 0 0 0 0 0 0 0 0 0 0 0 0 0 0 0 0 0 0 0 0 0 0 0 0 0 0 0 0 0 0 0 0 0 0 0 0 0 0 0 0 0 0 0 0 0 0 0 0 0 0 0 0 0 0 0 0 0 0 0 0 0 0 0 0 0 0 0 0 0 0 0 0 0 0 0 0 0 0 0 0 0 0 0 0 0 0 0 0 0 0 0 0 0 0 0 0 0 0 0 0 0 0 0 0 0 0 0 0 0 0 0 0 0 0 0 0 0 0 0 0 0 0 0 0 0 0 0 0 0 0 0 0 0 0 0 0 0 0 0 0 0 0 0 0 0 0 0 0 0 0 0 0 0 0 0 0 0 0 0 0 0 0 0 0 0 0 0 0 0 0 0 0 0 0 0 0 0 0 0 0 0 0 0 0 0 0 0 0 0 0 0 0 0 0 0 0 0 0 0 0 0 0 0 0 0 0 0 0 0 0 0 0 0 0 0 0 0 0 0 0 0 0 0 0 0 0 0 0 0 0 0 0 0 0 0 0 0 0 0 0 0 0 0 0 0 0 0 0 0 0 0 0 0 0 0 0 0 0 0 0 0 0 0 0 0 0 0 0 0 0 0 0 0 0 0 0 0 0 0 0 0 0 0 0 0 0 0 0 0 0 0 0 0 0 0 0 0 0 0 0 0 0 0 0 0 0 0 0 0 0 0 0 0 0 0 0 0 0 0 0 0 0 0 0 0 0 0 0 0 0 0 0 0 0 0 0 0 0 0 0 0 0 0 0 0 0 0 0 0 0 0 0 0 0 0 0 0 0 0 0 0 0 0 0 0 0 0 0 0 0 0 0 0 0 0 0 0 0 0 0 0 0 0 0 0 0 0 0 0 0 0 0 0 0 0 0 0 0 0 0 0 0 0 0 0 0 0 0 0 0 0 0 0 0 0 0 0 0 0 0 0 0 0 0 0 0 0 0 0 0 0 0 0 0 0 0 0 0 0 0 0 0 0 0 0 0 0 0 0 0 0 0 0 0 0 0 0 0 0 0 0 0 0 0 0 0 0 0 0 0 0 0 0 0 0 0 0 0 0 0 0 0 0 0 0 0 0 0 0 0 0 0 0 0 0 0 0 0 0 0 0 0 0 0 0 0 0 0 0 0 0 0 0 0 0 0 0 0 0 0 0 0 0 0 0 0 0 0 0 0 0 0 0 0 0 0 0 0 0 0 0 0 0 0 0 0 0 0 0 0 0 0 0 0 0 0 0 0 0 0 0 0 0 0 0 0 0 0 0 0 0 0 0 0 0 0 0 0 0 0 0 0 0 0 0 0 0 0 0 0 0 0 0 0 0 0 0 0 0 0 0 0 0 0 0 0 0 0 0 0 0 0 0 0 0 0 0 0 0 0 0 0 0 0 0 0 0 0 0 0 0 0 0 0 0 0 0 0 0 0 0 0 0 0 0 0 0 0 0 0 0 0 0 0 0 0 0 0 0 0 0 0 0 0 0 0 0 0 0 0 0 0 0 0 0 0 0 0 0 0 0 0 0 0 0 0 0 0 0 0 0 0 0 0 0 0 0 0 0 0 0 0 0 0 0 0 0 0 0 0 0 0 0 0 0 0 0 0 0 0 0 0 0 0 0 0 0 0 0 0 0 0 0 0 0 0 0 0 0 0 0 0 0 0 0 0 0 0 0 0 0 0 0 0 0 0 0 0 0 0 0 0 0 0 0 0 0 0 0 0 0 0 0 0 0 0 0 0 0 0 0 0 0 0 0 0 0 0 0 0 0 0 0 0 0 0 0 0 0 0 0 0 0 0 0 0 0 0 0 0 0 0 0 0 0 0 0 0 0 0 0 0 0 0 0 0 0 0 0 0 0 0 0 0 0 0 0 0 0 0 0 0 0 0 0 0 0 0 0 0 0 0 0 0 0 0 0 0 0 0 0 0 0 0 0 0 0 0 0 0 0 0 0 0 0 0 0 0 0 0 0 0 0 0 0 0 0 0 0 0 0 0 0 0 0 0 0 0 0 0 0 0 0 0 0 0 0 0 0 0 0 0 0 0 0 0 0 0 0 0 0 0 0 0 0 0 0 0 0 0 0 0 0 0 0 0 0 0 0 0 0 0 0 0 0 0 0 0 0 0 0 0 0 0 0 0 0 0 0 0 0 0 0 0 0 0 0 0 0 0 0 0 0 0 0 0 0 0 0 0 0 0 0 0 0 0 0 0 0 0 0 0 0 0 0 0 0 0 0 0 0 0 0 0 0 0 0 0 0 0 0 0 0 0 0 0 0 0 0 0 0 0 0 0 0 0 0 0 0 0 0 0 0 0 0 0 0 0 0 0 0 0 0 0 0 0 0 0 0 0 0 0 0 0 0 0 0 0 0 0 0 0 0 0 0 0 0 0 0 0 0 0 0 0 0 0 0 0 0 0 0 0 0 0 0 0 0 0 0 0 0 0 0 0 0 0 0 0 0 0 0 0 0 0 0 0 0 0 0 0 0 0 0 0 0 0 0 0 0 0 0 0 0 0 0 0 0 0 0 0 0 0 0 0 0 0 0 0 0 0 0 0 0 0 0 0 0 0 0 0 0 0 0 0 0 0 0 0 0 0 0 0 0 0 0 0 0 0 0 0 0 0 0 0 0 0 0 0 0 0 0 0 0 0 0 0 0 0 0 0 0 0 0 0 0 0 0 0 0 0 0 0 0 0 0 0 0 0 0 0 0 0 0 0 0 0 0 0 0 0 0 0 0 0 0 0 0 0 0 0 0 0 0 0 0 0 0 0 0 0 0 0 0 0 0 0 0 0 0 0 0 0 0 0 0 0 0 0 0 0 0 0 0 0 0 0 0 0 0 0 0 0 0 0 0 0 0 0 0 0 0 0 0 0 0 0 0 0 0 0 0 0 0 0 0 0 0 0 0 0 0 0 0 0 0 0 0 0 0 0 0 0 0 0 0 0 0 0 0 0 0 0 0 0 0 0 0 0 0 0 0 0 0 0 0 0 0 0 0 0 0 0 0 0 0 0 0 0 0 0 0 0 0 0 0 0 0 0 0 0 0 0 0 0 0 0 0 0 0 0 0 0 0 0 0 0 0 0 0 0 0 0 0 0 0 0 0 0 0 0 0 0 0 0 0 0 0 0 0 0 0 0 0 0 0 0 0 0 0 0 0 0 0 0 0 0 0 0 0 0 0 0 0 0 0 0 0 0 0 0 0 0 0 0 0 0 0 0 0 0 0 0 0 0 0 0 0 0 0 0 0 0 0 0 0 0 0 0 0 0 0 0 0 0 0 0 0 0 0 0 0 0 0 0 0 0 0 0 0 0 0 0 0 0 0 0 0 0 0 0 0 0 0 0 0 0 0 0 0 0 0 0 0 0 0 0 0 0 0 0 0 0 0 0 0 0 0 0 0 0 0 0 0 0 0 0 0 0 0 0 0 0 0 0 0 0 0 0 0 0 0 0 0 0 0 0 0 0 0 0 0 0 0 0 0 0 0 0 0 0 0 0 0 0 0 0 0 0 0 0 0 0 0 0 0 0 0 0 0 0 0 0 0 0 0 0 0 0 0 0 0 0 0 0 0 0 0 0 0 0 0 0 0 0 0 0 0 0 0 0 0 0 0 0 0 0 0 0 0 0 0 0 0 0 0 0 0 0 0 0 0 0 0 0 0 0 0 0 0 0 0 0 0 0 0 0 0 0 0 0 0 0 0 0 0 0 0 0 0 0 0 0 0 0 0 0 0 0 0 0 0 0 0 0 0 0 0 0 0 0 0 0 0 0 0 0 0 0 0 0 0 0 0 0 0 0 0 0 0 0 0 0 0 0 0 0 0 0 0 0 0 0 0 0 0 0 0 0 0 0 0 0 0 0 0 0 0 0 0 0 0 0 0 0 0 0 0 0 0 0 0 0 0 0 0 0 0 0 0 0 0 0 0 0 0 0 0 0 0 0 0 0 0 0 0 0 0 0 0 0 0 0 0 0 0 0 0 0 0 0 0 0 0 0 0 0 0 0 0 0 0 0 0 0 0 0 0 0 0 0 0 0 0 0 0 0 0 0 0 0 0 0 0 0 0 0 0 0 0 0 0 0 0 0 0 0 0 0 0 0 0 0 0 0 0 0 0 0 0 0 0 0 0 0 0 0 0 0 0 0 0 0 0 0 0 0 0 0 0 0 0 0 0 0 0 0 0 0 0 0 0 0 0 0 0 0 0 0 0 0 0 0 0 0 0 0 0 0 0 0 0 0 0 0 0 0 0 0 0 0 0 0 0 0 0 0 0 0 0 0 0 0 0 0 0 0 0 0 0 0 0 0 0 0 0 0 0 0 0 0 0 0 0 0 0 0 0 0 0 0 0 0 0 0 0 0 0 0 0 0 0 0 0 0 0 0 0 0 0 0 0 0 0 0 0 0 0 0 0 0 0 0 0 0 0 0 0 0 0 0 0 0 0 0 0 0 0 0 0 0 0 0 0 0 0 0 0 0 0 0 0 0 0 0 0 0 0 0 0 0 0 0 0 0 0 0 0 0 0 0 0 0 0 0 0 0 0 0 0 0 0 0 0 0 0 0 0 0 0 0 0 0 0 0 0 0 0 0 0 0 0 0 0 0 0 0 0 0 0 0 0 0 0 0 0 0 0 0 0 0 0 0 0 0 0 0 0 0 0 0 0 0 0 0 0 0 0 0 0 0 0 0 0 0 0 0 0 0 0 0 0 0 0 0 0 0 0 0 0 0 0 0 0 0 0 0 0 0 0 0 0 0 0 0 0 0 0 0 0 0 0 0 0 0 0 0 0 0 0 0 0 0 0 0 0 0 0 0 0 0 0 0 0 0 0 0 0 0 0 0 0 0 0 0 0 0 0 0 0 0 0 0 0 0 0 0 0 0 0 0 0 0 0 0 0 0 0 0 0 0 0 0 0 0 0 0 0 0 0 0 0 0 0 0 0 0 0 0 0 0 0 0 0 0 0 0 0 0 0 0 0 0 0 0 0 0 0 0 0 0 0 0 0 0 0 0 0 0 0 0 0 0 0 0 0 0 0 0 0 0 0 0 0 0 0 0 0 0 0 0 0 0 0 0 0 0 0 0 0 0 0 0 0 0 0 0 0 0 0 0 0 0 0 0 0 0 0 0 0 0 0 0 0 0 0 0 0 0 0 0 0 0 0 0 0 0 0 0 0 0 0 0 0 0 0 0 0 0 0 0 0 0 0 0 0 0 0 0 0 0 0 0 0 0 0 0 0 0 0 0 0 0 0 0 0 0 0 0 0 0 0 0 0 0 0 0 0 0 0 0 0 0 0 0 0 0 0 0 0 0 0 0 0 0 0 0 0 0 0 0 0 0 0 0 0 0 0 0 0 0 0 0 0 0 0 0 0 0 0 0 0 0 0 0 0 0 0 0 0 0 0 0 0 0 0 0 0 0 0 0 0 0 0 0 0 0 0 0 0 0 0 0 0 0 0 0 0 0 0 0 0 0 0 0 0 0 0 0 0 0 0 0 0 0 0 0 0 0 0 0 0 0 0 0 0 0 0 0 0 0 0 0 0 0 0 0 0 0 0 0 0 0 0 0 0 0 0 0 0 0 0 0 0 0 0 0 0 0 0 0 0 0 0 0 0 0 0 0 0 0 0 0 0 0 0 0 0 0 0 0 0 0 0 0 0 0 0 0 0 0 0 0 0 0 0 0 0 0 0 0 0 0 0 0 0 0 0 0 0 0 0 0 0 0 0 0 0 0 0 0 0 0 0 0 0 0 0 0 0 0 0 0 0 0 0 0 0 0 0 0 0 0 0 0 0 0 0 0 0 0 0 0 0 0 0 0 0 0 0 0 0 0 0 0 0 0 0 0 0 0 0 0 0 0 0 0 0 0 0 0 0 0 0 0 0 0 0 0 0 0 0 0 0 0 0 0 0 0 0 0 0 0 0 0 0 0 0 0 0 0 0 0 0 0 0 0 0 0 0 0 0 0 0 0 0 0 0 0 0 0 0 0 0 0 0 0 0 0 0 0 0 0 0 0 0 0 0 0 0 0 0 0 0 0 0 0 0 0 0 0 0 0 0 0 0 0 0 0 0 0 0 0 0 0 0 0 0 0 0 0 0 0 0 0 0 0 0 0 0 0 0 0 0 0 0 0 0 0 0 0 0 0 0 0 0 0 0 0 0 0 0 0 0 0 0 0 0 0 0 0 0 0 0 0 0 0 0 0 0 0 0 0 0 0 0 0 0 0 0 0 0 0 0 0 0 0 0 0 0 0 0 0 0 0 0 0 0 0 0 0 0 0 0 0 0 0 0 0 0 0 0 0 0 0 0 0 0 0 0 0 0 0 0 0 0 0 0 0 0 0 0 0 0 0 0 0 0 0 0 0 0 0 0 0 0 0 0 0 0 0 0 0 0 0 0 0 0 0 0 0 0 0 0 0 0 0 0 0 0 0 0 0 0 0 0 0 0 0 0 0 0 0 0 0 0 0 0 0 0 0 0 0 0 0 0 0 0 0 0 0 0 0 0 0 0 0 0 0 0 0 0 0 0 0 0 0 0 0 0 0 0 0 0 0 0 0 0 0 0 0 0 0 0 0 0 0 0 0 0 0 0 0 0 0 0 0 0 0 0 0 0 0 0 0 0 0 0 0 0 0 0 0 0 0 0 0 0 0 0 0 0 0 0 0 0 0 0 0 0 0 0 0 0 0 0 0 0 0 0 0 0 0 0 0 0 0 0 0 0 0 0 0 0 0 0 0 0 0 0 0 0 0 0 0 0 0 0 0 0 0 0 0 0 0 0 0 0 0 0 0 0 0 0 0 0 0 0 0 0 0 0 0 0 0 0 0 0 0 0 0 0 0 0 0 0 0 0 0 0 0 0 0 0 0 0 0 0 0 0 0 0 0 0 0 0 0 0 0 0 0 0 0 0 0 0 0 0 0 0 0 0 0 0 0 0 0 0 0 0 0 0 0 0 0 0 0 0 0 0 0 0 0 0 0 0 0 0 0 0 0 0 0 0 0 0 0 0 0 0 0 0 0 0 0 0 0 0 0 0 0 0 0 0 0 0 0 0 0 0 0 0 0 0 0 0 0 0 0 0 0 0 0 0 0 0 0 0 0 0 0 0 0 0 0 0 0 0 0 0 0 0 0 0 0 0 0 0 0 0 0 0 0 0 0 0 0 0 0 0 0 0 0 0 0 0 0 0 0 0 0 0 0 0 0 0 0 0 0 0 0 0 0 0 0 0 0 0 0 0 0 0 0 0 0 0 0 0 0 0 0 0 0 0 0 0 0 0 0 0 0 0 0 0 0 0 0 0 0 0 0 0 0 0 0 0 0 0 0 0 0 0 0 0 0 0 0 0 0 0 0 0 0 0 0 0 0 0 0 0 0 0 0 0 0 0 0 0 0 0 0 0 0 0 0 0 0 0 0 0 0 0 0 0 0 0 0 0 0 0 0 0 0 0 0 0 0 0 0 0 0 0 0 0 0 0 0 0 0 0 0 0 0 0 0 0 0 0 0 0 0 0 0 0 0 0 0 0 0 0 0 0 0 0 0 0 0 0 0 0 0 0 0 0 0 0 0 0 0 0 0 0 0 0 0 0 0 0 0 0 0 0 0 0 0 0 0 0 0 0 0 0 0 0 0 0 0 0 0 0 0 0 0 0 0 0 0 0 0 0 0 0 0 0 0 0 0 0 0 0 0 0 0 0 0 0 0 0 0 0 0 0 0 0 0 0 0 0 0 0 0 0 0 0 0 0 0 0 0 0 0 0 0 0 0 0 0 0 0 0 0 0 0 0 0 0 0 0 0 0 0 0 0 0 0 0 0 0 0 0 0 0 0 0 0 0 0 0 0 0 0 0 0 0 0 0 0 0 0 0 0 0 0 0 0 0 0 0 0 0 0 0 0 0 0 0 0 0 0 0 0 0 0 0 0 0 0 0 0 0 0 0 0 0 0 0 0 0 0 0 0 0 0 0 0 0 0 0 0 0 0 0 0 0 0 0 0 0 0 0 0 0 0 0 0 0 0 0 0 0 0 0 0 0 0 0 0 0 0 0 0 0 0 0 0 0 0 0 0 0 0 0 0 0 0 0 0 0 0 0 0 0 0 0 0 0 0 0 0 0 0 0 0 0 0 0 0 0 0 0 0 0 0 0 0 0 0 0 0 0 0 0 0 0 0 0 0 0 0 0 0 0 0 0 0 0 0 0 0 0 0 0 0 0 0 0 0 0 0 0 0 0 0 0 0 0 0 0 0 0 0 0 0 0 0 0 0 0 0 0 0 0 0 0 0 0 0 0 0 0 0 0 0 0 0 0 0 0 0 0 0 0 0 0 0 0 0 0 0 0 0 0 0 0 0 0 0 0 0 0 0 0 0 0 0 0 0 0 0 0 0 0 0 0 0 0 0 0 0 0 0 0 0 0 0 0 0 0 0 0 0 0 0 0 0 0 0 0 0 0 0 0 0 0 0 0 0 0 0 0 0 0 0 0 0 0 0 0 0 0 0 0 0 0 0 0 0 0 0 0 0 0 0 0 0 0 0 0 0 0 0 0 0 0 0 0 0 0 0 0 0 0 0 0 0 0 0 0 0 0 0 0 0 0 0 0 0 0 0 0 0 0 0 0 0 0 0 0 0 0 0 0 0 0 0 0 0 0 0 0 0 0 0 0 0 0 0 0 0 0 0 0 0 0 0 0 0 0 0 0 0 0 0 0 0 0 0 0 0 0 0 0 0 0 0 0 0 0 0 0 0 0 0 0 0 0 0 0 0 0 0 0 0 0 0 0 0 0 0 0 0 0 0 0 0 0 0 0 0 0 0 0 0 0 0 0 0 0 0 0 0 0 0 0 0 0 0 0 0 0 0 0 0 0 0 0 0 0 0 0 0 0 0 0 0 0 0 0 0 0 0 0 0 0 0 0 0 0 0 0 0 0 0 0 0 0 0 0 0 0 0 0 0 0 0 0 0 0 0 0 0 0 0 0 0 0 0 0 0 0 0 0 0 0 0 0 0 0 0 0 0 0 0 0 0 0 0 0 0 0 0 0 0 0 0 0 0 0 0 0 0 0 0 0 0 0 0 0 0 0 0 0 0 0 0 0 0 0 0 0 0 0 0 0 0 0 0 0 0 0 0 0 0 0 0 0 0 0 0 0 0 0 0 0 0 0 0 0 0 0 0 0 0 0 0 0 0 0 0 0 0 0 0 0 0 0 0 0 0 0 0 0 0 0 0 0 0 0 0 0 0 0 0 0 0 0 0 0 0 0 0 0 0 0 0 0 0 0 0 0 0 0 0 0 0 0 0 0 0 0 0 0 0 0 0 0 0 0 0 0 0 0 0 0 0 0 0 0 0 0 0 0 0 0 0 0 0 0 0 0 0 0 0 0 0 0 0 0 0 0 0 0 0 0 0 0 0 0 0 0 0 0 0 0 0 0 0 0 0 0 0 0 0 0 0 0 0 0 0 0 0 0 0 0 0 0 0 0 0 0 0 0 0 0 0 0 0 0 0 0 0 0 0 0 0 0 0 0 0 0 0 0 0 0 0 0 0 0 0 0 0 0 0 0 0 0 0 0 0 0 0 0 0 0 0 0 0 0 0 0 0 0 0 0 0 0 0 0 0 0 0 0 0 0 0 0 0 0 0 0 0 0 0 0 0 0 0 0 0 0 0 0 0 0 0 0 0 0 0 0 0 0 0 0 0 0 0 0 0 0 0 0 0 0 0 0 0 0 0 0 0 0 0 0 0 0 0 0 0 0 0 0 0 0 0 0 0 0 0 0 0 0 0 0 0 0 0 0 0 0 0 0 0 0 0 0 0 0 0 0 0 0 0 0 0 0 0 0 0 0 0 0 0 0 0 0 0 0 0 0 0 0 0 0 0 0 0 0 0 0 0 0 0 0 0 0 0 0 0 0 0 0 0 0 0 0 0 0 0 0 0 0 0 0 0 0 0 0 0 0 0 0 0 0 0 0 0 0 0 0 0 0 0 0 0 0 0 0 0 0 0 0 0 0 0 0 0 0 0 0 0 0 0 0 0 0 0 0 0 0 0 0 0 0 0 0 0 0 0 0 0 0 0 0 0 0 0 0 0 0 0 0 0 0 0 0 0 0 0 0 0 0 0 0 0 0 0 0 0 0 0 0 0 0 0 0 0 0 0 0 0 0 0 0 0 0 0 0 0 0 0 0 0 0 0 0 0 0 0 0 0 0 0 0 0 0 0 0 0 0 0 0 0 0 0 0 0 0 0 0 0 0 0 0 0 0 0 0 0 0 0 0 0 0 0 0 0 0 0 0 0 0 0 0 0 0 0 0 0 0 0 0 0 0 0 0 0 0 0 0 0 0 0 0 0 0 0 0 0 0 0 0 0 0 0 0 0 0 0 0 0 0 0 0 0 0 0 0 0 0 0 0 0 0 0 0 0 0 0 0 0 0 0 0 0 0 0 0 0 0 0 0 0 0 0 0 0 0 0 0 0 0 0 0 0 0 0 0 0 0 0 0 0 0 0 0 0 0 0 0 0 0 0 0 0 0 0 0 0 0 0 0 0 0 0 0 0 0 0 0 0 0 0 0 0 0 0 0 0 0 0 0 0 0 0 0 0 0 0 0 0 0 0 0 0 0 0 0 0 0 0 0 0 0 0 0 0 0 0 0 0 0 0 0 0 0 0 0 0 0 0 0 0 0 0 0 0 0 0 0 0 0 0 0 0 0 0 0 0 0 0 0 0 0 0 0 0 0 0 0 0 0 0 0 0 0 0 0 0 0 0 0 0 0 0 0 0 0 0 0 0 0 0 0 0 0 0 0 0 0 0 0 0 0 0 0 0 0 0 0 0 0 0 0 0 0 0 0 0 0 0 0 0 0 0 0 0 0 0 0 0 0 0 0 0 0 0 0 0 0 0 0 0 0 0 0 0 0 0 0 0 0 0 0 0 0 0 0 0 0 0 0 0 0 0 0 0 0 0 0 0 0 0 0 0 0 0 0 0 0 0 0 0 0 0 0 0 0 0 0 0 0 0 0 0 0 0 0 0 0 0 0 0 0 0 0 0 0 0 0 0 0 0 0 0 0 0 0 0 0 0 0 0 0 0 0 0 0 0 0 0 0 0 0 0 0 0 0 0 0 0 0 0 0 0 0 0 0 0 0 0 0 0 0 0 0 0 0 0 0 0 0 0 0 0 0 0 0 0 0 0 0 0 0 0 0 0 0 0 0 0 0 0 0 0 0 0 0 0 0 0 0 0 0 0 0 0 0 0 0 0 0 0 0 0 0 0 0 0 0 0 0 0 0 0 0 0 0 0 0 0 0 0 0 0 0 0 0 0 0 0 0 0 0 0 0 0 0 0 0 0 0 0 0 0 0 0 0 0 0 0 0 0 0 0 0 0 0 0 0 0 0 0 0 0 0 0 0 0 0 0 0 0 0 0 0 0 0 0 0 0 0 0 0 0 0 0 0 0 0 0 0 0 0 0 0 0 0 0 0 0 0 0 0 0 0 0 0 0 0 0 0 0 0 0 0 0 0 0 0 0 0 0 0 0 0 0 0 0 0 0 0 0 0 0 0 0 0 0 0 0 0 0 0 0 0 0 0 0 0 0 0 0 0 0 0 0 0 0 0 0 0 0 0 0 0 0 0 0 0 0 0 0 0 0 0 0 0 0 0 0 0 0 0 0 0 0 0 0 0 0 0 0 0 0 0 0 0 0 0 0 0 0 0 0 0 0 0 0 0 0 0 0 0 0 0 0 0 0 0 0 0 0 0 0 0 0 0 0 0 0 0 0 0 0 0 0 0 0 0 0 0 0 0 0 0 0 0 0 0 0 0 0 0 0 0 0 0 0 0 0 0 0 0 0 0 0 0 0 0 0 0 0 0 0 0 0 0 0 0 0 0 0 0 0 0 0 0 0 0 0 0 0 0 0 0 0 0 0 0 0 0 0 0 0 0 0 0 0 0 0 0 0 0 0 0 0 0 0 0 0 0 0 0 0 0 0 0 0 0 0 0 0 0 0 0 0 0 0 0 0 0 0 0 0 0 0 0 0 0 0 0 0 0 0 0 0 0 0 0 0 0 0 0 0 0 0 0 0 0 0 0 0 0 0 0 0 0 0 0 0 0 0 0 0 0 0 0 0 0 0 0 0 0 0 0 0 0 0 0 0 0 0 0 0 0 0 0 0 0 0 0 0 0 0 0 0 0 0 0 0 0 0 0 0 0 0 0 0 0 0 0 0 0 0 0 0 0 0 0 0 0 0 0 0 0 0 0 0 0 0 0 0 0 0 0 0 0 0 0 0 0 0 0 0 0 0 0 0 0 0 0 0 0 0 0 0 0 0 0 0 0 0 0 0 0 0 0 0 0 0 0 0 0 0 0 0 0 0 0 0 0 0 0 0 0 0 0 0 0 0 0 0 0 0 0 0 0 0 0 0 0 0 0 0 0 0 0 0 0 0 0 0 0 0 0 0 0 0 0 0 0 0 0 0 0 0 0 0 0 0 0 0 0 0 0 0 0 0 0 0 0 0 0 0 0 0 0 0 0 0 0 0 0 0 0 0 0 0 0 0 0 0 0 0 0 0 0 0 0 0 0 0 0 0 0 0 0 0 0 0 0 0 0 0 0 0 0 0 0 0 0 0 0 0 0 0 0 0 0 0 0 0 0 0 0 0 0 0 0 0 0 0 0 0 0 0 0 0 0 0 0 0 0 0 0 0 0 0 0 0 0 0 0 0 0 0 0 0 0 0 0 0 0 0 0 0 0 0 0 0 0 0 0 0 0 0 0 0 0 0 0 0 0 0 0 0 0 0 0 0 0 0 0 0 0 0 0 0 0 0 0 0 0 0 0 0 0 0 0 0 0 0 0 0 0 0 0 0 0 0 0 0 0 0 0 0 0 0 0 0 0 0 0 0 0 0 0 0 0 0 0 0 0 0 0 0 0 0 0 0 0 0 0 0 0 0 0 0 0 0 0 0 0 0 0 0 0 0 0 0 0 0 0 0 0 0 0 0 0 0 0 0 0 0 0 0 0 0 0 0 0 0 0 0 0 0 0 0 0 0 0 0 0 0 0 0 0 0 0 0 0 0 0 0 0 0 0 0 0 0 0 0 0 0 0 0 0 0 0 0 0 0 0 0 0 0 0 0 0 0 0 0 0 0 0 0 0 0 0 0 0 0 0 0 0 0 0 0 0 0 0 0 0 0 0 0 0 0 0 0 0 0 0 0 0 0 0 0 0 0 0 0 0 0 0 0 0 0 0 0 0 0 0 0 0 0 0 0 0 0 0 0 0 0 0 0 0 0 0 0 0 0 0 0 0 0 0 0 0 0 0 0 0 0 0 0 0 0 0 0 0 0 0 0 0 0 0 0 0 0 0 0 0 0 0 0 0 0 0 0 0 0 0 0 0 0 0 0 0 0 0 0 0 0 0 0 0 0 0 0 0 0 0 0 0 0 0 0 0 0 0 0 0 0 0 0 0 0 0 0 0 0 0 0 0 0 0 0 0 0 0 0 0 0 0 0 0 0 0 0 0 0 0 0 0 0 0 0 0 0 0 0 0 0 0 0 0 0 0 0 0 0 0 0 0 0 0 0 0 0 0 0 0 0 0 0 0 0 0 0 0 0 0 0 0 0 0 0 0 0 0 0 0 0 0 0 0 0 0 0 0 0 0 0 0 0 0 0 0 0 0 0 0 0 0 0 0 0 0 0 0 0 0 0 0 0 0 0 0 0 0 0 0 0 0 0 0 0 0 0 0 0 0 0 0 0 0 0 0 0 0 0 0 0 0 0 0 0 0 0 0 0 0 0 0 0 0 0 0 0 0 0 0 0 0 0 0 0 0 0 0 0 0 0 0 0 0 0 0 0 0 0 0 0 0 0 0 0 0 0 0 0 0 0 0 0 0 0 0 0 0 0 0 0 0 0 0 0 0 0 0 0 0 0 0 0 0 0 0 0 0 0 0 0 0 0 0 0 0 0 0 0 0 0 0 0 0 0 0 0 0 0 0 0 0 0 0 0 0 0 0 0 0 0 0 0 0 0 0 0 0 0 0 0 0 0 0 0 0 0 0 0 0 0 0 0 0 0 0 0 0 0 0 0 0 0 0 0 0 0 0 0 0 0 0 0 0 0 0 0 0 0 0 0 0 0 0 0 0 0 0 0 0 0 0 0 0 0 0 0 0 0 0 0 0 0 0 0 0 0 0 0 0 0 0 0 0 0 0 0 0 0 0 0 0 0 0 0 0 0 0 0 0 0 0 0 0 0 0 0 0 0 0 0 0 0 0 0 0 0 0 0 0 0 0 0 0 0 0 0 0 0 0 0 0 0 0 0 0 0 0 0 0 0 0 0 0 0 0 0 0 0 0 0 0 0 0 0 0 0 0 0 0 0 0 0 0 0 0 0 0 0 0 0 0 0 0 0 0 0 0 0 0 0 0 0 0 0 0 0 0 0 0 0 0 0 0 0 0 0 0 0 0 0 0 0 0 0 0 0 0 0 0 0 0 0 0 0 0 0 0 0 0 0 0 0 0 0 0 0 0 0 0 0 0 0 0 0 0 0 0 0 0 0 0 0 0 0 0 0 0 0 0 0 0 0 0 0 0 0 0 0 0 0 0 0 0 0 0 0 0 0 0 0 0 0 0 0 0 0 0 0 0 0 0 0 0 0 0 0 0 0 0 0 0 0 0 0 0 0 0 0 0 0 0 0 0 0 0 0 0 0 0 0 0 0 0 0 0 0 0 0 0 0 0 0 0 0 0 0 0 0 0 0 0 0 0 0 0 0 0 0 0 0 0 0 0 0 0 0 0 0 0 0 0 0 0 0 0 0 0 0 0 0 0 0 0 0 0 0 0 0 0 0 0 0 0 0 0 0 0 0 0 0 0 0 0 0 0 0 0 0 0 0 0 0 0 0 0 0 0 0 0 0 0 0 0 0 0 0 0 0 0 0 0 0 0 0 0 0 0 0 0 0 0 0 0 0 0 0 0 0 0 0 0 0 0 0 0 0 0 0 0 0 0 0 0 0 0 0 0 0 0 0 0 0 0 0 0 0 0 0 0 0 0 0 0 0 0 0 0 0 0 0 0 0 0 0 0 0 0 0 0 0 0 0 0 0 0 0 0 0 0 0 0 0 0 0 0 0 0 0 0 0 0 0 0 0 0 0 0 0 0 0 0 0 0 0 0 0 0 0 0 0 0 0 0 0 0 0 0 0 0 0 0 0 0 0 0 0 0 0 0 0 0 0 0 0 0 0 0 0 0 0 0 0 0 0 0 0 0 0 0 0 0 0 0 0 0 0 0 0 0 0 0 0 0 0 0 0 0 0 0 0 0 0 0 0 0 0 0 0 0 0 0 0 0 0 0 0 0 0 0 0 0 0 0 0 0 0 0 0 0 0 0 0 0 0 0 0 0 0 0 0 0 0 0 0 0 0 0 0 0 0 0 0 0 0 0 0 0 0 0 0 0 0 0 0 0 0 0 0 0 0 0 0 0 0 0 0 0 0 0 0 0 0 0 0 0 0 0 0 0 0 0 0 0 0 0 0 0 0 0 0 0 0 0 0 0 0 0 0 0 0 0 0 0 0 0 0 0 0 0 0 0 0 0 0 0 0 0 0 0 0 0 0 0 0 0 0 0 0 0 0 0 0 0 0 0 0 0 0 0 0 0 0 0 0 0 0 0 0 0 0 0 0 0 0 0 0 0 0 0 0 0 0 0 0 0 0 0 0 0 0 0 0 0 0 0 0 0 0 0 0 0 0 0 0 0 0 0 0 0 0 0 0 0 0 0 0 0 0 0 0 0 0 0 0 0 0 0 0 0 0 0 0 0 0 0 0 0 0 0 0 0 0 0 0 0 0 0 0 0 0 0 0 0 0 0 0 0 0 0 0 0 0 0 0 0 0 0 0 0 0 0 0 0 0 0 0 0 0 0 0 0 0 0 0 0 0 0 0 0 0 0 0 0 0 0 0 0 0 0 0 0 0 0 0 0 0 0 0 0 0 0 0 0 0 0 0 0 0 0 0 0 0 0 0 0 0 0 0 0 0 0 0 0 0 0 0 0 0 0 0 0 0 0 0 0 0 0 0 0 0 0 0 0 0 0 0 0 0 0 0 0 0 0 0 0 0 0 0 0 0 0 0 0 0 0 0 0 0 0 0 0 0 0 0 0 0 0 0 0 0 0 0 0 0 0 0 0 0 0 0 0 0 0 0 0 0 0 0 0 0 0 0 0 0 0 0 0 0 0 0 0 0 0 0 0 0 0 0 0 0 0 0 0 0 0 0 0 0 0 0 0 0 0 0 0 0 0 0 0 0 0 0 0 0 0 0 0 0 0 0 0 0 0 0 0 0 0 0 0 0 0 0 0 0 0 0 0 0 0 0 0 0 0 0 0 0 0 0 0 0 0 0 0 0 0 0 0 0 0 0 0 0 0 0 0 0 0 0 0 0 0 0 0 0 0 0 0 0 0 0 0 0 0 0 0 0 0 0 0 0 0 0 0 0 0 0 0 0 0 0 0 0 0 0 0 0 0 0 0 0 0 0 0 0 0 0 0 0 0 0 0 0 0 0 0 0 0 0 0 0 0 0 0 0 0 0 0 0 0 0 0 0 0 0 0 0 0 0 0 0 0 0 0 0 0 0 0 0 0 0 0 0 0 0 0 0 0 0 0 0 0 0 0 0 0 0 0 0 0 0 0 0 0 0 0 0 0 0 0 0 0 0 0 0 0 0 0 0 0 0 0 0 0 0 0 0 0 0 0 0 0 0 0 0 0 0 0 0 0 0 0 0 0 0 0 0 0 0 0 0 0 0 0 0 0 0 0 0 0 0 0 0 0 0 0 0 0 0 0 0 0 0 0 0 0 0 0 0 0 0 0 0 0 0 0 0 0 0 0 0 0 0 0 0 0 0 0 0 0 0 0 0 0 0 0 0 0 0 0 0 0 0 0 0 0 0 0 0 0 0 0 0 0 0 0 0 0 0 0 0 0 0 0 0 0 0 0 0 0 0 0 0 0 0 0 0 0 0 0 0 0 0 0 0 0 0 0 0 0 0 0 0 0 0 0 0 0 0 0 0 0 0 0 0 0 0 0 0 0 0 0 0 0 0 0 0 0 0 0 0 0 0 0 0 0 0 0 0 0 0 0 0 0 0 0 0 0 0 0 0 0 0 0 0 0 0 0 0 0 0 0 0 0 0 0 0 0 0 0 0 0 0 0 0 0 0 0 0 0 0 0 0 0 0 0 0 0 0 0 0 0 0 0 0 0 0 0 0 0 0 0 0 0 0 0 0 0 0 0 0 0 0 0 0 0 0 0 0 0 0 0 0 0 0 0 0 0 0 0 0 0 0 0 0 0 0 0 0 0 0 0 0 0 0 0 0 0 0 0 0 0 0 0 0 0 0 0 0 0 0 0 0 0 0 0 0 0 0 0 0 0 0 0 0 0 0 0 0 0 0 0 0 0 0 0 0 0 0 0 0 0 0 0 0 0 0 0 0 0 0 0 0 0 0 0 0 0 0 0 0 0 0 0 0 0 0 0 0 0 0 0 0 0 0 0 0 0 0 0 0 0 0 0 0 0 0 0 0 0 0 0 0 0 0 0 0 0 0 0 0 0 0 0 0 0 0 0 0 0 0 0 0 0 0 0 0 0 0 0 0 0 0 0 0 0 0 0 0 0 0 0 0 0 0 0 0 0 0 0 0 0 0 0 0 0 0 0 0 0 0 0 0 0 0 0 0 0 0 0 0 0 0 0 0 0 0 0 0 0 0 0 0 0 0 0 0 0 0 0 0 0 0 0 0 0 0 0 0 0 0 0 0 0 0 0 0 0 0 0 0 0 0 0 0 0 0 0 0 0 0 0 0 0 0 0 0 0 0 0 0 0 0 0 0 0 0 0 0 0 0 0 0 0 0 0 0 0 0 0 0 0 0 0 0 0 0 0 0 0 0 0 0 0 0 0 0 0 0 0 0 0 0 0 0 0 0 0 0 0 0 0 0 0 0 0 0 0 0 0 0 0 0 0 0 0 0 0 0 0 0 0 0 0 0 0 0 0 0 0 0 0 0 0 0 0 0 0 0 0 0 0 0 0 0 0 0 0 0 0 0 0 0 0 0 0 0 0 0 0 0 0 0 0 0 0 0 0 0 0 0 0 0 0 0 0 0 0 0 0 0 0 0 0 0 0 0 0 0 0 0 0 0 0 0 0 0 0 0 0 0 0 0 0 0 0 0 0 0 0 0 0 0 0 0 0 0 0 0 0 0 0 0 0 0 0 0 0 0 0 0 0 0 0 0 0 0 0 0 0 0 0 0 0 0 0 0 0 0 0 0 0 0 0 0 0 0 0 0 0 0 0 0 0 0 0 0 0 0 0 0 0 0 0 0 0 0 0 0 0 0 0 0 0 0 0 0 0 0 0 0 0 0 0 0 0 0 0 0 0 0 0 0 0 0 0 0 0 0 0 0 0 0 0 0 0 0 0 0 0 0 0 0 0 0 0 0 0 0 0 0 0 0 0 0 0 0 0 0 0 0 0 0 0 0 0 0 0 0 0 0 0 0 0 0 0 0 0 0 0 0 0 0 0 0 0 0 0 0 0 0 0 0 0 0 0 0 0 0 0 0 0 0 0 0 0 0 0 0 0 0 0 0 0 0 0 0 0 0 0 0 0 0 0 0 0 0 0 0 0 0 0 0 0 0 0 0 0 0 0 0 0 0 0 0 0 0 0 0 0 0 0 0 0 0 0 0 0 0 0 0 0 0 0 0 0 0 0 0 0 0 0 0 0 0 0 0 0 0 0 0 0 0 0 0 0 0 0 0 0 0 0 0 0 0 0 0 0 0 0 0 0 0 0 0 0 0 0 0 0 0 0 0 0 0 0 0 0 0 0 0 0 0 0 0 0 0 0 0 0 0 0 0 0 0 0 0 0 0 0 0 0 0 0 0 0 0 0 0 0 0 0 0 0 0 0 0 0 0 0 0 0 0 0 0 0 0 0 0 0 0 0 0 0 0 0 0 0 0 0 0 0 0 0 0 0 0 0 0 0 0 0 0 0 0 0 0 0 0 0 0 0 0 0 0 0 0 0 0 0 0 0 0 0 0 0 0 0 0 0 0 0 0 0 0 0 0 0 0 0 0 0 0 0 0 0 0 0 0 0 0 0 0 0 0 0 0 0 0 0 0 0 0 0 0 0 0 0 0 0 0 0 0 0 0 0 0 0 0 0 0 0 0 0 0 0 0 0 0 0 0 0 0 0 0 0 0 0 0 0 0 0 0 0 0 0 0 0 0 0 0 0 0 0 0 0 0 0 0 0 0 0 0 0 0 0 0 0 0 0 0 0 0 0 0 0 0 0 0 0 0 0 0 0 0 0 0 0 0 0 0 0 0 0 0 0 0 0 0 0 0 0 0 0 0 0 0 0 0 0 0 0 0 0 0 0 0 0 0 0 0 0 0 0 0 0 0 0 0 0 0 0 0 0 0 0 0 0 0 0 0 0 0 0 0 0 0 0 0 0 0 0 0 0 0 0 0 0 0 0 0 0 0 0 0 0 0 0 0 0 0 0 0 0 0 0 0 0 0 0 0 0 0 0 0 0 0 0 0 0 0 0 0 0 0 0 0 0 0 0 0 0 0 0 0 0 0 0 0 0 0 0 0 0 0 0 0 0 0 0 0 0 0 0 0 0 0 0 0 0 0 0 0 0 0 0 0 0 0 0 0 0 0 0 0 0 0 0 0 0 0 0 0 0 0 0 0 0 0 0 0 0 0 0 0 0 0 0 0 0 0 0 0 0 0 0 0 0 0 0 0 0 0 0 0 0 0 0 0 0 0 0 0 0 0 0 0 0 0 0 0 0 0 0 0 0 0 0 0 0 0 0 0 0 0 0 0 0 0 0 0 0 0 0 0 0 0 0 0 0 0 0 0 0 0 0 0 0 0 0 0 0 0 0 0 0 0 0 0 0 0 0 0 0 0 0 0 0 0 0 0 0 0 0 0 0 0 0 0 0 0 0 0 0 0 0 0 0 0 0 0 0 0 0 0 0 0 0 0 0 0 0 0 0 0 0 0 0 0 0 0 0 0 0 0 0 0 0 0 0 0 0 0 0 0 0 0 0 0 0 0 0 0 0 0 0 0 0 0 0 0 0 0 0 0 0 0 0 0 0 0 0 0 0 0 0 0 0 0 0 0 0 0 0 0 0 0 0 0 0 0 0 0 0 0 0 0 0 0 0 0 0 0 0 0 0 0 0 0 0 0 0 0 0 0 0 0 0 0 0 0 0 0 0 0 0 0 0 0 0 0 0 0 0 0 0 0 0 0 0 0 0 0 0 0 0 0 0 0 0 0 0 0 0 0 0 0 0 0 0 0 0 0 0 0 0 0 0 0 0 0 0 0 0 0 0 0 0 0 0 0 0 0 0 0 0 0 0 0 0 0 0 0 0 0 0 0 0 0 0 0 0 0 0 0 0 0 0 0 0 0 0 0 0 0 0 0 0 0 0 0 0 0 0 0 0 0 0 0 0 0 0 0 0 0 0 0 0 0 0 0 0 0 0 0 0 0 0 0 0 0 0 0 0 0 0 0 0 0 0 0 0 0 0 0 0 0 0 0 0 0 0 0 0 0 0 0 0 0 0 0 0 0 0 0 0 0 0 0 0 0 0 0 0 0 0 0 0 0 0 0 0 0 0 0 0 0 0 0 0 0 0 0 0 0 0 0 0 0 0 0 0 0 0 0 0 0 0 0 0 0 0 0 0 0 0 0 0 0 0 0 0 0 0 0 0 0 0 0 0 0 0 0 0 0 0 0 0 0 0 0 0 0 0 0 0 0 0 0 0 0 0 0 0 0 0 0 0 0 0 0 0 0 0 0 0 0 0 0 0 0 0 0 0 0 0 0 0 0 0 0 0 0 0 0 0 0 0 0 0 0 0 0 0 0 0 0 0 0 0 0 0 0 0 0 0 0 0 0 0 0 0 0 0 0 0 0 0 0 0 0 0 0 0 0 0 0 0 0 0 0 0 0 0 0 0 0 0 0 0 0 0 0 0 0 0 0 0 0 0 0 0 0 0 0 0 0 0 0 0 0 0 0 0 0 0 0 0 0 0 0 0 0 0 0 0 0 0 0 0 0 0 0 0 0 0 0 0 0 0 0 0 0 0 0 0 0 0 0 0 0 0 0 0 0 0 0 0 0 0 0 0 0 0 0 0 0 0 0 0 0 0 0 0 0 0 0 0 0 0 0 0 0 0 0 0 0 0 0 0 0 0 0 0 0 0 0 0 0 0 0 0 0 0 0 0 0 0 0 0 0 0 0 0 0 0 0 0 0 0 0 0 0 0 0 0 0 0 0 0 0 0 0 0 0 0 0 0 0 0 0 0 0 0 0 0 0 0 0 0 0 0 0 0 0 0 0 0 0 0 0 0 0 0 0 0 0 0 0 0 0 0 0 0 0 0 0 0 0 0 0 0 0 0 0 0 0 0 0 0 0 0 0 0 0 0 0 0 0 0 0 0 0 0 0 0 0 0 0 0 0 0 0 0 0 0 0 0 0 0 0 0 0 0 0 0 0 0 0 0 0 0 0 0 0 0 0 0 0 0 0 0 0 0 0 0 0 0 0 0 0 0 0 0 0 0 0 0 0 0 0 0 0 0 0 0 0 0 0 0 0 0 0 0 0 0 0 0 0 0 0 0 0 0 0 0 0 0 0 0 0 0 0 0 0 0 0 0 0 0 0 0 0 0 0 0 0 0 0 0 0 0 0 0 0 0 0 0 0 0 0 0 0 0 0 0 0 0 0 0 0 0 0 0 0 0 0 0 0 0 0 0 0 0 0 0 0 0 0 0 0 0 0 0 0 0 0 0 0 0 0 0 0 0 0 0 0 0 0 0 0 0 0 0 0 0 0 0 0 0 0 0 0 0 0 0 0 0 0 0 0 0 0 0 0 0 0 0 0 0 0 0 0 0 0 0 0 0 0 0 0 0 0 0 0 0 0 0 0 0 0 0 0 0 0 0 0 0 0 0 0 0 0 0 0 0 0 0 0 0 0 0 0 0 0 0 0 0 0 0 0 0 0 0 0 0 0 0 0 0 0 0 0 0 0 0 0 0 0 0 0 0 0 0 0 0 0 0 0 0 0 0 0 0 0 0 0 0 0 0 0 0 0 0 0 0 0 0 0 0 0 0 0 0 0 0 0 0 0 0 0 0 0 0 0 0 0 0 0 0 0 0 0 0 0 0 0 0 0 0 0 0 0 0 0 0 0 0 0 0 0 0 0 0 0 0 0 0 0 0 0 0 0 0 0 0 0 0 0 0 0 0 0 0 0 0 0 0 0 0 0 0 0 0 0 0 0 0 0 0 0 0 0 0 0 0 0 0 0 0 0 0 0 0 0 0 0 0 0 0 0 0 0 0 0 0 0 0 0 0 0 0 0 0 0 0 0 0 0 0 0 0 0 0 0 0 0 0 0 0 0 0 0 0 0 0 0 0 0 0 0 0 0 0 0 0 0 0 0 0 0 0 0 0 0 0 0 0 0 0 0 0 0 0 0 0 0 0 0 0 0 0 0 0 0 0 0 0 0 0 0 0 0 0 0 0 0 0 0 0 0 0 0 0 0 0 0 0 0 0 0 0 0 0 0 0 0 0 0 0 0 0 0 0 0 0 0 0 0 0 0 0 0 0 0 0 0 0 0 0 0 0 0 0 0 0 0 0 0 0 0 0 0 0 0 0 0 0 0 0 0 0 0 0 0 0 0 0 0 0 0 0 0 0 0 0 0 0 0 0 0 0 0 0 0 0 0 0 0 0 0 0 0 0 0 0 0 0 0 0 0 0 0 0 0 0 0 0 0 0 0 0 0 0 0 0 0 0 0 0 0 0 0 0 0 0 0 0 0 0 0 0 0 0 0 0 0 0 0 0 0 0 0 0 0 0 0 0 0 0 0 0 0 0 0 0 0 0 0 0 0 0 0 0 0 0 0 0 0 0 0 0 0 0 0 0 0 0 0 0 0 0 0 0 0 0 0 0 0 0 0 0 0 0 0 0 0 0 0 0 0 0 0 0 0 0 0 0 0 0 0 0 0 0 0 0 0 0 0 0 0 0 0 0 0 0 0 0 0 0 0 0 0 0 0 0 0 0 0 0 0 0 0 0 0 0 0 0 0 0 0 0 0 0 0 0 0 0 0 0 0 0 0 0 0 0 0 0 0 0 0 0 0 0 0 0 0 0 0 0 0 0 0 0 0 0 0 0 0 0 0 0 0 0 0 0 0 0 0 0 0 0 0 0 0 0 0 0 0 0 0 0 0 0 0 0 0 0 0 0 0 0 0 0 0 0 0 0 0 0 0 0 0 0 0 0 0 0 0 0 0 0 0 0 0 0 0 0 0 0 0 0 0 0 0 0 0 0 0 0 0 0 0 0 0 0 0 0 0 0 0 0 0 0 0 0 0 0 0 0 0 0 0 0 0 0 0 0 0 0 0 0 0 0 0 0 0 0 0 0 0 0 0 0 0 0 0 0 0 0 0 0 0 0 0 0 0 0 0 0 0 0 0 0 0 0 0 0 0 0 0 0 0 0 0 0 0 0 0 0 0 0 0 0 0 0 0 0 0 0 0 0 0 0 0 0 0 0 0 0 0 0 0 0 0 0 0 0 0 0 0 0 0 0 0 0 0 0 0 0 0 0 0 0 0 0 0 0 0 0 0 0 0 0 0 0 0 0 0 0 0 0 0 0 0 0 0 0 0 0 0 0 0 0 0 0 0 0 0 0 0 0 0 0 0 0 0 0 0 0 0 0 0 0 0 0 0 0 0 0 0 0 0 0 0 0 0 0 0 0 0 0 0 0 0 0 0 0 0 0 0 0 0 0 0 0 0 0 0 0 0 0 0 0 0 0 0 0 0 0 0 0 0 0 0 0 0 0 0 0 0 0 0 0 0 0 0 0 0 0 0 0 0 0 0 0 0 0 0 0 0 0 0 0 0 0 0 0 0 0 0 0 0 0 0 0 0 0 0 0 0 0 0 0 0 0 0 0 0 0 0 0 0 0 0 0 0 0 0 0 0 0 0 0 0 0 0 0 0 0 0 0 0 0 0 0 0 0 0 0 0 0 0 0 0 0 0 0 0 0 0 0 0 0 0 0 0 0 0 0 0 0 0 0 0 0 0 0 0 0 0 0 0 0 0 0 0 0 0 0 0 0 0 0 0 0 0 0 0 0 0 0 0 0 0 0 0 0 0 0 0 0 0 0 0 0 0 0 0 0 0 0 0 0 0 0 0 0 0 0 0 0 0 0 0 0 0 0 0 0 0 0 0 0 0 0 0 0 0 0 0 0 0 0 0 0 0 0 0 0 0 0 0 0 0 0 0 0 0 0 0 0 0 0 0 0 0 0 0 0 0 0 0 0 0 0 0 0 0 0 0 0 0 0 0 0 0 0 0 0 0 0 0 0 0 0 0 0 0 0 0 0 0 0 0 0 0 0 0 0 0 0 0 0 0 0 0 0 0 0 0 0 0 0 0 0 0 0 0 0 0 0 0 0 0 0 0 0 0 0 0 0 0 0 0 0 0 0 0 0 0 0 0 0 0 0 0 0 0 0 0 0 0 0 0 0 0 0 0 0 0 0 0 0 0 0 0 0 0 0 0 0 0 0 0 0 0 0 0 0 0 0 0 0 0 0 0 0 0 0 0 0 0 0 0 0 0 0 0 0 0 0 0 0 0 0 0 0 0 0 0 0 0 0 0 0 0 0 0 0 0 0 0 0 0 0 0 0 0 0 0 0 0 0 0 0 0 0 0 0 0 0 0 0 0 0 0 0 0 0 0 0 0 0 0 0 0 0 0 0 0 0 0 0 0 0 0 0 0 0 0 0 0 0 0 0 0 0 0 0 0 0 0 0 0 0 0 0 0 0 0 0 0 0 0 0 0 0 0 0 0 0 0 0 0 0 0 0 0 0 0 0 0 0 0 0 0 0 0 0 0 0 0 0 0 0 0 0 0 0 0 0 0 0 0 0 0 0 0 0 0 0 0 0 0 0 0 0 0 0 0 0 0 0 0 0 0 0 0 0 0 0 0 0 0 0 0 0 0 0 0 0 0 0 0 0 0 0 0 0 0 0 0 0 0 0 0 0 0 0 0 0 0 0 0 0 0 0 0 0 0 0 0 0 0 0 0 0 0 0 0 0 0 0 0 0 0 0 0 0 0 0 0 0 0 0 0 0 0 0 0 0 0 0 0 0 0 0 0 0 0 0 0 0 0 0 0 0 0 0 0 0 0 0 0 0 0 0 0 0 0 0 0 0 0 0 0 0 0 0 0 0 0 0 0 0 0 0 0 0 0 0 0 0 0 0 0 0 0 0 0 0 0 0 0 0 0 0 0 0 0 0 0 0 0 0 0 0 0 0 0 0 0 0 0 0 0 0 0 0 0 0 0 0 0 0 0 0 0 0 0 0 0 0 0 0 0 0 0 0 0 0 0 0 0 0 0 0 0 0 0 0 0 0 0 0 0 0 0 0 0 0 0 0 0 0 0 0 0 0 0 0 0 0 0 0 0 0 0 0 0 0 0 0 0 0 0 0 0 0 0 0 0 0 0 0 0
Case #37: 33431275944 8343002944 3719288489 2089113363 1339038278 927221973 681984702 520179537 412501397 332500762 276009374 231961982 197995988 170965861 148684247 129633745 115888938 102725112 92539634 82925842 75467712 69170808 63265839 57745741 53921854 49300155 45806159 42674465 40048020 36562576 34873074 32523826 30885566 29112323 27467269 25651368 24417096 23184802 22028287 20751446 19934896 18992327 18206163 17334705 16594842 15719992 15028175 14388887 13968369 13305191 12913116 12253796 11849606 11449338 10953475 10571812 10200137 9888303 9703658 9177987 8987817 8635687 8452975 8114763 8035913 7706740 7371428 7339698 7056099 6864286 6583218 6470828 6241232 6140255 5926063 5670123 5605789 5430120 5270953 5195989 5024359 4873697 4907232 4678259 4651744 4547920 4437218 4251175 4228309 4124203 3989420 3960614 3869132 3786387 3707313 3601543 3527607 3520133 3371571 3377165 3339824 3286269 3157012 3064079 3019251 2949785 2869966 2846012 2813463 2772889 2680239 2662561 2623114 2563347 2567970 2494440 2477468 2437075 2367834 2292730 2341080 2292227 2272225 2190702 2157499 2129288 2114616 2063162 2000277 1994841 1962396 1912364 1875460 1832101 1878211 1821107 1768722 1739295 1666846 1701474 1686434 1685260 1601204 1590815 1647820 1566120 1542423 1534950 1510293 1459672 1481820 1404181 1416338 1406794 1403132 1376989 1360314 1334746 1353724 1276915 1256966 1237309 1277681 1238149 1254754 1213123 1185034 1166567 1165936 1152838 1122726 1133109 1115458 1098880 1099944 1052211 1078200 1075104 1057598 1022342 1044033 1004159 1017482 993010 974161 970813 972611 931143 924575 941063 902817 902027 912754 908059 907723 871444 862459 862958 843705 834317 821576 823718 822410 830824 789821 776568 787455 745149 748384 751949 731913 721526 725234 735668 725527 713941 716952 707157 699768 695474 688024 677610 680382 673369 653216 641053 658621 617159 615022 613093 612207 630923 611320 613547 589285 605517 581180 591150 571553 562750 585147 577278 554206 581588 564879 559618 537266 548534 547596 538699 550086 532593 520791 504085 531442 521313 504952 492130 498249 493168 483393 489235 494746 464192 474118 458378 471032 456336 466812 469267 452366 456401 443777 454395 444909 445570 425581 417539 428162 420932 414463 417227 402132 424910 405542 410458 415710 405290 408896 389038 386112 386516 381532 393623 394630 386887 367506 366393 383168 373409 373778 378049 366273 351883 348110 368620 361863 349941 343097 346537 354628 338142 347152 340494 336095 340720 339413 334052 321561 317205 320806 319951 306759 310575 333836 320455 304767 305924 308703 325101 306282 302798 305694 297329 294645 290226 289695 280714 290110 282673 293049 279789 280599 292625 285538 279183 276268 273728 278118 277523 274815 256714 266208 272288 264570 273632 264617 266880 261017 260487 249746 259664 252130 250764 243308 249341 246642 244202 249471 236352 236099 248472 245018 241740 235660 230750 237873 234149 223607 229268 238094 230647 226157 223517 220285 229376 220822 225940 219833 224180 223330 225702 223613 207122 208319 212563 216886 210620 204706 207273 211185 205954 204372 205913 200029 208746 200450 205587 201718 192369 205142 196551 192446 191133 202135 186886 188187 181200 184535 181864 195583 181720 192933 179450 186656 187398 182524 181418 177534 179675 179999 175365 182921 172247 183878 173063 176778 177910 175190 168926 179081 178844 169679 174009 170903 168772 160998 164877 163042 162950 164605 162116 163657 168495 160362 158078 152670 158452 155984 151853 150729 158347 156243 155604 154215 160397 159393 150098 151831 143958 150498 148347 144896 145805 154280 152313 149067 141023 144617 147426 143581 145426 144468 141836 142288 135678 138908 136006 142948 142639 140129 141362 136697 139044 137560 132326 138625 138248 133652 132368 132509 135911 135275 138291 136049 132373 128617 127243 137449 132459 130378 127564 121046 121959 126259 116733 117778 123025 125201 124854 119437 121202 122425 123877 122727 120629 122285 114343 122882 118736 123233 116323 115532 121747 114597 116033 121578 112250 110343 116160 111938 115025 114669 112304 111327 110992 110908 111247 116751 107118 107647 107330 102882 109431 110563 104799 109341 113100 112776 108236 108086 104770 102559 101177 102622 100385 99127 104201 102376 98470 100129 103547 96645 99279 107714 98658 100253 102931 104826 99006 96008 99345 100403 97185 100491 99448 99279 93189 91522 99096 101816 94071 96966 93294 97843 92878 93215 90598 91603 94631 95968 95779 89306 94158 90011 88421 86177 88098 92926 88594 89397 89600 92663 88387 93601 84370 91111 85363 87508 87764 85995 87197 85795 81279 86983 84676 79123 86087 86764 85372 82324 84320 78680 83773 84116 80164 80694 76611 76049 81840 75057 81240 80641 81119 81346 78852 75616 81373 78188 79541 75630 79673 78165 79523 76801 76408 75322 77273 77754 77685 75331 73916 76848 75061 78008 77722 71245 74280 76868 73433 72683 73920 77199 72097 75498 70756 75911 72257 74025 73551 76412 75209 75648 68304 68490 71393 66989 72567 69491 65700 70292 68796 68938 69754 63141 69400 71066 68460 70272 68381 67396 66222 71739 64692 65227 65791 67221 66388 67327 67072 67140 67392 64565 65325 65495 67413 61562 62506 66167 63877 63146 61410 64872 65346 65440 60913 60697 63466 62081 63838 61810 62612 60337 59842 63037 62170 62774 62484 60555 60887 58994 60539 60658 62110 60483 61423 58669 59009 55144 58077 56146 56140 55951 56127 58187 59043 57533 53378 56987 58798 55035 59066 57436 58812 57901 56041 55368 57191 60963 54669 55408 54752 54895 51823 58296 57123 53544 54717 54194 55146 56534 55239 54087 56447 53859 56185 55627 54319 54867 52161 54029 51774 50845 52436 53393 49752 52007 51517 51359 53400 51002 53882 53557 53731 51497 50407 51874 52133 50014 49511 51092 51447 51286 51551 53381 52628 51559 46690 51122 46654 48829 49578 50629 47881 50564 49308 48053 48355 48714 47537 46885 49640 49722 48124 46576 46546 47258 45832 48401 44922 50191 47434 48924 48480 48888 47390 46343 44948 44000 45744 44208 46338 45674 44080 44247 45922 44285 46262 43640 45958 47923 47120 45563 45290 45543 43875 44155 41870 43392 42617 43677 42697 41150 44271 43878 43408 44078 40389 41908 41246 41530 44127 42317 44081 43749 43090 42986 41270 43814 42766 43310 40639 40138 38595 43243 42528 42782 43667 40851 41862 41345 41077 40013 42208 41047 41270 42404 44320 41057 39339 39663 39792 38533 38119 41103 36321 40338 39853 39641 39245 40667 37272 38225 38029 39948 39937 38236 39636 38334 37944 38031 37916 40570 37771 37257 37432 38472 38001 40733 36289 36431 38885 40013 35027 36206 37640 36972 35555 36068 36580 36273 36108 34088 36654 37004 35874 37146 35824 36925 35352 37272 35651 35989 35144 35994 34683 35152 35115 34573 36364 35589 32909 34957 37004 38098 34417 35184 36062 33515 34894 33341 34626 36792 34223 33349 32360 34371 33145 34815 35567 34412 33785 36039 35653 33508 32748 36910 33128 34998 34142 31114 33944 34355 34425 32870 36334 32820 32552 34997 34457 32877 35337 34521 30856 33978 32415 32882 35278 34874 33276 31241 32269 32715 29544 32789 30276 31833 29603 29009 28963 32446 32083 31182 31023 31896 29405 28947 31920 31824 31258 31743 30694 30855 30576 29193 31588 30700 30115 29563 32094 31681 31080 30931 31209 30237 29467 29953 30453 30568 30666 31059 30525 31769 26247 28790 27336 26970 29665 29239 29348 28134 26208 28081 29425 28803 28389 28191 28419 31237 28837 29375 28454 27188 27863 28437 28311 27816 26779 27002 27936 27139 28130 28005 26969 25842 28379 27334 27865 25729 26758 28823 25422 26525 27932 28029 27364 27504 26907 27560 26924 28598 25147 27256 26844 26489 26980 26005 26629 26638 25382 25981 27137 26524 24197 27157 25461 27622 25534 27285 25043 26977 24007 24986 25457 28107 27304 25336 26339 26522 23970 26285 25411 26317 26721 24699 24800 25547 26341 25255 24834 26212 25293 24825 26072 24462 26217 25900 27307 25288 25258 24718 24802 22683 24247 23371 23524 22703 23045 23206 25458 24170 21285 23833 23342 23393 23064 23940 22887 23902 22823 21579 24620 23563 23668 23962 23000 24030 23386 24136 23892 24026 23162 25859 23299 22510 21604 22954 22952 23797 21601 24062 23164 23601 23144 24003 22883 23785 23025 22700 22580 23978 23271 22613 23467 22752 21862 22382 23686 22525 21275 21336 22033 21100 21584 22294 21774 20531 21839 21460 22544 21220 20911 21846 22070 22410 21893 21795 22516 20886 21196 21895 20236 22950 21923 23135 22994 21800 19876 21729 22802 19513 21787 21285 19027 22010 21453 20064 21576 20369 19937 20304 20588 20752 19670 20781 19324 21506 21648 21504 20714 21345 19868 20445 20816 21536 19571 20734 19899 20766 20510 20877 20796 18922 19678 19558 19223 18562 18752 20778 19319 21589 18607 18410 17923 19804 19725 18946 20437 19638 20791 20389 19351 19382 19875 19026 20079 20832 18663 18972 19243 19957 20111 20093 19961 20969 19124 18941 19118 19979 18719 18561 18283 18726 17374 18377 19925 19054 17572 19066 19887 19242 19010 20014 18771 19250 19159 19477 19399 19152 18157 18006 19253 19794 18713 17973 19322 18831 18856 18332 18477 20265 17948 18871 17738 17176 17258 17387 18324 16651 17919 18311 16871 18180 17306 17273 17086 18105 17159 17675 16776 16590 17423 16244 17406 17992 17434 16923 16668 17666 17066 16682 17306 16603 17077 17855 17474 16224 17302 16612 14558 15506 17075 17510 17910 17129 16686 16963 17287 17005 15667 16422 16472 17427 16802 16780 17501 16218 15425 17515 16580 17326 17356 17259 17051 16308 16659 17825 16690 16578 17727 17588 17330 17204 17416 17243 16420 16014 17528 16010 15361 14798 15632 15712 14717 16158 16764 15370 15663 16956 16462 14822 15810 15110 15273 16404 16388 15992 15554 16616 15306 15240 14933 17042 15478 15908 15376 16553 14432 15286 14424 15560 15653 14302 15643 14592 15360 15947 15181 15541 15144 14507 15268 16116 15919 17447 15516 15529 14860 14260 15436 15097 14773 15359 14641 15686 15565 15707 15012 14391 14819 15435 15607 14655 15661 15131 15019 14631 13947 14947 15117 14589 14982 15128 14478 15145 15070 15050 14557 15017 15408 14283 15547 14910 14245 15032 12523 13302 13754 13736 15263 14273 14155 14179 14323 13823 15226 15123 15041 13857 15213 14682 12989 15447 13403 15068 13951 14035 15049 12773 13990 12352 13962 15156 13411 14364 12962 14808 12641 13078 14509 14678 13567 14707 13432 14139 13271 14548 13702 14909 14789 14126 14881 13333 14073 13152 13724 13105 13631 14458 13309 13521 13625 13631 13229 13774 14263 13934 14353 13629 14031 13679 11995 13299 13253 13878 12941 13849 13658 13371 13163 14449 13439 14206 13952 13764 13597 13719 13491 13889 12502 14169 13671 12636 13610 12981 13631 13292 14365 12915 13554 15126 13704 11692 11876 11930 12323 10931 12075 12306 11641 11759 12463 11949 13184 12993 11821 12640 12156 12553 12719 11420 11795 12169 11783 12369 11882 11822 11907 11529 11964 12880 12639 11980 12303 12013 12389 12538 12501 12066 12035 13217 11829 11907 12307 12536 11775 12314 11275 10780 12947 12617 12498 12142 12961 12844 12055 11123 11446 12339 11272 11606 11078 11368 12738 11048 11315 11676 12013 12049 11432 11746 12346 11146 12028 10449 11810 11381 10884 12248 11921 11864 11959 12063 11389 12136 11160 12608 11224 12545 12020 10913 11583 11856 11617 11871 11652 12263 12210 12550 11775 12194 11030 11893 11647 12112 12369 12040 11458 12182 12295 11450 12048 11758 12535 11579 11108 9857 9970 9944 11097 10489 10202 11356 11690 9891 10664 10906 10239 9796 10034 10845 10507 10403 10026 9881 9471 10889 10818 10184 11202 11166 11376 10669 10401 11676 9536 11420 10502 11046 10289 11311 11226 10775 10703 10872 10436 9733 10237 9807 10876 10447 10763 11014 9825 11647 10079 11268 10946 10246 10650 10859 10254 11096 10970 11528 10473 10805 9527 9930 10558 10301 10747 10434 9960 10758 10785 10278 9944 10136 9818 9947 10730 9477 10103 9398 10444 9210 10128 9831 10163 9791 10188 10374 10199 9532 10663 10494 9747 10516 9600 10453 9320 10082 9728 10070 10346 10279 10220 10168 10830 10217 9757 9934 10320 9600 10318 10404 10756 9949 10078 10574 9827 10547 10222 10657 9577 10349 9600 9835 9594 9904 9399 9512 9388 9473 10458 9744 9363 9559 9317 9241 8696 8624 9831 9161 9204 9330 9921 9451 8449 8833 9168 9590 9437 9144 9438 9187 9104 9183 8478 8486 8679 9106 9608 9907 9289 9055 8609 9653 8858 10354 9517 9270 8714 8477 8892 9067 9235 8792 9583 8615 9768 8630 9713 9309 8979 9192 8762 8988 8985 9367 8983 10062 8806 9117 9894 9164 9033 9361 9493 9176 9037 9281 8952 8663 8947 8930 8736 8493 9011 8521 8855 8824 8785 8893 8351 9658 9205 8107 8702 8387 8221 8931 8295 8709 8805 9562 8862 8253 8308 8753 9202 8922 9050 9468 9070 8648 8310 8418 9158 8344 8894 9456 8929 9060 9289 8625 7941 9752 8119 8823 8691 9095 8601 8641 8575 8356 9114 8889 8816 9302 9421 8839 8684 8366 8115 8942 9360 9220 8175 8806 8248 9031 9218 8569 8435 9211 9210 9564 8742 8272 7701 7330 7873 8461 8124 7611 8076 7642 8173 7931 8551 7765 8166 8238 7982 7489 7735 8415 7759 7367 7321 7846 7731 7495 8015 7662 8005 8449 7948 8232 7297 7831 8267 8267 8896 8193 8011 8051 7841 8337 7921 7664 7611 7717 8438 8067 7666 7634 8029 7555 7154 7196 8313 8199 7711 7645 7721 7552 7087 7176 7647 8065 8082 8261 7883 8241 7590 7190 7892 8292 7812 7606 7778 7796 8189 8052 7992 7723 7707 8082 7826 8069 7002 7182 7910 7713 7637 6923 7553 8175 7621 7092 7206 7243 8279 7761 6843 7553 7660 8001 7418 7444 7583 7606 7667 7892 7965 7325 7372 6933 7252 7343 7751 7567 7520 7186 7343 7488 7128 7111 7854 7726 7341 7601 7647 7529 6992 7915 7740 7766 6391 7392 7447 7249 7713 7950 7565 7180 7780 6478 7695 7699 7709 7967 7773 7752 8227 8149 7584 7170 7457 7303 7242 7329 7798 8249 8061 7777 7052 7031 7905 7689 7789 7709 6922 8144 7349 7172 6662 7077 7039 7557 6977 6475 6602 6804 6404 6789 6222 6224 6304 6438 6589 6559 6864 5928 6563 6143 6847 7026 6968 6779 5798 6520 6354 6120 6451 6394 5918 5984 6269 6338 6316 6295 6623 6358 6847 6494 6660 6348 6273 7020 6581 6507 6650 6479 6716 6323 6758 5944 7226 6666 6348 6708 6491 5925 6491 6261 6802 6099 6510 6760 6709 6144 6903 7135 6506 6837 6325 7000 7047 6168 6524 6796 6389 6182 6610 6618 6657 6341 6892 6343 6897 6359 6267 6173 6368 5856 6038 6209 6277 6579 6403 6728 6762 6515 6525 5858 7179 6218 6477 6469 6271 6743 6568 5860 5631 5857 6125 6278 6026 5782 6214 5877 6288 5830 6266 6008 5858 6029 6191 6034 6430 6040 6317 6334 5945 5958 6312 5589 6517 5935 6037 5994 5735 6449 5905 6417 6466 6288 6172 6134 6088 6129 6514 5841 6317 5980 6300 6220 5971 6021 5586 5831 5880 6779 6188 6221 6084 6389 5992 6138 5765 6523 6383 6604 6399 5540 6087 6338 6174 6192 5464 6693 6377 6036 6354 6188 6237 5294 5687 6208 6799 5788 5828 6474 6440 6104 6247 6321 6095 5667 6766 6399 5745 6144 6258 5470 6206 6142 5970 6430 6071 5820 5527 6180 5963 6192 5749 5830 5745 4887 5567 5812 5997 5571 5180 5507 4996 6179 5213 6197 5673 5637 5668 5098 5559 5518 5655 5354 5549 5400 5301 5497 5998 5592 5906 5587 5766 5357 5966 5922 5622 5736 5479 5273 5718 5603 5389 5955 5854 5375 5717 5452 5578 5632 5005 5225 5351 5652 5830 5923 5403 5528 5922 5656 5417 5808 5477 5521 5771 5153 5723 5903 5562 5610 5876 5224 5741 5468 5796 5896 4573 6235 5565 5398 5431 5055 5931 5479 5959 5255 5107 5802 5904 5477 5247 5924 6047 5845 5236 5865 5780 5632 5858 5585 5584 5527 5164 5779 5230 5516 5279 5911 5874 6062 5507 5617 5817 5469 5695 5811 5711 5283 5312 5575 4989 5345 5675 5126 5053 5451 5510 5103 5308 5069 5039 4954 5253 4978 5113 4944 5038 5083 5476 5130 4960 4713 5255 5130 5227 5425 5130 5554 4851 4614 5339 5251 5390 5668 4991 5117 5598 5170 5472 4966 5117 5434 5240 4900 5182 5459 4823 5405 5393 5136 5334 5012 5533 5077 5292 4840 4881 5574 5052 5928 5200 4818 4990 5002 5060 5731 5071 5188 5174 5452 5330 5120 4820 5476 5206 5293 5164 4933 5277 5304 5236 4985 5181 5171 5542 5711 5267 4719 5662 5202 4712 5583 5194 4721 5555 5733 5341 5160 5488 5162 5091 5542 5292 5113 5689 5259 5408 5193 5249 4940 5073 5081 4898 5195 4527 5090 5497 5243 4947 4909 5285 5137 5072 5592 4933 5461 5073 4746 4988 5253 5174 5659 5599 5359 4557 4660 4158 4550 4577 4592 4400 4432 4492 4179 4487 4247 4259 4709 4480 4304 4459 4658 4515 4750 4388 4120 4360 4560 4398 4486 4578 4267 4829 4668 4567 4312 4111 4401 4730 4465 4601 4384 4288 4456 4540 4493 4619 4186 4354 4244 4227 4291 4462 4189 4025 3974 4674 4609 4811 4390 4386 4643 4159 4310 4425 4540 4180 4374 4962 4794 4229 4649 4476 4163 4395 4695 4069 4278 4449 4867 4421 4092 4258 4084 4482 4766 4300 4435 4637 4205 4356 4558 4219 4291 4632 4395 4501 4312 4578 4603 4217 4667 4434 3924 4243 4636 4614 3991 4469 4909 4433 4124 3907 4205 4198 4484 4540 4165 4185 4433 4395 3998 4544 4552 4741 4040 4344 4520 4329 4403 4454 3975 4305 4754 4442 4515 4382 4245 4038 4416 4176 4153 4623 4629 4483 4458 4218 4345 4773 4214 3781 4384 4204 3960 3996 3985 3869 3741 4458 4421 4288 3511 4536 4158 4227 3876 4103 4069 4133 3894 4085 4496 3697 4440 4054 4255 4225 4136 4078 4023 4155 4613 4082 4140 3788 4344 3783 3854 3841 4201 4471 4465 3873 4058 4314 3668 4636 4178 4464 3975 4526 4341 3940 4451 4132 4588 4457 4031 3974 3891 4317 4079 4413 4418 4428 4258 4539 4119 4034 3912 3969 4100 4111 4130 4100 4557 4253 3594 4267 4121 4275 4019 4111 4084 4034 3874 4089 3663 4492 3926 4311 4231 3985 3973 3953 3844 3909 4193 4076 4240 4281 4251 4207 4066 4240 4148 4398 4425 3953 4087 4164 3726 3959 3736 4135 3824 4336 4052 4188 4650 4241 4311 4262 4184 4420 4130 3684 4571 4242 4037 4048 4354 3990 4366 3811 3868 3987 3890 4018 4012 3861 4191 3920 4122 4038 3999 4217 4550 3762 4202 4017 4503 4244 4198 4737 3947 4104 4188 3921 4087 3983 4411 3826 4071 3414 3406 3738 3634 3495 3302 3432 3808 3449 3768 3463 3568 3404 3778 3796 3028 3247 3775 3330 3722 3670 3549 3306 3202 3604 3730 3439 3690 3718 2984 3513 3529 3307 3383 3382 3557 3271 3892 3281 3369 3757 3575 3656 3431 3388 3456 3421 3428 3070 3952 3407 3427 3284 3312 3437 3683 3418 3326 3481 3798 3311 2950 3294 3419 3443 3452 3269 3348 3407 3470 3138 3753 3420 3538 3481 3458 3324 3301 3715 3336 3091 3564 3450 3882 3668 3732 3262 3709 3305 3583 3313 3570 2961 3155 3699 3517 3463 3625 3490 3707 3681 3506 3373 3411 3254 3384 3710 3134 3469 3527 3652 3617 3735 3380 3508 3524 3320 3559 3566 3274 3637 3491 3233 3770 3750 3526 3371 3607 3433 3614 3111 3603 3528 4144 3586 3681 3498 3655 3123 3716 3069 3640 3229 3608 3717 3724 3333 3298 3366 3670 3396 3354 3637 3409 3480 3318 3106 3347 3404 3714 3667 3723 3198 3664 3490 3302 2930 3486 3173 3461 3415 3401 3603 3599 3748 3303 3755 3652 3491 3303 3477 3402 3961 3408 3247 3365 3350 2893 3218 3191 3093 3025 3277 2929 2763 3121 3382 3109 3057 3092 3030 3085 2939 3147 3315 3071 3089 3259 3460 3283 3291 3155 3320 3519 3248 3008 3233 3045 3235 3128 3152 3069 3281 2757 2878 3137 3122 3239 2671 3124 2699 2794 3316 3142 3254 2813 3126 3382 2631 3285 3519 3404 3303 3337 3281 2710 3465 3430 3011 3055 3190 3149 3241 2909 3057 3152 2951 2737 3324 3169 3125 2536 3265 2825 3091 3067 3071 3034 3083 2689 3357 2992 2858 3393 3152 3220 3187 3079 2901 3090 3413 2943 3270 2811 2969 3057 3017 2986 3153 2818 3477 3060 2889 2761 3187 3317 3370 2928 3111 3176 3210 3375 2906 3077 2930 2924 3165 3045 3122 3321 3202 3241 3186 3021 3123 3342 2994 3125 2977 2946 3033 3158 2983 3468 3381 3175 2858 2944 3435 3066 3298 2944 3144 2814 3059 3118 3055 3087 3163 3094 3361 2995 2968 2779 2984 2895 3299 3142 2777 3015 3224 3071 3415 3074 3028 3105 3082 3373 3306 3424 3381 3330 2938 3012 2718 3072 3080 2986 3138 3228 3183 3184 3253 3437 3117 3018 2804 3241 2862 3201 3537 3028 3169 3280 3279 2888 3347 2945 2853 3468 3270 3302 2458 2641 2770 2742 2764 2870 2759 2759 2561 2681 2503 2960 2735 3138 2965 2488 2761 2688 2516 2818 2699 2722 2623 2759 2834 2804 2714 2896 2549 2704 3120 2808 2826 2805 3024 2856 2502 2768 2758 3004 2716 2793 2558 2579 2739 2792 3126 2771 2840 2710 2803 2889 2486 2544 2586 3028 2949 2700 2581 2701 2797 2770 2328 2993 3069 2640 2919 2978 2665 2856 2417 2923 3021 2801 2793 2695 2759 2243 2918 2514 2903 3050 2584 2885 2765 2905 2593 3145 2895 2960 2742 2610 2822 2587 2706 2790 2847 2708 2827 2701 3004 2408 2810 2687 2872 2928 2806 2769 2430 2880 2603 2674 2624 2728 2901 2730 2589 2817 2603 2543 2736 3050 2467 3054 2465 2421 2783 2643 2947 2818 2595 2808 2578 3042 2986 2750 2593 2767 2748 2444 3040 2390 2772 2407 2670 2840 2392 2631 2900 2537 2553 2781 3056 2661 2506 2640 2601 2269 2720 2986 2750 3082 3049 2702 2846 2782 3045 2834 2787 2983 3207 2895 2705 2678 2668 2812 2943 2777 2605 2781 3078 3083 2469 3171 2903 2979 2674 3083 2920 2833 2884 2908 2723 2589 2708 2744 2772 2940 2799 2618 2788 2711 2693 3016 2573 2714 2843 2814 2689 2616 2697 2807 2915 2842 2828 2664 2840 2662 3054 2464 2588 2861 2740 2710 2972 2566 2657 2738 2416 3165 3029 2810 3124 2904 2760 2775 2832 2894 2466 2708 2513 2615 2494 2633 2148 2481 2635 2395 2432 2452 2473 2230 2513 2450 2710 2616 2203 2352 2415 2398 2614 2317 2265 2392 2447 2551 2246 2774 2526 2644 2673 2162 2221 2523 2523 2618 2424 2636 2450 2485 2464 2648 2422 2498 2475 2353 2381 2698 2658 2463 2227 2856 2549 2379 2465 2413 2445 2707 2641 2359 2499 2644 2507 2446 2542 2300 2495 2542 2548 2517 2505 2211 2529 2496 2298 2536 2640 2211 2636 2575 2642 2679 2426 2785 2264 2614 2292 2258 2646 2376 2422 2607 2231 2565 2740 2556 2575 2577 2563 2342 2462 2626 2739 2487 2338 2212 2495 2670 2494 2745 2428 2479 2766 2579 2463 2622 2605 2417 2504 2380 2463 2313 2480 2566 2485 2652 2562 2555 2248 2451 2270 2472 2684 2192 2661 2521 2667 2560 2453 2451 2728 2795 2178 2506 2303 2473 2212 2409 2437 2452 2406 2443 2309 2321 2481 2669 2461 2557 2622 2332 2520 2653 2508 2480 2611 2562 2318 2455 2548 2524 2509 2561 2073 2842 2560 2648 2690 2656 2556 2477 2495 2310 2483 2465 2590 2882 2200 2831 2582 2369 1958 2372 2487 2484 2611 2526 2308 2332 2469 2594 2489 2453 2258 2289 2650 2602 2475 2363 2502 2643 2670 2603 2566 2477 2719 2570 2343 2153 2365 2823 2473 2357 2448 2546 2215 2484 2513 2848 2364 2613 2453 2555 2477 2532 2391 2277 2606 2359 2082 2797 2707 2200 2380 2914 2552 2368 2292 2629 2621 2414 2581 2420 2765 2569 2588 2523 2401 2308 2716 2502 2512 2603 2534 2442 2402 2218 2473 2376 2523 2616 2498 2447 2572 1939 1931 1793 1865 1887 2109 1961 2023 2170 1849 1955 2024 2295 1847 1832 1962 1747 1784 2145 2295 2108 1854 1979 2028 1991 1823 1811 2021 2355 1953 1943 1900 1845 2091 2201 1860 1888 2096 2120 2035 2319 1888 1962 1749 1820 1932 1958 1902 1888 1990 1818 1973 2031 2102 1570 2021 2245 1977 2116 1959 2273 2172 1993 2108 1747 1862 2161 1963 2054 1934 1954 1777 1997 1923 2039 1947 2029 1776 1803 2299 1870 2107 1775 2088 2119 1942 1975 2083 1849 1753 2016 2012 2121 2065 2143 2290 1852 2233 2198 2139 1941 1812 1799 1951 1857 1779 2007 1898 2165 2143 2240 2080 1782 2098 2138 1848 1980 2105 1805 1640 2208 1930 1999 2034 2060 1806 1847 1814 2104 1895 2046 2179 1850 1928 2114 1857 1949 1584 1884 1910 1954 1970 1942 2021 1978 1770 1818 2137 1957 1954 2107 2085 2036 1803 1979 2024 1969 1946 1892 1869 1943 1894 1931 2093 1941 1945 1900 1945 2037 2237 1893 2002 2118 2275 1961 1888 1878 2012 2071 2021 1917 1979 1783 2118 2184 2022 2075 1824 2152 2206 1953 1988 1998 2097 1930 1995 2220 1789 1996 1948 2109 1917 2019 1940 2044 2008 2118 1912 1906 2166 2011 2103 2275 1942 2049 2010 2067 1855 1961 1959 1813 2054 1931 2024 1997 2093 1973 2082 2240 1875 1943 1919 2252 2124 2059 2004 2128 1990 2124 1943 1860 2098 2238 1725 2191 1923 2118 2152 1981 1907 2200 1652 2230 2155 1877 1806 1986 1909 1868 1806 2034 1983 2165 2045 1784 1954 1999 1834 2055 1746 1980 1867 1915 2001 1903 1774 2056 1816 2021 1955 2020 1909 2141 2102 1821 1881 1988 1822 1959 2042 2222 1831 2161 1885 1922 2167 1795 1953 2079 2099 2043 2039 1886 1840 1910 1912 2101 2206 1912 2171 1906 1992 1917 2152 1938 1998 2177 1966 2026 2069 1871 1762 1620 1733 1915 1750 1828 1777 1760 1788 1892 1774 1929 1937 1869 2065 2031 1819 1906 1680 1691 1785 1722 1746 1764 1991 1837 1870 1901 1690 1739 1917 1710 1814 1807 1835 1707 1797 1876 1847 1841 1844 1918 1807 2012 1633 1801 1872 1719 1865 1614 1731 1970 1855 1776 1791 1845 1744 1941 1800 1842 1905 1859 1881 1887 1721 1941 1467 1640 1719 1897 1780 1841 1644 1866 1514 1987 1818 1559 1819 1679 1701 1735 1715 1775 1799 1764 1707 1683 1566 1677 2021 1753 1924 1892 1746 1926 1646 1750 1958 1956 1727 1944 1864 1823 1974 1831 1987 1951 1926 1806 1728 1647 1885 1698 1538 2029 1866 1677 2017 1818 1636 1755 1961 1947 1918 1852 1639 1755 2067 1891 1677 1792 1821 1865 1777 1897 1616 1940 1760 1639 1890 1785 1862 1603 2114 1959 2015 1736 1904 1716 1827 1612 1870 1781 1869 1940 1995 1805 2008 1621 1923 1792 1787 1880 1544 1809 2028 1829 1805 1864 1660 1688 1544 1908 1964 1771 1700 1815 1827 1939 1842 1735 1649 1868 1846 1650 1826 1758 1776 1786 1871 1929 1714 1711 1858 1831 1709 1766 1682 2008 1543 1827 1790 1692 1839 2053 1618 1816 1831 1660 1518 1763 1796 1749 1990 1811 1934 1655 1872 1592 1724 1731 1659 1803 1711 1894 1626 1477 1991 1823 1846 2204 1649 1882 1806 1862 1863 2101 1682 1912 1617 1728 1726 1966 1858 1735 1738 1659 2014 1626 1682 1904 1939 1942 1686 1885 1805 1869 1819 2095 1940 1939 1941 1874 2002 1849 1916 1991 1911 1630 1903 1768 1792 1815 1725 1904 1984 1940 1679 1828 1768 1968 1847 1680 1781 1671 1687 1992 1695 1929 1728 1894 1757 1760 1730 1385 1807 1799 1755 1653 1761 1639 1545 1919 1776 1741 2080 1978 1634 1890 1721 1816 1796 1825 1892 1899 1842 1695 1848 1571 1777 1686 2114 1795 1637 1564 1811 1779 1835 1868 1862 1866 1916 1631 1804 1619 2051 1959 1893 1850 1879 2015 1712 1891 1835 1893 1686 1693 1937 1676 1543 1829 1679 1986 1529 1977 1748 1625 1800 1783 1759 2014 1842 1958 2117 1819 1871 2042 1741 1819 1588 1896 2101 1615 1920 1637 1654 1998 1492 1232 1212 1331 1344 1379 1455 1187 1310 1165 1216 1264 1370 1507 1495 1487 1361 1477 1452 1506 1349 1328 1350 1160 1308 1281 1386 1277 1299 1323 1420 1241 1465 1378 1340 1479 1291 1510 1310 1261 1373 1243 1454 1154 1409 1153 1440 1316 1486 1253 1248 1386 1324 1304 1538 1338 1326 1559 1338 1420 1376 1366 1392 1193 1262 1409 1316 1322 1630 1299 1494 1175 1436 1100 1374 1475 1116 1253 1471 1471 1439 1344 1369 1511 1214 1492 1333 1271 1279 1271 1240 1427 1303 1365 1528 1494 1223 1291 1192 1357 1430 1178 1308 1518 1285 1314 1172 1430 1577 1403 1364 1294 1343 1409 1303 1310 1320 1423 1164 1434 1217 1359 1402 1390 1491 1556 1511 1291 1518 1313 1333 1502 1237 1274 1330 1414 1579 1305 1245 1335 1444 1271 1085 1461 1413 1467 1317 1382 1193 1288 1386 1339 1420 1363 1310 1076 1268 1482 1340 1188 1441 1451 1674 1434 1208 1547 1318 1227 1430 1535 1482 1384 1224 1433 1228 1319 1342 1395 1495 1418 1399 1337 1444 1348 1515 1574 1294 1256 1367 1189 1448 1296 1261 1473 1497 1482 1343 1420 1116 1372 1339 1315 1292 1313 1449 1300 1277 1495 1328 1421 1298 1354 1512 1314 1281 1379 1516 1462 1284 1189 1203 1190 1388 1491 1400 1464 1400 1292 1440 1505 1331 1428 1497 1432 1248 1485 1486 1265 1217 1545 1520 1312 1286 1401 1258 1279 1403 1183 1401 1354 1209 1390 1417 1535 1274 1279 1368 1490 1273 1456 1443 1362 1365 1309 1339 1207 1459 1210 1376 1320 1522 1312 1483 1319 1566 1255 1258 1253 1527 1355 1417 1280 1385 1316 1374 1393 1290 1553 1204 1299 1568 1517 1376 1363 1409 1455 1199 1343 1308 1362 1309 1452 1546 1354 1394 1141 1467 1449 1206 1489 1433 1481 1394 1476 1260 1274 1584 1292 1348 1353 1525 1350 1219 1330 1468 1419 1535 1378 1500 1471 1157 1434 1246 1266 1349 1557 1469 1383 1406 1397 1155 1313 1252 1511 1296 1588 1493 1367 1247 1229 1487 1582 1345 1383 1424 1327 1231 1337 1406 1132 1401 1358 1090 1451 1352 1292 1452 1473 1342 1457 1272 1385 1392 1295 1462 1383 1223 1356 1387 1434 1353 1244 1439 1491 1223 1198 1429 1404 1245 1404 1376 1308 1464 1497 1357 1442 1577 1278 1508 1427 1478 1388 1487 1342 1337 1353 1205 1545 1402 1476 1315 1401 1332 1257 1425 1499 1449 1335 1286 1562 1353 1243 1217 1325 1477 1387 1345 1317 1436 1264 1296 1247 1421 1291 1408 1312 1436 1479 1490 1456 1345 1263 1476 1370 1251 1234 1328 1353 1368 1515 1239 1379 1395 1342 1350 1129 1207 1116 1214 1192 1052 1142 1416 1303 1191 1044 1275 1188 1145 1298 1208 1259 1145 1182 1290 1280 1108 1132 1211 1158 1086 1138 1100 1185 1218 1070 1025 1128 1339 1064 1051 1208 1073 1340 1259 1215 1165 1168 1112 1186 1327 1154 1155 1205 1374 1241 1238 1195 1022 1176 1191 968 1092 1007 1283 1071 1338 1212 1144 1269 1241 1248 1344 1236 1097 1243 1272 1240 1243 1210 1084 1289 1330 1279 1228 952 1124 1242 1149 1382 1341 1170 1127 1112 1224 1324 1220 1117 987 1180 1348 1244 1027 1469 1233 1265 985 1290 1250 1154 1019 1333 1323 1146 1227 1153 1197 1082 1151 1318 1183 1083 1051 1132 1095 1040 1207 1181 1102 1234 1280 1212 1117 1330 1145 1229 1279 1065 1123 1087 1069 1142 1008 1140 1081 1192 1269 1185 1092 1226 1161 1049 1181 1164 1069 1161 1071 1250 1190 1232 1172 1226 1286 1109 1108 1231 1238 1170 1170 1172 1267 1096 1213 1197 1170 1166 1367 1251 1156 1203 1096 1204 1252 1116 1261 1118 1205 1182 1147 1051 1388 1127 1221 1241 1160 1290 1085 1114 1304 1379 1160 1151 1211 1225 1262 1154 1331 1314 1213 1174 1215 1282 1230 1082 1129 1372 1250 1346 1007 1249 1269 1174 986 1080 1099 1133 1316 1127 1139 1148 1130 1229 1142 1237 1134 1333 1105 1169 1305 1285 1201 1198 1196 958 1214 1097 1377 1206 1057 1314 1194 1092 1134 1390 1246 1264 1236 1147 1197 1259 1139 1236 1067 1287 1322 1232 1026 1176 1140 1255 1449 1140 1104 1020 1195 1199 1266 1167 1249 1140 1109 1300 1094 1446 1239 1216 1108 1141 1196 1378 1217 1364 1226 1217 1154 1236 1096 1031 1026 1223 1133 1211 1206 1134 1300 972 1184 1185 1070 1235 1162 1236 1148 1138 1081 1152 1067 1169 1365 1168 1184 1013 1123 1421 1197 1181 1117 1373 1267 1169 1183 1017 1031 1276 1093 1278 1168 1342 1262 1216 1110 1158 1056 1381 1111 1334 1167 1112 1233 1368 1159 1017 1062 1260 1232 1207 1339 1388 1191 1184 1138 1098 1262 1161 1108 1276 1255 1084 1036 1205 1294 1110 1051 1005 1165 1166 1238 1280 1230 1303 1253 1277 1136 1417 1195 1243 1050 1160 1206 1116 1163 1220 1073 1180 1232 1301 1323 1233 1112 1388 1089 1260 1298 1106 1125 1249 1267 1255 1047 1098 1249 1202 1151 1210 1377 1076 1185 1061 1338 1199 1103 1285 1184 1056 1100 1167 1151 1051 1133 1097 1303 1166 992 1157 1151 1226 1290 1139 1121 1294 1390 1248 1215 1138 1107 1107 1097 1131 1102 1057 1188 1092 1304 1084 1274 1250 1303 1209 1044 1125 967 1315 1158 1167 1063 1101 1146 1255 1250 1235 1121 1117 1278 1270 1056 1300 1261 1207 1227 1060 1257 1121 1266 1096 1124 1235 1338 1116 1169 1278 1174 1233 1250 1121 1250 1198 941 1178 1185 1189 970 1163 1046 1128 1294 1292 1261 1008 1137 1273 1067 1303 1092 1315 1023 1129 1224 1237 1177 1112 1075 1247 1032 973 1050 1165 1284 1292 1186 1357 1238 1108 1153 1365 1192 1111 1066 1210 1106 1161 1100 1107 1104 1179 1280 1096 1442 1273 1350 1358 1215 1050 1230 1323 1263 1096 1182 1173 1151 1364 880 887 1027 908 801 992 927 777 771 964 1003 924 1042 968 880 991 1048 843 971 940 984 969 819 936 979 873 887 1033 922 936 887 1012 858 883 794 951 949 1024 856 932 991 1164 978 1024 795 796 911 942 866 838 831 1087 926 1036 918 1020 999 833 679 917 934 1074 980 938 857 1019 1002 884 815 909 986 954 926 984 792 1033 876 975 778 1053 998 1001 989 1004 735 684 908 806 926 1031 688 820 1001 971 848 770 1005 902 845 981 1070 956 952 922 804 1087 1039 1034 847 945 887 1072 1093 837 904 899 863 1040 922 1111 865 895 860 926 975 999 891 825 943 783 911 955 942 810 778 982 824 987 930 808 936 850 953 866 1028 903 992 980 930 993 1056 981 923 899 831 800 986 970 847 1024 917 794 915 995 1011 855 935 957 862 950 809 1017 778 923 744 863 916 1069 920 920 995 1088 956 1129 970 847 814 902 918 929 847 980 949 969 878 876 1049 842 896 894 966 825 997 873 952 861 770 957 944 855 945 878 837 984 916 840 837 1030 808 970 895 698 978 829 880 1000 911 846 971 913 761 836 951 907 1001 1020 948 914 1026 980 1046 1072 998 968 894 925 940 1030 933 929 917 1034 755 959 918 1020 929 1001 1014 770 975 689 985 858 935 1012 907 905 971 926 803 884 881 941 879 1019 993 967 1126 938 822 923 989 931 873 928 655 927 876 949 961 900 995 908 1012 928 833 908 989 859 1063 890 939 852 968 974 956 787 935 1068 835 984 929 937 884 1033 848 863 1062 892 920 824 957 1035 840 1036 879 902 747 985 980 998 958 968 958 1079 954 908 1002 881 943 931 1000 959 977 970 1088 1038 828 881 1070 969 975 975 960 953 973 881 882 958 898 1008 924 810 881 872 922 892 972 1009 896 1029 793 838 898 723 1039 861 918 900 968 977 997 892 969 902 901 966 950 860 846 1002 897 884 954 743 904 897 965 982 637 754 904 785 908 980 765 1003 913 1099 974 960 899 884 824 847 1033 962 866 837 957 902 807 1033 783 904 952 827 797 867 953 908 785 978 862 905 881 949 978 909 885 885 900 943 953 975 951 942 849 941 999 997 957 890 865 845 907 900 922 878 905 921 968 942 925 938 939 995 903 978 1035 896 891 932 1049 854 836 937 1004 1007 837 790 862 918 949 1013 950 1037 949 942 938 920 936 898 927 796 953 1013 807 992 820 889 908 906 777 721 840 946 748 1018 948 849 926 1044 951 923 850 912 835 903 985 885 1077 825 920 890 796 1001 939 842 995 896 985 947 1025 900 870 919 877 929 1006 1003 754 809 861 978 1081 971 923 916 1011 927 1055 965 948 947 955 723 940 1074 838 890 1120 799 910 687 802 1035 961 975 839 891 854 963 996 929 907 845 844 792 861 874 1015 963 1127 975 992 947 849 829 1001 949 843 957 983 883 852 733 948 940 794 862 913 866 899 980 1038 892 739 988 880 822 949 930 909 746 887 1024 1015 1103 961 889 965 952 924 855 922 878 832 1058 895 796 1069 1019 890 892 869 903 762 1093 926 1007 891 903 911 991 895 986 949 908 1018 818 995 985 897 1066 1027 998 820 961 725 897 890 860 827 930 1012 1002 883 764 831 916 909 1062 950 966 899 955 934 987 1012 916 1036 798 956 990 896 857 1007 1100 883 951 955 895 933 787 773 798 690 701 829 746 770 831 750 761 664 760 792 739 743 760 837 819 772 795 766 868 639 818 756 790 664 685 822 672 649 640 865 744 814 791 803 677 693 697 798 794 689 694 713 707 785 811 864 742 798 825 841 706 757 680 901 796 785 825 784 690 701 676 765 883 716 770 696 765 709 699 865 768 729 856 826 781 607 670 737 705 771 844 722 698 747 780 750 745 772 828 604 840 678 771 791 711 736 671 801 746 736 916 756 770 806 768 662 638 733 736 839 716 690 607 757 844 795 665 817 910 713 735 802 798 783 895 714 645 682 783 680 657 790 745 712 667 708 810 731 733 717 772 788 843 754 795 802 828 823 631 780 738 662 609 765 745 736 770 607 771 587 721 725 808 825 806 746 819 675 651 795 833 651 739 725 859 722 807 810 764 747 727 902 815 789 776 724 815 631 764 954 764 823 775 702 722 680 711 839 741 765 801 692 835 820 793 764 735 740 699 762 785 654 765 670 711 645 815 636 766 807 789 785 804 677 690 652 823 689 689 670 627 796 770 657 831 800 730 719 816 841 723 795 730 695 666 758 836 744 735 764 724 827 645 759 772 577 949 724 786 709 755 844 694 640 841 745 840 853 813 709 657 785 787 605 693 837 719 835 852 749 810 723 751 766 644 795 802 727 678 793 655 766 785 690 800 620 627 726 649 601 745 766 795 727 841 761 683 758 695 824 797 701 717 715 869 854 771 664 805 678 858 762 735 822 764 642 740 666 791 739 825 841 656 812 690 717 754 762 716 767 727 778 726 852 728 588 722 772 751 810 692 806 673 690 702 732 630 721 682 759 744 731 883 761 693 680 709 862 763 722 725 789 750 768 721 876 777 729 655 708 785 646 780 621 770 673 793 774 679 711 739 795 715 777 729 841 762 794 625 755 832 761 742 823 818 671 653 808 676 691 714 833 685 624 719 698 707 720 628 599 720 753 688 715 798 766 782 837 776 767 774 790 661 548 786 755 792 766 641 794 693 877 681 631 806 664 683 691 678 742 633 749 860 703 852 753 780 706 784 895 830 788 723 746 675 754 739 762 777 678 708 818 813 860 587 646 900 780 749 748 716 733 847 687 683 755 786 895 795 645 699 795 845 642 753 758 627 734 752 643 752 789 700 779 624 885 822 737 836 880 771 859 884 710 751 732 823 741 780 605 702 664 658 766 694 780 744 599 793 784 840 717 792 751 830 765 695 735 658 812 730 821 630 827 649 733 820 749 777 773 830 738 694 631 750 747 714 706 787 699 893 783 736 694 790 753 766 691 635 762 629 733 683 835 646 735 611 767 629 622 870 754 697 747 674 806 710 830 705 819 731 756 739 735 669 693 735 773 823 652 784 699 753 785 652 793 763 763 736 812 701 825 850 701 684 667 810 608 705 740 885 620 751 789 798 667 834 756 721 709 758 711 746 809 758 798 847 785 658 735 682 753 758 713 806 845 732 804 739 664 716 766 755 760 701 830 642 679 719 853 783 760 770 674 832 924 776 714 785 756 768 772 780 647 746 783 732 740 678 819 804 771 748 635 771 704 805 699 730 687 735 794 621 753 649 629 747 681 682 768 682 630 792 847 738 680 715 742 724 862 787 650 638 747 744 861 780 795 703 734 740 693 773 755 791 617 806 629 798 733 744 664 811 724 810 886 833 746 865 643 695 788 787 788 718 738 720 712 795 674 747 641 692 758 748 841 804 766 660 801 836 705 738 751 788 755 724 773 669 793 785 702 526 770 787 769 739 662 825 765 732 774 692 791 760 654 731 841 653 812 826 790 754 729 733 791 700 798 768 695 821 664 693 635 753 801 963 816 803 782 693 690 686 744 641 810 795 628 859 936 845 668 754 725 688 803 613 717 721 848 707 842 739 747 668 847 838 909 870 789 781 679 747 701 730 802 702 638 651 848 708 591 667 828 794 772 875 586 741 846 712 911 663 717 762 728 879 688 671 606 577 865 795 735 739 660 722 766 821 724 734 797 828 660 787 648 773 760 503 485 473 482 386 539 433 388 458 468 372 518 471 394 533 477 438 477 485 531 529 432 477 502 448 464 533 370 490 477 586 487 487 415 477 551 618 468 520 374 515 501 411 452 498 396 473 484 457 407 504 474 513 384 536 523 541 469 503 577 515 546 466 451 535 479 445 428 424 482 484 507 501 528 525 550 529 390 492 502 450 477 417 470 429 499 472 611 479 587 342 498 413 590 531 482 427 439 475 455 436 470 533 508 541 487 424 508 536 520 562 573 437 434 423 447 378 460 509 505 530 557 447 489 451 520 494 472 523 532 558 503 503 478 440 449 568 476 455 462 538 490 527 510 483 427 440 420 380 438 405 457 445 490 457 518 542 433 498 370 425 324 482 492 575 487 531 446 505 573 471 487 399 519 504 465 424 465 472 485 515 480 514 472 442 477 415 496 477 410 564 435 494 447 505 526 481 489 503 490 514 601 442 461 404 576 630 521 420 442 587 486 402 426 547 459 542 438 503 447 552 525 566 526 424 499 513 505 472 448 432 439 558 431 423 447 473 463 389 391 506 466 543 537 526 524 486 455 470 474 450 452 460 469 499 521 500 458 426 607 482 494 444 496 497 426 516 459 494 493 531 512 586 491 438 452 551 512 538 448 430 533 518 427 547 594 491 496 503 448 567 512 527 479 450 487 460 424 533 500 553 508 536 392 575 415 448 403 573 420 402 443 500 486 491 598 417 588 517 459 499 508 531 471 526 487 494 447 538 448 503 473 510 556 490 478 548 458 515 476 534 484 528 443 466 468 433 492 509 393 415 435 452 538 516 543 528 536 505 427 507 439 517 468 487 486 485 500 562 517 504 487 445 474 474 459 508 385 437 575 443 483 472 458 533 358 457 478 527 534 501 481 464 461 474 497 472 517 569 453 521 476 504 504 395 507 451 472 404 499 551 482 452 459 463 510 487 478 484 525 480 576 542 527 491 443 564 469 479 462 470 513 446 475 513 453 531 484 402 355 510 430 388 484 490 518 499 455 377 470 564 485 424 490 495 484 467 481 432 557 471 457 521 506 408 498 421 595 476 485 421 471 437 437 479 402 509 568 617 516 494 446 377 581 443 518 527 536 410 415 378 595 464 512 401 487 407 457 464 458 568 522 424 436 518 520 513 422 469 491 509 438 528 489 438 477 489 452 439 434 490 595 496 490 473 508 462 511 466 470 578 437 457 463 492 407 526 502 432 467 549 513 602 492 481 481 531 428 476 483 453 462 350 415 491 430 465 428 472 540 470 499 372 480 462 528 553 480 526 490 474 500 419 450 504 573 486 479 461 415 500 405 467 492 521 455 501 494 542 574 547 492 545 432 511 518 405 489 521 495 437 371 428 518 530 462 482 522 509 513 507 515 523 419 494 511 465 481 449 538 429 446 559 451 504 505 541 507 479 493 535 462 430 551 466 500 493 438 456 408 426 471 416 488 524 499 476 459 514 452 520 503 531 407 438 428 458 515 592 357 425 481 397 517 502 515 495 597 556 418 509 510 436 470 424 478 496 479 486 493 430 446 507 476 461 420 552 436 498 477 407 447 498 385 455 443 448 440 455 526 499 462 533 454 562 498 442 475 426 489 496 502 468 568 492 462 539 441 403 483 538 511 504 360 517 490 462 415 567 437 493 482 486 533 520 438 445 575 470 522 471 521 502 403 553 424 509 528 477 549 503 407 504 458 472 430 544 471 541 418 521 477 467 555 511 453 497 496 492 598 452 410 565 519 448 503 528 494 526 546 447 441 516 505 501 544 478 438 483 437 499 547 522 586 407 457 507 469 467 476 517 491 586 444 567 522 485 490 515 558 455 467 489 443 512 394 482 460 488 522 533 449 481 374 471 461 544 439 482 480 564 490 512 464 529 506 580 578 496 481 480 474 431 469 474 500 542 467 561 531 513 567 541 497 458 459 533 486 390 518 476 491 494 522 430 442 494 344 542 393 485 556 449 439 513 501 533 550 470 471 361 474 455 508 493 446 386 551 563 539 499 397 463 473 402 502 579 527 498 419 496 467 498 377 522 515 423 480 513 479 489 504 527 464 483 498 460 479 517 501 503 514 457 494 514 520 507 469 443 535 562 445 557 466 436 495 475 500 456 591 540 529 459 451 498 502 414 456 569 506 426 481 413 510 535 527 517 505 539 522 450 504 411 540 463 452 536 430 537 481 550 495 486 524 516 509 486 527 473 465 395 480 528 492 434 502 453 456 459 443 443 475 435 492 473 504 502 540 453 478 420 553 494 524 555 504 511 575 476 536 536 508 484 523 496 535 435 476 514 515 446 577 496 539 422 501 502 429 491 554 466 487 497 447 455 510 428 411 423 496 565 539 468 512 474 550 404 509 462 447 437 566 490 461 520 561 455 486 451 495 461 433 472 523 529 470 455 446 565 442 536 504 524 472 521 466 464 523 539 467 395 520 479 430 538 415 428 448 473 481 608 493 491 438 543 414 432 447 438 490 482 420 508 522 502 466 481 538 478 511 540 493 508 498 493 462 512 501 448 476 342 448 476 533 510 458 496 474 568 512 468 575 524 484 379 450 486 474 482 356 446 460 376 517 420 520 554 459 503 518 529 487 536 536 465 377 520 454 463 501 569 418 435 516 343 505 515 449 497 559 491 503 449 503 440 436 509 532 467 465 510 511 462 491 434 450 404 478 520 481 407 399 421 362 413 372 369 407 366 484 388 382 282 361 435 421 427 347 498 395 381 380 394 470 427 376 433 406 383 362 414 429 394 450 314 442 414 415 341 318 374 361 359 443 402 485 347 355 413 403 358 447 376 453 447 363 364 473 360 305 387 446 437 368 466 459 431 419 446 436 394 460 414 390 414 354 416 368 335 373 380 409 330 381 414 419 361 373 419 378 427 377 287 402 475 352 388 341 441 429 347 372 359 359 405 475 342 392 346 388 390 385 349 362 306 354 421 391 405 425 311 399 407 378 416 373 406 438 429 405 435 340 368 382 398 339 371 350 443 346 368 367 420 350 392 374 340 367 338 376 465 376 430 352 417 386 473 324 431 383 435 415 398 332 339 379 393 393 322 417 367 464 379 378 448 338 398 331 374 369 462 278 336 390 418 385 396 426 467 391 424 488 456 442 371 303 393 402 406 459 344 478 362 380 433 374 348 398 375 430 469 363 406 441 329 442 406 420 380 420 437 419 464 446 373 383 434 381 461 414 411 371 314 394 450 378 464 405 363 301 331 445 393 393 302 413 413 424 430 387 374 510 380 348 363 356 433 385 425 414 357 347 423 383 374 416 307 426 392 447 453 354 363 416 396 402 444 418 362 394 375 404 418 379 381 332 384 392 291 378 342 475 461 466 428 457 418 438 345 349 394 377 373 392 413 331 416 373 413 457 432 399 429 450 495 451 368 430 400 430 424 369 418 353 357 412 368 324 366 433 347 348 417 385 363 436 508 396 404 355 357 484 417 384 377 393 373 348 420 385 343 434 426 391 415 357 470 428 440 438 426 408 326 431 412 357 412 383 467 448 364 391 325 319 460 393 342 368 417 439 387 389 431 418 334 462 330 355 388 435 325 453 438 405 394 404 433 350 434 389 344 355 441 374 340 327 392 406 386 365 453 387 395 445 362 324 443 450 463 370 369 367 334 370 452 356 392 464 391 483 303 435 352 397 370 470 385 369 408 454 465 350 375 396 534 380 435 318 448 374 486 389 452 429 443 277 370 365 339 420 341 418 392 477 415 392 348 296 434 388 396 411 382 393 379 449 383 435 377 392 361 421 441 359 358 411 385 364 421 443 448 381 409 346 404 405 352 349 392 467 372 382 272 380 461 405 381 419 364 383 347 403 402 355 459 369 323 377 438 434 405 545 403 409 326 392 416 406 392 368 419 373 433 394 396 363 487 353 260 444 466 341 412 379 351 402 428 368 451 394 339 402 474 395 428 410 358 387 374 398 412 419 408 446 480 446 423 325 395 426 372 416 402 353 438 379 394 427 408 399 322 369 379 352 357 405 393 410 408 406 444 386 437 312 391 432 419 377 392 357 313 409 420 404 364 360 477 382 383 434 339 418 340 402 335 426 462 409 434 350 413 401 362 316 356 411 428 406 399 444 335 403 421 353 409 405 392 313 377 401 457 373 477 367 384 419 352 455 428 304 437 453 325 315 379 443 340 394 377 324 475 384 401 382 349 369 439 362 357 326 401 338 383 369 385 424 316 511 390 427 378 495 333 425 337 494 452 328 401 341 414 329 359 417 411 423 446 409 371 423 371 343 382 358 397 395 432 362 361 463 359 363 345 472 402 324 423 353 419 403 464 294 355 370 391 398 329 428 378 373 391 406 407 363 439 408 435 348 346 355 317 477 422 418 409 467 433 474 418 400 386 441 457 384 399 419 422 401 393 433 352 374 415 350 358 410 424 406 415 354 474 373 391 305 453 439 411 317 392 330 393 344 363 376 410 478 397 427 330 391 414 427 361 413 387 410 466 384 394 383 408 359 318 386 401 352 366 412 431 425 429 401 406 339 405 422 394 419 476 410 455 394 358 401 418 474 410 397 477 385 354 403 409 407 461 399 409 368 341 384 337 396 363 447 427 319 381 418 361 294 425 380 399 399 416 443 408 384 433 394 425 396 383 398 452 375 369 427 362 392 401 422 355 394 441 432 367 363 444 347 436 356 391 442 387 380 448 386 435 419 383 433 391 372 410 431 357 390 401 393 445 349 441 444 451 365 360 350 402 435 484 360 306 335 403 404 370 363 393 383 403 394 375 413 366 382 398 326 352 407 459 426 376 362 365 279 448 354 394 448 360 355 455 463 347 402 442 396 470 446 442 361 434 408 379 404 445 389 372 444 482 321 433 347 439 410 390 384 313 342 406 375 421 488 449 376 351 366 395 395 440 354 403 372 401 464 406 476 343 381 436 328 432 423 391 431 334 357 401 370 370 343 365 396 346 457 379 406 403 418 417 403 364 348 339 349 381 381 409 331 394 452 391 360 447 353 394 390 367 417 409 425 413 336 389 416 316 409 353 383 377 384 264 355 358 421 354 407 404 387 414 399 401 485 356 416 333 392 405 395 376 369 426 394 421 413 419 325 417 367 428 392 426 460 411 352 353 336 361 365 347 478 362 490 274 382 303 370 461 348 393 430 430 337 301 417 396 400 342 319 364 426 455 392 371 456 432 316 385 312 412 441 464 413 375 379 389 418 317 416 402 408 320 357 342 455 361 341 421 539 417 360 405 380 357 370 437 248 319 386 427 351 376 332 406 384 446 482 315 461 379 322 395 437 388 326 359 417 362 396 347 378 329 339 363 291 324 416 425 388 404 358 329 486 457 466 400 412 361 425 350 416 414 354 358 330 352 386 464 453 439 469 362 431 359 431 362 335 354 372 431 258 407 391 486 428 437 384 432 361 415 344 408 439 458 313 350 352 392 423 452 401 425 405 391 449 423 425 321 369 487 436 421 420 443 395 438 420 351 430 394 350 410 360 374 422 448 410 465 394 287 458 464 353 367 379 374 356 377 391 371 360 450 413 386 443 375 440 469 422 371 434 358 442 377 392 280 397 389 423 403 378 354 343 415 365 389 422 401 350 434 427 380 341 421 409 384 390 447 403 311 355 367 513 373 412 399 369 398 349 395 372 382 372 399 358 443 409 361 369 359 442 345 395 379 337 387 350 478 398 359 417 365 444 378 379 287 290 412 424 445 386 346 338 365 339 415 349 323 261 425 350 411 388 426 350 333 382 386 387 390 398 399 370 389 378 386 408 433 340 393 405 333 407 356 384 396 408 439 326 340 467 385 374 397 429 410 332 425 447 401 407 379 378 422 353 470 343 353 439 442 354 406 368 310 393 339 386 385 472 308 427 364 447 377 478 382 424 377 365 434 397 397 370 499 375 317 444 431 473 354 366 331 471 395 462 373 392 397 345 366 376 415 348 404 497 403 353 354 433 401 384 462 447 415 322 353 393 386 433 367 463 413 392 404 381 364 450 371 340 444 297 394 334 422 447 412 359 329 359 381 349 403 367 420 450 374 388 356 420 304 462 368 431 427 442 442 449 267 391 440 342 307 318 415 311 471 367 367 368 432 402 387 368 395 466 363 343 383 345 411 327 442 400 350 422 479 348 408 285 427 418 394 436 398 405 364 376 371 421 378 401 354 449 409 405 389 430 372 416 354 477 365 408 536 360 376 426 359 437 396 404 422 364 410 393 401 382 379 391 464 364 397 488 321 402 378 425 444 384 420 356 356 366 378 323 400 377 401 416 447 403 358 373 415 390 436 462 442 456 434 401 344 384 414 385 425 403 327 366 453 423 438 331 277 413 391 366 334 390 406 380 368 343 395 418 424 377 424 388 360 378 472 361 405 399 363 461 303 391 388 396 389 426 481 444 397 386 351 309 369 377 392 405 449 438 367 425 396 346 344 459 430 407 396 408 335 385 212 127 241 210 191 228 225 194 239 208 213 186 160 239 193 258 212 257 218 177 218 238 182 264 227 251 259 196 200 235 183 228 242 202 177 201 212 220 222 215 242 227 274 197 247 202 198 234 231 266 193 253 219 232 199 244 252 202 221 261 215 221 201 226 265 216 221 225 222 218 287 169 277 160 285 195 217 227 222 225 140 234 259 261 236 234 218 173 241 210 243 235 223 232 211 210 183 227 230 220 199 189 247 281 207 221 235 198 209 221 229 245 180 162 260 205 184 162 219 220 242 217 208 252 170 229 214 196 230 196 209 268 258 229 229 210 227 276 204 278 196 235 220 201 240 234 217 239 227 208 260 200 201 244 210 238 220 172 208 242 181 206 242 214 224 191 228 208 202 230 218 270 190 223 224 191 228 224 233 278 212 249 257 220 216 191 229 190 206 236 245 248 191 273 204 186 231 223 191 224 248 197 244 212 296 235 227 201 249 262 208 228 158 197 149 240 249 204 205 210 264 212 240 264 215 254 223 223 211 213 228 231 204 242 254 207 220 209 245 132 190 221 245 244 231 269 296 199 150 245 229 243 264 244 165 205 241 203 245 167 182 259 276 221 188 218 212 213 219 223 170 204 176 233 224 174 227 229 126 219 181 233 205 274 176 218 227 208 207 193 194 206 250 143 242 209 200 191 181 187 188 242 221 232 153 220 224 182 230 194 246 184 172 220 234 230 258 227 172 231 221 179 242 253 231 207 174 260 247 200 234 260 164 243 186 236 253 204 236 224 173 243 205 296 196 245 193 179 179 212 264 222 225 215 254 214 161 228 175 227 216 226 227 217 175 187 258 160 194 204 272 282 236 213 184 209 225 239 211 218 238 225 235 222 172 216 224 219 198 243 190 207 212 211 251 251 236 215 222 224 211 220 211 244 185 280 160 227 192 204 201 170 241 216 240 241 236 215 191 233 262 287 167 240 200 210 211 224 221 239 210 268 215 218 250 190 240 198 223 229 237 211 217 224 176 233 222 157 160 195 220 223 212 209 267 198 171 278 226 217 197 206 257 170 166 213 192 227 167 218 247 222 149 209 218 237 143 183 199 231 217 195 199 214 216 185 258 257 229 218 218 212 212 238 225 216 233 245 179 238 239 243 240 222 238 221 162 249 279 208 191 221 237 249 236 200 218 219 203 230 223 247 197 207 257 234 233 238 192 274 246 266 228 264 214 173 189 222 253 248 230 241 167 256 251 203 276 193 259 223 226 223 232 232 236 186 205 259 253 205 177 176 215 200 253 239 210 203 278 289 252 224 198 281 191 207 225 195 229 215 231 249 221 228 259 161 206 197 132 214 220 217 253 279 227 200 215 227 209 224 202 210 225 194 198 225 244 178 196 181 235 162 266 176 205 231 161 160 226 208 196 231 197 163 218 183 238 243 193 261 215 247 165 130 235 213 281 188 252 223 227 175 220 244 232 266 176 225 204 221 222 220 253 176 235 217 208 235 166 153 216 212 255 239 184 235 174 242 269 259 219 226 197 245 195 196 228 237 217 195 249 267 219 223 212 214 212 204 287 234 233 230 236 121 226 220 250 266 226 207 169 197 173 286 203 237 199 261 200 182 232 226 206 231 266 206 244 224 183 188 243 231 209 192 238 211 185 224 241 243 216 167 209 170 217 220 254 223 203 250 276 250 214 266 268 201 200 231 187 194 238 188 219 249 180 148 207 203 204 219 210 247 209 230 220 237 223 217 193 166 211 198 177 214 223 205 241 243 193 232 232 226 240 225 251 223 161 238 205 238 221 195 219 263 259 220 217 223 239 143 248 242 252 222 194 242 232 196 233 215 209 243 232 251 229 211 254 247 176 210 246 182 221 208 236 210 232 268 228 211 237 218 218 260 219 188 257 180 206 201 189 221 232 193 212 193 225 180 243 225 247 139 235 234 248 197 223 252 243 229 221 255 210 194 192 237 205 200 266 202 220 192 238 278 240 221 216 211 242 203 197 174 236 203 257 233 220 195 204 233 228 261 282 209 188 244 207 221 213 198 296 231 233 256 237 215 198 247 235 218 225 161 238 262 163 216 188 241 238 198 206 191 255 248 242 245 244 211 223 198 240 235 243 230 228 211 222 228 242 233 224 220 216 229 203 198 233 222 269 214 235 230 175 168 232 193 218 228 180 214 197 242 167 241 240 227 238 175 238 200 228 267 189 206 209 245 252 242 256 193 221 223 226 185 208 263 261 153 158 220 198 190 245 196 205 222 191 182 220 171 276 229 193 251 231 200 213 239 244 228 192 172 248 242 223 250 202 269 229 188 200 176 248 194 262 175 159 209 248 224 219 237 253 173 180 168 179 189 190 222 242 201 215 243 200 264 232 208 219 246 212 231 243 213 211 198 261 206 189 229 216 162 188 228 272 234 229 232 224 237 216 196 230 238 201 205 227 204 234 200 255 192 168 273 191 244 262 192 173 235 183 200 287 192 213 174 246 245 255 233 273 225 225 184 191 202 194 256 262 288 234 202 186 222 258 276 249 202 214 166 231 207 188 200 244 200 217 139 192 201 239 232 199 188 214 253 236 215 214 204 219 254 192 275 239 214 244 217 222 167 245 220 242 199 212 199 218 244 179 225 260 217 234 214 237 171 259 270 244 222 210 211 257 266 164 208 194 210 239 229 251 262 223 210 244 167 195 199 184 249 216 240 242 256 243 266 207 274 212 174 246 168 191 244 229 227 215 208 214 221 195 258 202 283 212 211 204 278 284 188 187 213 205 247 263 181 205 203 207 188 205 214 245 234 219 246 183 169 224 209 226 207 180 278 210 208 229 167 179 236 225 234 251 218 200 232 197 237 237 229 226 246 211 197 205 235 207 204 218 222 226 228 206 243 244 224 259 267 258 205 170 170 223 195 222 213 214 219 204 210 237 190 217 201 211 292 186 242 190 203 222 150 222 254 233 200 242 178 217 227 187 236 222 251 257 198 205 210 213 198 192 225 244 248 229 237 191 245 247 259 230 212 273 247 232 224 169 227 217 220 230 219 264 213 224 227 207 248 218 255 201 199 219 227 255 253 251 235 250 213 237 270 181 233 237 233 245 184 218 204 261 181 232 197 223 249 243 148 211 254 204 212 227 156 126 274 253 252 211 199 210 218 195 207 209 130 261 219 195 249 211 232 235 150 236 216 236 251 233 242 250 226 184 216 271 257 171 253 230 193 206 214 249 222 249 253 257 217 195 233 219 188 220 230 181 190 255 207 223 222 214 207 210 235 201 237 195 181 250 236 239 164 203 225 237 180 153 207 224 198 220 203 214 237 271 233 224 228 218 217 290 248 216 280 215 213 204 228 254 225 206 223 222 191 249 192 239 214 225 202 240 213 201 282 228 246 211 228 235 213 204 208 135 257 219 223 167 213 236 229 211 239 269 210 206 261 219 216 193 243 212 207 191 218 241 209 195 216 175 215 227 259 189 238 173 251 218 270 208 215 200 198 218 222 240 215 173 182 248 252 212 207 217 207 238 206 203 208 274 201 157 228 220 242 210 189 210 215 286 220 177 169 188 220 185 219 254 242 250 181 257 232 248 229 200 224 251 243 239 216 234 217 216 248 189 206 225 243 231 241 225 205 232 226 202 197 230 179 215 284 171 236 206 236 257 174 201 246 198 203 203 163 207 236 195 235 201 245 226 204 224 186 215 208 233 252 215 186 236 250 194 243 203 214 242 212 226 224 197 177 254 257 258 255 261 236 220 234 223 200 211 216 250 217 214 216 192 248 178 212 266 197 208 114 209 242 191 243 220 138 200 222 216 205 259 225 214 245 236 252 212 244 216 145 254 268 192 208 229 206 221 283 192 179 257 233 212 238 234 176 294 252 217 190 193 212 168 244 182 210 265 242 223 236 246 199 228 200 216 211 164 205 221 283 222 180 158 209 245 209 211 193 199 273 220 209 207 266 210 218 223 216 278 210 194 183 224 262 236 164 216 230 242 160 212 205 227 215 239 274 183 251 224 251 196 252 211 224 260 215 209 221 219 216 234 237 210 195 218 273 239 164 278 219 213 227 237 276 180 220 240 224 210 150 194 251 218 167 195 206 236 211 214 226 196 169 222 225 216 242 204 202 262 204 210 248 216 216 192 222 258 263 224 282 241 230 272 204 180 270 208 189 220 235 182 213 232 240 197 185 214 234 192 273 201 205 211 195 223 196 225 209 220 272 237 228 202 228 183 197 212 256 211 229 238 242 182 214 279 209 238 240 196 194 265 198 247 204 263 178 220 249 254 201 194 193 213 213 232 213 260 189 220 235 233 218 225 229 240 239 221 228 216 182 210 218 173 206 233 213 240 229 239 190 259 215 257 210 210 216 207 221 191 232 184 252 250 242 222 241 209 230 223 257 275 235 241 211 194 202 220 197 228 197 234 193 218 246 253 205 244 242 211 216 257 228 217 228 215 219 243 216 210 236 232 147 203 234 213 221 232 262 166 201 233 200 225 218 235 261 284 201 261 237 237 288 236 231 200 219 204 243 223 247 203 185 209 221 189 199 182 240 207 215 221 202 212 193 217 204 226 211 263 241 199 260 267 211 224 248 151 197 211 238 266 248 197 186 266 218 202 223 214 207 226 225 185 257 220 253 202 233 237 220 228 211 217 222 222 220 191 177 238 230 220 207 217 226 170 221 171 188 210 184 206 208 212 209 231 213 227 247 221 210 245 257 192 234 196 277 200 189 285 187 206 205 237 245 230 248 224 197 194 261 248 186 190 265 242 235 245 209 200 228 167 227 184 214 203 190 160 154 218 230 133 233 230 198 269 268 189 230 222 205 231 231 233 259 241 189 220 234 207 238 241 223 221 221 228 201 229 273 245 202 208 251 237 170 235 209 225 255 174 186 217 171 246 198 231 203 210 246 228 267 237 202 251 196 219 233 181 224 247 226 203 226 206 227 237 222 142 242 240 187 171 222 180 230 228 252 203 224 227 275 225 251 239 239 210 231 301 237 271 253 208 259 221 181 220 219 227 255 244 208 265 164 216 180 236 254 177 228 208 242 208 225 200 216 256 253 218 241 216 214 192 238 166 257 291 229 189 215 204 170 276 210 190 238 220 226 180 213 181 271 261 156 275 243 248 125 243 152 234 248 221 229 258 229 231 208 238 234 166 262 226 175 215 200 233 195 257 252 223 207 176 196 228 266 194 253 289 248 232 204 235 179 267 225 206 260 250 254 229 269 182 235 237 199 197 258 248 233 191 236 179 211 283 229 223 223 197 206 232 227 188 207 203 229 226 231 242 248 193 203 223 235 205 211 209 257 289 218 250 197 250 231 219 191 205 228 184 215 204 199 278 246 245 228 236 287 169 208 204 232 242 269 239 242 215 278 214 195 237 213 219 161 221 139 213 257 227 171 202 226 213 208 199 212 203 168 258 214 197 227 232 213 224 238 244 152 238 254 209 231 189 239 261 181 228 181 238 225 234 236 238 242 216 224 212 212 215 159 234 220 253 249 248 218 227 150 195 200 187 241 230 236 249 198 231 167 211 189 229 237 221 203 260 226 233 179 208 266 218 255 265 284 208 234 218 202 202 207 225 207 246 218 228 193 186 249 254 207 142 220 215 262 189 222 168 201 226 228 163 254 238 189 283 225 192 219 138 154 126 154 134 112 144 148 114 160 118 148 156 124 92 152 140 160 136 150 154 138 84 122 128 136 84 134 154 122 140 88 152 160 122 148 148 140 140 150 144 148 128 128 164 148 168 132 162 150 150 162 134 132 134 100 154 142 122 144 142 122 118 148 106 130 136 110 156 132 106 114 136 148 150 158 132 132 152 144 138 128 158 150 138 100 154 116 130 132 126 110 158 134 110 124 148 136 144 162 120 138 120 138 136 160 118 112 118 130 106 148 134 120 160 138 144 140 104 130 96 136 140 136 116 126 122 122 150 122 130 112 84 112 120 114 142 140 146 114 130 150 102 102 114 138 116 136 116 126 110 142 100 130 140 106 116 150 110 132 160 146 112 132 122 138 158 150 118 164 140 112 164 140 122 152 142 142 140 124 148 112 144 128 140 140 134 98 154 128 98 116 162 158 140 142 134 112 120 138 132 94 108 114 106 144 162 138 124 130 116 112 116 136 130 176 124 128 102 94 126 144 132 110 122 98 112 176 114 150 138 136 158 70 116 130 108 148 114 142 110 122 124 138 118 154 134 126 126 114 84 146 106 142 132 144 146 158 132 116 158 68 124 110 94 124 122 106 138 122 90 128 138 150 132 162 142 140 138 142 108 128 134 140 124 150 136 118 184 136 118 102 124 116 138 124 72 158 136 146 122 160 132 128 134 100 76 100 130 128 166 110 150 90 134 132 126 116 144 112 100 116 128 100 158 148 120 118 152 142 160 92 98 176 100 124 118 154 112 144 154 124 122 94 94 134 112 154 148 154 130 114 120 168 132 76 144 162 126 150 170 124 138 120 130 160 108 108 126 140 122 128 148 142 166 152 138 120 150 116 160 136 144 138 150 120 148 156 170 158 126 112 122 126 114 126 116 142 138 124 162 136 144 130 130 124 152 136 116 152 136 114 104 174 140 148 120 114 146 174 138 150 114 106 100 150 112 144 128 138 134 144 130 156 116 128 132 118 162 90 120 132 114 120 118 148 132 118 122 146 128 136 126 142 156 134 106 120 110 150 164 122 100 154 114 132 166 132 124 120 142 144 120 132 124 164 126 146 122 156 128 134 152 104 120 150 94 150 140 118 102 162 158 124 134 106 134 120 134 140 106 142 130 134 116 146 124 142 120 126 144 152 88 100 144 162 106 126 138 70 126 144 166 144 120 140 146 172 106 148 150 150 128 126 134 130 154 160 116 116 84 188 132 146 118 134 140 148 120 118 126 104 132 140 112 144 150 116 100 134 102 96 148 146 126 160 122 124 164 114 142 134 154 148 128 146 156 142 120 142 104 168 126 144 132 120 150 118 140 112 138 126 134 124 112 110 132 146 128 116 160 110 144 126 162 134 148 122 126 120 118 146 112 146 120 114 144 132 176 130 148 112 144 156 110 140 140 132 98 130 128 112 132 96 132 116 102 160 128 126 94 146 132 110 102 146 130 120 126 148 148 100 134 132 132 156 170 132 142 88 134 152 132 120 148 148 168 166 130 126 124 136 154 118 146 130 144 114 172 130 140 130 134 156 120 144 182 152 144 118 116 122 144 138 100 138 170 140 134 114 80 136 132 124 108 140 120 150 144 144 164 130 120 116 166 106 122 142 146 152 138 122 156 118 156 116 112 134 150 124 100 142 170 158 142 132 146 114 134 80 132 88 120 136 140 110 108 134 128 130 134 148 122 102 160 146 124 144 146 150 120 154 134 94 150 136 140 148 142 126 120 104 134 156 132 124 124 146 128 110 146 146 118 140 132 122 114 156 146 150 140 152 146 146 116 160 128 114 120 160 108 148 142 168 132 116 132 140 130 148 102 94 150 166 116 170 122 114 90 112 118 138 168 118 164 104 134 124 122 146 150 146 134 106 108 126 120 140 128 132 152 132 154 148 140 126 84 108 128 112 126 136 152 88 134 148 138 146 134 128 116 148 124 140 154 148 138 150 146 134 142 140 148 116 132 134 132 146 148 146 132 176 144 116 144 108 114 146 118 84 150 184 148 136 122 100 116 126 128 130 130 104 140 116 156 100 164 152 144 86 136 140 128 148 146 128 144 116 122 136 76 158 132 128 152 150 150 122 128 126 106 102 134 146 114 132 136 122 144 152 140 132 126 130 138 118 122 128 134 122 148 118 108 142 150 166 168 116 150 114 118 136 134 122 128 128 108 102 146 130 170 122 150 140 106 116 128 120 104 140 108 138 148 122 138 136 134 122 126 122 126 106 144 146 120 128 138 132 158 96 88 120 122 124 120 132 116 140 104 136 140 172 142 144 168 128 164 134 142 144 120 156 144 136 124 178 154 136 134 140 160 110 176 156 120 136 146 140 140 114 126 124 138 106 134 152 114 138 162 144 126 134 98 90 114 104 118 134 160 142 140 130 162 124 138 120 142 146 156 120 118 142 104 124 112 122 160 148 178 140 154 92 92 130 128 116 160 164 104 148 128 120 126 126 106 166 138 136 118 134 170 158 136 116 152 136 158 140 74 154 158 104 106 112 138 124 142 126 134 138 98 134 122 122 138 140 122 138 142 128 156 126 148 146 160 126 136 138 128 140 98 108 156 94 144 94 126 128 128 108 118 126 86 136 110 152 120 112 114 142 158 128 134 132 118 106 122 132 158 162 142 100 150 146 80 138 166 146 116 146 126 102 158 152 156 122 136 106 142 116 124 134 140 124 128 134 104 152 146 116 124 146 176 134 148 166 112 122 122 110 104 132 84 110 154 140 128 102 130 156 148 118 144 138 124 128 148 140 136 134 160 162 140 158 116 108 134 142 150 126 140 148 140 102 122 100 136 94 120 160 86 106 162 146 142 134 130 146 100 128 104 166 96 128 100 104 110 146 162 140 146 82 90 134 146 126 124 152 126 124 152 132 142 130 160 140 130 130 106 136 116 138 132 80 122 140 146 128 172 144 126 126 120 160 116 152 102 102 142 136 130 126 130 150 122 128 140 124 118 126 116 128 130 132 152 150 90 164 134 118 138 118 136 152 114 100 184 118 110 152 150 164 100 130 140 134 160 156 130 152 128 156 142 130 182 118 114 152 102 150 156 112 154 140 126 98 190 146 118 152 104 120 186 144 102 130 128 86 116 136 118 142 142 104 118 116 100 126 124 128 96 134 106 104 138 162 134 116 108 144 132 118 142 120 130 100 134 94 120 162 122 124 118 144 132 160 144 132 110 114 136 140 130 150 128 144 134 152 152 98 154 100 144 132 130 130 96 158 148 160 108 122 104 154 94 136 112 148 118 158 128 136 126 128 132 120 130 138 126 92 142 140 128 126 112 136 128 114 132 132 118 116 102 138 148 144 154 114 154 152 166 136 128 120 102 152 170 136 128 148 114 122 158 148 146 132 106 114 146 120 114 90 166 138 118 154 154 110 148 112 138 122 156 104 110 140 132 126 140 160 126 140 138 120 150 128 170 110 154 132 122 114 140 150 110 112 118 150 110 148 156 110 140 140 162 158 130 128 142 128 126 130 116 98 124 132 120 130 148 136 108 150 122 88 118 126 124 136 158 156 98 116 140 118 100 146 150 96 118 130 140 120 98 140 128 134 118 172 130 152 112 166 120 172 148 152 138 148 120 136 102 122 112 134 146 152 134 150 148 154 116 124 108 170 134 126 128 138 126 142 154 170 152 144 170 152 116 112 156 118 124 128 144 130 128 150 122 134 116 132 122 162 124 108 140 158 126 146 172 138 144 122 96 128 146 110 120 132 86 114 146 124 126 128 82 104 122 96 148 154 116 134 124 128 142 134 146 142 122 96 156 160 126 146 116 146 162 158 104 186 146 144 140 124 128 116 126 132 144 146 152 152 136 110 130 110 154 122 166 154 108 120 106 128 126 136 162 122 126 146 136 136 146 96 130 114 138 182 128 142 94 140 144 64 120 114 168 108 136 136 116 150 162 122 102 80 126 106 134 108 152 152 128 168 142 138 112 132 134 116 150 126 120 150 154 152 108 116 134 148 164 132 110 178 154 52 112 144 104 102 124 104 140 130 88 136 108 136 158 140 110 130 142 92 138 144 142 96 122 122 124 128 146 118 136 122 118 124 126 136 140 132 148 136 122 116 116 102 126 114 126 140 130 140 116 136 148 128 124 156 154 124 138 144 136 142 154 146 132 114 136 128 144 138 130 190 136 128 126 118 128 130 112 128 144 166 154 152 142 96 154 146 102 96 124 144 140 106 128 114 114 126 144 154 142 124 156 116 146 116 172 156 104 134 138 140 136 82 130 146 134 120 110 150 126 130 156 152 158 114 140 158 142 156 146 144 170 124 132 124 116 128 126 124 124 154 102 136 108 108 64 124 102 110 116 108 144 136 134 134 144 168 102 138 130 158 148 152 146 138 124 146 102 160 108 124 138 146 114 104 122 130 122 148 108 116 118 138 116 130 134 110 156 166 148 78 148 156 132 120 158 130 124 130 136 152 126 98 128 166 94 134 134 94 136 108 120 126 142 146 130 126 136 158 182 128 152 128 144 134 134 118 118 148 136 156 178 130 172 134 110 128 132 120 138 114 126 98 112 154 132 132 126 150 130 100 146 134 164 136 144 112 144 128 136 136 110 140 168 130 154 158 170 152 144 154 120 128 140 142 90 128 138 118 112 110 162 154 174 112 140 104 158 118 136 130 168 156 150 104 154 112 98 142 114 128 124 142 116 136 102 136 110 130 136 142 166 140 142 118 138 114 140 120 104 156 122 156 156 156 140 120 112 124 104 140 116 128 138 134 72 114 132 156 110 144 130 168 142 140 150 168 120 148 148 150 160 158 136 118 164 158 138 102 116 134 136 128 118 128 110 100 130 110 150 152 170 96 158 140 128 112 108 134 144 142 162 76 136 164 126 124 166 98 138 152 158 136 156 120 124 166 162 140 166 140 114 148 148 122 102 132 104 138 134 108 90 120 140 122 172 132 150 122 164 140 118 152 94 152 140 126 122 122 150 86 134 146 106 126 124 120 128 146 124 124 152 134 138 116 114 154 128 134 108 138 152 120 136 128 178 156 110 122 132 128 110 130 128 138 154 116 116 110 132 140 152 130 144 156 68 92 122 136 130 172 122 98 108 130 122 148 134 134 170 110 118 136 108 118 144 148 118 154 122 154 132 128 138 116 108 136 124 138 134 138 140 126 112 118 148 112 118 136 132 138 132 108 128 122 104 128 118 176 150 130 132 140 116 140 150 126 138 150 116 114 156 146 144 116 156 146 128 116 116 156 130 116 120 134 86 144 134 126 144 114 132 146 160 154 124 114 106 138 136 128 80 142 90 134 156 146 118 144 132 136 130 166 174 132 152 164 102 120 104 152 104 146 152 136 172 156 162 140 128 130 134 116 138 120 146 130 162 168 122 176 128 136 98 146 100 144 120 136 192 118 120 132 128 116 124 148 142 132 106 132 70 122 134 134 134 176 114 156 114 146 116 146 128 120 132 154 118 104 122 138 140 142 124 120 120 130 110 120 132 126 104 148 144 158 126 150 154 106 122 146 104 80 138 120 118 176 160 136 162 158 112 110 150 112 118 156 160 128 124 130 130 114 100 120 166 122 104 128 128 82 130 130 158 108 110 90 116 144 136 152 144 136 110 142 126 160 146 134 90 114 142 148 132 168 154 134 122 136 140 118 160 114 114 152 144 120 124 118 134 120 122 116 144 140 144 136 136 150 130 138 126 152 124 96 106 134 130 130 122 156 110 106 140 110 126 138 150 154 142 126 144 108 138 158 146 100 146 116 132 96 136 118 144 138 136 134 154 140 176 124 130 138 138 114 140 136 148 122 138 162 128 152 116 100 128 114 152 102 144 140 166 136 158 152 130 150 152 112 156 98 94 118 148 120 114 102 152 120 130 100 108 122 114 140 134 118 156 118 142 130 158 130 134 108 100 148 116 156 154 124 60 130 138 174 130 142 124 140 110 118 130 158 124 116 168 150 144 140 134 128 144 128 70 124 124 142 154 142 164 108 152 124 152 132 130 112 134 54 140 128 148 126 174 94 128 152 144 130 114 110 110 118 156 128 142 108 130 164 136 168 122 122 144 90 130 150 108 132 102 122 122 150 146 168 136 120 96 166 148 102 108 138 144 130 110 118 152 82 158 132 118 102 138 134 156 134 132 120 116 116 110 142 108 114 144 106 124 168 128 122 158 140 124 156 102 162 124 138 100 140 158 138 150 114 116 156 122 102 144 122 138 148 144 134 152 96 146 120 118 142 116 174 118 132 154 138 120 100 164 122 140 122 136 106 146 116 120 140 152 152 112 160 126 124 154 110 102 150 152 136 162 144 146 120 146 120 148 166 150 146 146 118 150 122 132 144 140 118 172 154 128 118 174 124 164 132 144 152 112 142 146 132 162 126 138 144 144 130 128 164 120 114 154 156 126 92 88 148 126 150 130 108 154 136 100 130 124 102 140 116 108 92 122 128 94 106 120 120 138 172 116 130 144 120 120 144 126 142 170 122 142 160 164 120 148 140 132 134 90 150 170 82 118 70 144 146 152 136 140 122 116 118 158 60 124 122 138 144 126 136 126 116 114 98 120 120 128 120 122 142 140 104 144 136 114 108 116 132 132 124 124 142 114 116 130 130 156 128 130 178 128 122 140 148 98 154 110 114 162 114 114 116 136 118 160 134 112 148 124 142 160 144 156 140 136 130 148 128 104 144 116 134 92 152 98 102 118 152 132 104 86 166 148 158 116 140 142 136 136 136 142 120 116 122 148 126 134 142 150 152 108 120 112 148 150 110 138 138 158 122 138 138 166 172 164 134 132 108 144 164 138 118 140 130 134 134 90 172 138 130 130 156 142 158 152 132 124 132 130 112 114 124 116 104 128 124 142 122 114 136 122 146 104 102 120 146 114 146 128 152 156 122 142 126 130 140 114 110 114 142 122 140 134 134 132 122 100 158 142 122 124 122 142 108 154 100 120 120 110 160 130 110 134 146 122 104 142 128 156 114 150 138 124 130 154 154 146 128 124 160 134 158 146 100 130 184 140 98 136 114 140 136 140 186 132 160 124 172 138 130 102 152 148 124 148 158 128 132 148 142 134 70 122 130 90 132 150 144 116 130 150 148 130 142 140 140 126 106 120 122 134 140 122 86 128 146 114 148 126 150 164 112 122 134 142 116 134 140 136 146 122 126 126 122 148 146 110 110 116 118 106 86 102 140 150 94 126 158 118 126 130 122 112 120 94 138 90 140 102 140 116 140 138 136 152 148 152 158 132 152 76 130 138 128 118 132 126 152 122 142 168 122 140 142 70 118 132 152 140 126 156 132 120 108 128 150 140 120 118 150 146 134 132 144 120 118 148 134 160 142 140 112 136 128 110 140 136 156 126 144 118 132 126 138 124 134 124 132 140 144 144 132 156 142 138 136 156 158 136 114 104 94 110 132 116 128 152 124 128 124 116 174 136 124 108 142 128 96 150 136 120 130 134 138 116 142 150 120 124 136 134 142 136 132 110 158 132 134 98 142 156 106 108 112 126 130 140 114 114 142 116 150 130 166 144 138 106 158 118 114 132 106 128 104 136 152 118 136 150 136 146 110 110 116 146 156 146 136 102 142 122 148 138 144 150 132 116 142 108 160 162 156 130 138 114 110 106 138 142 166 146 142 122 134 120 140 148 134 136 154 126 122 124 148 138 116 66 134 158 118 136 128 134 78 136 126 130 154 136 138 116 132 120 170 110 134 86 122 132 122 130 102 98 142 156 110 152 104 138 106 140 130 118 160 108 130 140 124 136 102 128 174 140 138 68 136 132 138 124 134 112 154 140 146 162 122 118 150 140 136 140 84 160 106 146 124 140 122 128 160 148 152 130 118 66 134 148 112 122 134 144 130 102 152 120 130 132 120 96 108 154 132 162 148 84 126 114 108 138 152 130 100 160 144 130 154 112 130 100 104 146 160 138 116 122 156 142 130 128 128 150 140 148 142 144 118 118 154 154 124 140 144 154 148 124 122 128 110 146 126 160 136 160 114 122 174 152 132 118 144 118 114 154 118 118 130 114 124 150 118 132 104 116 94 90 140 148 120 140 134 158 122 164 132 106 68 142 120 80 146 132 130 124 178 134 136 106 162 120 116 138 142 138 120 120 172 134 126 138 136 94 118 114 164 152 140 144 162 142 100 154 114 124 148 132 118 142 158 142 112 148 124 136 142 142 128 142 128 116 122 144 126 88 128 132 140 144 148 132 112 148 112 160 154 102 68 162 116 138 140 116 110 134 112 124 174 132 122 92 152 136 138 176 136 136 124 162 130 124 156 144 88 140 138 150 104 148 132 146 140 162 116 122 138 160 146 148 146 116 140 122 134 128 152 110 160 128 164 120 150 136 120 136 124 138 114 132 156 108 136 150 112 116 100 172 148 112 144 148 152 166 124 164 130 124 118 122 82 130 166 140 126 124 150 108 114 78 120 136 134 120 112 148 152 162 152 142 126 108 130 150 154 140 124 128 122 130 158 138 112 134 146 116 94 116 140 138 146 114 158 94 136 142 130 128 142 126 120 122 114 122 136 182 126 148 176 138 148 116 132 170 136 118 140 152 120 150 150 112 160 144 152 120 128 122 138 118 150 134 124 80 96 132 126 132 134 126 98 112 122 142 164 158 128 136 148 126 120 118 170 154 158 134 116 144 116 152 144 150 136 164 134 122 146 110 150 162 146 136 148 134 82 136 102 112 98 126 140 114 150 102 120 94 152 148 160 154 118 146 112 158 116 126 120 130 114 168 136 148 142 102 158 126 126 146 142 152 128 138 152 146 102 128 152 150 134 150 106 122 142 140 104 156 146 140 124 144 132 136 154 104 134 134 116 110 128 104 126 142 136 142 164 132 158 128 94 122 162 128 132 134 110 146 122 154 150 112 140 62 108 102 154 126 138 92 142 116 130 124 110 98 132 134 120 138 126 118 104 144 150 116 166 110 168 110 128 144 114 122 116 140 148 132 128 160 114 140 150 94 152 88 116 122 162 98 110 116 126 150 130 144 134 146 140 144 106 116 146 138 160 118 114 112 140 142 132 142 116 138 144 102 130 132 110 162 92 142 68 152 82 158 156 130 78 166 154 114 112 126 134 146 142 124 94 122 122 144 104 128 134 168 120 138 138 140 106 88 104 128 120 130 140 116 140 160 122 152 102 120 112 116 128 116 132 140 108 148 142 150 154 154 118 136 128 126 164 126 168 126 112 150 112 146 140 116 144 134 120 134 112 136 164 150 146 118 132 112 148 142 116 118 128 104 126 134 124 110 122 116 142 126 168 186 132 128 102 126 142 122 154 130 148 126 156 148 154 132 140 144 138 142 132 104 162 108 130 134 162 66 146 114 148 138 142 126 140 150 112 138 128 164 124 106 112 120 146 126 126 154 152 37 47 39 47 43 38 50 61 43 40 51 39 41 37 29 42 47 64 46 44 30 50 43 38 71 31 38 39 58 31 44 51 43 37 29 50 51 47 44 47 26 46 47 34 47 50 47 49 36 50 42 47 42 48 58 51 37 52 44 46 41 47 45 52 34 48 51 28 47 50 56 50 45 53 48 53 45 32 36 38 37 49 48 25 42 49 56 26 53 53 53 39 38 39 57 53 39 41 49 32 51 47 42 40 53 49 52 39 45 43 21 38 52 27 49 48 55 31 61 49 48 52 44 55 50 48 46 50 29 43 48 53 37 43 43 44 41 50 44 52 39 54 35 36 48 26 35 42 42 32 44 46 56 44 37 39 33 47 52 38 57 43 28 44 42 43 52 42 41 45 51 27 37 53 40 29 45 40 42 43 33 47 42 37 44 44 55 57 56 54 46 44 40 47 50 43 52 37 46 57 31 46 44 53 54 37 33 41 48 49 51 44 36 40 32 40 46 54 34 48 50 41 51 47 49 48 39 36 52 24 42 55 49 59 45 33 46 47 53 39 48 53 55 55 50 30 50 36 42 39 44 42 51 52 36 49 40 49 13 57 42 46 46 44 47 46 41 48 51 37 36 27 45 38 39 49 42 30 52 48 49 55 60 34 45 48 39 50 46 56 41 40 50 41 49 48 34 32 44 57 50 48 39 46 53 50 54 49 50 56 48 49 20 40 47 49 46 49 41 51 38 47 49 46 57 44 49 41 56 45 34 45 36 43 57 38 35 59 52 35 31 46 47 45 34 38 49 60 37 42 42 32 48 29 37 52 27 53 44 54 34 24 47 42 54 44 42 56 45 47 54 48 44 50 47 55 47 47 53 46 33 38 50 46 50 30 60 43 39 37 48 31 41 54 44 56 49 45 39 24 39 56 40 40 48 28 38 41 54 36 52 32 44 36 49 47 28 48 37 49 62 41 53 48 17 47 24 49 66 42 39 32 51 36 45 44 39 58 47 55 58 49 40 58 55 44 42 45 60 47 39 58 48 45 59 53 65 42 55 51 19 41 49 32 46 40 52 52 49 54 44 50 48 43 54 31 46 43 54 35 28 55 33 43 43 53 61 36 40 51 41 49 48 54 37 22 36 51 46 52 38 56 52 50 61 50 46 23 54 48 58 53 42 41 44 55 53 34 51 49 39 37 45 43 38 39 52 44 43 44 40 11 45 46 15 50 54 53 52 41 49 44 42 35 66 44 34 52 29 44 58 52 38 44 33 34 45 36 45 33 30 58 40 46 46 53 31 45 40 46 47 54 38 46 54 35 43 44 55 44 45 37 38 55 42 44 40 52 50 59 37 30 50 40 40 41 42 49 39 52 47 45 55 51 37 38 41 53 34 35 33 38 34 49 47 41 45 51 53 38 52 51 37 53 37 30 45 67 42 53 40 50 47 48 45 46 41 48 46 44 59 23 50 52 25 41 19 43 53 56 48 40 32 36 34 38 50 45 58 35 42 44 40 31 32 51 50 55 55 52 32 52 26 38 41 42 47 51 41 41 50 46 37 41 28 46 49 35 46 55 32 23 53 44 52 38 36 55 37 43 40 42 55 66 36 53 49 23 17 37 41 60 45 20 58 56 43 54 50 46 46 48 49 26 62 51 57 50 55 33 45 44 40 25 23 47 40 50 50 40 45 47 52 45 50 43 37 42 45 39 42 38 40 42 50 41 39 49 48 55 57 39 54 51 41 48 56 32 51 64 52 36 55 5 38 50 54 51 35 41 47 57 24 58 42 55 48 54 39 38 41 51 44 48 46 54 48 41 37 42 55 47 37 51 53 44 51 40 53 41 43 50 48 48 30 34 57 41 40 35 41 49 43 45 28 35 41 26 54 32 51 45 45 56 50 31 42 48 34 43 53 45 33 30 41 34 35 50 39 42 36 54 47 48 22 51 53 69 54 39 49 55 55 50 40 45 39 40 39 54 35 43 40 35 43 50 49 62 48 45 45 48 44 49 44 50 49 48 45 44 39 51 33 42 43 48 43 42 36 46 47 53 35 56 35 49 42 43 51 21 41 42 61 51 32 47 34 56 52 47 49 46 38 46 36 35 50 57 48 50 50 46 61 36 48 52 29 38 50 46 41 45 54 16 39 41 53 43 41 53 47 43 39 51 30 41 38 44 47 43 35 59 49 43 46 41 51 12 45 41 59 45 50 48 52 13 42 45 18 36 49 45 28 57 55 22 55 38 12 51 43 50 35 57 43 10 19 57 40 40 60 24 50 34 54 50 54 63 54 39 36 45 37 41 55 46 28 43 58 43 35 33 46 48 46 43 39 43 23 43 51 43 34 49 53 44 51 56 42 47 43 35 61 49 15 41 50 36 52 54 54 36 32 38 50 42 59 30 45 57 52 37 35 49 39 56 48 28 51 41 43 47 54 27 58 34 27 44 39 34 40 35 43 52 55 47 29 35 51 42 47 56 49 52 55 25 37 34 42 43 46 54 46 40 39 41 47 52 44 48 38 50 48 47 44 32 45 44 41 44 42 45 31 68 45 40 46 30 22 52 47 45 46 47 46 53 48 44 45 46 44 44 60 52 37 39 32 46 48 39 57 50 52 39 41 58 37 35 40 42 41 47 38 45 26 42 44 47 48 37 42 39 32 32 52 50 44 46 50 50 35 42 43 57 35 40 13 41 39 40 35 49 48 51 38 46 45 33 56 45 52 29 48 52 46 56 24 30 46 36 44 57 35 44 40 15 58 56 51 33 46 58 44 38 48 44 49 33 49 58 47 66 58 37 48 48 52 36 47 51 43 41 35 44 13 46 36 16 48 55 43 44 53 34 39 37 47 54 37 47 20 39 28 47 47 35 58 39 45 47 62 42 32 35 49 33 46 65 54 45 27 43 35 57 45 47 47 56 37 43 36 54 58 61 49 48 53 24 44 41 44 51 42 33 56 39 56 47 47 51 39 36 42 38 43 49 52 38 44 57 42 38 42 33 39 40 39 43 50 53 42 41 57 44 54 53 39 34 57 43 44 52 51 45 47 41 48 45 50 48 54 56 38 55 18 42 49 47 27 52 51 19 25 35 38 51 48 47 22 58 41 50 39 44 33 47 43 31 54 42 39 45 47 39 60 59 21 43 36 43 31 36 40 41 50 47 42 45 56 35 39 35 51 46 48 40 45 43 61 47 49 48 20 44 38 47 44 57 54 49 49 39 48 49 25 52 45 40 44 42 48 43 42 45 36 53 45 45 45 46 54 30 49 37 33 40 56 43 52 42 50 21 41 46 36 38 54 47 63 43 55 50 33 43 51 57 27 37 60 48 30 51 50 38 47 50 53 39 47 35 45 51 49 48 46 50 29 49 41 51 46 47 35 68 46 38 39 32 49 56 30 55 54 35 55 44 39 9 37 29 36 46 54 49 52 57 40 43 34 28 32 42 45 53 41 22 40 34 53 34 46 46 52 52 38 49 46 48 44 52 46 45 33 43 46 19 49 45 57 45 24 37 46 33 43 34 38 28 33 39 57 48 27 41 45 56 28 42 47 46 40 47 34 47 41 38 51 57 45 44 34 53 38 37 31 57 50 39 31 48 37 64 48 40 53 52 49 41 59 42 34 49 58 48 57 36 49 47 49 34 39 44 45 52 60 31 63 47 51 31 44 39 40 28 43 29 56 47 47 50 40 40 42 51 34 64 36 50 41 23 35 52 52 50 41 47 43 58 42 30 49 52 47 47 48 47 45 41 42 44 55 33 49 49 34 45 44 53 39 45 45 43 34 46 44 35 52 40 46 51 50 44 43 43 51 53 41 53 40 43 33 37 47 50 59 53 50 38 44 51 49 18 58 45 40 51 46 52 47 33 44 40 41 46 14 49 48 44 48 51 53 46 40 45 23 60 32 40 49 5 54 41 45 57 34 48 44 44 46 47 37 42 36 53 49 34 60 55 48 56 43 35 49 33 56 62 47 49 51 54 38 38 44 55 53 48 59 39 34 40 41 56 32 44 57 49 45 35 49 35 36 59 45 51 55 52 46 52 17 53 42 39 45 44 31 39 53 53 47 21 41 35 46 63 43 18 44 59 45 49 44 32 49 56 25 50 36 57 42 64 46 44 34 56 45 45 34 47 46 44 44 52 48 45 36 45 44 49 53 53 48 34 30 43 29 41 48 48 22 20 55 28 16 22 56 40 54 49 48 47 47 50 36 38 33 38 40 43 15 35 26 42 52 46 40 46 49 54 22 42 48 43 44 39 41 51 37 43 45 40 54 42 29 48 39 42 44 56 41 40 39 27 49 58 46 46 48 49 56 32 41 25 36 41 38 10 31 24 53 42 48 39 46 43 39 39 45 45 47 54 40 44 54 32 40 41 43 46 41 42 32 49 18 57 55 54 43 49 32 58 40 35 59 42 41 53 49 51 45 34 49 30 45 49 57 52 26 53 33 48 44 46 52 38 50 37 31 45 54 48 47 38 48 54 49 41 53 47 37 49 43 30 47 43 41 35 45 42 37 42 7 43 66 45 42 52 48 48 35 55 49 45 47 56 41 43 45 52 44 53 34 57 63 44 54 52 51 31 48 45 49 57 63 49 47 27 44 49 51 44 52 58 40 51 36 46 52 41 31 35 45 52 47 50 44 49 28 47 55 53 45 37 40 29 34 48 43 33 51 48 38 28 38 43 45 39 29 37 52 47 53 46 38 38 41 37 53 40 55 51 51 42 38 47 50 24 43 43 43 58 44 47 46 45 44 65 36 52 42 36 41 31 33 42 44 41 49 45 39 40 47 45 34 36 48 54 21 33 33 11 35 49 48 53 50 51 50 35 61 40 47 40 41 22 46 54 51 31 34 50 54 31 64 26 40 43 47 55 52 35 36 52 49 42 54 30 22 26 46 36 37 35 43 52 38 21 44 48 43 39 44 46 36 44 51 49 55 41 48 65 54 36 41 42 43 44 44 45 42 42 45 44 52 31 50 42 43 43 54 54 31 48 44 34 39 53 51 40 26 56 52 51 52 46 55 55 54 43 46 49 49 49 33 52 43 43 42 48 50 26 48 36 53 52 43 49 45 30 54 47 35 45 42 41 48 37 43 63 53 41 52 44 47 51 46 40 65 39 50 42 37 51 44 32 49 37 62 52 36 51 50 27 40 34 43 42 44 48 28 44 42 54 38 54 47 45 47 43 48 37 40 52 55 47 39 43 51 40 50 38 26 43 48 41 34 42 59 36 41 53 49 28 41 37 53 41 50 31 42 35 20 20 49 48 43 43 47 38 52 50 37 34 40 41 32 46 39 55 48 60 46 28 49 16 45 35 9 41 47 48 51 58 48 48 49 48 47 48 34 46 51 44 56 50 35 32 27 47 27 43 49 53 56 40 52 47 35 41 50 47 62 44 48 33 33 36 51 30 44 41 38 38 49 53 42 41 51 70 49 48 38 49 46 38 41 42 42 41 58 53 35 48 46 50 39 65 44 48 44 33 49 46 31 48 29 44 50 49 52 52 58 45 53 37 46 55 37 61 41 49 50 43 54 47 41 33 49 39 49 41 44 48 43 45 46 50 53 35 55 45 57 44 58 52 48 47 29 38 40 44 50 34 49 58 35 34 32 52 39 50 50 10 52 54 31 51 46 48 44 37 43 34 44 50 35 39 42 47 51 49 35 40 25 36 42 35 48 45 48 39 48 48 42 32 45 33 39 44 36 29 51 25 42 50 43 37 52 30 38 37 34 56 23 38 48 46 34 47 40 52 40 36 39 47 41 23 35 47 36 39 47 54 45 40 39 39 52 59 43 43 33 17 39 28 45 47 36 40 29 52 44 49 56 54 52 29 39 55 41 25 44 40 61 58 64 51 45 31 51 41 49 49 35 47 47 55 41 51 51 32 26 39 40 39 59 34 35 47 41 47 55 34 45 38 53 38 53 63 46 52 45 45 34 35 28 39 42 51 55 41 55 40 48 23 59 49 50 57 25 45 26 49 39 34 37 52 43 38 50 43 40 39 58 47 49 22 50 46 54 35 57 13 49 50 47 38 42 40 57 51 50 42 43 42 49 50 45 41 35 17 51 55 37 41 43 39 49 35 53 49 45 42 54 43 37 36 35 36 50 34 43 47 44 40 19 62 45 41 29 48 30 50 57 47 34 42 35 35 27 42 51 48 36 44 49 45 42 36 27 53 23 55 46 37 45 29 61 46 47 28 48 40 38 48 43 51 48 54 47 48 46 53 38 45 48 42 41 47 45 47 40 52 46 6 42 43 51 33 41 41 58 53 43 23 61 38 38 42 37 39 42 58 35 37 42 47 58 47 47 44 51 44 44 50 46 30 44 30 47 49 56 43 54 38 51 53 45 54 35 40 43 23 56 50 50 59 59 39 38 46 40 48 25 46 46 43 56 37 20 52 37 41 53 39 43 44 49 53 58 51 45 39 51 38 25 31 43 49 49 32 40 48 44 31 51 23 51 51 49 54 50 53 54 44 36 37 47 45 49 30 45 48 39 51 32 44 44 38 55 25 27 41 51 27 50 50 54 51 44 61 56 40 47 50 50 47 55 43 43 38 12 25 50 47 43 28 51 43 53 39 37 53 46 27 51 40 51 18 45 49 53 38 54 52 57 57 39 44 18 58 42 41 41 54 53 38 70 52 41 49 38 16 50 27 49 49 50 45 49 47 44 39 40 49 50 33 65 42 49 40 46 44 48 46 45 42 48 32 38 38 58 54 47 44 49 57 33 41 41 46 45 54 45 41 38 37 50 47 39 54 47 36 53 35 23 38 26 43 43 43 31 43 25 49 53 33 37 38 43 54 40 46 45 33 38 52 33 39 41 46 49 37 46 53 49 35 29 39 44 49 31 37 47 60 48 42 31 42 30 36 40 47 39 46 25 50 45 35 56 45 12 56 68 60 47 48 52 58 53 47 56 48 49 24 50 47 52 49 41 30 45 53 43 36 37 63 50 31 51 49 35 49 34 40 40 46 42 18 52 24 50 45 41 41 45 44 22 44 48 40 42 50 42 50 48 47 49 51 53 48 49 54 48 54 20 44 43 6 41 53 30 43 52 34 60 37 46 51 46 46 56 40 49 45 56 52 41 41 40 38 51 30 62 49 47 42 49 38 52 52 34 36 56 34 28 36 34 52 51 43 52 28 30 41 53 59 36 32 20 43 43 35 49 36 47 41 29 41 36 54 53 50 54 46 61 52 51 58 38 58 52 47 57 46 44 44 37 44 43 47 29 57 38 53 34 49 37 44 48 53 45 49 37 60 34 25 49 41 41 43 41 43 51 34 47 56 61 46 47 52 45 20 67 38 64 37 49 43 38 40 34 46 38 55 50 22 33 38 36 38 39 50 41 40 34 35 53 27 49 47 56 49 57 45 53 43 50 57 39 36 33 38 60 49 47 46 48 47 45 56 56 53 53 46 29 45 41 49 38 45 51 41 46 46 46 41 46 59 53 56 52 41 45 47 38 54 39 22 47 40 54 43 46 44 66 51 54 54 50 58 35 43 46 37 37 40 30 32 61 44 41 39 52 42 56 48 47 26 49 44 49 62 50 40 50 43 36 34 42 32 50 51 26 36 48 34 50 39 48 46 48 46 42 34 44 49 38 54 41 31 40 31 54 62 39 51 57 57 46 35 47 42 48 47 37 27 67 46 42 58 46 43 39 41 51 32 52 35 54 50 29 33 33 59 41 54 32 51 33 31 50 47 52 50 31 44 36 41 55 49 38 41 46 56 33 39 49 43 59 21 43 52 40 49 33 48 31 56 43 37 39 43 43 57 56 27 47 31 47 48 52 49 35 53 41 38 44 53 39 50 33 41 48 38 19 51 34 42 46 58 56 34 39 45 53 40 49 52 53 45 19 57 55 30 51 32 49 51 33 46 45 50 43 53 37 46 42 46 32 31 41 44 44 48 21 45 48 50 14 45 41 36 51 42 49 23 62 49 48 48 45 53 27 30 43 30 32 40 48 53 45 37 44 50 51 46 55 37 58 44 43 54 46 39 47 41 34 38 45 43 41 36 41 42 49 45 57 50 39 47 45 37 52 43 63 48 50 40 43 36 43 50 41 28 47 49 31 47 52 42 46 56 46 43 48 39 38 49 54 53 38 55 54 27 40 50 42 35 51 60 42 57 53 47 52 42 48 52 59 47 54 45 62 31 46 48 46 24 47 32 57 55 41 48 28 21 31 38 51 44 43 39 41 48 37 48 53 40 41 49 47 56 56 34 27 39 54 42 30 39 42 42 44 35 46 37 46 48 49 55 52 53 48 10 41 52 38 47 41 43 56 51 45 50 50 38 50 35 56 44 37 35 33 58 22 53 51 47 45 42 40 28 41 35 38 38 33 49 55 41 49 51 36 48 19 54 59 48 46 39 45 51 50 42 34 29 47 59 58 56 35 41 53 47 37 35 46 52 55 43 44 29 35 53 47 53 49 46 60 41 43 40 51 42 32 44 37 47 49 28 40 48 39 47 42 43 42 56 41 44 41 21 47 47 54 55 58 39 57 52 41 43 44 31 20 42 46 48 55 44 32 29 46 35 48 47 46 50 30 45 40 49 39 39 53 38 38 28 49 43 48 55 42 37 49 29 47 49 49 42 42 43 48 19 40 42 37 48 56 49 43 30 45 43 42 44 48 39 48 44 48 38 55 45 39 38 29 41 26 35 48 42 57 48 36 45 42 66 55 54 35 40 37 46 36 39 30 49 47 30 44 44 48 42 49 41 55 49 46 42 49 39 38 45 58 34 45 46 43 53 36 31 37 28 47 46 59 55 60 39 53 31 43 38 45 49 57 45 31 44 56 40 43 1 46 32 45 47 38 51 43 42 52 52 57 56 32 39 29 37 49 41 50 34 56 41 50 41 51 32 46 25 46 27 62 42 62 48 59 36 44 45 37 44 18 50 47 42 45 33 49 46 53 47 47 46 29 51 16 56 44 43 50 41 36 50 50 42 28 56 53 51 31 40 57 47 40 48 32 54 48 43 22 40 38 44 46 49 40 21 42 49 46 24 64 43 37 52 42 51 41 28 32 48 44 49 54 53 32 47 50 45 49 45 34 54 44 45 55 55 40 52 42 37 40 47 44 52 39 50 26 55 47 49 47 36 55 37 46 46 40 40 49 58 53 48 33 42 47 43 55 48 53 40 35 43 34 51 34 37 51 28 59 41 53 59 47 60 31 38 52 54 41 33 64 50 48 48 29 48 52 42 32 50 52 16 50 43 51 46 57 49 41 60 44 38 38 50 28 45 21 38 48 58 36 38 50 53 38 46 48 32 45 49 39 60 42 40 45 40 20 44 28 42 56 51 38 40 48 45 48 55 58 41 48 54 61 41 44 46 39 32 52 42 43 52 53 45 44 45 61 54 46 52 51 45 41 50 55 47 62 54 50 48 47 59 42 59 46 17 41 42 64 23 46 52 55 24 31 31 52 44 44 44 48 34 46 59 58 41 47 32 17 57 46 34 38 55 58 46 48 49 50 50 48 38 41 52 44 46 29 50 40 48 62 44 53 57 29 44 41 32 43 41 48 29 51 55 43 33 32 38 47 67 40 48 52 43 49 53 22 46 37 45 55 38 49 57 48 50 46 25 43 40 37 54 47 39 31 38 45 35 25 47 55 52 46 15 56 33 33 45 46 44 39 43 46 31 42 49 45 48 41 59 59 40 48 40 59 38 52 45 46 52 47 49 47 41 53 38 41 48 51 44 44 39 41 32 53 44 47 42 53 55 51 40 51 54 46 59 36 29 31 54 48 52 42 63 51 50 54 46 41 43 49 34 55 21 47 48 32 51 44 35 28 32 48 50 32 45 48 35 50 47 38 33 38 45 45 50 57 41 46 54 54 47 48 49 50 48 51 41 46 45 42 54 52 45 52 42 54 44 49 55 27 46 44 47 53 45 53 42 51 40 46 33 45 45 51 26 32 34 30 51 36 33 45 46 44 35 49 64 47 21 43 30 45 52 44 30 43 57 47 43 39 47 41 44 48 53 45 46 57 47 40 40 52 37 47 51 46 45 41 40 37 40 25 48 41 33 44 32 51 48 27 38 42 44 28 29 43 60 46 63 42 34 41 53 51 41 45 53 50 23 47 41 50 17 39 42 46 35 38 39 56 51 43 45 45 54 44 46 45 43 43 26 47 51 54 33 39 37 50 37 50 45 39 36 45 56 42 30 51 40 45 18 53 40 23 35 50 58 37 50 40 48 32 44 54 45 43 48 27 36 45 44 49 30 55 36 39 31 59 44 36 48 40 38 33 45 50 42 51 37 40 39 51 47 41 28 22 27 44 43 48 39 33 39 45 55 45 44 41 47 55 40 51 45 43 48 43 28 51 47 35 51 54 43 46 39 44 45 44 45 44 18 58 56 59 45 46 51 46 46 40 43 46 44 53 42 55 47 51 55 61 51 52 41 45 46 48 40 50 50 40 32 48 51 58 42 47 47 37 52 47 46 38 45 50 45 54 35 47 26 35 37 48 56 48 47 32 57 29 42 58 49 37 34 46 44 38 60 47 49 43 22 39 48 36 50 45 51 48 50 39 42 55 33 37 38 40 44 39 46 60 46 47 55 47 38 53 40 33 35 46 24 44 37 35 61 51 57 54 50 49 40 47 37 38 55 41 28 50 44 49 50 42 51 25 54 39 47 45 37 53 34 27 44 20 31 22 19 54 36 52 39 60 28 33 32 47 42 52 14 30 39 33 50 47 50 44 67 36 51 36 44 21 45 46 35 40 39 45 44 38 43 41 45 43 29 34 45 50 29 57 55 58 45 41 46 58 48 32 54 37 40 18 41 46 47 43 32 39 43 47 35 48 55 51 42 47 37 52 51 31 61 44 42 19 45 41 54 40 55 38 31 38 41 54 31 49 45 58 43 42 56 52 37 55 44 42 40 44 35 52 34 39 43 45 56 58 43 37 40 47 46 42 52 52 38 35 36 54 46 45 9 45 56 49 41 64 26 35 34 53 37 47 37 31 42 35 42 43 34 39 42 50 29 49 61 47 43 47 60 47 49 43 51 45 39 46 52 36 51 53 46 37 48 38 54 61 45 50 56 45 41 56 40 18 42 55 39 59 49 40 46 59 51 30 43 5 49 51 44 44 52 60 53 55 56 47 45 51 45 44 53 36 54 48 45 46 50 39 47 47 53 37 58 41 42 42 49 43 34 57 40 23 51 47 53 58 38 45 53 40 46 48 36 44 39 49 41 51 41 48 47 47 34 52 60 48 50 55 34 42 50 46 45 49 52 34 51 49 50 33 44 42 45 39 38 49 39 21 47 33 38 44 38 58 44 45 50 44 34 48 46 40 46 44 39 45 47 49 28 31 49 58 52 24 36 43 54 45 58 59 43 37 48 43 47 37 53 43 40 40 54 41 57 61 48 41 50 40 23 48 52 47 46 37 29 50 55 47 36 57 43 47 46 49 44 54 50 38 47 42 30 31 40 52 47 47 58 53 28 51 49 45 39 30 51 50 34 36 48 30 48 40 47 48 41 26 41 34 38 49 28 18 51 46 21 60 35 46 43 52 54 52 49 27 33 42 46 38 38 42 54 55 29 49 51 31 45 35 46 50 54 52 42 43 59 42 47 41 43 43 50 49 30 48 60 46 55 41 22 43 44 37 44 38 34 45 51 34 39 56 49 38 28 43 47 43 42 43 32 48 48 22 46 24 37 37 51 46 37 49 48 52 48 55 54 34 49 58 50 58 45 32 43 38 46 40 42 56 49 53 36 43 58 50 37 41 44 47 40 30 53 50 50 49 49 56 58 46 42 44 44 49 51 49 35 40 49 37 50 52 27 54 45 49 38 37 40 43 38 55 12 51 55 49 39 36 51 39 34 40 31 59 62 32 52 24 60 54 52 54 47 35 49 19 40 43 45 36 43 46 49 63 44 43 51 45 46 46 31 49 45 47 37 58 44 35 30 38 42 48 51 47 47 45 42 43 30 38 45 56 41 57 42 47 60 33 45 54 58 50 38 34 45 62 44 40 43 60 35 49 53 40 55 30 45 42 42 35 50 56 40 55 45 54 58 46 53 47 49 53 35 44 33 53 45 42 29 44 46 38 54 44 51 58 62 62 50 44 45 44 31 66 57 50 45 39 48 46 46 52 40 46 37 48 32 45 48 47 46 53 38 28 52 45 44 27 44 40 40 38 30 45 45 29 38 43 33 58 44 52 56 48 32 34 34 50 53 42 42 41 56 46 47 50 52 49 52 45 41 45 56 49 39 48 52 44 49 38 46 45 41 33 50 53 51 37 37 32 53 48 24 52 53 49 24 39 44 57 57 41 46 51 43 55 48 32 45 61 50 48 50 50 46 45 43 43 49 46 53 44 21 51 44 40 45 41 56 41 58 52 53 37 50 41 17 43 67 38 48 37 43 44 56 47 42 50 42 43 51 46 45 32 43 48 57 38 34 32 41 23 34 43 57 38 62 50 47 24 42 36 54 47 47 57 40 38 48 57 33 44 39 35 31 40 41 44 55 34 56 39 48 57 46 56 35 47 51 58 47 45 59 69 52 54 47 31 42 55 46 46 28 43 43 56 46 45 48 62 45 47 40 38 38 52 30 46 46 49 37 34 42 47 51 15 46 54 46 29 27 46 57 46 50 44 44 54 43 46 55 54 48 29 42 55 49 56 58 55 22 47 44 54 50 48 50 46 43 49 31 35 54 36 31 50 54 45 46 39 42 37 22 42 39 35 49 51 38 48 55 37 47 51 37 45 48 23 37 60 33 52 35 53 49 39 50 47 46 46 31 57 39 66 48 39 54 40 54 41 33 57 40 52 43 49 36 42 41 34 44 53 40 47 52 47 48 43 55 62 50 46 34 54 58 60 39 37 41 47 42 37 46 52 53 50 43 54 45 50 47 56 47 49 35 50 49 48 44 45 40 47 46 38 38 53 40 54 37 34 52 41 52 42 35 47 26 31 30 52 36 50 40 33 49 43 52 44 70 44 42 41 41 52 54 43 47 18 21 51 49 36 48 49 47 46 45 36 54 34 46 17 40 44 47 53 40 35 45 42 47 51 42 37 49 32 39 43 54 48 47 49 49 40 51 45 32 32 39 50 47 51 42 44 46 48 49 37 49 58 52 33 35 54 52 52 36 46 45 53 54 44 57 45 68 45 51 27 51 54 44 7 40 63 36 39 43 42 45 47 45 47 30 28 44 47 51 48 44 43 53 34 55 46 54 44 46 36 47 46 45 47 47 52 44 43 48 41 41 49 44 30 44 55 55 39 58 57 53 45 27 36 53 50 28 43 44 34 30 42 38 48 44 28 46 43 40 38 41 41 47 50 50 36 28 52 32 39 37 42 45 52 56 41 44 49 57 52 44 40 37 50 49 44 40 52 45 44 44 46 51 48 42 38 54 49 46 40 41 50 38 49 48 55 49 23 29 37 49 61 50 42 49 41 43 45 41 58 35 32 55 38 31 45 34 54 52 37 53 42 40 47 45 35 30 46 42 54 46 58 51 52 45 50 45 33 51 44 46 34 55 35 38 43 47 54 47 41 39 45 41 46 44 31 44 43 46 41 35 37 38 46 59 33 52 20 61 48 48 19 63 37 43 47 39 41 54 46 33 50 24 57 45 61 35 45 36 48 56 52 44 49 37 43 43 44 43 45 45 37 64 53 29 56 42 36 50 55 52 51 35 41 59 44 25 34 48 44 46 46 46 29 44 42 44 15 37 53 46 39 51 46 40 51 48 53 53 48 26 48 42 44 56 49 52 24 63 57 47 52 42 48 38 48 58 46 44 30 43 54 38 48 29 49 47 57 41 39 43 51 57 63 43 47 23 44 32 53 32 48 57 31 46 49 54 50 38 51 36 51 52 35 44 35 59 36 39 39 48 45 48 44 58 45 46 21 59 52 51 40 37 55 47 63 37 32 52 54 46 50 50 38 52 41 45 55 49 29 46 39 19 53 42 56 52 29 45 45 41 54 44 40 43 40 32 43 37 42 59 30 52 41 51 32 43 40 31 50 24 47 26 40 51 34 41 47 38 37 42 34 52 46 54 41 49 53 52 31 53 18 43 38 40 60 34 30 47 43 42 50 37 44 48 44 35 42 41 44 58 53 34 27 49 31 58 44 53 31 45 39 53 50 40 50 54 33 35 53 45 43 28 49 56 18 38 20 43 43 57 57 34 57 46 47 42 36 12 44 44 64 65 27 43 36 45 42 42 51 40 25 33 50 49 12 39 30 44 46 53 45 46 48 53 49 29 39 54 32 57 43 49 46 36 34 50 46 16 49 52 45 42 51 26 54 46 51 35 58 36 42 46 44 40 30 44 45 60 43 33 45 31 30 50 48 42 53 51 35 41 44 58 57 56 35 35 45 42 26 41 51 29 50 53 39 49 61 46 40 43 55 40 49 36 48 55 47 44 41 48 57 34 40 42 43 51 34 41 53 47 62 40 50 45 50 54 37 46 39 26 38 59 40 51 55 40 39 43 51 48 41 38 43 57 44 46 46 45 44 51 39 58 53 44 33 53 35 45 42 52 49 50 36 36 53 60 42 39 34 56 47 19 51 43 44 33 38 49 45 64 52 49 41 43 47 45 30 28 30 34 41 50 48 38 28 57 37 53 44 31 26 18 30 42 43 44 47 47 46 55 60 36 47 41 31 48 35 50 48 51 55 37 35 42 21 53 51 48 48 59 46 40 43 45 53 55 49 51 49 39 52 65 28 46 20 51 53 54 44 27 53 49 51 44 40 42 38 46 56 46 50 63 51 28 37 40 26 44 44 29 41 60 52 33 52 45 18 56 39 45 45 47 41 30 34 35 45 32 47 33 47 29 54 51 39 30 20 41 35 26 38 42 27 40 45 27 56 42 56 38 27 39 33 40 42 46 55 43 38 44 41 42 53 35 58 52 48 51 41 54 37 42 57 44 40 46 42 50 56 47 68 36 43 58 38 46 38 44 47 51 45 40 61 39 38 41 60 47 44 44 48 28 47 17 43 55 27 57 40 51 48 37 49 43 45 38 46 49 58 39 43 41 48 53 34 42 41 30 33 36 51 37 44 50 43 46 45 46 45 49 20 44 50 39 50 31 33 44 28 41 39 45 45 50 52 38 37 33 43 39 21 46 28 42 48 42 59 54 53 30 46 49 46 45 58 37 41 39 48 51 40 43 37 49 51 56 49 43 44 19 44 48 28 48 39 44 34 49 22 53 57 45 48 53 54 39 43 52 35 24 61 25 47 40 47 47 48 58 65 44 38 41 43 58 41 32 26 44 48 44 36 52 41 44 47 45 50 42 48 40 39 31 39 39 42 23 42 44 32 55 39 47 54 41 54 24 45 49 53 53 38 41 21 34 48 37 42 48 50 50 44 42 42 48 47 30 56 54 47 35 33 47 40 40 44 44 34 57 54 35 47 42 37 40 30 45 55 51 41 45 59 5 39 56 43 42 43 55 29 31 42 47 27 31 39 45 43 51 50 44 38 67 42 41 45 58 37 58 47 60 49 38 47 50 52 40 55 47 39 34 24 43 48 47 32 45 33 49 41 54 51 58 41 48 45 39 48 18 57 34 41 47 45 51 50 45 57 54 49 50 50 43 39 22 38 56 53 60 35 26 57 55 60 53 44 51 48 16 48 23 44 33 55 57 55 42 45 44 39 38 54 38 43 45 49 42 49 36 51 49 43 40 38 41 35 45 57 48 56 58 33 48 14 49 39 36 43 45 36 46 44 44 46 38 49 47 48 56 55 38 53 49 54 39 49 38 45 47 41 58 44 52 36 40 49 31 17 48 53 32 45 52 55 33 43 49 48 47 32 51 31 39 56 44 44 56 52 53 36 44 44 52 45 46 57 49 56 33 43 54 34 38 47 36 51 38 48 44 35 45 24 22 46 52 54 51 55 41 52 50 59 54 34 41 54 39 55 56 44 33 48 36 30 40 58 50 44 54 47 49 60 49 44 37 50 42 50 43 33 33 65 35 56 38 44 47 53 41 50 33 47 49 47 19 38 51 48 47 40 51 36 47 46 44 41 50 29 40 47 43 43 30 45 48 46 41 52 52 34 53 56 41 42 48 58 17 32 55 38 47 51 57 47 39 37 51 45 50 54 48 38 52 51 50 40 44 22 33 49 34 46 45 47 45 45 23 47 39 41 48 44 46 59 53 46 48 43 45 40 36 45 37 31 49 40 63 44 49 48 23 56 33 38 41 32 38 46 52 44 44 46 41 34 50 41 50 38 44 31 53 51 30 33 39 43 52 33 52 31 55 55 50 37 50 45 57 48 18 43 43 42 37 27 52 31 51 44 48 48 20 30 35 37 40 43 31 35 31 46 61 44 46 46 48 56 59 56 48 37 47 31 47 29 41 44 50 31 47 48 49 39 34 50 52 49 45 29 43 50 60 40 46 33 42 63 42 39 61 45 41 47 54 51 54 39 40 37 28 59 56 37 52 40 42 55 47 47 48 36 60 37 48 28 59 38 58 26 47 54 33 34 49 33 35 34 43 52 40 38 33 52 40 45 56 39 43 54 11 37 53 42 53 45 31 42 38 62 37 44 39 41 42 43 33 41 46 42 39 43 29 43 47 54 55 51 41 38 29 53 41 43 54 39 64 47 43 44 47 55 40 45 54 51 54 55 34 29 47 36 44 35 49 52 30 32 36 35 44 50 52 35 54 53 42 57 46 45 43 40 59 39 51 46 54 44 25 35 42 37 41 48 59 46 45 44 34 7 62 49 66 46 38 54 45 44 44 33 41 29 40 49 46 56 27 51 39 41 26 65 53 44 49 36 41 41 37 49 40 51 55 29 21 48 43 31 51 48 52 39 31 43 46 61 41 52 36 9 32 46 44 40 49 46 52 51 35 53 31 49 46 47 44 37 55 51 50 45 48 50 55 37 45 50 57 36 36 42 45 34 53 47 51 41 43 48 32 61 45 56 26 40 39 40 38 25 49 49 57 19 46 46 51 45 42 42 49 51 35 38 32 39 48 48 37 48 44 52 37 46 39 43 49 19 46 63 30 37 49 44 47 50 32 22 47 39 43 45 37 61 42 46 33 47 45 47 31 37 49 59 45 51 36 42 56 48 30 30 53 43 37 46 52 51 20 25 29 48 47 39 40 50 52 17 50 48 31 49 49 53 36 39 38 35 33 40 37 42 54 30 41 40 28 56 49 53 55 47 43 34 52 37 50 47 47 41 59 55 50 39 49 50 50 48 65 48 53 45 41 44 44 37 42 53 42 48 45 31 26 46 35 42 25 40 46 57 51 44 45 45 28 49 47 32 31 49 37 36 36 55 44 41 45 34 46 48 58 50 33 48 40 56 54 52 26 38 45 42 48 47 42 44 41 38 33 33 53 39 55 53 45 62 49 42 34 39 49 45 52 48 48 41 41 39 43 52 43 37 35 55 43 35 12 49 52 41 55 48 47 27 13 41 41 43 48 31 57 40 49 49 36 53 56 41 49 39 28 47 55 29 49 47 38 34 58 48 48 47 43 35 42 44 42 56 44 60 49 58 50 57 42 47 57 50 38 42 48 51 34 38 48 48 54 55 43 46 34 45 29 51 61 49 22 62 47 46 45 47 44 30 55 45 48 43 44 57 48 59 57 31 46 26 50 47 56 60 31 50 42 40 62 51 57 34 50 44 54 44 52 47 39 37 43 43 36 44 36 40 57 44 41 34 64 51 45 40 47 42 38 36 56 11 37 37 21 54 48 49 39 46 40 56 18 15 50 53 35 53 48 39 51 60 42 56 47 55 48 26 51 51 56 42 60 50 45 45 46 55 25 31 52 36 52 49 33 47 51 40 38 40 40 43 43 62 54 37 52 60 39 48 49 39 41 39 25 42 54 32 61 36 49 50 53 56 29 50 50 50 44 54 43 50 49 50 36 50 57 48 53 57 23 55 48 48 56 47 58 48 55 48 57 40 38 48 44 53 41 49 42 56 44 48 25 41 41 44 53 51 49 59 48 54 36 51 39 47 52 34 43 40 36 56 46 38 52 59 37 54 48 47 40 6 48 29 46 47 39 57 48 43 51 26 54 53 53 37 23 43 41 32 50 24 17 52 43 44 39 43 48 51 35 66 42 56 45 40 45 31 43 51 14 55 8 48 50 41 38 51 25 39 43 54 42 47 36 33 48 53 44 49 39 56 58 39 50 53 36 54 52 44 51 30 49 47 46 42 40 52 33 44 52 43 54 42 40 22 36 47 61 54 43 53 34 39 32 32 42 52 53 42 34 46 40 38 43 50 49 55 20 48 44 60 53 35 52 47 50 44 38 39 48 35 41 35 48 48 36 24 36 28 42 47 36 53 50 51 36 45 40 38 40 38 36 36 37 61 52 53 51 51 41 43 29 43 47 31 39 36 47 43 46 44 33 38 51 35 43 42 31 42 51 37 46 22 52 47 50 48 48 34 55 39 45 39 32 49 40 27 18 15 50 42 36 30 55 58 47 25 44 41 49 58 52 37 53 51 36 47 56 30 33 55 31 37 50 50 34 50 36 58 51 49 47 21 40 55 35 44 41 49 41 27 34 59 36 33 49 33 31 50 53 43 38 45 44 48 32 43 24 36 44 51 39 44 47 56 48 46 53 52 56 45 49 53 45 36 27 40 56 6 42 37 48 60 45 41 42 48 60 54 48 31 45 52 46 57 50 42 21 33 37 33 45 44 57 42 52 38 41 42 39 57 41 38 54 46 12 42 31 49 35 59 32 40 50 35 53 47 43 30 50 35 51 50 48 36 56 43 43 50 50 35 35 0 0 0 0 0 0 0 0 0 0 0 0 0 0 0 0 0 0 0 0 0 0 0 0 0 0 0 0 0 0 0 0 0 0 0 0 0 0 0 0 0 0 0 0 0 0 0 0 0 0 0 0 0 0 0 0 0 0 0 0 0 0 0 0 0 0 0 0 0 0 0 0 0 0 0 0 0 0 0 0 0 0 0 0 0 0 0 0 0 0 0 0 0 0 0 0 0 0 0 0 0 0 0 0 0 0 0 0 0 0 0 0 0 0 0 0 0 0 0 0 0 0 0 0 0 0 0 0 0 0 0 0 0 0 0 0 0 0 0 0 0 0 0 0 0 0 0 0 0 0 0 0 0 0 0 0 0 0 0 0 0 0 0 0 0 0 0 0 0 0 0 0 0 0 0 0 0 0 0 0 0 0 0 0 0 0 0 0 0 0 0 0 0 0 0 0 0 0 0 0 0 0 0 0 0 0 0 0 0 0 0 0 0 0 0 0 0 0 0 0 0 0 0 0 0 0 0 0 0 0 0 0 0 0 0 0 0 0 0 0 0 0 0 0 0 0 0 0 0 0 0 0 0 0 0 0 0 0 0 0 0 0 0 0 0 0 0 0 0 0 0 0 0 0 0 0 0 0 0 0 0 0 0 0 0 0 0 0 0 0 0 0 0 0 0 0 0 0 0 0 0 0 0 0 0 0 0 0 0 0 0 0 0 0 0 0 0 0 0 0 0 0 0 0 0 0 0 0 0 0 0 0 0 0 0 0 0 0 0 0 0 0 0 0 0 0 0 0 0 0 0 0 0 0 0 0 0 0 0 0 0 0 0 0 0 0 0 0 0 0 0 0 0 0 0 0 0 0 0 0 0 0 0 0 0 0 0 0 0 0 0 0 0 0 0 0 0 0 0 0 0 0 0 0 0 0 0 0 0 0 0 0 0 0 0 0 0 0 0 0 0 0 0 0 0 0 0 0 0 0 0 0 0 0 0 0 0 0 0 0 0 0 0 0 0 0 0 0 0 0 0 0 0 0 0 0 0 0 0 0 0 0 0 0 0 0 0 0 0 0 0 0 0 0 0 0 0 0 0 0 0 0 0 0 0 0 0 0 0 0 0 0 0 0 0 0 0 0 0 0 0 0 0 0 0 0 0 0 0 0 0 0 0 0 0 0 0 0 0 0 0 0 0 0 0 0 0 0 0 0 0 0 0 0 0 0 0 0 0 0 0 0 0 0 0 0 0 0 0 0 0 0 0 0 0 0 0 0 0 0 0 0 0 0 0 0 0 0 0 0 0 0 0 0 0 0 0 0 0 0 0 0 0 0 0 0 0 0 0 0 0 0 0 0 0 0 0 0 0 0 0 0 0 0 0 0 0 0 0 0 0 0 0 0 0 0 0 0 0 0 0 0 0 0 0 0 0 0 0 0 0 0 0 0 0 0 0 0 0 0 0 0 0 0 0 0 0 0 0 0 0 0 0 0 0 0 0 0 0 0 0 0 0 0 0 0 0 0 0 0 0 0 0 0 0 0 0 0 0 0 0 0 0 0 0 0 0 0 0 0 0 0 0 0 0 0 0 0 0 0 0 0 0 0 0 0 0 0 0 0 0 0 0 0 0 0 0 0 0 0 0 0 0 0 0 0 0 0 0 0 0 0 0 0 0 0 0 0 0 0 0 0 0 0 0 0 0 0 0 0 0 0 0 0 0 0 0 0 0 0 0 0 0 0 0 0 0 0 0 0 0 0 0 0 0 0 0 0 0 0 0 0 0 0 0 0 0 0 0 0 0 0 0 0 0 0 0 0 0 0 0 0 0 0 0 0 0 0 0 0 0 0 0 0 0 0 0 0 0 0 0 0 0 0 0 0 0 0 0 0 0 0 0 0 0 0 0 0 0 0 0 0 0 0 0 0 0 0 0 0 0 0 0 0 0 0 0 0 0 0 0 0 0 0 0 0 0 0 0 0 0 0 0 0 0 0 0 0 0 0 0 0 0 0 0 0 0 0 0 0 0 0 0 0 0 0 0 0 0 0 0 0 0 0 0 0 0 0 0 0 0 0 0 0 0 0 0 0 0 0 0 0 0 0 0 0 0 0 0 0 0 0 0 0 0 0 0 0 0 0 0 0 0 0 0 0 0 0 0 0 0 0 0 0 0 0 0 0 0 0 0 0 0 0 0 0 0 0 0 0 0 0 0 0 0 0 0 0 0 0 0 0 0 0 0 0 0 0 0 0 0 0 0 0 0 0 0 0 0 0 0 0 0 0 0 0 0 0 0 0 0 0 0 0 0 0 0 0 0 0 0 0 0 0 0 0 0 0 0 0 0 0 0 0 0 0 0 0 0 0 0 0 0 0 0 0 0 0 0 0 0 0 0 0 0 0 0 0 0 0 0 0 0 0 0 0 0 0 0 0 0 0 0 0 0 0 0 0 0 0 0 0 0 0 0 0 0 0 0 0 0 0 0 0 0 0 0 0 0 0 0 0 0 0 0 0 0 0 0 0 0 0 0 0 0 0 0 0 0 0 0 0 0 0 0 0 0 0 0 0 0 0 0 0 0 0 0 0 0 0 0 0 0 0 0 0 0 0 0 0 0 0 0 0 0 0 0 0 0 0 0 0 0 0 0 0 0 0 0 0 0 0 0 0 0 0 0 0 0 0 0 0 0 0 0 0 0 0 0 0 0 0 0 0 0 0 0 0 0 0 0 0 0 0 0 0 0 0 0 0 0 0 0 0 0 0 0 0 0 0 0 0 0 0 0 0 0 0 0 0 0 0 0 0 0 0 0 0 0 0 0 0 0 0 0 0 0 0 0 0 0 0 0 0 0 0 0 0 0 0 0 0 0 0 0 0 0 0 0 0 0 0 0 0 0 0 0 0 0 0 0 0 0 0 0 0 0 0 0 0 0 0 0 0 0 0 0 0 0 0 0 0 0 0 0 0 0 0 0 0 0 0 0 0 0 0 0 0 0 0 0 0 0 0 0 0 0 0 0 0 0 0 0 0 0 0 0 0 0 0 0 0 0 0 0 0 0 0 0 0 0 0 0 0 0 0 0 0 0 0 0 0 0 0 0 0 0 0 0 0 0 0 0 0 0 0 0 0 0 0 0 0 0 0 0 0 0 0 0 0 0 0 0 0 0 0 0 0 0 0 0 0 0 0 0 0 0 0 0 0 0 0 0 0 0 0 0 0 0 0 0 0 0 0 0 0 0 0 0 0 0 0 0 0 0 0 0 0 0 0 0 0 0 0 0 0 0 0 0 0 0 0 0 0 0 0 0 0 0 0 0 0 0 0 0 0 0 0 0 0 0 0 0 0 0 0 0 0 0 0 0 0 0 0 0 0 0 0 0 0 0 0 0 0 0 0 0 0 0 0 0 0 0 0 0 0 0 0 0 0 0 0 0 0 0 0 0 0 0 0 0 0 0 0 0 0 0 0 0 0 0 0 0 0 0 0 0 0 0 0 0 0 0 0 0 0 0 0 0 0 0 0 0 0 0 0 0 0 0 0 0 0 0 0 0 0 0 0 0 0 0 0 0 0 0 0 0 0 0 0 0 0 0 0 0 0 0 0 0 0 0 0 0 0 0 0 0 0 0 0 0 0 0 0 0 0 0 0 0 0 0 0 0 0 0 0 0 0 0 0 0 0 0 0 0 0 0 0 0 0 0 0 0 0 0 0 0 0 0 0 0 0 0 0 0 0 0 0 0 0 0 0 0 0 0 0 0 0 0 0 0 0 0 0 0 0 0 0 0 0 0 0 0 0 0 0 0 0 0 0 0 0 0 0 0 0 0 0 0 0 0 0 0 0 0 0 0 0 0 0 0 0 0 0 0 0 0 0 0 0 0 0 0 0 0 0 0 0 0 0 0 0 0 0 0 0 0 0 0 0 0 0 0 0 0 0 0 0 0 0 0 0 0 0 0 0 0 0 0 0 0 0 0 0 0 0 0 0 0 0 0 0 0 0 0 0 0 0 0 0 0 0 0 0 0 0 0 0 0 0 0 0 0 0 0 0 0 0 0 0 0 0 0 0 0 0 0 0 0 0 0 0 0 0 0 0 0 0 0 0 0 0 0 0 0 0 0 0 0 0 0 0 0 0 0 0 0 0 0 0 0 0 0 0 0 0 0 0 0 0 0 0 0 0 0 0 0 0 0 0 0 0 0 0 0 0 0 0 0 0 0 0 0 0 0 0 0 0 0 0 0 0 0 0 0 0 0 0 0 0 0 0 0 0 0 0 0 0 0 0 0 0 0 0 0 0 0 0 0 0 0 0 0 0 0 0 0 0 0 0 0 0 0 0 0 0 0 0 0 0 0 0 0 0 0 0 0 0 0 0 0 0 0 0 0 0 0 0 0 0 0 0 0 0 0 0 0 0 0 0 0 0 0 0 0 0 0 0 0 0 0 0 0 0 0 0 0 0 0 0 0 0 0 0 0 0 0 0 0 0 0 0 0 0 0 0 0 0 0 0 0 0 0 0 0 0 0 0 0 0 0 0 0 0 0 0 0 0 0 0 0 0 0 0 0 0 0 0 0 0 0 0 0 0 0 0 0 0 0 0 0 0 0 0 0 0 0 0 0 0 0 0 0 0 0 0 0 0 0 0 0 0 0 0 0 0 0 0 0 0 0 0 0 0 0 0 0 0 0 0 0 0 0 0 0 0 0 0 0 0 0 0 0 0 0 0 0 0 0 0 0 0 0 0 0 0 0 0 0 0 0 0 0 0 0 0 0 0 0 0 0 0 0 0 0 0 0 0 0 0 0 0 0 0 0 0 0 0 0 0 0 0 0 0 0 0 0 0 0 0 0 0 0 0 0 0 0 0 0 0 0 0 0 0 0 0 0 0 0 0 0 0 0 0 0 0 0 0 0 0 0 0 0 0 0 0 0 0 0 0 0 0 0 0 0 0 0 0 0 0 0 0 0 0 0 0 0 0 0 0 0 0 0 0 0 0 0 0 0 0 0 0 0 0 0 0 0 0 0 0 0 0 0 0 0 0 0 0 0 0 0 0 0 0 0 0 0 0 0 0 0 0 0 0 0 0 0 0 0 0 0 0 0 0 0 0 0 0 0 0 0 0 0 0 0 0 0 0 0 0 0 0 0 0 0 0 0 0 0 0 0 0 0 0 0 0 0 0 0 0 0 0 0 0 0 0 0 0 0 0 0 0 0 0 0 0 0 0 0 0 0 0 0 0 0 0 0 0 0 0 0 0 0 0 0 0 0 0 0 0 0 0 0 0 0 0 0 0 0 0 0 0 0 0 0 0 0 0 0 0 0 0 0 0 0 0 0 0 0 0 0 0 0 0 0 0 0 0 0 0 0 0 0 0 0 0 0 0 0 0 0 0 0 0 0 0 0 0 0 0 0 0 0 0 0 0 0 0 0 0 0 0 0 0 0 0 0 0 0 0 0 0 0 0 0 0 0 0 0 0 0 0 0 0 0 0 0 0 0 0 0 0 0 0 0 0 0 0 0 0 0 0 0 0 0 0 0 0 0 0 0 0 0 0 0 0 0 0 0 0 0 0 0 0 0 0 0 0 0 0 0 0 0 0 0 0 0 0 0 0 0 0 0 0 0 0 0 0 0 0 0 0 0 0 0 0 0 0 0 0 0 0 0 0 0 0 0 0 0 0 0 0 0 0 0 0 0 0 0 0 0 0 0 0 0 0 0 0 0 0 0 0 0 0 0 0 0 0 0 0 0 0 0 0 0 0 0 0 0 0 0 0 0 0 0 0 0 0 0 0 0 0 0 0 0 0 0 0 0 0 0 0 0 0 0 0 0 0 0 0 0 0 0 0 0 0 0 0 0 0 0 0 0 0 0 0 0 0 0 0 0 0 0 0 0 0 0 0 0 0 0 0 0 0 0 0 0 0 0 0 0 0 0 0 0 0 0 0 0 0 0 0 0 0 0 0 0 0 0 0 0 0 0 0 0 0 0 0 0 0 0 0 0 0 0 0 0 0 0 0 0 0 0 0 0 0 0 0 0 0 0 0 0 0 0 0 0 0 0 0 0 0 0 0 0 0 0 0 0 0 0 0 0 0 0 0 0 0 0 0 0 0 0 0 0 0 0 0 0 0 0 0 0 0 0 0 0 0 0 0 0 0 0 0 0 0 0 0 0 0 0 0 0 0 0 0 0 0 0 0 0 0 0 0 0 0 0 0 0 0 0 0 0 0 0 0 0 0 0 0 0 0 0 0 0 0 0 0 0 0 0 0 0 0 0 0 0 0 0 0 0 0 0 0 0 0 0 0 0 0 0 0 0 0 0 0 0 0 0 0 0 0 0 0 0 0 0 0 0 0 0 0 0 0 0 0 0 0 0 0 0 0 0 0 0 0 0 0 0 0 0 0 0 0 0 0 0 0 0 0 0 0 0 0 0 0 0 0 0 0 0 0 0 0 0 0 0 0 0 0 0 0 0 0 0 0 0 0 0 0 0 0 0 0 0 0 0 0 0 0 0 0 0 0 0 0 0 0 0 0 0 0 0 0 0 0 0 0 0 0 0 0 0 0 0 0 0 0 0 0 0 0 0 0 0 0 0 0 0 0 0 0 0 0 0 0 0 0 0 0 0 0 0 0 0 0 0 0 0 0 0 0 0 0 0 0 0 0 0 0 0 0 0 0 0 0 0 0 0 0 0 0 0 0 0 0 0 0 0 0 0 0 0 0 0 0 0 0 0 0 0 0 0 0 0 0 0 0 0 0 0 0 0 0 0 0 0 0 0 0 0 0 0 0 0 0 0 0 0 0 0 0 0 0 0 0 0 0 0 0 0 0 0 0 0 0 0 0 0 0 0 0 0 0 0 0 0 0 0 0 0 0 0 0 0 0 0 0 0 0 0 0 0 0 0 0 0 0 0 0 0 0 0 0 0 0 0 0 0 0 0 0 0 0 0 0 0 0 0 0 0 0 0 0 0 0 0 0 0 0 0 0 0 0 0 0 0 0 0 0 0 0 0 0 0 0 0 0 0 0 0 0 0 0 0 0 0 0 0 0 0 0 0 0 0 0 0 0 0 0 0 0 0 0 0 0 0 0 0 0 0 0 0 0 0 0 0 0 0 0 0 0 0 0 0 0 0 0 0 0 0 0 0 0 0 0 0 0 0 0 0 0 0 0 0 0 0 0 0 0 0 0 0 0 0 0 0 0 0 0 0 0 0 0 0 0 0 0 0 0 0 0 0 0 0 0 0 0 0 0 0 0 0 0 0 0 0 0 0 0 0 0 0 0 0 0 0 0 0 0 0 0 0 0 0 0 0 0 0 0 0 0 0 0 0 0 0 0 0 0 0 0 0 0 0 0 0 0 0 0 0 0 0 0 0 0 0 0 0 0 0 0 0 0 0 0 0 0 0 0 0 0 0 0 0 0 0 0 0 0 0 0 0 0 0 0 0 0 0 0 0 0 0 0 0 0 0 0 0 0 0 0 0 0 0 0 0 0 0 0 0 0 0 0 0 0 0 0 0 0 0 0 0 0 0 0 0 0 0 0 0 0 0 0 0 0 0 0 0 0 0 0 0 0 0 0 0 0 0 0 0 0 0 0 0 0 0 0 0 0 0 0 0 0 0 0 0 0 0 0 0 0 0 0 0 0 0 0 0 0 0 0 0 0 0 0 0 0 0 0 0 0 0 0 0 0 0 0 0 0 0 0 0 0 0 0 0 0 0 0 0 0 0 0 0 0 0 0 0 0 0 0 0 0 0 0 0 0 0 0 0 0 0 0 0 0 0 0 0 0 0 0 0 0 0 0 0 0 0 0 0 0 0 0 0 0 0 0 0 0 0 0 0 0 0 0 0 0 0 0 0 0 0 0 0 0 0 0 0 0 0 0 0 0 0 0 0 0 0 0 0 0 0 0 0 0 0 0 0 0 0 0 0 0 0 0 0 0 0 0 0 0 0 0 0 0 0 0 0 0 0 0 0 0 0 0 0 0 0 0 0 0 0 0 0 0 0 0 0 0 0 0 0 0 0 0 0 0 0 0 0 0 0 0 0 0 0 0 0 0 0 0 0 0 0 0 0 0 0 0 0 0 0 0 0 0 0 0 0 0 0 0 0 0 0 0 0 0 0 0 0 0 0 0 0 0 0 0 0 0 0 0 0 0 0 0 0 0 0 0 0 0 0 0 0 0 0 0 0 0 0 0 0 0 0 0 0 0 0 0 0 0 0 0 0 0 0 0 0 0 0 0 0 0 0 0 0 0 0 0 0 0 0 0 0 0 0 0 0 0 0 0 0 0 0 0 0 0 0 0 0 0 0 0 0 0 0 0 0 0 0 0 0 0 0 0 0 0 0 0 0 0 0 0 0 0 0 0 0 0 0 0 0 0 0 0 0 0 0 0 0 0 0 0 0 0 0 0 0 0 0 0 0 0 0 0 0 0 0 0 0 0 0 0 0 0 0 0 0 0 0 0 0 0 0 0 0 0 0 0 0 0 0 0 0 0 0 0 0 0 0 0 0 0 0 0 0 0 0 0 0 0 0 0 0 0 0 0 0 0 0 0 0 0 0 0 0 0 0 0 0 0 0 0 0 0 0 0 0 0 0 0 0 0 0 0 0 0 0 0 0 0 0 0 0 0 0 0 0 0 0 0 0 0 0 0 0 0 0 0 0 0 0 0 0 0 0 0 0 0 0 0 0 0 0 0 0 0 0 0 0 0 0 0 0 0 0 0 0 0 0 0 0 0 0 0 0 0 0 0 0 0 0 0 0 0 0 0 0 0 0 0 0 0 0 0 0 0 0 0 0 0 0 0 0 0 0 0 0 0 0 0 0 0 0 0 0 0 0 0 0 0 0 0 0 0 0 0 0 0 0 0 0 0 0 0 0 0 0 0 0 0 0 0 0 0 0 0 0 0 0 0 0 0 0 0 0 0 0 0 0 0 0 0 0 0 0 0 0 0 0 0 0 0 0 0 0 0 0 0 0 0 0 0 0 0 0 0 0 0 0 0 0 0 0 0 0 0 0 0 0 0 0 0 0 0 0 0 0 0 0 0 0 0 0 0 0 0 0 0 0 0 0 0 0 0 0 0 0 0 0 0 0 0 0 0 0 0 0 0 0 0 0 0 0 0 0 0 0 0 0 0 0 0 0 0 0 0 0 0 0 0 0 0 0 0 0 0 0 0 0 0 0 0 0 0 0 0 0 0 0 0 0 0 0 0 0 0 0 0 0 0 0 0 0 0 0 0 0 0 0 0 0 0 0 0 0 0 0 0 0 0 0 0 0 0 0 0 0 0 0 0 0 0 0 0 0 0 0 0 0 0 0 0 0 0 0 0 0 0 0 0 0 0 0 0 0 0 0 0 0 0 0 0 0 0 0 0 0 0 0 0 0 0 0 0 0 0 0 0 0 0 0 0 0 0 0 0 0 0 0 0 0 0 0 0 0 0 0 0 0 0 0 0 0 0 0 0 0 0 0 0 0 0 0 0 0 0 0 0 0 0 0 0 0 0 0 0 0 0 0 0 0 0 0 0 0 0 0 0 0 0 0 0 0 0 0 0 0 0 0 0 0 0 0 0 0 0 0 0 0 0 0 0 0 0 0 0 0 0 0 0 0 0 0 0 0 0 0 0 0 0 0 0 0 0 0 0 0 0 0 0 0 0 0 0 0 0 0 0 0 0 0 0 0 0 0 0 0 0 0 0 0 0 0 0 0 0 0 0 0 0 0 0 0 0 0 0 0 0 0 0 0 0 0 0 0 0 0 0 0 0 0 0 0 0 0 0 0 0 0 0 0 0 0 0 0 0 0 0 0 0 0 0 0 0 0 0 0 0 0 0 0 0 0 0 0 0 0 0 0 0 0 0 0 0 0 0 0 0 0 0 0 0 0 0 0 0 0 0 0 0 0 0 0 0 0 0 0 0 0 0 0 0 0 0 0 0 0 0 0 0 0 0 0 0 0 0 0 0 0 0 0 0 0 0 0 0 0 0 0 0 0 0 0 0 0 0 0 0 0 0 0 0 0 0 0 0 0 0 0 0 0 0 0 0 0 0 0 0 0 0 0 0 0 0 0 0 0 0 0 0 0 0 0 0 0 0 0 0 0 0 0 0 0 0 0 0 0 0 0 0 0 0 0 0 0 0 0 0 0 0 0 0 0 0 0 0 0 0 0 0 0 0 0 0 0 0 0 0 0 0 0 0 0 0 0 0 0 0 0 0 0 0 0 0 0 0 0 0 0 0 0 0 0 0 0 0 0 0 0 0 0 0 0 0 0 0 0 0 0 0 0 0 0 0 0 0 0 0 0 0 0 0 0 0 0 0 0 0 0 0 0 0 0 0 0 0 0 0 0 0 0 0 0 0 0 0 0 0 0 0 0 0 0 0 0 0 0 0 0 0 0 0 0 0 0 0 0 0 0 0 0 0 0 0 0 0 0 0 0 0 0 0 0 0 0 0 0 0 0 0 0 0 0 0 0 0 0 0 0 0 0 0 0 0 0 0 0 0 0 0 0 0 0 0 0 0 0 0 0 0 0 0 0 0 0 0 0 0 0 0 0 0 0 0 0 0 0 0 0 0 0 0 0 0 0 0 0 0 0 0 0 0 0 0 0 0 0 0 0 0 0 0 0 0 0 0 0 0 0 0 0 0 0 0 0 0 0 0 0 0 0 0 0 0 0 0 0 0 0 0 0 0 0 0 0 0 0 0 0 0 0 0 0 0 0 0 0 0 0 0 0 0 0 0 0 0 0 0 0 0 0 0 0 0 0 0 0 0 0 0 0 0 0 0 0 0 0 0 0 0 0 0 0 0 0 0 0 0 0 0 0 0 0 0 0 0 0 0 0 0 0 0 0 0 0 0 0 0 0 0 0 0 0 0 0 0 0 0 0 0 0 0 0 0 0 0 0 0 0 0 0 0 0 0 0 0 0 0 0 0 0 0 0 0 0 0 0 0 0 0 0 0 0 0 0 0 0 0 0 0 0 0 0 0 0 0 0 0 0 0 0 0 0 0 0 0 0 0 0 0 0 0 0 0 0 0 0 0 0 0 0 0 0 0 0 0 0 0 0 0 0 0 0 0 0 0 0 0 0 0 0 0 0 0 0 0 0 0 0 0 0 0 0 0 0 0 0 0 0 0 0 0 0 0 0 0 0 0 0 0 0 0 0 0 0 0 0 0 0 0 0 0 0 0 0 0 0 0 0 0 0 0 0 0 0 0 0 0 0 0 0 0 0 0 0 0 0 0 0 0 0 0 0 0 0 0 0 0 0 0 0 0 0 0 0 0 0 0 0 0 0 0 0 0 0 0 0 0 0 0 0 0 0 0 0 0 0 0 0 0 0 0 0 0 0 0 0 0 0 0 0 0 0 0 0 0 0 0 0 0 0 0 0 0 0 0 0 0 0 0 0 0 0 0 0 0 0 0 0 0 0 0 0 0 0 0 0 0 0 0 0 0 0 0 0 0 0 0 0 0 0 0 0 0 0 0 0 0 0 0 0 0 0 0 0 0 0 0 0 0 0 0 0 0 0 0 0 0 0 0 0 0 0 0 0 0 0 0 0 0 0 0 0 0 0 0 0 0 0 0 0 0 0 0 0 0 0 0 0 0 0 0 0 0 0 0 0 0 0 0 0 0 0 0 0 0 0 0 0 0 0 0 0 0 0 0 0 0 0 0 0 0 0 0 0 0 0 0 0 0 0 0 0 0 0 0 0 0 0 0 0 0 0 0 0 0 0 0 0 0 0 0 0 0 0 0 0 0 0 0 0 0 0 0 0 0 0 0 0 0 0 0 0 0 0 0 0 0 0 0 0 0 0 0 0 0 0 0 0 0 0 0 0 0 0 0 0 0 0 0 0 0 0 0 0 0 0 0 0 0 0 0 0 0 0 0 0 0 0 0 0 0 0 0 0 0 0 0 0 0 0 0 0 0 0 0 0 0 0 0 0 0 0 0 0 0 0 0 0 0 0 0 0 0 0 0 0 0 0 0 0 0 0 0 0 0 0 0 0 0 0 0 0 0 0 0 0 0 0 0 0 0 0 0 0 0 0 0 0 0 0 0 0 0 0 0 0 0 0 0 0 0 0 0 0 0 0 0 0 0 0 0 0 0 0 0 0 0 0 0 0 0 0 0 0 0 0 0 0 0 0 0 0 0 0 0 0 0 0 0 0 0 0 0 0 0 0 0 0 0 0 0 0 0 0 0 0 0 0 0 0 0 0 0 0 0 0 0 0 0 0 0 0 0 0 0 0 0 0 0 0 0 0 0 0 0 0 0 0 0 0 0 0 0 0 0 0 0 0 0 0 0 0 0 0 0 0 0 0 0 0 0 0 0 0 0 0 0 0 0 0 0 0 0 0 0 0 0 0 0 0 0 0 0 0 0 0 0 0 0 0 0 0 0 0 0 0 0 0 0 0 0 0 0 0 0 0 0 0 0 0 0 0 0 0 0 0 0 0 0 0 0 0 0 0 0 0 0 0 0 0 0 0 0 0 0 0 0 0 0 0 0 0 0 0 0 0 0 0 0 0 0 0 0 0 0 0 0 0 0 0 0 0 0 0 0 0 0 0 0 0 0 0 0 0 0 0 0 0 0 0 0 0 0 0 0 0 0 0 0 0 0 0 0 0 0 0 0 0 0 0 0 0 0 0 0 0 0 0 0 0 0 0 0 0 0 0 0 0 0 0 0 0 0 0 0 0 0 0 0 0 0 0 0 0 0 0 0 0 0 0 0 0 0 0 0 0 0 0 0 0 0 0 0 0 0 0 0 0 0 0 0 0 0 0 0 0 0 0 0 0 0 0 0 0 0 0 0 0 0 0 0 0 0 0 0 0 0 0 0 0 0 0 0 0 0 0 0 0 0 0 0 0 0 0 0 0 0 0 0 0 0 0 0 0 0 0 0 0 0 0 0 0 0 0 0 0 0 0 0 0 0 0 0 0 0 0 0 0 0 0 0 0 0 0 0 0 0 0 0 0 0 0 0 0 0 0 0 0 0 0 0 0 0 0 0 0 0 0 0 0 0 0 0 0 0 0 0 0 0 0 0 0 0 0 0 0 0 0 0 0 0 0 0 0 0 0 0 0 0 0 0 0 0 0 0 0 0 0 0 0 0 0 0 0 0 0 0 0 0 0 0 0 0 0 0 0 0 0 0 0 0 0 0 0 0 0 0 0 0 0 0 0 0 0 0 0 0 0 0 0 0 0 0 0 0 0 0 0 0 0 0 0 0 0 0 0 0 0 0 0 0 0 0 0 0 0 0 0 0 0 0 0 0 0 0 0 0 0 0 0 0 0 0 0 0 0 0 0 0 0 0 0 0 0 0 0 0 0 0 0 0 0 0 0 0 0 0 0 0 0 0 0 0 0 0 0 0 0 0 0 0 0 0 0 0 0 0 0 0 0 0 0 0 0 0 0 0 0 0 0 0 0 0 0 0 0 0 0 0 0 0 0 0 0 0 0 0 0 0 0 0 0 0 0 0 0 0 0 0 0 0 0 0 0 0 0 0 0 0 0 0 0 0 0 0 0 0 0 0 0 0 0 0 0 0 0 0 0 0 0 0 0 0 0 0 0 0 0 0 0 0 0 0 0 0 0 0 0 0 0 0 0 0 0 0 0 0 0 0 0 0 0 0 0 0 0 0 0 0 0 0 0 0 0 0 0 0 0 0 0 0 0 0 0 0 0 0 0 0 0 0 0 0 0 0 0 0 0 0 0 0 0 0 0 0 0 0 0 0 0 0 0 0 0 0 0 0 0 0 0 0 0 0 0 0 0 0 0 0 0 0 0 0 0 0 0 0 0 0 0 0 0 0 0 0 0 0 0 0 0 0 0 0 0 0 0 0 0 0 0 0 0 0 0 0 0 0 0 0 0 0 0 0 0 0 0 0 0 0 0 0 0 0 0 0 0 0 0 0 0 0 0 0 0 0 0 0 0 0 0 0 0 0 0 0 0 0 0 0 0 0 0 0 0 0 0 0 0 0 0 0 0 0 0 0 0 0 0 0 0 0 0 0 0 0 0 0 0 0 0 0 0 0 0 0 0 0 0 0 0 0 0 0 0 0 0 0 0 0 0 0 0 0 0 0 0 0 0 0 0 0 0 0 0 0 0 0 0 0 0 0 0 0 0 0 0 0 0 0 0 0 0 0 0 0 0 0 0 0 0 0 0 0 0 0 0 0 0 0 0 0 0 0 0 0 0 0 0 0 0 0 0 0 0 0 0 0 0 0 0 0 0 0 0 0 0 0 0 0 0 0 0 0 0 0 0 0 0 0 0 0 0 0 0 0 0 0 0 0 0 0 0 0 0 0 0 0 0 0 0 0 0 0 0 0 0 0 0 0 0 0 0 0 0 0 0 0 0 0 0 0 0 0 0 0 0 0 0 0 0 0 0 0 0 0 0 0 0 0 0 0 0 0 0 0 0 0 0 0 0 0 0 0 0 0 0 0 0 0 0 0 0 0 0 0 0 0 0 0 0 0 0 0 0 0 0 0 0 0 0 0 0 0 0 0 0 0 0 0 0 0 0 0 0 0 0 0 0 0 0 0 0 0 0 0 0 0 0 0 0 0 0 0 0 0 0 0 0 0 0 0 0 0 0 0 0 0 0 0 0 0 0 0 0 0 0 0 0 0 0 0 0 0 0 0 0 0 0 0 0 0 0 0 0 0 0 0 0 0 0 0 0 0 0 0 0 0 0 0 0 0 0 0 0 0 0 0 0 0 0 0 0 0 0 0 0 0 0 0 0 0 0 0 0 0 0 0 0 0 0 0 0 0 0 0 0 0 0 0 0 0 0 0 0 0 0 0 0 0 0 0 0 0 0 0 0 0 0 0 0 0 0 0 0 0 0 0 0 0 0 0 0 0 0 0 0 0 0 0 0 0 0 0 0 0 0 0 0 0 0 0 0 0 0 0 0 0 0 0 0 0 0 0 0 0 0 0 0 0 0 0 0 0 0 0 0 0 0 0 0 0 0 0 0 0 0 0 0 0 0 0 0 0 0 0 0 0 0 0 0 0 0 0 0 0 0 0 0 0 0 0 0 0 0 0 0 0 0 0 0 0 0 0 0 0 0 0 0 0 0 0 0 0 0 0 0 0 0 0 0 0 0 0 0 0 0 0 0 0 0 0 0 0 0 0 0 0 0 0 0 0 0 0 0 0 0 0 0 0 0 0 0 0 0 0 0 0 0 0 0 0 0 0 0 0 0 0 0 0 0 0 0 0 0 0 0 0 0 0 0 0 0 0 0 0 0 0 0 0 0 0 0 0 0 0 0 0 0 0 0 0 0 0 0 0 0 0 0 0 0 0 0 0 0 0 0 0 0 0 0 0 0 0 0 0 0 0 0 0 0 0 0 0 0 0 0 0 0 0 0 0 0 0 0 0 0 0 0 0 0 0 0 0 0 0 0 0 0 0 0 0 0 0 0 0 0 0 0 0 0 0 0 0 0 0 0 0 0 0 0 0 0 0 0 0 0 0 0 0 0 0 0 0 0 0 0 0 0 0 0 0 0 0 0 0 0 0 0 0 0 0 0 0 0 0 0 0 0 0 0 0 0 0 0 0 0 0 0 0 0 0 0 0 0 0 0 0 0 0 0 0 0 0 0 0 0 0 0 0 0 0 0 0 0 0 0 0 0 0 0 0 0 0 0 0 0 0 0 0 0 0 0 0 0 0 0 0 0 0 0 0 0 0 0 0 0 0 0 0 0 0 0 0 0 0 0 0 0 0 0 0 0 0 0 0 0 0 0 0 0 0 0 0 0 0 0 0 0 0 0 0 0 0 0 0 0 0 0 0 0 0 0 0 0 0 0 0 0 0 0 0 0 0 0 0 0 0 0 0 0 0 0 0 0 0 0 0 0 0 0 0 0 0 0 0 0 0 0 0 0 0 0 0 0 0 0 0 0 0 0 0 0 0 0 0 0 0 0 0 0 0 0 0 0 0 0 0 0 0 0 0 0 0 0 0 0 0 0 0 0 0 0 0 0 0 0 0 0 0 0 0 0 0 0 0 0 0 0 0 0 0 0 0 0 0 0 0 0 0 0 0 0 0 0 0 0 0 0 0 0 0 0 0 0 0 0 0 0 0 0 0 0 0 0 0 0 0 0 0 0 0 0 0 0 0 0 0 0 0 0 0 0 0 0 0 0 0 0 0 0 0 0 0 0 0 0 0 0 0 0 0 0 0 0 0 0 0 0 0 0 0 0 0 0 0 0 0 0 0 0 0 0 0 0 0 0 0 0 0 0 0 0 0 0 0 0 0 0 0 0 0 0 0 0 0 0 0 0 0 0 0 0 0 0 0 0 0 0 0 0 0 0 0 0 0 0 0 0 0 0 0 0 0 0 0 0 0 0 0 0 0 0 0 0 0 0 0 0 0 0 0 0 0 0 0 0 0 0 0 0 0 0 0 0 0 0 0 0 0 0 0 0 0 0 0 0 0 0 0 0 0 0 0 0 0 0 0 0 0 0 0 0 0 0 0 0 0 0 0 0 0 0 0 0 0 0 0 0 0 0 0 0 0 0 0 0 0 0 0 0 0 0 0 0 0 0 0 0 0 0 0 0 0 0 0 0 0 0 0 0 0 0 0 0 0 0 0 0 0 0 0 0 0 0 0 0 0 0 0 0 0 0 0 0 0 0 0 0 0 0 0 0 0 0 0 0 0 0 0 0 0 0 0 0 0 0 0 0 0 0 0 0 0 0 0 0 0 0 0 0 0 0 0 0 0 0 0 0 0 0 0 0 0 0 0 0 0 0 0 0 0 0 0 0 0 0 0 0 0 0 0 0 0 0 0 0 0 0 0 0 0 0 0 0 0 0 0 0 0 0 0 0 0 0 0 0 0 0 0 0 0 0 0 0 0 0 0 0 0 0 0 0 0 0 0 0 0 0 0 0 0 0 0 0 0 0 0 0 0 0 0 0 0 0 0 0 0 0 0 0 0 0 0 0 0 0 0 0 0 0 0 0 0 0 0 0 0 0 0 0 0 0 0 0 0 0 0 0 0 0 0 0 0 0 0 0 0 0 0 0 0 0 0 0 0 0 0 0 0 0 0 0 0 0 0 0 0 0 0 0 0 0 0 0 0 0 0 0 0 0 0 0 0 0 0 0 0 0 0 0 0 0 0 0 0 0 0 0 0 0 0 0 0 0 0 0 0 0 0 0 0 0 0 0 0 0 0 0 0 0 0 0 0 0 0 0 0 0 0 0 0 0 0 0 0 0 0 0 0 0 0 0 0 0 0 0 0 0 0 0 0 0 0 0 0 0 0 0 0 0 0 0 0 0 0 0 0 0 0 0 0 0 0 0 0 0 0 0 0 0 0 0 0 0 0 0 0 0 0 0 0 0 0 0 0 0 0 0 0 0 0 0 0 0 0 0 0 0 0 0 0 0 0 0 0 0 0 0 0 0 0 0 0 0 0 0 0 0 0 0 0 0 0 0 0 0 0 0 0 0 0 0 0 0 0 0 0 0 0 0 0 0 0 0 0 0 0 0 0 0 0 0 0 0 0 0 0 0 0 0 0 0 0 0 0 0 0 0 0 0 0 0 0 0 0 0 0 0 0 0 0 0 0 0 0 0 0 0 0 0 0 0 0 0 0 0 0 0 0 0 0 0 0 0 0 0 0 0 0 0 0 0 0 0 0 0 0 0 0 0 0 0 0 0 0 0 0 0 0 0 0 0 0 0 0 0 0 0 0 0 0 0 0 0 0 0 0 0 0 0 0 0 0 0 0 0 0 0 0 0 0 0 0 0 0 0 0 0 0 0 0 0 0 0 0 0 0 0 0 0 0 0 0 0 0 0 0 0 0 0 0 0 0 0 0 0 0 0 0 0 0 0 0 0 0 0 0 0 0 0 0 0 0 0 0 0 0 0 0 0 0 0 0 0 0 0 0 0 0 0 0 0 0 0 0 0 0 0 0 0 0 0 0 0 0 0 0 0 0 0 0 0 0 0 0 0 0 0 0 0 0 0 0 0 0 0 0 0 0 0 0 0 0 0 0 0 0 0 0 0 0 0 0 0 0 0 0 0 0 0 0 0 0 0 0 0 0 0 0 0 0 0 0 0 0 0 0 0 0 0 0 0 0 0 0 0 0 0 0 0 0 0 0 0 0 0 0 0 0 0 0 0 0 0 0 0 0 0 0 0 0 0 0 0 0 0 0 0 0 0 0 0 0 0 0 0 0 0 0 0 0 0 0 0 0 0 0 0 0 0 0 0 0 0 0 0 0 0 0 0 0 0 0 0 0 0 0 0 0 0 0 0 0 0 0 0 0 0 0 0 0 0 0 0 0 0 0 0 0 0 0 0 0 0 0 0 0 0 0 0 0 0 0 0 0 0 0 0 0 0 0 0 0 0 0 0 0 0 0 0 0 0 0 0 0 0 0 0 0 0 0 0 0 0 0 0 0 0 0 0 0 0 0 0 0 0 0 0 0 0 0 0 0 0 0 0 0 0 0 0 0 0 0 0 0 0 0 0 0 0 0 0 0 0 0 0 0 0 0 0 0 0 0 0 0 0 0 0 0 0 0 0 0 0 0 0 0 0 0 0 0 0 0 0 0 0 0 0 0 0 0 0 0 0 0 0 0 0 0 0 0 0 0 0 0 0 0 0 0 0 0 0 0 0 0 0 0 0 0 0 0 0 0 0 0 0 0 0 0 0 0 0 0 0 0 0 0 0 0 0 0 0 0 0 0 0 0 0 0 0 0 0 0 0 0 0 0 0 0 0 0 0 0 0 0 0 0 0 0 0 0 0 0 0 0 0 0 0 0 0 0 0 0 0 0 0 0 0 0 0 0 0 0 0 0 0 0 0 0 0 0 0 0 0 0 0 0 0 0 0 0 0 0 0 0 0 0 0 0 0 0 0 0 0 0 0 0 0 0 0 0 0 0 0 0 0 0 0 0 0 0 0 0 0 0 0 0 0 0 0 0 0 0 0 0 0 0 0 0 0 0 0 0 0 0 0 0 0 0 0 0 0 0 0 0 0 0 0 0 0 0 0 0 0 0 0 0 0 0 0 0 0 0 0 0 0 0 0 0 0 0 0 0 0 0 0 0 0 0 0 0 0 0 0 0 0 0 0 0 0 0 0 0 0 0 0 0 0 0 0 0 0 0 0 0 0 0 0 0 0 0 0 0 0 0 0 0 0 0 0 0 0 0 0 0 0 0 0 0 0 0 0 0 0 0 0 0 0 0 0 0 0 0 0 0 0 0 0 0 0 0 0 0 0 0 0 0 0 0 0 0 0 0 0 0 0 0 0 0 0 0 0 0 0 0 0 0 0 0 0 0 0 0 0 0 0 0 0 0 0 0 0 0 0 0 0 0 0 0 0 0 0 0 0 0 0 0 0 0 0 0 0 0 0 0 0 0 0 0 0 0 0 0 0 0 0 0 0 0 0 0 0 0 0 0 0 0 0 0 0 0 0 0 0 0 0 0 0 0 0 0 0 0 0 0 0 0 0 0 0 0 0 0 0 0 0 0 0 0 0 0 0 0 0 0 0 0 0 0 0 0 0 0 0 0 0 0 0 0 0 0 0 0 0 0 0 0 0 0 0 0 0 0 0 0 0 0 0 0 0 0 0 0 0 0 0 0 0 0 0 0 0 0 0 0 0 0 0 0 0 0 0 0 0 0 0 0 0 0 0 0 0 0 0 0 0 0 0 0 0 0 0 0 0 0 0 0 0 0 0 0 0 0 0 0 0 0 0 0 0 0 0 0 0 0 0 0 0 0 0 0 0 0 0 0 0 0 0 0 0 0 0 0 0 0 0 0 0 0 0 0 0 0 0 0 0 0 0 0 0 0 0 0 0 0 0 0 0 0 0 0 0 0 0 0 0 0 0 0 0 0 0 0 0 0 0 0 0 0 0 0 0 0 0 0 0 0 0 0 0 0 0 0 0 0 0 0 0 0 0 0 0 0 0 0 0 0 0 0 0 0 0 0 0 0 0 0 0 0 0 0 0 0 0 0 0 0 0 0 0 0 0 0 0 0 0 0 0 0 0 0 0 0 0 0 0 0 0 0 0 0 0 0 0 0 0 0 0 0 0 0 0 0 0 0 0 0 0 0 0 0 0 0 0 0 0 0 0 0 0 0 0 0 0 0 0 0 0 0 0 0 0 0 0 0 0 0 0 0 0 0 0 0 0 0 0 0 0 0 0 0 0 0 0 0 0 0 0 0 0 0 0 0 0 0 0 0 0 0 0 0 0 0 0 0 0 0 0 0 0 0 0 0 0 0 0 0 0 0 0 0 0 0 0 0 0 0 0 0 0 0 0 0 0 0 0 0 0 0 0 0 0 0 0 0 0 0 0 0 0 0 0 0 0 0 0 0 0 0 0 0 0 0 0 0 0 0 0 0 0 0 0 0 0 0 0 0 0 0 0 0 0 0 0 0 0 0 0 0 0 0 0 0 0 0 0 0 0 0 0 0 0 0 0 0 0 0 0 0 0 0 0 0 0 0 0 0 0 0 0 0 0 0 0 0 0 0 0 0 0 0 0 0 0 0 0 0 0 0 0 0 0 0 0 0 0 0 0 0 0 0 0 0 0 0 0 0 0 0 0 0 0 0 0 0 0 0 0 0 0 0 0 0 0 0 0 0 0 0 0 0 0 0 0 0 0 0 0 0 0 0 0 0 0 0 0 0 0 0 0 0 0 0 0 0 0 0 0 0 0 0 0 0 0 0 0 0 0 0 0 0 0 0 0 0 0 0 0 0 0 0 0 0 0 0 0 0 0 0 0 0 0 0 0 0 0 0 0 0 0 0 0 0 0 0 0 0 0 0 0 0 0 0 0 0 0 0 0 0 0 0 0 0 0 0 0 0 0 0 0 0 0 0 0 0 0 0 0 0 0 0 0 0 0 0 0 0 0 0 0 0 0 0 0 0 0 0 0 0 0 0 0 0 0 0 0 0 0 0 0 0 0 0 0 0 0 0 0 0 0 0 0 0 0 0 0 0 0 0 0 0 0 0 0 0 0 0 0 0 0 0 0 0 0 0 0 0 0 0 0 0 0 0 0 0 0 0 0 0 0 0 0 0 0 0 0 0 0 0 0 0 0 0 0 0 0 0 0 0 0 0 0 0 0 0 0 0 0 0 0 0 0 0 0 0 0 0 0 0 0 0 0 0 0 0 0 0 0 0 0 0 0 0 0 0 0 0 0 0 0 0 0 0 0 0 0 0 0 0 0 0 0 0 0 0 0 0 0 0 0 0 0 0 0 0 0 0 0 0 0 0 0 0 0 0 0 0 0 0 0 0 0 0 0 0 0 0 0 0 0 0 0 0 0 0 0 0 0 0 0 0 0 0 0 0 0 0 0 0 0 0 0 0 0 0 0 0 0 0 0 0 0 0 0 0 0 0 0 0 0 0 0 0 0 0 0 0 0 0 0 0 0 0 0 0 0 0 0 0 0 0 0 0 0 0 0 0 0 0 0 0 0 0 0 0 0 0 0 0 0 0 0 0 0 0 0 0 0 0 0 0 0 0 0 0 0 0 0 0 0 0 0 0 0 0 0 0 0 0 0 0 0 0 0 0 0 0 0 0 0 0 0 0 0 0 0 0 0 0 0 0 0 0 0 0 0 0 0 0 0 0 0 0 0 0 0 0 0 0 0 0 0 0 0 0 0 0 0 0 0 0 0 0 0 0 0 0 0 0 0 0 0 0 0 0 0 0 0 0 0 0 0 0 0 0 0 0 0 0 0 0 0 0 0 0 0 0 0 0 0 0 0 0 0 0 0 0 0 0 0 0 0 0 0 0 0 0 0 0 0 0 0 0 0 0 0 0 0 0 0 0 0 0 0 0 0 0 0 0 0 0 0 0 0 0 0 0 0 0 0 0 0 0 0 0 0 0 0 0 0 0 0 0 0 0 0 0 0 0 0 0 0 0 0 0 0 0 0 0 0 0 0 0 0 0 0 0 0 0 0 0 0 0 0 0 0 0 0 0 0 0 0 0 0 0 0 0 0 0 0 0 0 0 0 0 0 0 0 0 0 0 0 0 0 0 0 0 0 0 0 0 0 0 0 0 0 0 0 0 0 0 0 0 0 0 0 0 0 0 0 0 0 0 0 0 0 0 0 0 0 0 0 0 0 0 0 0 0 0 0 0 0 0 0 0 0 0 0 0 0 0 0 0 0 0 0 0 0 0 0 0 0 0 0 0 0 0 0 0 0 0 0 0 0 0 0 0 0 0 0 0 0 0 0 0 0 0 0 0 0 0 0 0 0 0 0 0 0 0 0 0 0 0 0 0 0 0 0 0 0 0 0 0 0 0 0 0 0 0 0 0 0 0 0 0 0 0 0 0 0 0 0 0 0 0 0 0 0 0 0 0 0 0 0 0 0 0 0 0 0 0 0 0 0 0 0 0 0 0 0 0 0 0 0 0 0 0 0 0 0 0 0 0 0 0 0 0 0 0 0 0 0 0 0 0 0 0 0 0 0 0 0 0 0 0 0 0 0 0 0 0 0 0 0 0 0 0 0 0 0 0 0 0 0 0 0 0 0 0 0 0 0 0 0 0 0 0 0 0 0 0 0 0 0 0 0 0 0 0 0 0 0 0 0 0 0 0 0 0 0 0 0 0 0 0 0 0 0 0 0 0 0 0 0 0 0 0 0 0 0 0 0 0 0 0 0 0 0 0 0 0 0 0 0 0 0 0 0 0 0 0 0 0 0 0 0 0 0 0 0 0 0 0 0 0 0 0 0 0 0 0 0 0 0 0 0 0 0 0 0 0 0 0 0 0 0 0 0 0 0 0 0 0 0 0 0 0 0 0 0 0 0 0 0 0 0 0 0 0 0 0 0 0 0 0 0 0 0 0 0 0 0 0 0 0 0 0 0 0 0 0 0 0 0 0 0 0 0 0 0 0 0 0 0 0 0 0 0 0 0 0 0 0 0 0 0 0 0 0 0 0 0 0 0 0 0 0 0 0 0 0 0 0 0 0 0 0 0 0 0 0 0 0 0 0 0 0 0 0 0 0 0 0 0 0 0 0 0 0 0 0 0 0 0 0 0 0 0 0 0 0 0 0 0 0 0 0 0 0 0 0 0 0 0 0 0 0 0 0 0 0 0 0 0 0 0 0 0 0 0 0 0 0 0 0 0 0 0 0 0 0 0 0 0 0 0 0 0 0 0 0 0 0 0 0 0 0 0 0 0 0 0 0 0 0 0 0 0 0 0 0 0 0 0 0 0 0 0 0 0 0 0 0 0 0 0 0 0 0 0 0 0 0 0 0 0 0 0 0 0 0 0 0 0 0 0 0 0 0 0 0 0 0 0 0 0 0 0 0 0 0 0 0 0 0 0 0 0 0 0 0 0 0 0 0 0 0 0 0 0 0 0 0 0 0 0 0 0 0 0 0 0 0 0 0 0 0 0 0 0 0 0 0 0 0 0 0 0 0 0 0 0 0 0 0 0 0 0 0 0 0 0 0 0 0 0 0 0 0 0 0 0 0 0 0 0 0 0 0 0 0 0 0 0 0 0 0 0 0 0 0 0 0 0 0 0 0 0 0 0 0 0 0 0 0 0 0 0 0 0 0 0 0 0 0 0 0 0 0 0 0 0 0 0 0 0 0 0 0 0 0 0 0 0 0 0 0 0 0 0 0 0 0 0 0 0 0 0 0 0 0 0 0 0 0 0 0 0 0 0 0 0 0 0 0 0 0 0 0 0 0 0 0 0 0 0 0 0 0 0 0 0 0 0 0 0 0 0 0 0 0 0 0 0 0 0 0 0 0 0 0 0 0 0 0 0 0 0 0 0 0 0 0 0 0 0 0 0 0 0 0 0 0 0 0 0 0 0 0 0 0 0 0 0 0 0 0 0 0 0 0 0 0 0 0 0 0 0 0 0 0 0 0 0 0 0 0 0 0 0 0 0 0 0 0 0 0 0 0 0 0 0 0 0 0 0 0 0 0 0 0 0 0 0 0 0 0 0 0 0 0 0 0 0 0 0 0 0 0 0 0 0 0 0 0 0 0 0 0 0 0 0 0 0 0 0 0 0 0 0 0 0 0 0 0 0 0 0 0 0 0 0 0 0 0 0 0 0 0 0 0 0 0 0 0 0 0 0 0 0 0 0 0 0 0 0 0 0 0 0 0 0 0 0 0 0 0 0 0 0 0 0 0 0 0 0 0 0 0 0 0 0 0 0 0 0 0 0 0 0 0 0 0 0 0 0 0 0 0 0 0 0 0 0 0 0 0 0 0 0 0 0 0 0 0 0 0 0 0 0 0 0 0 0 0 0 0 0 0 0 0 0 0 0 0 0 0 0 0 0 0 0 0 0 0 0 0 0 0 0 0 0 0 0 0 0 0 0 0 0 0 0 0 0 0 0 0 0 0 0 0 0 0 0 0 0 0 0 0 0 0 0 0 0 0 0 0 0 0 0 0 0 0 0 0 0 0 0 0 0 0 0 0 0 0 0 0 0 0 0 0 0 0 0 0 0 0 0 0 0 0 0 0 0 0 0 0 0 0 0 0 0 0 0 0 0 0 0 0 0 0 0 0 0 0 0 0 0 0 0 0 0 0 0 0 0 0 0 0 0 0 0 0 0 0 0 0 0 0 0 0 0 0 0 0 0 0 0 0 0 0 0 0 0 0 0 0 0 0 0 0 0 0 0 0 0 0 0 0 0 0 0 0 0 0 0 0 0 0 0 0 0 0 0 0 0 0 0 0 0 0 0 0 0 0 0 0 0 0 0 0 0 0 0 0 0 0 0 0 0 0 0 0 0 0 0 0 0 0 0 0 0 0 0 0 0 0 0 0 0 0 0 0 0 0 0 0 0 0 0 0 0 0 0 0 0 0 0 0 0 0 0 0 0 0 0 0 0 0 0 0 0 0 0 0 0 0 0 0 0 0 0 0 0 0 0 0 0 0 0 0 0 0 0 0 0 0 0 0 0 0 0 0 0 0 0 0 0 0 0 0 0 0 0 0 0 0 0 0 0 0 0 0 0 0 0 0 0 0 0 0 0 0 0 0 0 0 0 0 0 0 0 0 0 0 0 0 0 0 0 0 0 0 0 0 0 0 0 0 0 0 0 0 0 0 0 0 0 0 0 0 0 0 0 0 0 0 0 0 0 0 0 0 0 0 0 0 0 0 0 0 0 0 0 0 0 0 0 0 0 0 0 0 0 0 0 0 0 0 0 0 0 0 0 0 0 0 0 0 0 0 0 0 0 0 0 0 0 0 0 0 0 0 0 0 0 0 0 0 0 0 0 0 0 0 0 0 0 0 0 0 0 0 0 0 0 0 0 0 0 0 0 0 0 0 0 0 0 0 0 0 0 0 0 0 0 0 0 0 0 0 0 0 0 0 0 0 0 0 0 0 0 0 0 0 0 0 0 0 0 0 0 0 0 0 0 0 0 0 0 0 0 0 0 0 0 0 0 0 0 0 0 0 0 0 0 0 0 0 0 0 0 0 0 0 0 0 0 0 0 0 0 0 0 0 0 0 0 0 0 0 0 0 0 0 0 0 0 0 0 0 0 0 0 0 0 0 0 0 0 0 0 0 0 0 0 0 0 0 0 0 0 0 0 0 0 0 0 0 0 0 0 0 0 0 0 0 0 0 0 0 0 0 0 0 0 0 0 0 0 0 0 0 0 0 0 0 0 0 0 0 0 0 0 0 0 0 0 0 0 0 0 0 0 0 0 0 0 0 0 0 0 0 0 0 0 0 0 0 0 0 0 0 0 0 0 0 0 0 0 0 0 0 0 0 0 0 0 0 0 0 0 0 0 0 0 0 0 0 0 0 0 0 0 0 0 0 0 0 0 0 0 0 0 0 0 0 0 0 0 0 0 0 0 0 0 0 0 0 0 0 0 0 0 0 0 0 0 0 0 0 0 0 0 0 0 0 0 0 0 0 0 0 0 0 0 0 0 0 0 0 0 0 0 0 0 0 0 0 0 0 0 0 0 0 0 0 0 0 0 0 0 0 0 0 0 0 0 0 0 0 0 0 0 0 0 0 0 0 0 0 0 0 0 0 0 0 0 0 0 0 0 0 0 0 0 0 0 0 0 0 0 0 0 0 0 0 0 0 0 0 0 0 0 0 0 0 0 0 0 0 0 0 0 0 0 0 0 0 0 0 0 0 0 0 0 0 0 0 0 0 0 0 0 0 0 0 0 0 0 0 0 0 0 0 0 0 0 0 0 0 0 0 0 0 0 0 0 0 0 0 0 0 0 0 0 0 0 0 0 0 0 0 0 0 0 0 0 0 0 0 0 0 0 0 0 0 0 0 0 0 0 0 0 0 0 0 0 0 0 0 0 0 0 0 0 0 0 0 0 0 0 0 0 0 0 0 0 0 0 0 0 0 0 0 0 0 0 0 0 0 0 0 0 0 0 0 0 0 0 0 0 0 0 0 0 0 0 0 0 0 0 0 0 0 0 0 0 0 0 0 0 0 0 0 0 0 0 0 0 0 0 0 0 0 0 0 0 0 0 0 0 0 0 0 0 0 0 0 0 0 0 0 0 0 0 0 0 0 0 0 0 0 0 0 0 0 0 0 0 0 0 0 0 0 0 0 0 0 0 0 0 0 0 0 0 0 0 0 0 0 0 0 0 0 0 0 0 0 0 0 0 0 0 0 0 0 0 0 0 0 0 0 0 0 0 0 0 0 0 0 0 0 0 0 0 0 0 0 0 0 0 0 0 0 0 0 0 0 0 0 0 0 0 0 0 0 0 0 0 0 0 0 0 0 0 0 0 0 0 0 0 0 0 0 0 0 0 0 0 0 0 0 0 0 0 0 0 0 0 0 0 0 0 0 0 0 0 0 0 0 0 0 0 0 0 0 0 0 0 0 0 0 0 0 0 0 0 0 0 0 0 0 0 0 0 0 0 0 0 0 0 0 0 0 0 0 0 0 0 0 0 0 0 0 0 0 0 0 0 0 0 0 0 0 0 0 0 0 0 0 0 0 0 0 0 0 0 0 0 0 0 0 0 0 0 0 0 0 0 0 0 0 0 0 0 0 0 0 0 0 0 0 0 0 0 0 0 0 0 0 0 0 0 0 0 0 0 0 0 0 0 0 0 0 0 0 0 0 0 0 0 0 0 0 0 0 0 0 0 0 0 0 0 0 0 0 0 0 0 0 0 0 0 0 0 0 0 0 0 0 0 0 0 0 0 0 0 0 0 0 0 0 0 0 0 0 0 0 0 0 0 0 0 0 0 0 0 0 0 0 0 0 0 0 0 0 0 0 0 0 0 0 0 0 0 0 0 0 0 0 0 0 0 0 0 0 0 0 0 0 0 0 0 0 0 0 0 0 0 0 0 0 0 0 0 0 0 0 0 0 0 0 0 0 0 0 0 0 0 0 0 0 0 0 0 0 0 0 0 0 0 0 0 0 0 0 0 0 0 0 0 0 0 0 0 0 0 0 0 0 0 0 0 0 0 0 0 0 0 0 0 0 0 0 0 0 0 0 0 0 0 0 0 0 0 0 0 0 0 0 0 0 0 0 0 0 0 0 0 0 0 0 0 0 0 0 0 0 0 0 0 0 0 0 0 0 0 0 0 0 0 0 0 0 0 0 0 0 0 0 0 0 0 0 0 0 0 0 0 0 0 0 0 0 0 0 0 0 0 0 0 0 0 0 0 0 0 0 0 0 0 0 0 0 0 0 0 0 0 0 0 0 0 0 0 0 0 0 0 0 0 0 0 0 0 0 0 0 0 0 0 0 0 0 0 0 0 0 0 0 0 0 0 0 0 0 0 0 0 0 0 0 0 0 0 0 0 0 0 0 0 0 0 0 0 0 0 0 0 0 0 0 0 0 0 0 0 0 0 0 0 0 0 0 0 0 0 0 0 0 0 0 0 0 0 0 0 0 0 0 0 0 0 0 0 0 0 0 0 0 0 0 0 0 0 0 0 0 0 0 0 0 0 0 0 0 0 0 0 0 0 0 0 0 0 0 0 0 0 0 0 0 0 0 0 0 0 0 0 0 0 0 0 0 0 0 0 0 0 0 0 0 0 0 0 0 0 0 0 0 0 0 0 0 0 0 0 0 0 0 0 0 0 0 0 0 0 0 0 0 0 0 0 0 0 0 0 0 0 0 0 0 0 0 0 0 0 0 0 0 0 0 0 0 0 0 0 0 0 0 0 0 0 0 0 0 0 0 0 0 0 0 0 0 0 0 0 0 0 0 0 0 0 0 0 0 0 0 0 0 0 0 0 0 0 0 0 0 0 0 0 0 0 0 0 0 0 0 0 0 0 0 0 0 0 0 0 0 0 0 0 0 0 0 0 0 0 0 0 0 0 0 0 0 0 0 0 0 0 0 0 0 0 0 0 0 0 0 0 0 0 0 0 0 0 0 0 0 0 0 0 0 0 0 0 0 0 0 0 0 0 0 0 0 0 0 0 0 0 0 0 0 0 0 0 0 0 0 0 0 0 0 0 0 0 0 0 0 0 0 0 0 0 0 0 0 0 0 0 0 0 0 0 0 0 0 0 0 0 0 0 0 0 0 0 0 0 0 0 0 0 0 0 0 0 0 0 0 0 0 0 0 0 0 0 0 0 0 0 0 0 0 0 0 0 0 0 0 0 0 0 0 0 0 0 0 0 0 0 0 0 0 0 0 0 0 0 0 0 0 0 0 0 0 0 0 0 0 0 0 0 0 0 0 0 0 0 0 0 0 0 0 0 0 0 0 0 0 0 0 0 0 0 0 0 0 0 0 0 0 0 0 0 0 0 0 0 0 0 0 0 0 0 0 0 0 0 0 0 0 0 0 0 0 0 0 0 0 0 0 0 0 0 0 0 0 0 0 0 0 0 0 0 0 0 0 0 0 0 0 0 0 0 0 0 0 0 0 0 0 0 0 0 0 0 0 0 0 0 0 0 0 0 0 0 0 0 0 0 0 0 0 0 0 0 0 0 0 0 0 0 0 0 0 0 0 0 0 0 0 0 0 0 0 0 0 0 0 0 0 0 0 0 0 0 0 0 0 0 0 0 0 0 0 0 0 0 0 0 0 0 0 0 0 0 0 0 0 0 0 0 0 0 0 0 0 0 0 0 0 0 0 0 0 0 0 0 0 0 0 0 0 0 0 0 0 0 0 0 0 0 0 0 0 0 0 0 0 0 0 0 0 0 0 0 0 0 0 0 0 0 0 0 0 0 0 0 0 0 0 0 0 0 0 0 0 0 0 0 0 0 0 0 0 0 0 0 0 0 0 0 0 0 0 0 0 0 0 0 0 0 0 0 0 0 0 0 0 0 0 0 0 0 0 0 0 0 0 0 0 0 0 0 0 0 0 0 0 0 0 0 0 0 0 0 0 0 0 0 0 0 0 0 0 0 0 0 0 0 0 0 0 0 0 0 0 0 0 0 0 0 0 0 0 0 0 0 0 0 0 0 0 0 0 0 0 0 0 0 0 0 0 0 0 0 0 0 0 0 0 0 0 0 0 0 0 0 0 0 0 0 0 0 0 0 0 0 0 0 0 0 0 0 0 0 0 0 0 0 0 0 0 0 0 0 0 0 0 0 0 0 0 0 0 0 0 0 0 0 0 0 0 0 0 0 0 0 0 0 0 0 0 0 0 0 0 0 0 0 0 0 0 0 0 0 0 0 0 0 0 0 0 0 0 0 0 0 0 0 0 0 0 0 0 0 0 0 0 0 0 0 0 0 0 0 0 0 0 0 0 0 0 0 0 0 0 0 0 0 0 0 0 0 0 0 0 0 0 0 0 0 0 0 0 0 0 0 0 0 0 0 0 0 0 0 0 0 0 0 0 0 0 0 0 0 0 0 0 0 0 0 0 0 0 0 0 0 0 0 0 0 0 0 0 0 0 0 0 0 0 0 0 0 0 0 0 0 0 0 0 0 0 0 0 0 0 0 0 0 0 0 0 0 0 0 0 0 0 0 0 0 0 0 0 0 0 0 0 0 0 0 0 0 0 0 0 0 0 0 0 0 0 0 0 0 0 0 0 0 0 0 0 0 0 0 0 0 0 0 0 0 0 0 0 0 0 0 0 0 0 0 0 0 0 0 0 0 0 0 0 0 0 0 0 0 0 0 0 0 0 0 0 0 0 0 0 0 0 0 0 0 0 0 0 0 0 0 0 0 0 0 0 0 0 0 0 0 0 0 0 0 0 0 0 0 0 0 0 0 0 0 0 0 0 0 0 0 0 0 0 0 0 0 0 0 0 0 0 0 0 0 0 0 0 0 0 0 0 0 0 0 0 0 0 0 0 0 0 0 0 0 0 0 0 0 0 0 0 0 0 0 0 0 0 0 0 0 0 0 0 0 0 0 0 0 0 0 0 0 0 0 0 0 0 0 0 0 0 0 0 0 0 0 0 0 0 0 0 0 0 0 0 0 0 0 0 0 0 0 0 0 0 0 0 0 0 0 0 0 0 0 0 0 0 0 0 0 0 0 0 0 0 0 0 0 0 0 0 0 0 0 0 0 0 0 0 0 0 0 0 0 0 0 0 0 0 0 0 0 0 0 0 0 0 0 0 0 0 0 0 0 0 0 0 0 0 0 0 0 0 0 0 0 0 0 0 0 0 0 0 0 0 0 0 0 0 0 0 0 0 0 0 0 0 0 0 0 0 0 0 0 0 0 0 0 0 0 0 0 0 0 0 0 0 0 0 0 0 0 0 0 0 0 0 0 0 0 0 0 0 0 0 0 0 0 0 0 0 0 0 0 0 0 0 0 0 0 0 0 0 0 0 0 0 0 0 0 0 0 0 0 0 0 0 0 0 0 0 0 0 0 0 0 0 0 0 0 0 0 0 0 0 0 0 0 0 0 0 0 0 0 0 0 0 0 0 0 0 0 0 0 0 0 0 0 0 0 0 0 0 0 0 0 0 0 0 0 0 0 0 0 0 0 0 0 0 0 0 0 0 0 0 0 0 0 0 0 0 0 0 0 0 0 0 0 0 0 0 0 0 0 0 0 0 0 0 0 0 0 0 0 0 0 0 0 0 0 0 0 0 0 0 0 0 0 0 0 0 0 0 0 0 0 0 0 0 0 0 0 0 0 0 0 0 0 0 0 0 0 0 0 0 0 0 0 0 0 0 0 0 0 0 0 0 0 0 0 0 0 0 0 0 0 0 0 0 0 0 0 0 0 0 0 0 0 0 0 0 0 0 0 0 0 0 0 0 0 0 0 0 0 0 0 0 0 0 0 0 0 0 0 0 0 0 0 0 0 0 0 0 0 0 0 0 0 0 0 0 0 0 0 0 0 0 0 0 0 0 0 0 0 0 0 0 0 0 0 0 0 0 0 0 0 0 0 0 0 0 0 0 0 0 0 0 0 0 0 0 0 0 0 0 0 0 0 0 0 0 0 0 0 0 0 0 0 0 0 0 0 0 0 0 0 0 0 0 0 0 0 0 0 0 0 0 0 0 0 0 0 0 0 0 0 0 0 0 0 0 0 0 0 0 0 0 0 0 0 0 0 0 0 0 0 0 0 0 0 0 0 0 0 0 0 0 0 0 0 0 0 0 0 0 0 0 0 0 0 0 0 0 0 0 0 0 0 0 0 0 0 0 0 0 0 0 0 0 0 0 0 0 0 0 0 0 0 0 0 0 0 0 0 0 0 0 0 0 0 0 0 0 0 0 0 0 0 0 0 0 0 0 0 0 0 0 0 0 0 0 0 0 0 0 0 0 0 0 0 0 0 0 0 0 0 0 0 0 0 0 0 0 0 0 0 0 0 0 0 0 0 0 0 0 0 0 0 0 0 0 0 0 0 0 0 0 0 0 0 0 0 0 0 0 0 0 0 0 0 0 0 0 0 0 0 0 0 0 0 0 0 0 0 0 0 0 0 0 0 0 0 0 0 0 0 0 0 0 0 0 0 0 0 0 0 0 0 0 0 0 0 0 0 0 0 0 0 0 0 0 0 0 0 0 0 0 0 0 0 0 0 0 0 0 0 0 0 0 0 0 0 0 0 0 0 0 0 0 0 0 0 0 0 0 0 0 0 0 0 0 0 0 0 0 0 0 0 0 0 0 0 0 0 0 0 0 0 0 0 0 0 0 0 0 0 0 0 0 0 0 0 0 0 0 0 0 0 0 0 0 0 0 0 0 0 0 0 0 0 0 0 0 0 0 0 0 0 0 0 0 0 0 0 0 0 0 0 0 0 0 0 0 0 0 0 0 0 0 0 0 0 0 0 0 0 0 0 0 0 0 0 0 0 0 0 0 0 0 0 0 0 0 0 0 0 0 0 0 0 0 0 0 0 0 0 0 0 0 0 0 0 0 0 0 0 0 0 0 0 0 0 0 0 0 0 0 0 0 0 0 0 0 0 0 0 0 0 0 0 0 0 0 0 0 0 0 0 0 0 0 0 0 0 0 0 0 0 0 0 0 0 0 0 0 0 0 0 0 0 0 0 0 0 0 0 0 0 0 0 0 0 0 0 0 0 0 0 0 0 0 0 0 0 0 0 0 0 0 0 0 0 0 0 0 0 0 0 0 0 0 0 0 0 0 0 0 0 0 0 0 0 0 0 0 0 0 0 0 0 0 0 0 0 0 0 0 0 0 0 0 0 0 0 0 0 0 0 0 0 0 0 0 0 0 0 0 0 0 0 0 0 0 0 0 0 0 0 0 0 0 0 0 0 0 0 0 0 0 0 0 0 0 0 0 0 0 0 0 0 0 0 0 0 0 0 0 0 0 0 0 0 0 0 0 0 0 0 0 0 0 0 0 0 0 0 0 0 0 0 0 0 0 0 0 0 0 0 0 0 0 0 0 0 0 0 0 0 0 0 0 0 0 0 0 0 0 0 0 0 0 0 0 0 0 0 0 0 0 0 0 0 0 0 0 0 0 0 0 0 0 0 0 0 0 0 0 0 0 0 0 0 0 0 0 0 0 0 0 0 0 0 0 0 0 0 0 0 0 0 0 0 0 0 0 0 0 0 0 0 0 0 0 0 0 0 0 0 0 0 0 0 0 0 0 0 0 0 0 0 0 0 0 0 0 0 0 0 0 0 0 0 0 0 0 0 0 0 0 0 0 0 0 0 0 0 0 0 0 0 0 0 0 0 0 0 0 0 0 0 0 0 0 0 0 0 0 0 0 0 0 0 0 0 0 0 0 0 0 0 0 0 0 0 0 0 0 0 0 0 0 0 0 0 0 0 0 0 0 0 0 0 0 0 0 0 0 0 0 0 0 0 0 0 0 0 0 0 0 0 0 0 0 0 0 0 0 0 0 0 0 0 0 0 0 0 0 0 0 0 0 0 0 0 0 0 0 0 0 0 0 0 0 0 0 0 0 0 0 0 0 0 0 0 0 0 0 0 0 0 0 0 0 0 0 0 0 0 0 0 0 0 0 0 0 0 0 0 0 0 0 0 0 0 0 0 0 0 0 0 0 0 0 0 0 0 0 0 0 0 0 0 0 0 0 0 0 0 0 0 0 0 0 0 0 0 0 0 0 0 0 0 0 0 0 0 0 0 0 0 0 0 0 0 0 0 0 0 0 0 0 0 0 0 0 0 0 0 0 0 0 0 0 0 0 0 0 0 0 0 0 0 0 0 0 0 0 0 0 0 0 0 0 0 0 0 0 0 0 0 0 0 0 0 0 0 0 0 0 0 0 0 0 0 0 0 0 0 0 0 0 0 0 0 0 0 0 0 0 0 0 0 0 0 0 0 0 0 0 0 0 0 0 0 0 0 0 0 0 0 0 0 0 0 0 0 0 0 0 0 0 0 0 0 0 0 0 0 0 0 0 0 0 0 0 0 0 0 0 0 0 0 0 0 0 0 0 0 0 0 0 0 0 0 0 0 0 0 0 0 0 0 0 0 0 0 0 0 0 0 0 0 0 0 0 0 0 0 0 0 0 0 0 0 0 0 0 0 0 0 0 0 0 0 0 0 0 0 0 0 0 0 0 0 0 0 0 0 0 0 0 0 0 0 0 0 0 0 0 0 0 0 0 0 0 0 0 0 0 0 0 0 0 0 0 0 0 0 0 0 0 0 0 0 0 0 0 0 0 0 0 0 0 0 0 0 0 0 0 0 0 0 0 0 0 0 0 0 0 0 0 0 0 0 0 0 0 0 0 0 0 0 0 0 0 0 0 0 0 0 0 0 0 0 0 0 0 0 0 0 0 0 0 0 0 0 0 0 0 0 0 0 0 0 0 0 0 0 0 0 0 0 0 0 0 0 0 0 0 0 0 0 0 0 0 0 0 0 0 0 0 0 0 0 0 0 0 0 0 0 0 0 0 0 0 0 0 0 0 0 0 0 0 0 0 0 0 0 0 0 0 0 0 0 0 0 0 0 0 0 0 0 0 0 0 0 0 0 0 0 0 0 0 0 0 0 0 0 0 0 0 0 0 0 0 0 0 0 0 0 0 0 0 0 0 0 0 0 0 0 0 0 0 0 0 0 0 0 0 0 0 0 0 0 0 0 0 0 0 0 0 0 0 0 0 0 0 0 0 0 0 0 0 0 0 0 0 0 0 0 0 0 0 0 0 0 0 0 0 0 0 0 0 0 0 0 0 0 0 0 0 0 0 0 0 0 0 0 0 0 0 0 0 0 0 0 0 0 0 0 0 0 0 0 0 0 0 0 0 0 0 0 0 0 0 0 0 0 0 0 0 0 0 0 0 0 0 0 0 0 0 0 0 0 0 0 0 0 0 0 0 0 0 0 0 0 0 0 0 0 0 0 0 0 0 0 0 0 0 0 0 0 0 0 0 0 0 0 0 0 0 0 0 0 0 0 0 0 0 0 0 0 0 0 0 0 0 0 0 0 0 0 0 0 0 0 0 0 0 0 0 0 0 0 0 0 0 0 0 0 0 0 0 0 0 0 0 0 0 0 0 0 0 0 0 0 0 0 0 0 0 0 0 0 0 0 0 0 0 0 0 0 0 0 0 0 0 0 0 0 0 0 0 0 0 0 0 0 0 0 0 0 0 0 0 0 0 0 0 0 0 0 0 0 0 0 0 0 0 0 0 0 0 0 0 0 0 0 0 0 0 0 0 0 0 0 0 0 0 0 0 0 0 0 0 0 0 0 0 0 0 0 0 0 0 0 0 0 0 0 0 0 0 0 0 0 0 0 0 0 0 0 0 0 0 0 0 0 0 0 0 0 0 0 0 0 0 0 0 0 0 0 0 0 0 0 0 0 0 0 0 0 0 0 0 0 0 0 0 0 0 0 0 0 0 0 0 0 0 0 0 0 0 0 0 0 0 0 0 0 0 0 0 0 0 0 0 0 0 0 0 0 0 0 0 0 0 0 0 0 0 0 0 0 0 0 0 0 0 0 0 0 0 0 0 0 0 0 0 0 0 0 0 0 0 0 0 0 0 0 0 0 0 0 0 0 0 0 0 0 0 0 0 0 0 0 0 0 0 0 0 0 0 0 0 0 0 0 0 0 0 0 0 0 0 0 0 0 0 0 0 0 0 0 0 0 0 0 0 0 0 0 0 0 0 0 0 0 0 0 0 0 0 0 0 0 0 0 0 0 0 0 0 0 0 0 0 0 0 0 0 0 0 0 0 0 0 0 0 0 0 0 0 0 0 0 0 0 0 0 0 0 0 0 0 0 0 0 0 0 0 0 0 0 0 0 0 0 0 0 0 0 0 0 0 0 0 0 0 0 0 0 0 0 0 0 0 0 0 0 0 0 0 0 0 0 0 0 0 0 0 0 0 0 0 0 0 0 0 0 0 0 0 0 0 0 0 0 0 0 0 0 0 0 0 0 0 0 0 0 0 0 0 0 0 0 0 0 0 0 0 0 0 0 0 0 0 0 0 0 0 0 0 0 0 0 0 0 0 0 0 0 0 0 0 0 0 0 0 0 0 0 0 0 0 0 0 0 0 0 0 0 0 0 0 0 0 0 0 0 0 0 0 0 0 0 0 0 0 0 0 0 0 0 0 0 0 0 0 0 0 0 0 0 0 0 0 0 0 0 0 0 0 0 0 0 0 0 0 0 0 0 0 0 0 0 0 0 0 0 0 0 0 0 0 0 0 0 0 0 0 0 0 0 0 0 0 0 0 0 0 0 0 0 0 0 0 0 0 0 0 0 0 0 0 0 0 0 0 0 0 0 0 0 0 0 0 0 0 0 0 0 0 0 0 0 0 0 0 0 0 0 0 0 0 0 0 0 0 0 0 0 0 0 0 0 0 0 0 0 0 0 0 0 0 0 0 0 0 0 0 0 0 0 0 0 0 0 0 0 0 0 0 0 0 0 0 0 0 0 0 0 0 0 0 0 0 0 0 0 0 0 0 0 0 0 0 0 0 0 0 0 0 0 0 0 0 0 0 0 0 0 0 0 0 0 0 0 0 0 0 0 0 0 0 0 0 0 0 0 0 0 0 0 0 0 0 0 0 0 0 0 0 0 0 0 0 0 0 0 0 0 0 0 0 0 0 0 0 0 0 0 0 0 0 0 0 0 0 0 0 0 0 0 0 0 0 0 0 0 0 0 0 0 0 0 0 0 0 0 0 0 0 0 0 0 0 0 0 0 0 0 0 0 0 0 0 0 0 0 0 0 0 0 0 0 0 0 0 0 0 0 0 0 0 0 0 0 0 0 0 0 0 0 0 0 0 0 0 0 0 0 0 0 0 0 0 0 0 0 0 0 0 0 0 0 0 0 0 0 0 0 0 0 0 0 0 0 0 0 0 0 0 0 0 0 0 0 0 0 0 0 0 0 0 0 0 0 0 0 0 0 0 0 0 0 0 0 0 0 0 0 0 0 0 0 0 0 0 0 0 0 0 0 0 0 0 0 0 0 0 0 0 0 0 0 0 0 0 0 0 0 0 0 0 0 0 0 0 0 0 0 0 0 0 0 0 0 0 0 0 0 0 0 0 0 0 0 0 0 0 0 0 0 0 0 0 0 0 0 0 0 0 0 0 0 0 0 0 0 0 0 0 0 0 0 0 0 0 0 0 0 0 0 0 0 0 0 0 0 0 0 0 0 0 0 0 0 0 0 0 0 0 0 0 0 0 0 0 0 0 0 0 0 0 0 0 0 0 0 0 0 0 0 0 0 0 0 0 0 0 0 0 0 0 0 0 0 0 0 0 0 0 0 0 0 0 0 0 0 0 0 0 0 0 0 0 0 0 0 0 0 0 0 0 0 0 0 0 0 0 0 0 0 0 0 0 0 0 0 0 0 0 0 0 0 0 0 0 0 0 0 0 0 0 0 0 0 0 0 0 0 0 0 0 0 0 0 0 0 0 0 0 0 0 0 0 0 0 0 0 0 0 0 0 0 0 0 0 0 0 0 0 0 0 0 0 0 0 0 0 0 0 0 0 0 0 0 0 0 0 0 0 0 0 0 0 0 0 0 0 0 0 0 0 0 0 0 0 0 0 0 0 0 0 0 0 0 0 0 0 0 0 0 0 0 0 0 0 0 0 0 0 0 0 0 0 0 0 0 0 0 0 0 0 0 0 0 0 0 0 0 0 0 0 0 0 0 0 0 0 0 0 0 0 0 0 0 0 0 0 0 0 0 0 0 0 0 0 0 0 0 0 0 0 0 0 0 0 0 0 0 0 0 0 0 0 0 0 0 0 0 0 0 0 0 0 0 0 0 0 0 0 0 0 0 0 0 0 0 0 0 0 0 0 0 0 0 0 0 0 0 0 0 0 0 0 0 0 0 0 0 0 0 0 0 0 0 0 0 0 0 0 0 0 0 0 0 0 0 0 0 0 0 0 0 0 0 0 0 0 0 0 0 0 0 0 0 0 0 0 0 0 0 0 0 0 0 0 0 0 0 0 0 0 0 0 0 0 0 0 0 0 0 0 0 0 0 0 0 0 0 0 0 0 0 0 0 0 0 0 0 0 0 0 0 0 0 0 0 0 0 0 0 0 0 0 0 0 0 0 0 0 0 0 0 0 0 0 0 0 0 0 0 0 0 0 0 0 0 0 0 0 0 0 0 0 0 0 0 0 0 0 0 0 0 0 0 0 0 0 0 0 0 0 0 0 0 0 0 0 0 0 0 0 0 0 0 0 0 0 0 0 0 0 0 0 0 0 0 0 0 0 0 0 0 0 0 0 0 0 0 0 0 0 0 0 0 0 0 0 0 0 0 0 0 0 0 0 0 0 0 0 0 0 0 0 0 0 0 0 0 0 0 0 0 0 0 0 0 0 0 0 0 0 0 0 0 0 0 0 0 0 0 0 0 0 0 0 0 0 0 0 0 0 0 0 0 0 0 0 0 0 0 0 0 0 0 0 0 0 0 0 0 0 0 0 0 0 0 0 0 0 0 0 0 0 0 0 0 0 0 0 0 0 0 0 0 0 0 0 0 0 0 0 0 0 0 0 0 0 0 0 0 0 0 0 0 0 0 0 0 0 0 0 0 0 0 0 0 0 0 0 0 0 0 0 0 0 0 0 0 0 0 0 0 0 0 0 0 0 0 0 0 0 0 0 0 0 0 0 0 0 0 0 0 0 0 0 0 0 0 0 0 0 0 0 0 0 0 0 0 0 0 0 0 0 0 0 0 0 0 0 0 0 0 0 0 0 0 0 0 0 0 0 0 0 0 0 0 0 0 0 0 0 0 0 0 0 0 0 0 0 0 0 0 0 0 0 0 0 0 0 0 0 0 0 0 0 0 0 0 0 0 0 0 0 0 0 0 0 0 0 0 0 0 0 0 0 0 0 0 0 0 0 0 0 0 0 0 0 0 0 0 0 0 0 0 0 0 0 0 0 0 0 0 0 0 0 0 0 0 0 0 0 0 0 0 0 0 0 0 0 0 0 0 0 0 0 0 0 0 0 0 0 0 0 0 0 0 0 0 0 0 0 0 0 0 0 0 0 0 0 0 0 0 0 0 0 0 0 0 0 0 0 0 0 0 0 0 0 0 0 0 0 0 0 0 0 0 0 0 0 0 0 0 0 0 0 0 0 0 0 0 0 0 0 0 0 0 0 0 0 0 0 0 0 0 0 0 0 0 0 0 0 0 0 0 0 0 0 0 0 0 0 0 0 0 0 0 0 0 0 0 0 0 0 0 0 0 0 0 0 0 0 0 0 0 0 0 0 0 0 0 0 0 0 0 0 0 0 0 0 0 0 0 0 0 0 0 0 0 0 0 0 0 0 0 0 0 0 0 0 0 0 0 0 0 0 0 0 0 0 0 0 0 0 0 0 0 0 0 0 0 0 0 0 0 0 0 0 0 0 0 0 0 0 0 0 0 0 0 0 0 0 0 0 0 0 0 0 0 0 0 0 0 0 0 0 0 0 0 0 0 0 0 0 0 0 0 0 0 0 0 0 0 0 0 0 0 0 0 0 0 0 0 0 0 0 0 0 0 0 0 0 0 0 0 0 0 0 0 0 0 0 0 0 0 0 0 0 0 0 0 0 0 0 0 0 0 0 0 0 0 0 0 0 0 0 0 0 0 0 0 0 0 0 0 0 0 0 0 0 0 0 0 0 0 0 0 0 0 0 0 0 0 0 0 0 0 0 0 0 0 0 0 0 0 0 0 0 0 0 0 0 0 0 0 0 0 0 0 0 0 0 0 0 0 0 0 0 0 0 0 0 0 0 0 0 0 0 0 0 0 0 0 0 0 0 0 0 0 0 0 0 0 0 0 0 0 0 0 0 0 0 0 0 0 0 0 0 0 0 0 0 0 0 0 0 0 0 0 0 0 0 0 0 0 0 0 0 0 0 0 0 0 0 0 0 0 0 0 0 0 0 0 0 0 0 0 0 0 0 0 0 0 0 0 0 0 0 0 0 0 0 0 0 0 0 0 0 0 0 0 0 0 0 0 0 0 0 0 0 0 0 0 0 0 0 0 0 0 0 0 0 0 0 0 0 0 0 0 0 0 0 0 0 0 0 0 0 0 0 0 0 0 0 0 0 0 0 0 0 0 0 0 0 0 0 0 0 0 0 0 0 0 0 0 0 0 0 0 0 0 0 0 0 0 0 0 0 0 0 0 0 0 0 0 0 0 0 0 0 0 0 0 0 0 0 0 0 0 0 0 0 0 0 0 0 0 0 0 0 0 0 0 0 0 0 0 0 0 0 0 0 0 0 0 0 0 0 0 0 0 0 0 0 0 0 0 0 0 0 0 0 0 0 0 0 0 0 0 0 0 0 0 0 0 0 0 0 0 0 0 0 0 0 0 0 0 0 0 0 0 0 0 0 0 0 0 0 0 0 0 0 0 0 0 0 0 0 0 0 0 0 0 0 0 0 0 0 0 0 0 0 0 0 0 0 0 0 0 0 0 0 0 0 0 0 0 0 0 0 0 0 0 0 0 0 0 0 0 0 0 0 0 0 0 0 0 0 0 0 0 0 0 0 0 0 0 0 0 0 0 0 0 0 0 0 0 0 0 0 0 0 0 0 0 0 0 0 0 0 0 0 0 0 0 0 0 0 0 0 0 0 0 0 0 0 0 0 0 0 0 0 0 0 0 0 0 0 0 0 0 0 0 0 0 0 0 0 0 0 0 0 0 0 0 0 0 0 0 0 0 0 0 0 0 0 0 0 0 0 0 0 0 0 0 0 0 0 0 0 0 0 0 0 0 0 0 0 0 0 0 0 0 0 0 0 0 0 0 0 0 0 0 0 0 0 0 0 0 0 0 0 0 0 0 0 0 0 0 0 0 0 0 0 0 0 0 0 0 0 0 0 0 0 0 0 0 0 0 0 0 0 0 0 0 0 0 0 0 0 0 0 0 0 0 0 0 0 0 0 0 0 0 0 0 0 0 0 0 0 0 0 0 0 0 0 0 0 0 0 0 0 0 0 0 0 0 0 0 0 0 0 0 0 0 0 0 0 0 0 0 0 0 0 0 0 0 0 0 0 0 0 0 0 0 0 0 0 0 0 0 0 0 0 0 0 0 0 0 0 0 0 0 0 0 0 0 0 0 0 0 0 0 0 0 0 0 0 0 0 0 0 0 0 0 0 0 0 0 0 0 0 0 0 0 0 0 0 0 0 0 0 0 0 0 0 0 0 0 0 0 0 0 0 0 0 0 0 0 0 0 0 0 0 0 0 0 0 0 0 0 0 0 0 0 0 0 0 0 0 0 0 0 0 0 0 0 0 0 0 0 0 0 0 0 0 0 0 0 0 0 0 0 0 0 0 0 0 0 0 0 0 0 0 0 0 0 0 0 0 0 0 0 0 0 0 0 0 0 0 0 0 0 0 0 0 0 0 0 0 0 0 0 0 0 0 0 0 0 0 0 0 0 0 0 0 0 0 0 0 0 0 0 0 0 0 0 0 0 0 0 0 0 0 0 0 0 0 0 0 0 0 0 0 0 0 0 0 0 0 0 0 0 0 0 0 0 0 0 0 0 0 0 0 0 0 0 0 0 0 0 0 0 0 0 0 0 0 0 0 0 0 0 0 0 0 0 0 0 0 0 0 0 0 0 0 0 0 0 0 0 0 0 0 0 0 0 0 0 0 0 0 0 0 0 0 0 0 0 0 0 0 0 0 0 0 0 0 0 0 0 0 0 0 0 0 0 0 0 0 0 0 0 0 0 0 0 0 0 0 0 0 0 0 0 0 0 0 0 0 0 0 0 0 0 0 0 0 0 0 0 0 0 0 0 0 0 0 0 0 0 0 0 0 0 0 0 0 0 0 0 0 0 0 0 0 0 0 0 0 0 0 0 0 0 0 0 0 0 0 0 0 0 0 0 0 0 0 0 0 0 0 0 0 0 0 0 0 0 0 0 0 0 0 0 0 0 0 0 0 0 0 0 0 0 0 0 0 0 0 0 0 0 0 0 0 0 0 0 0 0 0 0 0 0 0 0 0 0 0 0 0 0 0 0 0 0 0 0 0 0 0 0 0 0 0 0 0 0 0 0 0 0 0 0 0 0 0 0 0 0 0 0 0 0 0 0 0 0 0 0 0 0 0 0 0 0 0 0 0 0 0 0 0 0 0 0 0 0 0 0 0 0 0 0 0 0 0 0 0 0 0 0 0 0 0 0 0 0 0 0 0 0 0 0 0 0 0 0 0 0 0 0 0 0 0 0 0 0 0 0 0 0 0 0 0 0 0 0 0 0 0 0 0 0 0 0 0 0 0 0 0 0 0 0 0 0 0 0 0 0 0 0 0 0 0 0 0 0 0 0 0 0 0 0 0 0 0 0 0 0 0 0 0 0 0 0 0 0 0 0 0 0 0 0 0 0 0 0 0 0 0 0 0 0 0 0 0 0 0 0 0 0 0 0 0 0 0 0 0 0 0 0 0 0 0 0 0 0 0 0 0 0 0 0 0 0 0 0 0 0 0 0 0 0 0 0 0 0 0 0 0 0 0 0 0 0 0 0 0 0 0 0 0 0 0 0 0 0 0 0 0 0 0 0 0 0 0 0 0 0 0 0 0 0 0 0 0 0 0 0 0 0 0 0 0 0 0 0 0 0 0 0 0 0 0 0 0 0 0 0 0 0 0 0 0 0 0 0 0 0 0 0 0 0 0 0 0 0 0 0 0 0 0 0 0 0 0 0 0 0 0 0 0 0 0 0 0 0 0 0 0 0 0 0 0 0 0 0 0 0 0 0 0 0 0 0 0 0 0 0 0 0 0 0 0 0 0 0 0 0 0 0 0 0 0 0 0 0 0 0 0 0 0 0 0 0 0 0 0 0 0 0 0 0 0 0 0 0 0 0 0 0 0 0 0 0 0 0 0 0 0 0 0 0 0 0 0 0 0 0 0 0 0 0 0 0 0 0 0 0 0 0 0 0 0 0 0 0 0 0 0 0 0 0 0 0 0 0 0 0 0 0 0 0 0 0 0 0 0 0 0 0 0 0 0 0 0 0 0 0 0 0 0 0 0 0 0 0 0 0 0 0 0 0 0 0 0 0 0 0 0 0 0 0 0 0 0 0 0 0 0 0 0 0 0 0 0 0 0 0 0 0 0 0 0 0 0 0 0 0 0 0 0 0 0 0 0 0 0 0 0 0 0 0 0 0 0 0 0 0 0 0 0 0 0 0 0 0 0 0 0 0 0 0 0 0 0 0 0 0 0 0 0 0 0 0 0 0 0 0 0 0 0 0 0 0 0 0 0 0 0 0 0 0 0 0 0 0 0 0 0 0 0 0 0 0 0 0 0 0 0 0 0 0 0 0 0 0 0 0 0 0 0 0 0 0 0 0 0 0 0 0 0 0 0 0 0 0 0 0 0 0 0 0 0 0 0 0 0 0 0 0 0 0 0 0 0 0 0 0 0 0 0 0 0 0 0 0 0 0 0 0 0 0 0 0 0 0 0 0 0 0 0 0 0 0 0 0 0 0 0 0 0 0 0 0 0 0 0 0 0 0 0 0 0 0 0 0 0 0 0 0 0 0 0 0 0 0 0 0 0 0 0 0 0 0 0 0 0 0 0 0 0 0 0 0 0 0 0 0 0 0 0 0 0 0 0 0 0 0 0 0 0 0 0 0 0 0 0 0 0 0 0 0 0 0 0 0 0 0 0 0 0 0 0 0 0 0 0 0 0 0 0 0 0 0 0 0 0 0 0 0 0 0 0 0 0 0 0 0 0 0 0 0 0 0 0 0 0 0 0 0 0 0 0 0 0 0 0 0 0 0 0 0 0 0 0 0 0 0 0 0 0 0 0 0 0 0 0 0 0 0 0 0 0 0 0 0 0 0 0 0 0 0 0 0 0 0 0 0 0 0 0 0 0 0 0 0 0 0 0 0 0 0 0 0 0 0 0 0 0 0 0 0 0 0 0 0 0 0 0 0 0 0 0 0 0 0 0 0 0 0 0 0 0 0 0 0 0 0 0 0 0 0 0 0 0 0 0 0 0 0 0 0 0 0 0 0 0 0 0 0 0 0 0 0 0 0 0 0 0 0 0 0 0 0 0 0 0 0 0 0 0 0 0 0 0 0 0 0 0 0 0 0 0 0 0 0 0 0 0 0 0 0 0 0 0 0 0 0 0 0 0 0 0 0 0 0 0 0 0 0 0 0 0 0 0 0 0 0 0 0 0 0 0 0 0 0 0 0 0 0 0 0 0 0 0 0 0 0 0 0 0 0 0 0 0 0 0 0 0 0 0 0 0 0 0 0 0 0 0 0 0 0 0 0 0 0 0 0 0 0 0 0 0 0 0 0 0 0 0 0 0 0 0 0 0 0 0 0 0 0 0 0 0 0 0 0 0 0 0 0 0 0 0 0 0 0 0 0 0 0 0 0 0 0 0 0 0 0 0 0 0 0 0 0 0 0 0 0 0 0 0 0 0 0 0 0 0 0 0 0 0 0 0 0 0 0 0 0 0 0 0 0 0 0 0 0 0 0 0 0 0 0 0 0 0 0 0 0 0 0 0 0 0 0 0 0 0 0 0 0 0 0 0 0 0 0 0 0 0 0 0 0 0 0 0 0 0 0 0 0 0 0 0 0 0 0 0 0 0 0 0 0 0 0 0 0 0 0 0 0 0 0 0 0 0 0 0 0 0 0 0 0 0 0 0 0 0 0 0 0 0 0 0 0 0 0 0 0 0 0 0 0 0 0 0 0 0 0 0 0 0 0 0 0 0 0 0 0 0 0 0 0 0 0 0 0 0 0 0 0 0 0 0 0 0 0 0 0 0 0 0 0 0 0 0 0 0 0 0 0 0 0 0 0 0 0 0 0 0 0 0 0 0 0 0 0 0 0 0 0 0 0 0 0 0 0 0 0 0 0 0 0 0 0 0 0 0 0 0 0 0 0 0 0 0 0 0 0 0 0 0 0 0 0 0 0 0 0 0 0 0 0 0 0 0 0 0 0 0 0 0 0 0 0 0 0 0 0 0 0 0 0 0 0 0 0 0 0 0 0 0 0 0 0 0 0 0 0 0 0 0 0 0 0 0 0 0 0 0 0 0 0 0 0 0 0 0 0 0 0 0 0 0 0 0 0 0 0 0 0 0 0 0 0 0 0 0 0 0 0 0 0 0 0 0 0 0 0 0 0 0 0 0 0 0 0 0 0 0 0 0 0 0 0 0 0 0 0 0 0 0 0 0 0 0 0 0 0 0 0 0 0 0 0 0 0 0 0 0 0 0 0 0 0 0 0 0 0 0 0 0 0 0 0 0 0 0 0 0 0 0 0 0 0 0 0 0 0 0 0 0 0 0 0 0 0 0 0 0 0 0 0 0 0 0 0 0 0 0 0 0 0 0 0 0 0 0 0 0 0 0 0 0 0 0 0 0 0 0 0 0 0 0 0 0 0 0 0 0 0 0 0 0 0 0 0 0 0 0 0 0 0 0 0 0 0 0 0 0 0 0 0 0 0 0 0 0 0 0 0 0 0 0 0 0 0 0 0 0 0 0 0 0 0 0 0 0 0 0 0 0 0 0 0 0 0 0 0 0 0 0 0 0 0 0 0 0 0 0 0 0 0 0 0 0 0 0 0 0 0 0 0 0 0 0 0 0 0 0 0 0 0 0 0 0 0 0 0 0 0 0 0 0 0 0 0 0 0 0 0 0 0 0 0 0 0 0 0 0 0 0 0 0 0 0 0 0 0 0 0 0 0 0 0 0 0 0 0 0 0 0 0 0 0 0 0 0 0 0 0 0 0 0 0 0 0 0 0 0 0 0 0 0 0 0 0 0 0 0 0 0 0 0 0 0 0 0 0 0 0 0 0 0 0 0 0 0 0 0 0 0 0 0 0 0 0 0 0 0 0 0 0 0 0 0 0 0 0 0 0 0 0 0 0 0 0 0 0 0 0 0 0 0 0 0 0 0 0 0 0 0 0 0 0 0 0 0 0 0 0 0 0 0 0 0 0 0 0 0 0 0 0 0 0 0 0 0 0 0 0 0 0 0 0 0 0 0 0 0 0 0 0 0 0 0 0 0 0 0 0 0 0 0 0 0 0 0 0 0 0 0 0 0 0 0 0 0 0 0 0 0 0 0 0 0 0 0 0 0 0 0 0 0 0 0 0 0 0 0 0 0 0 0 0 0 0 0 0 0 0 0 0 0 0 0 0 0 0 0 0 0 0 0 0 0 0 0 0 0 0 0 0 0 0 0 0 0 0 0 0 0 0 0 0 0 0 0 0 0 0 0 0 0 0 0 0 0 0 0 0 0 0 0 0 0 0 0 0 0 0 0 0 0 0 0 0 0 0 0 0 0 0 0 0 0 0 0 0 0 0 0 0 0 0 0 0 0 0 0 0 0 0 0 0 0 0 0 0 0 0 0 0 0 0 0 0 0 0 0 0 0 0 0 0 0 0 0 0 0 0 0 0 0 0 0 0 0 0 0 0 0 0 0 0 0 0 0 0 0 0 0 0 0 0 0 0 0 0 0 0 0 0 0 0 0 0 0 0 0 0 0 0 0 0 0 0 0 0 0 0 0 0 0 0 0 0 0 0 0 0 0 0 0 0 0 0 0 0 0 0 0 0 0 0 0 0 0 0 0 0 0 0 0 0 0 0 0 0 0 0 0 0 0 0 0 0 0 0 0 0 0 0 0 0 0 0 0 0 0 0 0 0 0 0 0 0 0 0 0 0 0 0 0 0 0 0 0 0 0 0 0 0 0 0 0 0 0 0 0 0 0 0 0 0 0 0 0 0 0 0 0 0 0 0 0 0 0 0 0 0 0 0 0 0 0 0 0 0 0 0 0 0 0 0 0 0 0 0 0 0 0 0 0 0 0 0 0 0 0 0 0 0 0 0 0 0 0 0 0 0 0 0 0 0 0 0 0 0 0 0 0 0 0 0 0 0 0 0 0 0 0 0 0 0 0 0 0 0 0 0 0 0 0 0 0 0 0 0 0 0 0 0 0 0 0 0 0 0 0 0 0 0 0 0 0 0 0 0 0 0 0 0 0 0 0 0 0 0 0 0 0 0 0 0 0 0 0 0 0 0 0 0 0 0 0 0 0 0 0 0 0 0 0 0 0 0 0 0 0 0 0 0 0 0 0 0 0 0 0 0 0 0 0 0 0 0 0 0 0 0 0 0 0 0 0 0 0 0 0 0 0 0 0 0 0 0 0 0 0 0 0 0 0 0 0 0 0 0 0 0 0 0 0 0 0 0 0 0 0 0 0 0 0 0 0 0 0 0 0 0 0 0 0 0 0 0 0 0 0 0 0 0 0 0 0 0 0 0 0 0 0 0 0 0 0 0 0 0 0 0 0 0 0 0 0 0 0 0 0 0 0 0 0 0 0 0 0 0 0 0 0 0 0 0 0 0 0 0 0 0 0 0 0 0 0 0 0 0 0 0 0 0 0 0 0 0 0 0 0 0 0 0 0 0 0 0 0 0 0 0 0 0 0 0 0 0 0 0 0 0 0 0 0 0 0 0 0 0 0 0 0 0 0 0 0 0 0 0 0 0 0 0 0 0 0 0 0 0 0 0 0 0 0 0 0 0 0 0 0 0 0 0 0 0 0 0 0 0 0 0 0 0 0 0 0 0 0 0 0 0 0 0 0 0 0 0 0 0 0 0 0 0 0 0 0 0 0 0 0 0 0 0 0 0 0 0 0 0 0 0 0 0 0 0 0 0 0 0 0 0 0 0 0 0 0 0 0 0 0 0 0 0 0 0 0 0 0 0 0 0 0 0 0 0 0 0 0 0 0 0 0 0 0 0 0 0 0 0 0 0 0 0 0 0 0 0 0 0 0 0 0 0 0 0 0 0 0 0 0 0 0 0 0 0 0 0 0 0 0 0 0 0 0 0 0 0 0 0 0 0 0 0 0 0 0 0 0 0 0 0 0 0 0 0 0 0 0 0 0 0 0 0 0 0 0 0 0 0 0 0 0 0 0 0 0 0 0 0 0 0 0 0 0 0 0 0 0 0 0 0 0 0 0 0 0 0 0 0 0 0 0 0 0 0 0 0 0 0 0 0 0 0 0 0 0 0 0 0 0 0 0 0 0 0 0 0 0 0 0 0 0 0 0 0 0 0 0 0 0 0 0 0 0 0 0 0 0 0 0 0 0 0 0 0 0 0 0 0 0 0 0 0 0 0 0 0 0 0 0 0 0 0 0 0 0 0 0 0 0 0 0 0 0 0 0 0 0 0 0 0 0 0 0 0 0 0 0 0 0 0 0 0 0 0 0 0 0 0 0 0 0 0 0 0 0 0 0 0 0 0 0 0 0 0 0 0 0 0 0 0 0 0 0 0 0 0 0 0 0 0 0 0 0 0 0 0 0 0 0 0 0 0 0 0 0 0 0 0 0 0 0 0 0 0 0 0 0 0 0 0 0 0 0 0 0 0 0 0 0 0 0 0 0 0 0 0 0 0 0 0 0 0 0 0 0 0 0 0 0 0 0 0 0 0 0 0 0 0 0 0 0 0 0 0 0 0 0 0 0 0 0 0 0 0 0 0 0 0 0 0 0 0 0 0 0 0 0 0 0 0 0 0 0 0 0 0 0 0 0 0 0 0 0 0 0 0 0 0 0 0 0 0 0 0 0 0 0 0 0 0 0 0 0 0 0 0 0 0 0 0 0 0 0 0 0 0 0 0 0 0 0 0 0 0 0 0 0 0 0 0 0 0 0 0 0 0 0 0 0 0 0 0 0 0 0 0 0 0 0 0 0 0 0 0 0 0 0 0 0 0 0 0 0 0 0 0 0 0 0 0 0 0 0 0 0 0 0 0 0 0 0 0 0 0 0 0 0 0 0 0 0 0 0 0 0 0 0 0 0 0 0 0 0 0 0 0 0 0 0 0 0 0 0 0 0 0 0 0 0 0 0 0 0 0 0 0 0 0 0 0 0 0 0 0 0 0 0 0 0 0 0 0 0 0 0 0 0 0 0 0 0 0 0 0 0 0 0 0 0 0 0 0 0 0 0 0 0 0 0 0 0 0 0 0 0 0 0 0 0 0 0 0 0 0 0 0 0 0 0 0 0 0 0 0 0 0 0 0 0 0 0 0 0 0 0 0 0 0 0 0 0 0 0 0 0 0 0 0 0 0 0 0 0 0 0 0 0 0 0 0 0 0 0 0 0 0 0 0 0 0 0 0 0 0 0 0 0 0 0 0 0 0 0 0 0 0 0 0 0 0 0 0 0 0 0 0 0 0 0 0 0 0 0 0 0 0 0 0 0 0 0 0 0 0 0 0 0 0 0 0 0 0 0 0 0 0 0 0 0 0 0 0 0 0 0 0 0 0 0 0 0 0 0 0 0 0 0 0 0 0 0 0 0 0 0 0 0 0 0 0 0 0 0 0 0 0 0 0 0 0 0 0 0 0 0 0 0 0 0 0 0 0 0 0 0 0 0 0 0 0 0 0 0 0 0 0 0 0 0 0 0 0 0 0 0 0 0 0 0 0 0 0 0 0 0 0 0 0 0 0 0 0 0 0 0 0 0 0 0 0 0 0 0 0 0 0 0 0 0 0 0 0 0 0 0 0 0 0 0 0 0 0 0 0 0 0 0 0 0 0 0 0 0 0 0 0 0 0 0 0 0 0 0 0 0 0 0 0 0 0 0 0 0 0 0 0 0 0 0 0 0 0 0 0 0 0 0 0 0 0 0 0 0 0 0 0 0 0 0 0 0 0 0 0 0 0 0 0 0 0 0 0 0 0 0 0 0 0 0 0 0 0 0 0 0 0 0 0 0 0 0 0 0 0 0 0 0 0 0 0 0 0 0 0 0 0 0 0 0 0 0 0 0 0 0 0 0 0 0 0 0 0 0 0 0 0 0 0 0 0 0 0 0 0 0 0 0 0 0 0 0 0 0 0 0 0 0 0 0 0 0 0 0 0 0 0 0 0 0 0 0 0 0 0 0 0 0 0 0 0 0 0 0 0 0 0 0 0 0 0 0 0 0 0 0 0 0 0 0 0 0 0 0 0 0 0 0 0 0 0 0 0 0 0 0 0 0 0 0 0 0 0 0 0 0 0 0 0 0 0 0 0 0 0 0 0 0 0 0 0 0 0 0 0 0 0 0 0 0 0 0 0 0 0 0 0 0 0 0 0 0 0 0 0 0 0 0 0 0 0 0 0 0 0 0 0 0 0 0 0 0 0 0 0 0 0 0 0 0 0 0 0 0 0 0 0 0 0 0 0 0 0 0 0 0 0 0 0 0 0 0 0 0 0 0 0 0 0 0 0 0 0 0 0 0 0 0 0 0 0 0 0 0 0 0 0 0 0 0 0 0 0 0 0 0 0 0 0 0 0 0 0 0 0 0 0 0 0 0 0 0 0 0 0 0 0 0 0 0 0 0 0 0 0 0 0 0 0 0 0 0 0 0 0 0 0 0 0 0 0 0 0 0 0 0 0 0 0 0 0 0 0 0 0 0 0 0 0 0 0 0 0 0 0 0 0 0 0 0 0 0 0 0 0 0 0 0 0 0 0 0 0 0 0 0 0 0 0 0 0 0 0 0 0 0 0 0 0 0 0 0 0 0 0 0 0 0 0 0 0 0 0 0 0 0 0 0 0 0 0 0 0 0 0 0 0 0 0 0 0 0 0 0 0 0 0 0 0 0 0 0 0 0 0 0 0 0 0 0 0 0 0 0 0 0 0 0 0 0 0 0 0 0 0 0 0 0 0 0 0 0 0 0 0 0 0 0 0 0 0 0 0 0 0 0 0 0 0 0 0 0 0 0 0 0 0 0 0 0 0 0 0 0 0 0 0 0 0 0 0 0 0 0 0 0 0 0 0 0 0 0 0 0 0 0 0 0 0 0 0 0 0 0 0 0 0 0 0 0 0 0 0 0 0 0 0 0 0 0 0 0 0 0 0 0 0 0 0 0 0 0 0 0 0 0 0 0 0 0 0 0 0 0 0 0 0 0 0 0 0 0 0 0 0 0 0 0 0 0 0 0 0 0 0 0 0 0 0 0 0 0 0 0 0 0 0 0 0 0 0 0 0 0 0 0 0 0 0 0 0 0 0 0 0 0 0 0 0 0 0 0 0 0 0 0 0 0 0 0 0 0 0 0 0 0 0 0 0 0 0 0 0 0 0 0 0 0 0 0 0 0 0 0 0 0 0 0 0 0 0 0 0 0 0 0 0 0 0 0 0 0 0 0 0 0 0 0 0 0 0 0 0 0 0 0 0 0 0 0 0 0 0 0 0 0 0 0 0 0 0 0 0 0 0 0 0 0 0 0 0 0 0 0 0 0 0 0 0 0 0 0 0 0 0 0 0 0 0 0 0 0 0 0 0 0 0 0 0 0 0 0 0 0 0 0 0 0 0 0 0 0 0 0 0 0 0 0 0 0 0 0 0 0 0 0 0 0 0 0 0 0 0 0 0 0 0 0 0 0 0 0 0 0 0 0 0 0 0 0 0 0 0 0 0 0 0 0 0 0 0 0 0 0 0 0 0 0 0 0 0 0 0 0 0 0 0 0 0 0 0 0 0 0 0 0 0 0 0 0 0 0 0 0 0 0 0 0 0 0 0 0 0 0 0 0 0 0 0 0 0 0 0 0 0 0 0 0 0 0 0 0 0 0 0 0 0 0 0 0 0 0 0 0 0 0 0 0 0 0 0 0 0 0 0 0 0 0 0 0 0 0 0 0 0 0 0 0 0 0 0 0 0 0 0 0 0 0 0 0 0 0 0 0 0 0 0 0 0 0 0 0 0 0 0 0 0 0 0 0 0 0 0 0 0 0 0 0 0 0 0 0 0 0 0 0 0 0 0 0 0 0 0 0 0 0 0 0 0 0 0 0 0 0 0 0 0 0 0 0 0 0 0 0 0 0 0 0 0 0 0 0 0 0 0 0 0 0 0 0 0 0 0 0 0 0 0 0 0 0 0 0 0 0 0 0 0 0 0 0 0 0 0 0 0 0 0 0 0 0 0 0 0 0 0 0 0 0 0 0 0 0 0 0 0 0 0 0 0 0 0 0 0 0 0 0 0 0 0 0 0 0 0 0 0 0 0 0 0 0 0 0 0 0 0 0 0 0 0 0 0 0 0 0 0 0 0 0 0 0 0 0 0 0 0 0 0 0 0 0 0 0 0 0 0 0 0 0 0 0 0 0 0 0 0 0 0 0 0 0 0 0 0 0 0 0 0 0 0 0 0 0 0 0 0 0 0 0 0 0 0 0 0 0 0 0 0 0 0 0 0 0 0 0 0 0 0 0 0 0 0 0 0 0 0 0 0 0 0 0 0 0 0 0 0 0 0 0 0 0 0 0 0 0 0 0 0 0 0 0 0 0 0 0 0 0 0 0 0 0 0 0 0 0 0 0 0 0 0 0 0 0 0 0 0 0 0 0 0 0 0 0 0 0 0 0 0 0 0 0 0 0 0 0 0 0 0 0 0 0 0 0 0 0 0 0 0 0 0 0 0 0 0 0 0 0 0 0 0 0 0 0 0 0 0 0 0 0 0 0 0 0 0 0 0 0 0 0 0 0 0 0 0 0 0 0 0 0 0 0 0 0 0 0 0 0 0 0 0 0 0 0 0 0 0 0 0 0 0 0 0 0 0 0 0 0 0 0 0 0 0 0 0 0 0 0 0 0 0 0 0 0 0 0 0 0 0 0 0 0 0 0 0 0 0 0 0 0 0 0 0 0 0 0 0 0 0 0 0 0 0 0 0 0 0 0 0 0 0 0 0 0 0 0 0 0 0 0 0 0 0 0 0 0 0 0 0 0 0 0 0 0 0 0 0 0 0 0 0 0 0 0 0 0 0 0 0 0 0 0 0 0 0 0 0 0 0 0 0 0 0 0 0 0 0 0 0 0 0 0 0 0 0 0 0 0 0 0 0 0 0 0 0 0 0 0 0 0 0 0 0 0 0 0 0 0 0 0 0 0 0 0 0 0 0 0 0 0 0 0 0 0 0 0 0 0 0 0 0 0 0 0 0 0 0 0 0 0 0 0 0 0 0 0 0 0 0 0 0 0 0 0 0 0 0 0 0 0 0 0 0 0 0 0 0 0 0 0 0 0 0 0 0 0 0 0 0 0 0 0 0 0 0 0 0 0 0 0 0 0 0 0 0 0 0 0 0 0 0 0 0 0 0 0 0 0 0 0 0 0 0 0 0 0 0 0 0 0 0 0 0 0 0 0 0 0 0 0 0 0 0 0 0 0 0 0 0 0 0 0 0 0 0 0 0 0 0 0 0 0 0 0 0 0 0 0 0 0 0 0 0 0 0 0 0 0 0 0 0 0 0 0 0 0 0 0 0 0 0 0 0 0 0 0 0 0 0 0 0 0 0 0 0 0 0 0 0 0 0 0 0 0 0 0 0 0 0 0 0 0 0 0 0 0 0 0 0 0 0 0 0 0 0 0 0 0 0 0 0 0 0 0 0 0 0 0 0 0 0 0 0 0 0 0 0 0 0 0 0 0 0 0 0 0 0 0 0 0 0 0 0 0 0 0 0 0 0 0 0 0 0 0 0 0 0 0 0 0 0 0 0 0 0 0 0 0 0 0 0 0 0 0 0 0 0 0 0 0 0 0 0 0 0 0 0 0 0 0 0 0 0 0 0 0 0 0 0 0 0 0 0 0 0 0 0 0 0 0 0 0 0 0 0 0 0 0 0 0 0 0 0 0 0 0 0 0 0 0 0 0 0 0 0 0 0 0 0 0 0 0 0 0 0 0 0 0 0 0 0 0 0 0 0 0 0 0 0 0 0 0 0 0 0 0 0 0 0 0 0 0 0 0 0 0 0 0 0 0 0 0 0 0 0 0 0 0 0 0 0 0 0 0 0 0 0 0 0 0 0 0 0 0 0 0 0 0 0 0 0 0 0 0 0 0 0 0 0 0 0 0 0 0 0 0 0 0 0 0 0 0 0 0 0 0 0 0 0 0 0 0 0 0 0 0 0 0 0 0 0 0 0 0 0 0 0 0 0 0 0 0 0 0 0 0 0 0 0 0 0 0 0 0 0 0 0 0 0 0 0 0 0 0 0 0 0 0 0 0 0 0 0 0 0 0 0 0 0 0 0 0 0 0 0 0 0 0 0 0 0 0 0 0 0 0 0 0 0 0 0 0 0 0 0 0 0 0 0 0 0 0 0 0 0 0 0 0 0 0 0 0 0 0 0 0 0 0 0 0 0 0 0 0 0 0 0 0 0 0 0 0 0 0 0 0 0 0 0 0 0 0 0 0 0 0 0 0 0 0 0 0 0 0 0 0 0 0 0 0 0 0 0 0 0 0 0 0 0 0 0 0 0 0 0 0 0 0 0 0 0 0 0 0 0 0 0 0 0 0 0 0 0 0 0 0 0 0 0 0 0 0 0 0 0 0 0 0 0 0 0 0 0 0 0 0 0 0 0 0 0 0 0 0 0 0 0 0 0 0 0 0 0 0 0 0 0 0 0 0 0 0 0 0 0 0 0 0 0 0 0 0 0 0 0 0 0 0 0 0 0 0 0 0 0 0 0 0 0 0 0 0 0 0 0 0 0 0 0 0 0 0 0 0 0 0 0 0 0 0 0 0 0 0 0 0 0 0 0 0 0 0 0 0 0 0 0 0 0 0 0 0 0 0 0 0 0 0 0 0 0 0 0 0 0 0 0 0 0 0 0 0 0 0 0 0 0 0 0 0 0 0 0 0 0 0 0 0 0 0 0 0 0 0 0 0 0 0 0 0 0 0 0 0 0 0 0 0 0 0 0 0 0 0 0 0 0 0 0 0 0 0 0 0 0 0 0 0 0 0 0 0 0 0 0 0 0 0 0 0 0 0 0 0 0 0 0 0 0 0 0 0 0 0 0 0 0 0 0 0 0 0 0 0 0 0 0 0 0 0 0 0 0 0 0 0 0 0 0 0 0 0 0 0 0 0 0 0 0 0 0 0 0 0 0 0 0 0 0 0 0 0 0 0 0 0 0 0 0 0 0 0 0 0 0 0 0 0 0 0 0 0 0 0 0 0 0 0 0 0 0 0 0 0 0 0 0 0 0 0 0 0 0 0 0 0 0 0 0 0 0 0 0 0 0 0 0 0 0 0 0 0 0 0 0 0 0 0 0 0 0 0 0 0 0 0 0 0 0 0 0 0 0 0 0 0 0 0 0 0 0 0 0 0 0 0 0 0 0 0 0 0 0 0 0 0 0 0 0 0 0 0 0 0 0 0 0 0 0 0 0 0 0 0 0 0 0 0 0 0 0 0 0 0 0 0 0 0 0 0 0 0 0 0 0 0 0 0 0 0 0 0 0 0 0 0 0 0 0 0 0 0 0 0 0 0 0 0 0 0 0 0 0 0 0 0 0 0 0 0 0 0 0 0 0 0 0 0 0 0 0 0 0 0 0 0 0 0 0 0 0 0 0 0 0 0 0 0 0 0 0 0 0 0 0 0 0 0 0 0 0 0 0 0 0 0 0 0 0 0 0 0 0 0 0 0 0 0 0 0 0 0 0 0 0 0 0 0 0 0 0 0 0 0 0 0 0 0 0 0 0 0 0 0 0 0 0 0 0 0 0 0 0 0 0 0 0 0 0 0 0 0 0 0 0 0 0 0 0 0 0 0 0 0 0 0 0 0 0 0 0 0 0 0 0 0 0 0 0 0 0 0 0 0 0 0 0 0 0 0 0 0 0 0 0 0 0 0 0 0 0 0 0 0 0 0 0 0 0 0 0 0 0 0 0 0 0 0 0 0 0 0 0 0 0 0 0 0 0 0 0 0 0 0 0 0 0 0 0 0 0 0 0 0 0 0 0 0 0 0 0 0 0 0 0 0 0 0 0 0 0 0 0 0 0 0 0 0 0 0 0 0 0 0 0 0 0 0 0 0 0 0 0 0 0 0 0 0 0 0 0 0 0 0 0 0 0 0 0 0 0 0 0 0 0 0 0 0 0 0 0 0 0 0 0 0 0 0 0 0 0 0 0 0 0 0 0 0 0 0 0 0 0 0 0 0 0 0 0 0 0 0 0 0 0 0 0 0 0 0 0 0 0 0 0 0 0 0 0 0 0 0 0 0 0 0 0 0 0 0 0 0 0 0 0 0 0 0 0 0 0 0 0 0 0 0 0 0 0 0 0 0 0 0 0 0 0 0 0 0 0 0 0 0 0 0 0 0 0 0 0 0 0 0 0 0 0 0 0 0 0 0 0 0 0 0 0 0 0 0 0 0 0 0 0 0 0 0 0 0 0 0 0 0 0 0 0 0 0 0 0 0 0 0 0 0 0 0 0 0 0 0 0 0 0 0 0 0 0 0 0 0 0 0 0 0 0 0 0 0 0 0 0 0 0 0 0 0 0 0 0 0 0 0 0 0
Case #38: 59152921569 14766849712 6594707751 3691926128 2374489441 1641106054 1204767892 920613701 733438292 591396913 491379590 413345693 348719846 299425033 266220225 229085466 204684715 182704519 163066031 148204554 135142569 122472647 111400243 103331795 94597771 87343543 81928377 74492451 70536502 65828436 61520444 57576868 54151213 51039230 48191801 46217439 43578779 40528078 38614968 36959565 34989556 33412220 31579831 30504232 29444645 27706916 26697752 25758184 24563825 23546584 22672632 22100970 21025623 20266310 19605331 18795209 18248911 17691118 16958810 16623339 16025373 15326282 14981204 14295676 14044017 13519630 13217324 12625620 12541461 12050590 11662369 11553299 11148599 10848510 10625824 10058327 10043652 9721315 9249594 9315363 9026442 8779007 8616611 8394932 8151695 7853681 7829375 7553873 7457378 7334033 7120882 6982935 6800387 6764863 6584124 6524977 6210861 6189353 6001258 5900535 5769511 5666470 5514668 5572421 5495842 5260248 5199620 5115651 4972324 4987259 4758313 4645111 4575180 4510975 4519138 4410475 4304676 4229946 4172898 4184477 4080807 3955896 3920062 3828698 3781157 3727507 3696086 3628361 3563385 3482553 3442152 3430674 3329706 3298411 3322455 3139262 3132340 3120878 3048722 3013444 2991206 2865319 2897663 2851414 2802127 2853747 2769467 2679002 2651548 2598634 2541435 2518826 2534666 2535890 2508016 2461243 2374323 2343662 2355986 2322967 2264090 2267556 2243897 2198734 2144858 2154529 2129560 2127554 2065348 2022921 2051287 1969147 1979932 1955212 1912603 1872993 1858368 1848824 1812982 1876847 1817855 1766137 1762514 1735901 1700710 1696885 1678931 1666461 1651408 1666804 1630789 1620809 1583006 1522797 1569682 1546101 1499781 1492422 1478209 1442845 1459478 1432165 1442676 1415734 1402056 1382612 1379813 1371876 1361009 1323890 1338636 1323225 1278458 1271880 1266398 1290549 1221074 1248753 1256339 1226626 1248093 1198993 1186453 1162016 1164842 1147207 1182714 1124564 1131723 1105514 1114897 1105081 1092722 1079947 1078747 1066123 1044414 1044042 1034853 1036075 1026582 1010376 995227 967198 970331 981894 968321 959125 952698 967199 938233 933163 926799 933314 912995 907141 908266 871314 905250 877460 887932 853563 861049 852324 839933 812030 816388 839579 816803 835440 766191 772761 801476 764987 790763 796088 775417 768248 768539 749397 750490 735573 734534 721087 732895 728924 705605 706665 684205 715230 668069 705092 694630 686622 690351 671954 657232 652868 668376 668863 643986 653354 641759 623459 627742 629905 627033 629412 610911 615767 619731 612262 615573 608373 629392 575364 596545 581643 601814 578714 583676 561406 551027 559427 540323 562485 563389 539710 541646 545569 527543 557482 529874 527794 519817 526370 523825 526800 495631 502471 516757 516856 509898 496509 504155 511211 484082 486424 487612 475300 489170 486145 471273 485034 465403 454333 461045 460820 469200 462824 445474 464027 461881 442336 440440 433781 438167 430064 433175 432541 429672 426298 431983 414072 414588 412243 423151 407743 410834 422869 418241 413467 401742 409392 403026 378796 387692 382941 387592 392656 388899 396983 383332 382141 376278 368826 372689 369890 372962 362400 374762 364911 367072 357905 366669 356242 353441 354348 347364 348136 355646 342110 350313 354356 351338 336581 329182 336817 327633 333727 333829 333626 335445 314425 329946 314566 329202 319220 316007 314051 325022 316752 313810 310906 320827 311390 300930 333763 309991 304032 306686 308464 295742 299146 297997 300792 291689 289110 298426 276335 293187 292395 278045 287519 293971 277706 284850 288781 279051 278619 275613 272041 272239 265289 279950 271212 270322 266563 274063 279273 263826 262385 263837 261013 258220 258012 255879 249285 252333 265159 253006 257046 250446 254345 245750 245336 255929 250405 249805 250285 244317 248568 239326 239012 240635 240648 241445 233662 237465 237755 240918 229926 237746 236072 229425 232867 226821 231797 216260 222358 228348 224441 231065 228915 221246 217153 219461 222238 219599 218641 219550 219352 210108 207720 210904 212719 207521 210020 212484 210161 213034 204884 207695 211101 201425 204347 199259 209908 207927 209180 196875 196606 203156 196641 195261 203708 198380 192221 196684 193395 195637 203037 188960 196684 191627 189210 197991 191934 174792 185545 186243 193559 192276 182543 184550 185551 176087 181093 178520 185726 186620 184111 178590 173342 184230 179252 179613 174506 182571 178069 177304 164344 170589 181345 176328 175538 175044 171973 169991 169118 167020 171170 166111 162073 165236 167756 156599 167561 166519 164711 166317 154815 160546 165049 166127 158722 156191 159333 166308 150717 162421 161988 161675 157911 152991 152293 156503 156704 152088 150037 158466 150282 148537 150588 149181 149122 153780 154615 148421 156238 150978 144014 151243 153996 142516 152121 141937 143891 141172 142948 143317 140010 139760 141729 141534 137195 141874 145451 149033 134543 139416 139269 138558 140857 138792 141404 138550 133893 136036 139597 139736 133311 131119 138692 131443 131993 134980 131067 129807 133445 132574 132709 136099 128297 134624 130269 125956 123552 126778 127739 130140 124102 125916 134143 125418 129103 128846 125395 124329 125155 121000 123963 127019 119602 123391 118450 117028 120464 122659 117908 115312 118469 121588 115908 125510 119905 118917 114064 118336 110352 115015 121733 113611 115083 116564 113210 118287 113957 109515 115908 116342 114765 115854 115871 111744 114494 109511 115892 109865 107877 112580 105904 107067 110808 111672 108111 110017 110073 107382 107406 102231 108834 108102 108552 103986 101649 105385 105704 102443 100832 109998 97963 109115 105241 103366 104685 104408 105200 99217 101858 105291 107860 103678 103241 100098 96427 101563 101757 100342 103858 103353 93970 101119 98186 99822 94166 99500 96080 97952 96817 98351 92866 98509 97928 97687 93263 96680 92328 91091 97022 90352 91472 97708 91669 94488 90292 98095 90339 95257 94517 93857 95231 92997 92665 93773 95471 93017 90797 90575 93724 84194 88079 85862 88785 90913 87800 86954 87620 92027 88894 88608 84462 84390 84663 86416 85632 85190 87378 82433 91619 82850 81592 84655 81634 85444 82749 84630 81805 84579 84415 84117 83301 82717 87299 82804 85639 80840 77624 87734 82138 87628 81464 84315 80128 80140 76144 82176 76323 78002 78848 78139 81280 77545 76437 79651 76487 75858 77160 76916 80576 75371 79006 76612 70880 76163 84274 76482 75141 76393 77418 78072 75985 74867 78477 74887 72696 75157 76636 75640 74345 73379 74560 73586 69198 72210 73423 76250 74791 75297 75824 72681 73636 69208 72735 73413 70514 74037 73930 70021 70806 70188 68794 72137 75201 74074 75794 72331 71601 69564 67738 68322 69178 69530 67993 65781 68108 68707 70217 69570 71977 70445 67589 69660 71463 66615 68964 65948 66153 64428 65864 70110 67488 66328 66821 68673 64709 64632 66876 63129 64491 65703 64979 62825 62888 62995 65442 66803 65044 61797 67668 65196 63107 65061 66256 63184 62259 61256 65443 61426 58950 63926 61624 61624 61104 60261 60481 61609 64210 61522 62488 59691 56641 61572 60663 60167 60798 60713 59969 60269 63099 63015 60783 57497 58247 57464 61369 60062 60852 60799 57734 57632 56854 59184 56730 60098 58088 57093 58358 58112 59824 56612 55130 57271 59482 59303 59523 58672 57857 57337 57358 54046 56133 54144 56588 55522 57621 54882 57229 57289 55159 55005 53748 54119 58323 56457 54651 53896 54688 56016 54024 52650 54180 54344 54887 55253 49280 54330 54116 54137 49623 54186 55418 51767 55689 53447 55657 55987 50980 53908 50476 52497 54734 53466 51005 53064 53000 49624 50410 52060 49385 52498 53921 50529 50395 51506 51954 49322 51971 48214 53395 50083 49661 49884 48614 50292 52422 49689 45397 54040 49040 47008 51702 51216 47579 52394 48252 49232 45922 51739 50871 47834 45632 48435 48734 50221 45007 49245 49887 46799 48879 47176 46996 48849 48973 49109 48396 44731 42912 48955 49515 47936 46091 49319 45833 46647 45289 45917 43324 44690 47167 46659 44545 43796 45397 46181 43206 44832 44531 46183 45522 44876 45336 46540 47020 46557 44999 47064 43322 46516 44005 44101 44857 43088 44341 44372 41667 42113 43626 45123 45455 44680 46192 44388 40874 43508 41701 42214 45388 42785 45440 44745 46067 44941 45765 41870 46040 41408 41519 42689 42775 43920 43054 42386 43452 43400 41004 40883 39583 40814 40894 40842 39826 39134 40400 43364 41975 43100 41321 42840 42338 37866 41147 39608 38927 40744 40966 40450 39922 39445 42066 41547 41014 41694 40531 39859 40281 40107 40608 38861 38641 37896 41265 39483 39317 38014 40100 39234 36724 39587 38779 38893 38390 39223 40151 39095 37538 37538 36856 39694 35990 39170 39396 39005 38955 39915 36941 38785 35904 38838 37079 35844 39663 35411 38965 37298 39409 35233 35011 36671 39550 34988 38153 37329 35283 39661 35806 34370 37427 37045 35307 34101 34277 35065 35175 37209 36934 35606 35308 35942 35351 36822 34550 36155 37073 34819 33786 36062 35461 34122 34429 35040 33544 36791 35168 36895 35490 34873 37485 34547 35123 34962 34678 33969 34425 35270 35427 35792 35366 36032 36045 34331 36741 34895 35812 35125 33523 32644 34807 34351 34235 33955 34349 34651 31718 33689 32489 32495 33682 33409 33684 34021 33677 33035 32563 32972 32226 33795 33043 31630 34058 30990 34172 32314 34130 34388 35118 34767 32468 34502 33914 33795 33423 32304 32184 29370 33335 32328 30481 31158 30173 33213 33156 31887 31376 34606 30011 30780 32324 33111 31225 32950 31429 30715 33519 32299 30290 30604 31061 30282 31894 31144 30095 30355 31812 30599 30719 29766 29321 28775 31152 30107 27874 30436 29229 30190 30363 28962 31095 29101 29591 29460 29299 30294 29455 31369 31600 29526 30255 29223 29555 29273 28319 27317 29726 27551 28796 29281 30974 29272 28243 27696 29593 28573 29162 27986 27887 28154 29256 29692 29289 29664 26665 28333 26302 27220 28061 26936 26278 29667 29294 30508 28672 27055 28644 28263 28975 28866 28874 27274 28996 28374 28498 27991 27756 26559 26586 26837 28328 27052 27980 28770 28944 28621 27966 27593 28008 30048 27653 26340 29234 28951 27864 28311 26620 27859 27107 26250 28879 26661 26297 29134 27016 26684 28032 27200 27514 27529 27785 28130 27787 27319 25563 26575 24017 26214 24667 26107 24491 25916 24632 25390 25570 26848 25846 25444 25483 24891 26245 25713 27190 27325 27713 24900 26319 25610 25712 27457 24501 24235 25559 24874 26743 25113 25178 25533 26026 24265 24459 25161 25973 25198 25229 27317 25956 27410 25047 25293 23030 25004 25030 24778 25551 23689 23741 25612 25073 25755 22527 24587 23918 24666 23727 23667 24868 23859 24009 24310 26231 25365 24266 23628 24225 24909 23775 23980 25550 23304 23667 23079 23889 24012 23069 25698 23966 23807 22281 23674 24780 23606 22961 22988 23970 25026 22863 24340 23953 24141 22114 22749 23632 22333 23499 23187 24389 22399 22768 21796 22984 22253 21904 23127 24220 22597 22950 21935 23167 23813 23588 22240 24482 21370 24460 23014 22347 22789 22330 22916 22476 22098 23526 24298 21386 21910 24362 22715 22058 22849 22938 23556 23348 22823 21730 22989 22360 24032 22860 24455 23247 22510 21512 20730 22376 18867 20790 21211 21693 21895 20707 21338 21826 20950 21915 21498 23040 21259 21828 20378 20516 21510 23958 20776 21433 20503 21582 20533 21717 20763 20529 21868 21391 20940 21370 21128 20681 20356 19150 20701 20858 20812 19585 21052 21212 20259 20804 20936 20827 20805 21931 22487 21045 19898 22491 20372 22166 20145 18043 19601 20725 20525 20859 18826 22452 19668 20012 21464 19610 19207 19920 19830 19396 18036 18536 20667 21249 20794 20564 20378 19942 19211 20458 21596 19694 19263 20469 18894 19196 19251 18415 17742 18577 18903 19395 20863 19016 21076 18942 21191 19981 19105 20432 19336 18467 19588 19037 19365 18547 20318 18962 17924 19806 19195 21384 19047 19592 19782 18329 19034 17931 19167 18470 18963 18669 19173 19505 18893 18828 18488 18696 17776 19101 19393 19083 18776 19150 19189 19023 18774 19830 19669 18878 18199 18397 18297 17390 18072 18973 17968 17862 18796 17473 17765 17707 17484 18879 18791 18003 18263 18330 18473 17859 17281 18782 18472 19156 17281 16411 18477 19204 19057 18251 19015 18730 18070 18060 19006 20638 18403 16900 16830 17365 17015 15591 16527 17017 18064 16621 18642 18674 16771 17087 17287 18156 18060 16982 16602 18103 18147 17206 17760 16290 16298 17192 16697 17771 17943 17832 17500 17318 18214 16254 16801 17008 16781 16100 16687 16456 18393 17083 17877 18119 17331 16647 16871 17099 16315 17501 18072 17312 17412 17998 18219 17358 16851 15542 17113 17581 17033 15580 17742 16764 17694 18168 16663 17739 18229 16128 15889 15383 15127 16570 15589 15752 17238 16211 15717 15948 14687 16591 16681 16089 17557 16846 16224 14687 16903 15931 15005 16083 15402 16528 15661 15283 16773 15060 17197 16372 16310 15226 16723 17703 15821 15918 15703 16165 16463 15156 15115 16188 16669 15039 16042 15394 14837 15032 14440 15314 15957 15148 15359 14551 15988 16035 15487 16052 16282 16139 15717 15386 16084 15285 15508 15318 15915 16099 15279 15964 15190 15803 15120 16542 13995 15351 14726 13642 14988 15729 15802 15692 14885 14771 15062 14651 15081 13973 15149 14023 15462 14679 14579 14870 15733 15314 15958 14961 15156 15599 15685 15065 15922 14750 14691 15669 16687 16195 14807 15820 15108 14912 16164 13839 15210 15191 14278 14542 14850 15381 13950 14067 14917 15405 14734 14566 14734 13557 16122 14569 14280 14500 14403 15761 13504 14409 13450 14283 14936 15056 15164 14675 15812 15266 13859 15840 14134 14129 12902 14348 14343 14440 14867 14352 13854 12450 14447 13507 13254 12414 13562 14003 13468 13382 13480 13853 13397 14582 13900 13237 13941 13481 14361 13647 14350 14394 13821 13537 15688 14244 14241 15096 13914 14554 13693 14235 13078 12634 14302 14447 13562 14113 14026 14104 14447 13566 13020 13944 13249 13372 13453 14176 15187 13884 13026 13155 13248 14305 12523 13039 13380 12450 13361 13553 14074 13891 13544 13158 13022 14062 13961 13547 13528 13177 12864 13881 13844 14304 12890 12729 13279 14182 13451 12926 14047 14304 13263 13875 13051 13716 13168 11854 12855 12368 13505 12728 11638 11502 11809 13831 13931 12281 12982 12021 13399 12404 13070 13708 12855 12111 12177 11602 11243 12067 11813 13192 11281 11994 12406 13201 11404 12455 12739 13658 12802 11855 13339 12972 12021 13878 12609 13558 13233 12543 11620 12819 12330 12514 12675 11701 13263 13124 11536 11688 12393 11723 12673 13046 12492 13229 12927 11916 12325 13481 11868 12162 12349 11344 11638 11248 11666 13160 12710 12286 12203 11806 11807 11799 12855 11760 12177 12471 12309 11523 12554 10911 11571 12202 12441 12386 12607 11839 12732 12546 11265 11363 11556 11593 11754 12361 11933 11932 11257 11160 11452 11966 11731 11838 11215 10180 13200 10946 10676 11929 11540 11836 11597 11223 11805 11821 11519 11654 11692 10716 10479 11634 11425 12160 11886 11244 12317 11743 12875 12121 12268 11886 12221 11039 12284 11469 12499 11436 10878 11512 13016 10713 12189 11311 11520 10580 10371 10325 11082 11289 11265 11875 12074 11666 10601 11811 11628 11191 12437 11608 10660 11798 11421 10512 11041 10573 11234 10968 11028 11037 10575 11973 11147 12023 11090 11658 12161 12098 11347 11092 10719 10633 11620 10900 11504 11465 10495 11369 11772 12199 11064 11401 10710 12102 11383 10478 9852 9490 10416 10704 10010 10349 10812 10310 10834 11086 11394 10059 10158 10298 11532 11292 10533 10773 9322 10773 11069 10636 11204 11332 10655 11051 10974 10401 10830 10863 10919 10667 10116 10972 10159 10709 10291 10580 10628 9409 9925 10866 11230 11520 10809 10570 8959 10037 9807 10617 10811 11611 10449 9887 10029 10452 10055 9666 10114 9598 9505 9529 11123 10688 11452 11645 10098 10274 10461 9986 9984 11281 10148 10930 9933 9940 10744 10403 10618 10379 9909 9912 10533 10604 10818 10703 10711 9446 10040 9976 9917 10127 9495 10602 10758 10584 10495 10213 10258 10129 11449 10864 9632 9675 10270 10163 9978 10108 10314 10630 10096 10442 10582 9198 10380 9252 9313 10200 9642 9226 9133 9655 8918 9510 9762 9169 9154 8834 9338 9570 9672 9816 9174 9748 9955 9796 9783 9713 9760 8840 9441 9824 9297 10307 9392 9448 9559 9341 9529 9358 9468 10288 9698 9347 9325 10398 10056 9858 9403 10284 9505 9309 9881 10009 9558 8535 9624 9073 9270 8726 9840 8759 9948 9252 9694 9243 9393 9225 9976 9140 8937 8958 9419 9253 9272 8905 9620 8814 9691 7908 9362 10017 8349 8422 8492 8691 9012 9452 8990 8700 9407 8774 8525 9578 10056 10036 9273 9490 8524 9759 8936 9469 9441 9165 10404 9014 9727 9342 8538 8891 9640 8887 8784 9448 9232 9540 9941 8971 9211 8926 9218 8942 9606 8427 9734 9214 8929 8970 9084 8881 9016 8851 9557 8368 8902 9028 9380 8639 8923 8158 8083 8338 8813 8616 9234 8809 8602 8363 8458 9408 7478 9065 8642 9407 9079 8758 8716 8778 9054 9963 7946 8863 8640 8081 8559 8821 8154 9489 9752 9423 8303 8897 8330 9192 9104 8876 8325 9293 8883 9495 8906 9370 8715 8534 8461 8699 8394 8896 8435 8864 9470 8956 9111 8462 8686 8353 8960 7667 9497 9238 7923 8345 8032 8385 8625 8403 8858 8135 8244 8428 8717 7839 8647 8392 8891 8264 8173 8083 8616 8601 7704 8033 7913 8017 8836 8212 8457 8827 8686 7829 8838 8610 7995 8649 7902 7750 8118 8282 7936 8541 9088 8069 8066 8551 8216 7693 8278 8066 7871 8469 8842 8809 8647 9058 9056 8737 8456 8347 8548 8531 8531 8163 8471 8309 8449 8596 7507 7615 7589 7564 7406 7886 7275 7547 7860 7719 8174 8048 7897 7006 8186 7438 8517 7248 7684 7944 6780 7369 7198 7675 7672 7441 8448 8284 7726 7046 7868 8043 7975 7259 7434 8674 7769 7636 7701 7239 7690 8307 7727 7102 7013 8818 6946 7733 7652 7553 7880 8129 7703 7516 7662 7595 7091 8024 8052 8144 7394 8006 7134 7507 8299 7245 7404 8286 7751 7759 7577 7696 7058 6599 8269 7299 7861 7651 7862 7645 7994 7183 7190 7093 8296 7905 6904 7626 8647 7670 7953 7076 7261 7449 7598 7133 7133 7037 7776 7184 7823 7295 7539 7174 7758 8227 7374 8007 7701 7313 7554 7091 7257 7390 7469 7417 7404 7226 8011 7350 7432 7242 7572 7232 6908 7005 7792 7251 6776 7074 7173 7988 7574 8074 7586 7389 8318 6975 7540 6788 7397 7450 7089 7269 6981 8032 7403 6941 7405 7787 7461 7752 7366 7691 7386 6702 6947 6922 7265 7146 7363 6669 6813 6546 6180 6677 6415 6987 7107 6815 7355 7253 7829 6786 6762 7062 7041 7117 6828 7127 6390 6743 7062 6590 7000 7054 7011 6493 6792 7174 6654 7147 7250 6452 7604 6995 7058 6844 7017 7037 7069 7593 7419 7318 6771 6840 7045 6691 6657 6571 7555 6760 6795 7240 6830 6570 6644 7323 6783 7715 6686 7398 7187 6723 7065 7394 6892 6715 7258 7225 7501 7288 7057 6915 6601 7101 6789 7157 6684 6726 6716 6509 6345 6380 6901 7037 6949 6393 6779 6678 6803 6595 6408 7332 6795 6041 7074 6849 6552 6908 6193 6411 6810 6360 6952 6755 7220 6782 6637 6187 6958 7387 6326 6921 7085 6491 6315 7010 6258 6378 7190 6407 5929 6350 7908 6269 6638 6903 6655 6099 6638 6320 6966 6583 6407 6607 6959 6426 7194 7013 6425 6617 6687 6701 7170 6509 6785 6601 7005 6989 7234 5737 7139 6359 6771 6765 6581 6781 6509 7137 6649 7030 6417 6818 6266 6978 6187 6570 6249 6349 6557 6563 6038 5872 6027 6436 6142 6740 6613 6142 5733 6518 7096 6222 6776 6403 5752 6320 6485 6060 6429 6255 6749 6091 6045 6564 6281 6070 5913 5184 6921 6207 6289 6919 6266 6910 6434 6469 6221 6919 5934 6927 5629 6075 5621 6131 6587 5342 5992 6037 6122 6662 5922 5818 6941 6029 6289 6424 6386 6198 6622 6012 6152 6505 6459 6097 6354 6178 6717 6766 6728 6580 6597 6238 6386 6521 6404 5500 6388 6309 5872 6606 5792 6088 6611 7039 6138 5962 6086 6488 6518 6384 6283 6346 6496 5533 5525 5224 5416 6510 6645 6262 5816 6390 6661 5840 6213 6400 5737 5799 5647 6458 5829 5753 5768 6173 5932 5572 6005 5488 6369 6151 5982 6134 6059 5435 5623 5708 6174 6572 6510 5983 6409 6366 6352 5480 6164 6155 5940 5987 6212 5411 5844 5853 6220 5300 6035 6145 6094 5966 5610 5443 5677 6126 5787 5859 6022 6167 5967 6004 6006 5599 6025 6055 6525 5832 5854 5628 5607 5983 5263 6105 6199 6051 6253 6166 6026 5041 6036 5758 5991 5307 5905 6352 6401 6035 5587 5735 5793 5697 6741 6218 6078 5536 5205 5673 5892 5721 5802 5420 5485 5234 5687 5062 5328 5378 4935 5674 5133 5822 5522 4720 5322 5553 5538 4917 5102 5819 5923 5494 5182 5248 5446 5138 4714 5865 5528 5423 6069 5254 5222 5011 5251 4968 5819 5155 5319 5807 4720 5737 5024 5888 5579 5894 5270 5057 5846 5969 5115 5359 5737 5352 5442 5202 5333 5469 5443 5572 5577 5653 5076 5388 5790 5235 5439 5056 5428 5835 5330 5876 4647 5429 5519 5255 5419 6420 5058 5096 6094 5733 4992 5410 5255 4864 5204 4894 5449 5192 5117 5644 5414 5670 5178 5201 5048 5283 5720 5172 5630 5552 5757 5245 5596 5023 5604 5822 5340 5231 5233 5463 5142 5117 5247 4962 5563 5313 4773 4956 4806 5207 4972 5012 4670 5332 5201 5504 5419 5345 5459 5940 5080 5295 5331 5092 5676 4585 4976 4650 5014 5082 5421 5374 5316 5382 5307 5352 5378 5169 4994 4712 5340 5283 5184 5224 5666 5307 4947 5380 5639 5325 5014 5018 4559 5615 4849 5552 5040 5598 5158 5173 5154 5498 5133 4935 5204 5556 5560 5509 5523 5351 5293 4825 5034 4835 5326 5451 5495 5608 4918 4931 5465 5336 4979 5541 5178 5462 5151 5377 5177 5360 5492 5343 5658 5514 5344 5199 5222 5216 4912 5475 5101 5315 5186 4984 5396 5768 4529 4390 4344 4840 4710 4482 4084 4699 4856 4542 4682 4779 4573 4426 4733 4356 5061 5222 4692 4707 4948 4739 4484 4985 4334 5460 4793 4707 5039 5627 4636 4823 4770 4630 4169 4746 4681 4639 4907 4424 4353 4745 4842 4690 4922 5069 5101 4127 4168 4222 5073 4780 4525 4519 4779 5108 4596 4236 4613 4935 4928 4733 4813 4552 4764 4606 4652 5103 4613 4737 4819 4937 4514 5111 4073 4579 4516 4618 4366 5168 4045 4763 4765 4983 4835 4751 4836 4667 4646 4594 4994 4418 4277 4894 4849 4747 4705 4535 4712 4748 4018 4874 4945 5174 4593 4708 4699 5034 4524 4928 5083 5017 4497 4524 4349 4262 4992 4223 4709 4211 4341 4780 4792 4101 4319 4370 4930 4586 4615 4533 4461 4472 4475 4530 4219 4103 4955 4133 4437 4507 4311 4535 4244 4661 4510 4301 4518 4505 4375 4349 4859 4304 4302 4578 4049 4301 4695 4482 4384 4641 4330 4129 4110 3718 4879 4459 4454 4664 4412 4612 4576 4602 5035 4647 4674 4677 4480 4253 4713 4293 4207 4822 4437 5111 4942 4593 4603 4523 4145 4553 5267 4651 4746 4433 4539 4416 4535 4112 4380 4589 4265 4887 4308 4233 4656 4771 4302 4565 4437 4191 4739 4646 3941 4683 3929 4153 4611 4461 4320 4667 4491 4502 4697 4727 4611 4435 4009 3917 4584 4665 4197 4006 4603 3787 4750 4103 4902 4001 4635 4836 4146 4557 4223 4424 4251 4350 4521 4169 4226 4416 4206 4042 4087 4327 4471 3867 4144 4163 4136 4054 3480 4282 4240 3681 4275 4217 3939 3832 4672 4091 4063 4259 3883 4106 4421 4284 3768 3991 4014 3660 4061 3902 3911 4179 4056 3895 4293 3607 4003 4226 4139 4197 4286 4034 3800 3804 3488 4056 4289 4006 4230 3398 4680 4383 3610 4212 4578 3803 3858 4119 3650 3803 4665 4080 3929 3893 4336 3888 3993 4290 3910 4751 4516 3968 4344 4049 4162 3985 4001 4165 4594 4231 4233 4074 3499 4006 4069 4264 4224 4479 4253 3868 4019 4107 4255 3604 3699 4340 4273 4093 4140 3818 4070 4033 4071 4058 3578 4254 3883 3694 3783 4162 4242 4223 4189 3943 4221 3968 3962 3815 4017 4450 4027 3906 4018 3942 4207 4323 3767 4063 4455 4322 3919 3794 4035 4019 4159 4161 4060 3892 4003 4205 4245 3750 4249 4010 4433 4037 4200 4079 4228 3973 3959 3843 4096 3815 3833 4289 3842 4028 4039 3661 4124 3811 3390 3844 4059 3549 3741 3615 3678 3604 3852 4126 3921 4437 4004 3712 3907 4219 3853 3778 3868 3865 4345 3651 4396 3744 4109 4193 4019 3842 4141 4224 3724 4129 3735 3919 3825 3989 4250 3692 4045 3564 3868 3703 3697 4166 3708 3960 4033 3547 4137 4279 3880 3915 4082 3703 3942 3878 3851 4011 4302 3678 4211 3951 3831 3735 4161 3954 3909 4036 3848 3740 3712 4342 3531 4405 3696 3537 4040 3770 3749 4440 4281 3769 3350 3814 3851 3939 3399 3995 4058 3702 4045 3946 3624 4024 3931 3812 3990 3901 4268 3988 3608 4026 4113 3786 4393 3585 3764 3813 3710 3788 3763 4192 3776 3756 3824 4123 3624 4305 3678 3766 3805 3834 4163 4268 3743 4097 4075 3957 4143 4049 3602 3945 3934 4127 3807 3891 4052 3812 3396 3470 3871 3489 3377 3513 4250 3546 3560 3512 3698 3318 3511 3344 3359 3535 3074 3638 4005 3473 3346 3420 3396 3458 3693 3051 3261 3443 3326 3434 3465 3494 3345 3668 3598 3563 3244 3278 3411 3887 3498 3221 3562 3451 3391 3434 3522 3216 4038 3428 3808 3690 3556 3629 2872 3403 3703 3400 3472 3134 2605 3133 3501 4183 3251 2892 3554 3836 3778 3385 3191 3260 3474 3263 3201 3185 2990 3239 3499 3617 3541 3659 3570 3591 3490 3488 3553 3409 3635 3428 3428 3001 3351 3599 3773 3671 3981 3115 3795 3654 3444 3339 3664 3578 3177 3528 3766 3336 3151 3445 3410 3395 3505 3768 3012 3361 3225 3440 3476 3536 3284 3921 3746 3433 3708 3303 3486 3736 3194 3777 3198 3503 3458 3514 3415 3618 3326 3710 3480 3707 3004 3317 3601 3487 3674 3255 3696 3376 3296 3855 3465 3770 3527 3671 3314 3319 3759 3215 3359 3311 3444 3527 3388 3301 3363 3338 3098 3181 3234 3366 3255 3499 3273 3423 3357 3264 3443 3880 3188 3480 3718 3332 2956 3113 3100 3206 3166 3773 3366 3522 2897 3246 3572 3066 3622 2963 3211 3265 3475 3295 3163 3212 3345 2961 3528 3223 3443 3275 3248 3335 3182 3392 3146 3507 3522 3530 3464 3603 3560 3357 3296 3232 3025 3613 3243 3202 3233 3322 3605 3606 3101 3397 3251 3335 3307 3213 3724 3762 3209 3295 3259 3214 2998 3211 3359 3493 3323 3326 3748 3280 3172 3334 3392 3493 3646 3265 3000 3379 3350 3393 3331 3722 3584 3552 3619 3106 3169 2805 2935 2983 3335 3743 3119 3310 3154 2966 3610 3312 3418 2981 3334 3770 3185 3275 3616 3547 3497 3954 3151 3131 3490 3044 3396 3024 3746 3152 3471 3265 3125 3313 3268 2908 3192 3743 2796 3016 3143 3283 3166 3270 3020 3689 3306 2923 3637 3330 3357 3187 3095 3677 3606 3393 3630 3442 3748 3277 3363 3194 3282 3179 3335 3377 3350 3495 3112 3259 3137 3331 3336 3058 3699 2846 2919 3271 3196 2828 3073 2882 2916 3227 2781 2721 3080 3207 2652 2943 2840 2572 2983 3030 2722 2924 3134 2824 2871 3118 3041 2866 2540 2672 2661 3099 2494 2888 2782 2977 2510 2901 2895 3535 2826 2747 3173 2774 2621 2996 2796 2794 3019 2781 2658 2976 2834 2738 2974 3064 3294 3003 2907 3106 3100 2748 2806 3079 2832 2868 2513 2830 2799 3277 2887 3011 3076 3022 2944 2887 2961 2951 2911 2691 2920 3096 2798 2522 3031 2763 3273 3055 3087 2732 2915 2885 3025 3170 3005 2919 2618 3483 2874 2885 2552 2522 3153 2856 2896 3067 2747 3035 3020 2932 2811 3401 2856 2788 3051 3104 2979 3048 3002 2856 2795 2665 2937 3215 2855 2737 3266 2999 2741 2536 2734 2749 2817 3151 2799 2448 2929 2448 3132 2986 2732 2607 2898 3171 2762 2876 2741 2620 2518 2755 2772 3057 3026 2722 3088 2651 3344 2974 2846 2994 2880 2485 2979 2913 2778 2799 3172 3053 3002 2908 3075 3120 2699 2920 2932 2897 2808 2906 2863 3026 2959 3488 2722 2984 2730 2954 2818 3067 3118 2860 3129 2999 3308 3157 2756 3144 3332 2747 2738 2813 2895 3031 3004 2538 2878 2982 2565 2996 3153 2632 2818 2312 2738 2712 2618 2580 2590 2332 2625 2741 2686 2345 2859 2999 2772 2948 2630 2659 2792 2706 2637 2761 2467 2743 2808 2860 2673 2840 2735 2800 2492 2711 3052 2558 2962 2702 2556 2606 2465 2921 2892 2539 2864 2578 2640 2982 2396 2653 2866 2680 2737 2828 2930 2646 2914 2818 2577 2673 3138 2600 2599 2588 2639 2685 2605 2858 2744 2709 2459 2719 2918 2566 3067 2743 2334 2583 2832 2489 2901 2771 2749 2779 2707 2488 2874 2564 2916 2752 2644 2805 2633 2625 2545 2678 2878 2713 2621 2807 2928 2895 2631 2614 2779 2678 2695 2428 2891 2392 2727 2783 2651 2575 2883 2868 2882 2581 2617 2703 2814 2744 2852 2891 2642 2823 3170 2621 2684 2928 2454 2665 2680 2911 2797 2724 2781 2821 2844 2645 2473 2557 2664 2912 2677 2720 2528 2605 2736 3042 2483 2783 2397 2766 2491 2887 3108 2689 2640 2772 2573 2800 3077 2970 2846 2948 2822 2655 2801 2450 2799 2787 2755 2554 2967 2523 2786 2930 2738 2693 2649 3047 2706 2774 2808 2731 2686 2712 2517 2937 2449 3012 3072 3001 2808 2719 2601 2632 2886 2593 2923 2861 2510 2718 2487 2810 2985 3202 2633 2709 2591 2637 2738 2522 2332 2390 2517 2456 2660 2828 2595 2597 2478 2290 2371 2408 2432 2531 2393 2542 2607 2338 2516 2722 2412 2557 2480 2498 2388 2515 2043 2459 2393 2562 2394 2579 2269 2550 2400 2359 2141 2580 2321 2503 2357 2325 2475 2692 2426 2276 2641 2595 2459 2509 2694 2173 2424 2442 2286 2598 2597 2512 2508 2507 2497 2556 2260 2696 2643 2489 2314 2344 2345 2428 2161 2702 2875 2374 2486 2478 2318 2564 2331 2538 2495 2552 2489 2394 2427 2842 2611 2477 2729 2294 2571 2574 2532 2570 2184 2354 2170 2528 2230 2521 2755 2575 2432 2603 2411 2475 2575 2332 2494 2714 2566 2367 2291 2238 2384 2907 2179 2302 2392 2474 2139 2409 2461 2305 2421 2832 2641 2557 2514 2733 2347 2188 2345 2295 2506 2674 2707 2425 2673 2546 2447 2554 2583 2456 2479 2343 2338 2252 2408 2542 2487 2168 2427 2688 2289 2329 2646 2391 2504 2536 2274 2382 2254 2783 2289 2343 2234 2560 2486 2250 2606 2528 2277 2424 2370 2175 2203 2725 2570 2144 2554 2538 2455 2261 2577 2431 2417 2462 2285 2262 2636 2486 2820 2640 2246 2391 2615 2190 2583 2400 2392 2418 2672 2367 2349 2690 2441 2124 2322 2546 2383 2427 2059 2415 2352 2590 2428 2743 2429 2512 2269 2223 2613 2448 2272 2599 2216 2315 2440 2366 2318 2292 2329 2359 2152 2432 2657 2423 2276 2428 2197 2137 2508 2598 2491 2253 2374 2411 2172 2312 2245 2415 2384 2354 2309 2405 2352 2422 2505 2520 2336 2348 2546 2015 2331 2205 2525 2142 2417 1807 2354 2390 2370 2253 2381 2104 2134 2322 2450 2299 2285 2306 2451 2360 2170 2293 2313 2569 2118 2246 2400 2524 2289 2063 2216 2042 2346 2309 2343 2750 2326 2321 2208 2283 2312 2329 2418 2293 2503 2679 2268 2140 2080 2342 2035 2417 2471 2571 2444 2788 2211 2331 2469 2366 2233 2414 2270 2265 2046 2062 2351 2388 2145 2179 2360 2185 2344 2655 2632 2380 2144 2500 2226 2424 2405 2431 2530 2287 2463 2255 2144 2446 2517 2198 2419 2397 2334 2362 2504 2318 2505 2337 2304 2233 2337 2184 2249 2546 2407 2280 1951 2549 2105 2210 2360 2515 2409 2538 2497 2146 2499 2303 2582 2305 2060 2472 2405 2289 2500 2072 2007 2402 2329 2117 2313 2080 2360 2193 2362 2376 2647 2298 2322 2056 2358 2315 2288 2509 2288 2603 1937 1866 2297 2365 2337 2348 2196 2302 2176 2168 2032 2275 1777 2406 2212 2295 2368 2199 2092 2375 2286 1932 2110 2435 2247 2268 2651 2179 2463 2524 2529 2304 2452 2370 2316 2397 2381 2587 2642 2448 2502 2184 2420 2250 2449 2113 2341 2499 2176 1915 2119 2557 2503 2117 2249 2247 2449 2006 2004 2341 2147 2620 2249 2398 2593 2248 2259 2447 2371 2517 2198 2404 2321 2487 2059 2278 2082 2214 2226 2387 2214 2333 2247 2366 2257 2447 2475 2524 1925 2368 2116 1877 1917 1992 1832 1905 1920 2152 2059 1975 2011 1568 1759 2005 2141 1959 1981 2031 2064 2078 1900 1851 2086 1672 2031 1924 1939 1772 2144 2051 1761 1961 2120 1991 2092 2128 2099 1672 1998 2340 1828 1855 1867 1852 1717 1793 2318 2104 2134 2071 1767 1859 2218 2010 1812 1992 1972 2127 2207 2366 2098 1908 2230 1770 2129 2006 2056 2002 1990 1519 2124 2244 1768 2210 2016 1968 2170 1941 1878 1911 2004 1783 2126 1907 1961 1978 1808 1882 1740 1743 1926 2161 1885 1990 1728 2035 1774 2095 1872 1851 1840 1953 1873 2068 2113 2044 2001 1887 2033 2198 1901 1959 1954 2184 1997 2062 1990 2247 2055 2144 2179 2130 1983 1905 1872 1981 1977 2159 1839 2084 1907 1867 2091 1830 2083 2241 1990 1830 1717 2319 1842 2026 2079 1893 1952 2173 2133 1806 2352 1896 1779 2079 1938 1933 2157 1866 1961 2021 1962 1894 1895 1803 1857 2273 2107 1964 1954 1749 1962 1832 2095 2111 1712 2006 1873 1981 2207 1695 1968 1940 2119 2117 2161 1812 1989 2178 2208 1817 2114 2091 2090 1960 1784 2040 1804 1970 1917 1971 1963 2159 1994 1910 2108 1876 1900 1989 1847 1888 2040 1950 1977 1807 2161 1924 2099 1832 1768 1982 2146 1726 2179 1849 2091 2041 1747 2010 1777 1922 1920 1916 2128 1797 2159 2061 1867 1796 2220 2034 1911 2186 1978 1952 1748 2030 1786 2142 1998 2084 1860 1983 2116 1749 2140 1979 1812 2013 2118 1875 1971 1896 1673 2018 1966 2252 1883 1925 2108 1869 1831 2049 1954 1898 2034 1953 1827 1893 1985 1909 1945 2063 1818 1909 1905 1930 1996 1629 2075 1844 2126 1775 1827 2076 1934 1912 1851 2005 1823 2128 2061 1632 1860 1918 1978 1886 1945 1643 1642 1824 1885 1668 1794 1887 1799 1692 1816 1735 1916 1818 1794 2071 2000 1853 1926 1807 1860 1869 1820 1799 1966 1635 1997 1939 1858 1870 1874 1856 1706 1966 1932 1725 2196 1845 1998 1966 2019 1706 1928 2048 1871 1777 1923 2003 2158 2034 1794 2045 1859 1690 1650 1818 1784 1963 1935 1877 1972 1801 1831 1767 1795 1883 1703 1468 1693 1917 1937 1691 1729 1833 1837 2007 1989 1760 1954 1758 1849 1986 1836 1677 2049 1681 1624 1912 2248 1797 1590 1897 1801 1682 1832 1629 1881 1827 1450 1762 1876 1809 1856 1827 1864 2010 1729 1784 1892 1724 1686 1752 1941 1577 1838 1836 2023 1729 1843 1960 2001 1713 2196 1631 1710 1630 1862 1837 1736 1941 1742 1595 1491 1831 1618 1694 1908 1730 1890 1878 1918 1979 1647 1795 2049 1834 1758 1892 1942 1823 1728 1735 1641 1701 1661 1791 1808 2122 1721 1971 1714 1600 1903 2082 1986 1735 1858 1704 2006 1772 1969 1829 1798 1827 1812 1606 1709 2014 1794 1999 1815 1933 1801 1825 1854 1875 1717 1662 2017 1711 1959 2012 1834 1845 1888 1850 1608 2033 1875 1930 1909 1952 1839 1908 1714 1922 1872 1888 2016 2015 1777 2017 1782 1521 1949 1871 1900 1832 1740 1943 2057 1633 1817 1760 1723 1736 1628 1847 1813 1741 1646 1956 1818 1769 1616 1931 1801 1948 1703 1753 2087 1905 1717 1990 1862 1887 1957 1843 1857 1728 1872 1963 1685 1798 1748 1740 1809 1762 1829 1771 2203 1962 1862 1708 2057 1934 1980 1885 1819 1831 1827 1802 1518 1832 1742 1853 1786 2013 1804 1797 1876 1700 1746 1758 1934 1671 1683 1763 1943 1857 1979 1927 1816 1923 1998 2112 1799 1783 2041 2006 1755 2061 1648 1961 1799 1852 1879 1914 1950 1819 1842 1868 1661 1973 1904 1744 1565 1511 1380 1617 1554 1433 1394 1631 1372 1571 1443 1543 1580 1540 1439 1615 1566 1445 1860 1393 1511 1567 1536 1626 1579 1684 1401 1408 1649 1693 1463 1598 1519 1330 1685 1761 1713 1661 1483 1508 1505 1788 1586 1503 1569 1631 1586 1618 1634 1707 1624 1713 1693 1593 1576 1472 1454 1431 1547 1362 1609 1468 1568 1681 1650 1590 1593 1317 1452 1609 1436 1719 1441 1832 1720 1512 1525 1441 1771 1434 1389 1379 1550 1558 1548 1524 1493 1424 1596 1480 1652 1708 1604 1644 1541 1459 1322 1676 1761 1849 1644 1488 1576 1517 1568 1648 1488 1426 1497 1591 1556 1555 1508 1599 1627 1678 1357 1404 1446 1643 1405 1731 1514 1369 1495 1502 1689 1450 1615 1643 1419 1581 1636 1549 1365 1671 1335 1605 1383 1644 1791 1507 1472 1736 1582 1326 1689 1871 1598 1498 1478 1455 1495 1657 1541 1447 1576 1645 1399 1398 1615 1656 1582 1549 1387 1593 1573 1379 1584 1547 1497 1588 1704 1670 1803 1350 1642 1446 1532 1588 1430 1753 1614 1636 1405 1482 1491 1518 1632 1646 1463 1583 1819 1740 1635 1427 1532 1849 1584 1615 1417 1358 1700 1624 1597 1795 1446 1564 1704 1374 1701 1699 1326 1496 1554 1428 1269 1661 1696 1494 1399 1359 1330 1408 1653 1623 1333 1706 1536 1589 1595 1460 1436 1635 1522 1429 1565 1692 1677 1531 1773 1550 1436 1711 1545 1760 1484 1600 1633 1763 1544 1581 1478 1619 1328 1423 1385 1295 1475 1556 1380 1686 1305 1376 1545 1587 1618 1229 1448 1500 1518 1496 1672 1354 1487 1698 1332 1501 1505 1453 1472 1658 1686 1467 1550 1715 1504 1489 1663 1596 1611 1665 1523 1382 1652 1545 1472 1586 1230 1481 1620 1649 1219 1652 1355 1585 1577 1457 1460 1420 1462 1494 1795 1596 1566 1533 1820 1300 1513 1476 1518 1750 1462 1422 1500 1391 1554 1576 1643 1551 1639 1555 1686 1729 1436 1428 1496 1493 1754 1580 1517 1573 1492 1483 1509 1736 1600 1437 1431 1344 1527 1603 1510 1641 1545 1361 1525 1421 1644 1682 1590 1780 1788 1622 1533 1564 1469 1583 1239 1352 1349 1542 1302 1230 1439 1328 1381 1354 1337 1167 1241 1380 1337 1475 1554 1323 1523 1506 1460 1451 1485 1428 1456 1456 1504 1320 1299 1413 1419 1517 1376 1196 1518 1341 1384 1428 1308 1203 1403 1551 1440 1219 1414 1171 1400 1499 1511 1427 1351 1288 1234 1329 1345 1579 1361 1409 1508 1379 1485 1370 1475 1482 1378 1338 1487 1289 1324 1163 1601 1389 1538 1461 1442 1644 1326 1405 1299 1435 1474 1421 1264 1476 1410 1294 1229 1358 1351 1450 1460 1331 1464 1401 1367 1256 1467 1322 1400 1419 1459 1249 1532 1635 1187 1272 1490 1558 1261 1239 1101 1347 1283 1599 1304 1141 1358 1419 1450 1314 1326 1279 1374 1255 1346 1301 1482 1376 1293 1513 1549 1323 1364 1261 1189 1281 1411 1362 1400 1504 1241 1331 1250 1353 1253 1255 1544 1408 1260 1362 1495 1281 1350 1386 1363 1494 1328 1599 1593 1401 1677 1376 1512 1448 1415 1475 1457 1183 1443 1360 1592 1446 1326 1375 1422 1126 1506 1320 1455 1280 1376 1506 1477 1466 1371 1416 1472 1279 1232 1346 1351 1292 1415 1020 1380 1474 1216 1403 1268 1260 1261 1375 1456 1410 1181 1563 1435 1481 1293 1490 1427 1409 1561 1500 1237 1331 1297 1440 1537 1433 1454 1390 1288 1426 1397 1333 1438 1405 1517 1242 1456 1220 1367 1565 1334 1286 1134 1460 1463 1300 1389 1409 1482 1462 1402 1408 1234 1410 1272 1486 1360 1494 1372 1428 1280 1337 1341 1175 1328 1275 1291 1342 1268 1153 1312 1366 1400 1371 1305 1346 1450 1554 1355 1382 1333 1380 1536 1421 1565 1315 1478 1262 1254 1435 1335 1447 1564 1375 1199 1384 1305 1196 1326 1554 1446 1272 1290 1494 1364 1358 1449 1492 1330 1389 1336 1345 1580 1411 1447 1531 1380 1326 1616 1369 1598 1465 1302 1393 1238 1401 1309 1274 1272 1392 1391 1444 1319 1247 1285 1409 1450 1357 1498 1335 1472 1405 1485 1288 1384 1565 1444 1415 1291 1507 1624 1250 1371 1331 1363 1516 1458 1403 1401 1452 1436 1006 1361 1447 1270 1414 1609 1378 1340 1453 1430 1461 1290 1443 1418 1199 1367 1349 1371 1445 1399 1471 1390 1546 1241 1314 1245 1195 1610 1316 1195 1258 1361 1314 1183 1568 1299 1461 1481 1474 1333 1357 1263 1355 1295 1163 1475 1385 1463 1231 1136 1530 1387 1344 1386 1373 1522 1370 1314 1448 1265 1398 1140 1118 1426 1459 1162 1116 1075 1122 1158 1345 1139 1386 1183 1212 1216 1317 1320 1375 1209 1171 1249 1102 1063 1267 1263 1124 1016 1242 1083 980 1226 1184 1298 1158 1342 1088 1354 1192 1316 1132 1213 1127 1218 1350 1514 1161 1279 1063 1390 1391 1105 1160 1308 1133 1338 1316 1330 1379 1389 1220 1245 1233 1367 1282 1422 1344 1195 1194 1262 1127 1196 1115 1267 1070 1327 1159 1384 1094 1055 1224 1212 1264 1332 1275 1196 1305 1044 1258 1260 1158 1101 1336 1292 1026 1311 1159 1305 1135 1211 1279 1416 1302 1048 1240 1331 1180 1157 1159 1173 1357 1226 1157 1402 1252 1308 1404 1290 1184 1298 1151 1130 1088 1355 1062 1260 1244 1296 1103 1312 1326 1313 1173 1226 1095 1273 1286 1213 1246 1249 1328 1225 1399 1049 1155 1250 1254 1460 1109 1110 1332 1439 1239 1195 1211 1113 1370 1065 1133 1355 1081 1220 1112 1165 1248 1261 1206 1326 1079 1195 1191 1329 1237 1176 1267 1152 1095 1242 1115 1201 1545 1314 1118 1250 1264 1241 1243 1057 1239 1240 1337 1268 1279 1332 1344 987 1124 1263 1170 1195 1118 1333 1193 1238 1390 1173 1246 1220 1260 1281 1301 1282 1627 1245 1216 1146 995 1313 1123 1276 1035 1161 1111 1257 1274 1262 1263 1288 1116 1276 1323 1433 1135 1347 1119 1289 1238 1088 1231 1357 1246 1108 1134 1220 1064 1265 1182 1162 1141 1257 1181 1334 1294 1222 1120 1242 1134 1247 1264 1282 1240 1104 1317 1137 1391 1239 1254 1138 1349 1206 1292 1317 1239 1218 1238 1335 1170 1145 1227 1277 1115 1063 1254 1325 1329 1305 1147 1313 1345 1045 1208 1358 1321 1134 1284 1253 1083 1206 1154 1195 1143 1155 1085 1232 1257 1156 1081 1389 1416 1415 1199 1314 1181 1264 1309 1019 1236 1168 1132 1205 1098 1128 1296 1315 1327 1239 1122 1426 1112 1205 1195 1203 1349 1198 1178 983 1053 1206 1366 1328 1399 1166 1219 1179 1179 1219 1274 1296 1151 1504 1299 1145 1202 1305 1053 1291 1157 1310 1190 1376 1353 1143 1170 1187 1364 1196 1382 1072 1320 1103 1372 1467 1287 1382 1337 1291 1262 1241 1205 1300 1160 1235 1239 1336 1282 1199 1168 1239 1204 1183 1253 1202 1107 1188 1276 1196 1227 1124 1167 1166 1152 1454 1299 1173 1338 1208 1120 1118 1103 1130 1103 1116 1210 1083 1315 1262 1145 1228 1010 1163 1233 1188 1301 1085 1275 1198 1114 1206 1287 1097 1164 1129 1116 1449 1345 1178 1173 1155 1326 1238 1136 1339 1160 1244 1476 1289 1324 1337 1144 1371 1346 1217 1485 1027 1174 1147 1168 1232 1255 998 1391 1317 1205 1260 1176 1163 1165 1185 1379 1301 1030 1307 1209 1324 1255 1286 1226 1023 969 1231 1100 1103 1023 1143 1000 1147 1062 1079 1055 1152 1062 1003 1055 1030 954 881 1075 1036 1123 1103 994 1132 1163 1254 1006 1104 995 1137 1144 1078 1256 960 1004 1023 1191 1234 949 1294 1101 1068 1156 1216 1056 1191 936 1140 1111 1152 1252 919 1198 1209 1142 1167 1170 1056 1073 1053 1071 1094 1080 1073 999 1024 1151 1026 1094 1042 1195 1079 1063 1088 1006 986 1006 1013 1057 1086 1051 1104 1365 1112 1006 1163 1079 1116 1166 1152 1165 1057 1267 1083 1136 1192 1163 1252 1097 1156 1067 1059 1160 1091 1095 1150 1150 1287 1086 1169 1145 1056 1055 1069 960 1143 1151 1082 1182 1272 1247 1055 1175 1014 1029 956 1105 1072 1108 1128 1011 1170 1009 1055 1229 1061 1088 1099 1192 1031 905 1085 1154 998 977 1092 1135 1112 1125 1050 1191 1067 1084 1225 1106 1228 1261 1077 1067 1096 1143 1176 1018 1063 1272 983 986 1077 1203 1040 1137 1126 1037 1091 1157 1200 1115 892 870 1305 1162 1151 1024 1259 1229 998 1063 1118 1125 1015 998 1219 1090 1235 1069 1310 1093 1009 1245 1136 1186 1113 1159 992 1101 1156 1007 1134 1082 1165 1271 1135 1257 1020 1010 1050 1054 1340 1194 1210 954 1021 1148 1221 1021 1146 1202 1208 1026 1119 1199 1016 1215 987 1008 1066 1012 1141 1237 1150 1203 1172 1096 1233 1079 1112 1250 930 1028 1091 1075 1172 1081 947 867 1225 1021 1161 992 965 960 1069 1244 1044 1083 1286 1184 1210 1118 1181 1108 1032 1004 1052 1011 1126 1137 1243 1184 1064 1102 1131 1128 1165 1091 1181 995 1123 1059 1312 1164 1163 1278 1170 1182 1111 1105 1201 1078 1058 1133 1000 1328 1160 1312 1221 1004 1128 1063 1167 1143 1118 919 1147 1177 1226 1067 1097 1100 1091 1053 1093 1081 1034 985 1032 1074 1069 1064 1284 1137 1056 1129 1098 1092 1062 1002 1257 1017 1080 1086 1131 983 1027 1032 1013 1058 1094 1172 897 1023 1184 1077 1178 1168 1123 1037 1125 1279 1182 1110 901 951 1360 1037 1175 955 1085 927 998 1003 1143 1208 1150 974 1061 1053 1078 1159 1175 1025 1138 970 1191 953 1140 1120 972 959 1070 1114 1073 1206 985 1010 1078 1266 1024 1112 1111 936 1111 1077 1146 952 1136 1149 1008 1110 1148 1169 1188 1016 1174 1170 1138 1082 1121 1185 1019 1052 1082 1076 1137 889 1088 1051 1025 1248 1209 1168 1104 1159 1195 1050 1071 1073 1220 927 1280 1026 1075 987 1044 898 1170 960 936 1251 1171 1085 1055 1068 1180 1159 1048 1102 1103 1224 1027 1160 976 1035 1071 1123 1177 1098 1154 1065 1096 1059 1238 896 1216 1136 1062 1073 1217 982 1403 1139 1302 1151 1004 1100 1227 1041 1061 958 1036 1041 1109 1063 942 1095 1033 1163 1174 1116 1142 1167 1287 1022 1053 1208 931 1113 1165 1105 1191 1058 1046 1162 1172 1145 1293 1056 1023 1074 956 993 1191 1110 1074 1040 1070 1280 1090 1105 1158 1090 1023 1199 1064 1063 1104 1099 878 1059 1135 1118 1117 1039 919 972 1127 1139 1227 1007 1087 820 984 1028 784 915 793 939 919 890 834 937 846 864 962 952 946 892 876 898 924 840 851 875 743 882 897 791 954 803 982 1026 901 886 755 744 932 1037 828 860 872 950 912 797 922 845 802 848 1031 904 942 769 847 880 807 1006 913 914 882 843 868 844 931 875 993 936 933 908 636 837 876 1005 834 906 991 809 858 990 815 977 935 1075 879 885 807 951 959 841 865 806 843 807 823 901 695 948 910 914 851 936 918 843 920 875 855 851 811 864 815 964 1024 809 862 802 813 812 780 882 1051 955 880 883 919 862 914 975 762 797 888 874 920 946 821 925 934 828 776 1067 843 888 1031 738 805 873 886 952 938 1005 765 895 716 774 913 949 850 971 1048 873 1000 942 897 963 959 874 911 754 850 855 966 804 901 871 811 839 809 854 822 732 1073 981 878 789 794 729 828 1013 782 803 834 776 879 903 852 861 897 963 938 727 811 825 878 833 787 872 772 767 779 784 920 796 803 935 914 870 896 1021 831 757 931 1018 732 884 942 846 861 929 938 767 940 949 883 992 1013 808 839 858 834 809 923 783 822 958 873 870 916 933 845 799 938 873 1070 702 968 830 906 926 1004 823 981 912 962 937 859 955 1000 974 967 836 985 943 770 927 884 960 786 896 885 969 847 936 864 898 888 1051 749 990 727 725 998 897 783 886 847 889 938 753 989 914 810 1035 871 902 922 911 821 840 982 702 847 728 797 902 919 988 817 863 998 879 952 850 882 929 891 753 926 1040 787 919 805 905 869 826 795 898 795 895 902 912 915 856 844 773 759 769 936 1015 956 1022 905 1049 912 1041 779 765 731 827 836 945 934 771 851 857 795 842 998 872 991 837 991 942 852 895 817 1007 935 840 814 892 860 876 963 855 929 879 861 903 876 1019 908 780 781 776 867 967 794 764 875 873 1016 806 916 849 945 893 819 1040 1015 945 901 1055 1028 895 815 849 1025 946 948 752 812 854 946 938 902 925 876 916 855 855 830 716 941 941 942 900 934 893 936 784 873 733 1097 882 892 921 741 862 930 883 844 735 917 803 952 777 789 862 939 902 1041 811 784 851 867 841 1015 808 928 872 819 919 933 892 916 883 918 932 748 895 774 934 820 923 1000 616 956 948 922 875 852 810 914 793 897 837 929 822 822 1025 978 827 843 1057 918 801 749 956 892 915 863 892 945 855 818 790 1006 714 887 859 913 847 992 1020 888 851 948 848 820 830 825 841 921 826 789 758 911 876 849 851 720 853 724 949 833 868 890 903 781 952 855 904 818 1146 909 861 778 905 865 894 817 790 1051 812 810 888 828 786 856 1050 965 817 984 1000 862 813 809 891 994 918 903 851 1036 778 870 994 861 843 858 950 809 787 953 846 910 981 1003 826 872 863 845 998 945 895 720 794 943 929 862 1073 910 868 885 980 913 867 816 1100 819 990 939 956 863 949 806 828 960 858 868 804 834 917 865 952 732 831 770 738 879 917 829 870 941 817 754 758 862 762 800 860 836 771 742 900 945 866 848 927 845 808 801 824 774 824 761 1072 832 776 782 801 882 894 777 850 822 700 752 661 850 771 896 768 887 802 726 754 889 725 861 752 765 736 838 702 865 825 912 839 834 824 791 679 1078 725 825 827 685 806 747 746 783 748 855 802 870 751 750 749 669 716 714 737 766 942 793 920 721 733 858 713 740 687 840 957 785 675 850 837 714 762 859 903 813 801 821 894 765 846 761 722 743 718 885 698 895 809 918 835 806 704 666 682 808 705 771 730 743 801 863 798 868 840 918 789 765 725 809 735 829 874 687 821 689 935 828 882 784 771 914 680 863 911 659 814 960 749 836 819 872 835 834 799 776 827 898 834 844 908 908 823 820 861 787 852 878 775 877 949 829 957 894 903 870 752 767 768 860 676 801 882 934 836 808 917 964 820 647 730 739 753 802 734 776 676 826 722 871 669 832 739 605 793 796 997 857 720 845 851 759 652 955 846 744 798 766 859 893 850 838 834 770 749 870 907 877 785 825 890 759 739 834 878 727 809 795 944 856 901 842 809 952 788 794 756 774 829 929 744 815 804 754 701 716 666 838 745 828 709 841 749 763 679 791 705 879 719 572 849 754 664 712 809 1015 788 670 709 816 708 777 832 829 779 839 870 819 699 699 730 794 911 750 847 924 941 768 775 786 869 1029 829 915 823 875 912 770 808 758 802 712 816 838 803 724 823 727 810 858 702 881 661 818 712 889 835 883 789 840 858 695 712 749 743 814 739 852 755 918 781 743 727 854 819 908 786 797 724 850 781 721 971 739 711 918 883 890 954 697 757 743 924 764 770 724 695 905 854 884 846 755 729 808 877 850 754 715 632 762 793 801 744 725 837 754 790 788 998 768 691 844 658 920 843 834 852 710 762 899 753 838 821 863 839 922 753 765 879 831 793 895 793 797 774 756 635 722 751 699 691 704 960 668 799 693 886 704 794 996 878 709 709 691 834 708 750 842 699 823 803 771 808 790 670 826 641 896 762 765 768 921 779 718 896 795 913 800 847 747 872 860 830 758 871 618 646 783 612 827 844 712 901 775 817 908 912 649 727 720 678 832 919 799 782 717 810 890 898 758 894 909 787 810 798 624 804 793 862 889 649 831 771 782 850 811 936 626 793 789 669 893 862 669 780 789 880 798 855 754 900 711 881 797 827 825 851 682 826 852 983 683 755 666 805 749 594 689 886 886 690 797 856 791 720 682 792 765 810 892 769 605 911 753 856 835 653 820 815 702 767 710 871 747 630 748 793 840 699 701 790 829 779 854 833 786 786 776 811 799 810 766 617 879 874 835 778 767 761 853 804 853 740 743 806 788 810 738 786 622 815 716 743 819 716 737 799 760 684 833 868 805 789 890 703 825 783 756 716 958 821 740 796 902 759 846 740 812 785 750 714 817 872 780 916 751 787 834 707 814 774 789 667 831 776 635 906 813 857 867 872 831 801 660 680 825 874 817 801 880 747 771 822 780 811 718 729 823 842 816 816 848 873 806 814 820 841 711 854 812 770 815 773 932 784 838 722 825 765 838 712 718 634 792 659 780 713 770 789 770 704 963 853 785 677 815 786 926 632 793 727 840 738 796 772 821 834 793 849 748 824 791 847 894 900 763 756 888 938 910 823 845 726 664 828 786 915 715 795 820 816 808 807 702 819 779 847 820 831 799 668 748 703 575 600 649 650 620 652 531 646 569 644 572 629 511 541 639 613 580 510 508 596 595 716 558 522 550 503 644 610 570 672 655 628 627 502 520 650 620 657 537 670 574 686 614 589 634 530 558 625 604 594 581 567 599 600 620 621 515 673 677 622 489 626 662 554 621 617 526 585 639 573 603 537 651 582 577 595 656 573 687 650 703 649 592 568 637 505 566 565 614 627 773 687 589 591 599 579 674 533 663 520 662 661 523 618 606 566 660 628 549 601 617 493 562 650 449 747 555 630 526 645 774 587 635 638 565 691 662 634 609 610 622 698 710 658 619 637 607 580 563 632 678 645 726 555 666 590 631 668 579 585 514 669 576 556 621 605 623 677 617 515 564 555 611 586 529 627 654 585 511 636 636 615 661 715 640 766 606 474 717 529 695 624 601 629 587 657 639 605 609 453 625 553 557 634 643 543 578 681 528 669 619 631 597 644 623 689 601 721 637 521 536 691 662 622 631 608 605 564 618 634 677 532 624 504 621 577 701 676 602 591 606 546 526 548 523 635 527 601 499 572 568 536 551 540 570 621 678 540 666 683 683 753 548 689 566 626 546 621 697 645 564 561 524 722 655 616 537 566 628 604 598 711 579 680 641 629 487 645 635 532 560 673 584 566 676 622 694 641 673 686 632 506 628 532 602 759 529 658 603 449 565 615 558 639 593 693 669 687 649 691 546 482 652 720 564 571 500 648 700 608 740 568 607 602 628 576 654 685 686 655 666 660 598 595 647 635 680 688 623 572 668 654 633 606 498 541 770 598 648 577 538 584 650 656 581 687 611 516 607 568 575 626 623 556 538 561 647 608 639 686 528 651 555 552 595 495 649 661 472 543 605 564 657 469 668 605 599 588 591 666 664 680 641 569 553 721 652 601 742 581 542 586 540 639 666 582 599 657 660 671 743 514 628 559 668 670 663 622 677 583 599 718 691 560 582 600 635 526 666 475 592 475 653 637 639 560 606 599 662 566 545 597 606 503 521 684 613 630 600 579 607 610 520 565 632 567 612 552 550 664 563 595 594 525 605 585 714 622 611 587 587 554 667 588 742 485 621 649 606 531 614 495 550 555 592 570 600 547 735 603 492 612 533 690 602 592 631 551 560 616 684 639 532 558 595 496 644 522 612 565 605 522 568 592 513 605 533 608 618 468 657 645 582 669 611 561 682 673 695 617 701 621 608 579 701 571 659 563 585 515 504 620 624 555 599 582 588 600 570 595 653 563 612 488 739 769 660 557 578 561 515 703 651 690 544 500 554 580 566 513 737 486 658 586 506 581 531 618 609 574 519 499 588 646 579 573 552 590 582 584 590 612 656 684 583 561 640 586 662 622 616 521 616 567 621 613 643 442 705 512 600 626 698 581 554 555 607 591 643 554 651 657 468 556 531 543 552 559 634 678 620 440 470 674 558 709 706 546 689 705 626 552 676 558 561 553 583 700 573 643 620 567 609 634 626 632 549 523 555 535 699 529 630 717 606 694 662 578 631 622 665 586 594 631 517 557 570 613 657 617 519 649 615 624 700 570 620 572 563 639 603 563 665 703 653 559 712 564 666 620 572 521 528 533 555 660 580 645 646 559 540 599 512 639 535 613 585 525 627 716 560 502 521 568 647 586 562 530 545 570 576 689 551 623 574 531 578 680 670 653 621 694 635 540 638 506 601 669 545 623 641 623 596 577 579 493 634 643 556 511 574 610 593 488 554 664 607 595 501 620 696 660 599 648 615 623 510 701 647 590 693 631 654 530 599 488 579 558 615 568 604 657 634 510 646 528 599 592 575 721 614 585 617 582 482 618 665 599 551 656 640 579 736 582 569 641 594 615 453 664 517 593 619 564 596 600 566 635 536 565 598 617 621 621 689 655 518 644 554 592 482 602 642 621 661 751 546 697 521 664 657 537 586 661 624 634 627 637 552 542 596 526 543 582 600 599 679 527 606 661 596 575 555 582 677 571 650 633 635 574 670 643 569 507 520 574 648 653 544 552 535 668 561 577 683 653 644 733 623 603 658 554 682 529 721 633 619 616 661 533 518 606 517 514 630 517 508 480 534 531 525 635 546 630 498 534 615 575 556 502 506 553 566 497 536 513 459 550 548 621 509 486 467 567 504 503 536 468 497 614 648 557 478 603 488 614 502 549 523 565 570 494 454 535 526 466 528 564 480 496 495 473 582 519 500 594 546 498 405 467 597 545 434 588 533 508 506 448 533 527 500 459 472 526 525 657 572 567 669 514 513 510 614 427 519 500 641 490 551 542 513 519 439 478 500 530 531 600 540 359 549 475 556 479 463 472 463 449 589 586 517 543 441 568 528 523 516 441 527 470 461 515 594 535 640 468 587 487 480 503 558 607 487 572 528 576 601 507 559 538 588 463 550 503 533 482 481 591 515 504 534 477 480 567 495 509 489 481 563 562 444 440 594 440 419 553 479 465 481 586 521 475 507 409 440 523 490 505 537 429 481 525 535 601 459 379 509 555 499 661 439 584 538 545 541 525 589 593 502 459 521 582 420 471 540 542 565 465 496 598 496 494 524 552 395 476 561 593 511 541 528 618 581 538 501 584 498 461 473 506 613 588 520 559 547 564 494 528 566 498 565 455 515 562 454 469 533 455 567 530 532 480 549 539 442 536 516 535 625 526 587 538 527 623 423 562 581 603 532 501 541 560 481 474 551 577 573 505 560 606 511 585 578 437 558 614 435 479 470 524 547 486 510 479 607 488 536 585 559 555 591 474 490 519 517 457 538 466 520 483 456 553 482 558 616 555 469 467 529 558 508 572 547 526 517 557 484 511 498 501 497 458 547 606 548 440 624 464 567 505 607 615 449 577 520 610 526 555 606 581 505 548 512 577 479 486 605 558 467 432 521 569 540 534 546 575 571 546 514 530 504 501 562 554 574 510 515 440 573 550 644 458 530 476 580 551 444 653 511 546 488 553 557 533 498 514 517 521 464 560 592 537 615 454 446 571 560 541 455 542 531 630 582 566 502 584 534 523 510 540 613 440 560 566 554 478 596 601 527 615 464 449 542 466 552 575 538 595 467 503 525 488 634 529 532 471 489 538 501 523 571 434 466 476 540 530 506 601 477 531 518 519 647 608 532 527 614 546 582 540 603 521 467 496 602 436 611 499 520 464 509 450 511 533 501 629 503 506 544 475 610 404 513 631 524 548 598 569 574 613 579 522 568 536 486 567 528 404 586 601 538 475 567 594 495 515 578 566 592 516 461 631 630 533 604 508 559 523 507 523 447 444 481 567 496 575 475 594 573 455 577 476 566 559 580 524 526 579 577 559 522 503 607 536 487 535 583 493 478 501 607 457 578 592 548 551 542 484 498 528 561 506 548 581 547 525 466 546 531 521 557 503 610 564 533 598 565 537 572 484 635 516 503 621 478 457 536 492 459 493 527 540 523 446 553 417 535 584 636 570 533 581 482 576 506 478 489 447 565 660 537 583 558 552 502 553 525 533 446 554 536 547 505 574 558 452 373 575 476 542 535 535 586 540 615 573 532 436 588 531 554 544 532 481 474 527 558 618 482 481 421 478 568 574 577 508 621 571 485 603 528 487 457 561 601 463 527 522 398 591 522 528 474 509 555 528 580 476 570 479 526 553 543 504 543 455 476 482 524 539 507 492 564 509 467 512 503 481 539 525 560 543 467 565 582 533 560 512 542 537 546 457 504 573 524 442 458 532 531 518 488 510 538 553 504 476 491 568 528 533 651 544 460 578 543 534 424 550 637 574 532 538 591 596 402 478 488 494 558 544 571 468 516 445 580 635 421 566 576 547 509 527 595 583 546 457 509 515 570 563 448 440 627 557 560 577 492 473 601 456 445 486 431 568 604 481 543 529 473 467 521 581 462 503 653 567 567 501 449 515 617 631 511 515 484 477 498 502 664 516 617 471 547 584 469 395 498 545 499 491 574 588 500 519 540 506 543 579 552 507 479 646 652 560 506 533 506 430 567 498 469 543 594 499 541 636 574 547 556 423 526 628 535 594 509 546 491 554 507 489 509 507 448 577 587 704 419 519 585 610 522 443 566 463 412 616 517 460 526 446 563 547 581 548 550 531 485 417 459 541 471 546 521 493 627 529 597 534 458 523 537 599 539 565 515 523 434 559 581 550 566 550 609 472 584 480 621 498 497 444 588 505 512 547 467 539 565 511 517 630 508 603 519 532 512 521 574 562 499 450 453 596 544 459 527 568 551 593 521 528 500 573 517 492 563 502 577 461 457 558 399 512 474 509 446 534 389 511 508 619 437 517 610 476 644 540 475 603 567 468 532 480 543 591 586 529 543 511 505 518 494 556 542 468 481 563 498 539 593 485 536 419 502 479 492 522 505 477 553 558 550 486 493 548 497 468 542 578 567 488 501 561 543 559 513 443 486 496 536 472 549 488 560 504 595 434 634 509 541 445 536 493 511 602 469 552 528 519 493 466 672 477 509 502 553 472 498 491 455 462 555 564 598 636 514 550 573 517 526 502 537 512 487 515 554 519 484 556 442 516 437 515 444 401 447 539 565 486 516 518 492 474 361 483 433 411 379 414 353 475 442 468 438 359 429 408 407 394 430 438 382 364 434 457 428 387 366 369 428 418 445 420 413 377 378 409 529 371 397 403 488 418 444 436 458 387 313 410 467 352 357 380 410 472 392 439 358 356 458 434 415 402 387 487 369 402 473 429 395 321 337 398 416 352 441 358 370 371 403 452 453 415 400 402 393 419 413 454 406 398 437 360 418 402 384 389 501 346 374 359 313 446 440 419 419 382 445 350 409 430 410 454 460 351 423 368 354 389 340 459 340 360 407 355 405 547 436 384 449 386 481 379 388 440 485 408 429 448 509 363 478 449 392 399 390 405 399 334 342 355 449 401 391 442 367 354 347 385 349 378 381 365 451 462 365 365 374 339 396 345 417 454 473 369 395 396 433 380 351 392 407 385 421 390 399 409 463 357 366 364 472 509 366 287 438 387 417 454 355 490 462 409 352 327 425 451 372 419 437 383 438 395 483 380 440 484 462 462 383 346 383 369 442 432 425 471 437 366 357 346 383 447 450 410 397 456 387 369 347 436 367 370 348 354 502 342 393 414 431 329 440 361 518 454 382 434 448 416 418 373 483 464 443 415 453 373 414 405 446 362 511 352 495 400 336 440 524 430 406 350 372 309 347 419 487 432 355 410 437 368 409 364 398 346 423 341 490 405 389 468 393 465 371 388 394 441 493 420 453 398 350 429 462 393 376 398 399 438 429 392 306 427 426 384 382 381 318 295 372 390 499 406 415 467 444 351 374 429 399 398 395 501 427 382 390 366 364 353 443 417 369 395 442 306 399 420 382 424 398 387 425 445 426 442 358 436 419 405 378 406 340 406 486 395 416 436 482 371 371 396 382 453 515 374 453 333 355 401 395 370 338 394 465 462 416 342 363 393 377 407 440 341 444 342 423 356 411 415 433 451 403 455 455 445 406 276 350 400 391 396 397 304 346 359 470 475 445 362 484 502 477 397 410 422 451 394 359 429 410 436 402 416 425 394 399 439 411 431 425 395 371 381 378 430 356 452 507 463 424 370 416 443 379 462 459 335 485 442 450 397 402 370 424 389 384 440 455 416 334 398 436 332 317 360 374 419 280 369 377 380 330 413 344 380 408 409 400 442 411 361 430 316 464 465 372 512 566 315 385 471 418 443 359 381 440 511 395 379 431 419 444 422 425 445 465 413 366 348 470 398 383 420 439 361 396 363 442 419 465 481 476 396 319 440 432 412 376 369 422 391 489 410 443 427 448 363 386 375 409 413 454 420 413 372 400 366 387 349 444 406 393 413 514 467 389 438 459 471 405 432 403 385 416 457 345 446 381 331 361 432 497 481 447 387 399 387 429 394 360 415 366 456 376 426 361 339 421 423 480 378 449 454 447 497 405 451 403 415 498 489 464 438 413 375 486 407 347 332 450 396 412 434 362 400 489 386 418 464 384 486 371 369 410 422 353 445 436 377 367 426 358 407 383 366 474 371 442 442 432 379 444 390 470 487 401 420 395 360 414 444 402 392 416 410 443 447 423 432 439 468 510 392 430 352 350 386 375 372 389 382 418 526 400 410 402 355 380 434 393 399 306 386 372 377 342 390 368 373 439 329 414 459 398 395 399 451 450 516 471 312 431 342 372 426 328 467 385 443 373 449 359 354 441 476 442 387 377 464 380 471 345 415 401 400 409 306 409 400 438 401 408 372 464 443 393 378 373 477 420 450 427 371 525 425 322 398 431 389 378 409 478 476 471 399 503 462 451 437 374 395 425 535 375 434 427 456 433 409 426 400 480 406 385 446 453 459 374 461 397 343 396 374 418 490 445 376 464 379 385 370 363 460 443 396 393 422 430 421 491 419 426 413 336 375 383 417 406 386 476 465 572 376 393 412 456 385 411 372 428 503 405 392 426 403 431 381 415 419 402 472 407 429 376 467 384 359 435 374 444 388 437 392 415 454 436 471 489 423 330 454 400 396 396 398 357 358 422 429 418 451 426 446 391 488 336 487 468 361 415 452 371 515 345 454 342 335 447 365 470 472 383 355 381 401 430 380 414 393 398 368 497 435 453 448 397 382 405 409 379 415 446 353 389 327 399 390 505 361 410 392 329 402 362 384 409 474 518 401 449 319 371 435 340 452 468 348 494 460 366 449 384 434 381 387 413 403 349 374 340 311 362 461 453 447 364 392 399 372 357 374 400 338 445 411 349 392 402 414 480 450 492 470 422 314 395 410 470 356 395 437 381 482 268 424 423 394 364 406 333 416 365 497 416 431 436 338 365 495 355 403 412 399 412 434 396 349 421 431 399 355 374 372 433 391 507 364 476 465 430 417 399 444 342 410 316 414 391 332 386 425 353 522 484 494 435 375 462 415 420 456 390 389 453 427 386 429 406 355 489 441 454 372 428 406 437 396 474 380 371 356 378 427 322 379 377 330 436 406 384 426 393 380 387 420 434 411 360 258 460 508 471 426 359 463 449 386 462 380 397 379 425 445 332 416 480 379 410 409 441 445 372 399 406 413 351 365 313 326 420 390 369 463 393 376 335 353 439 386 409 388 460 397 388 403 435 527 430 356 432 418 406 502 425 401 406 500 353 362 401 336 354 341 408 448 395 388 439 377 382 356 439 404 485 413 376 385 413 341 392 414 277 446 394 472 484 413 355 445 538 400 494 364 370 426 406 416 413 445 346 394 366 324 368 391 390 352 537 422 468 461 360 441 521 364 455 382 390 378 445 455 470 479 461 369 469 349 389 476 432 395 512 375 429 394 357 442 384 442 398 490 372 481 396 442 350 429 518 427 404 412 413 463 480 449 337 378 425 435 383 452 423 330 270 387 491 480 346 415 408 343 361 408 405 436 413 371 352 479 447 377 450 455 391 393 389 411 333 399 469 440 371 428 343 415 404 437 470 464 372 357 440 488 456 422 415 416 462 366 394 377 345 457 448 370 365 387 412 401 343 374 457 442 303 468 364 516 402 373 462 481 397 422 433 355 420 372 433 461 354 399 431 452 365 394 510 424 401 483 343 388 471 360 427 343 373 422 381 439 410 344 457 421 419 423 427 401 437 397 383 365 428 395 470 381 371 367 385 403 407 350 307 411 384 428 432 412 392 410 470 448 398 384 469 418 443 454 404 445 473 385 280 295 367 341 323 335 280 343 364 345 353 314 331 324 361 310 305 345 289 306 290 281 343 283 347 341 253 356 314 318 319 355 278 351 361 321 295 323 314 281 347 363 309 305 284 384 357 365 291 406 323 298 278 345 343 322 283 343 402 387 333 381 320 444 306 337 294 268 283 376 348 341 333 300 414 316 377 313 320 287 348 255 306 358 378 333 345 281 303 394 292 375 333 335 303 298 270 338 325 258 332 302 330 326 252 335 264 311 301 315 417 350 301 313 312 294 324 347 317 355 365 352 321 352 278 288 312 355 344 276 342 333 311 340 308 302 320 331 395 330 409 340 346 317 354 364 335 427 370 396 314 440 299 350 367 327 356 290 317 420 389 319 289 362 290 301 263 351 288 327 348 396 398 302 307 338 363 325 368 310 359 330 275 359 342 383 302 270 303 387 344 312 246 425 371 317 310 387 343 392 331 418 318 241 397 338 325 324 389 285 370 349 378 399 342 320 314 330 353 344 297 301 290 360 319 304 297 354 353 336 304 292 280 342 308 255 297 345 318 312 309 427 307 281 282 347 370 354 357 333 250 317 265 275 301 331 337 290 292 323 269 410 394 287 342 287 329 304 378 311 298 299 380 362 310 305 293 352 370 380 346 321 370 306 326 333 399 279 347 332 340 321 330 341 367 323 342 336 418 296 338 305 313 337 357 333 289 301 337 309 324 347 332 318 288 372 325 313 314 244 294 330 361 346 364 352 276 321 318 340 279 288 319 346 393 270 286 320 334 316 270 354 335 325 336 346 361 328 354 289 275 269 384 282 408 356 303 354 319 335 315 284 371 405 313 311 290 319 335 331 347 326 422 338 366 265 314 284 365 296 393 315 419 286 337 311 320 267 292 314 345 383 345 297 318 292 304 335 337 288 266 308 300 370 363 330 363 348 386 281 391 376 356 301 316 401 356 297 343 376 286 364 328 343 350 348 304 316 344 321 322 345 292 300 224 360 313 378 296 409 312 389 323 290 377 298 294 418 307 323 291 275 282 348 312 371 236 291 304 364 357 367 364 286 317 342 286 338 393 300 299 373 312 253 333 369 289 305 371 359 297 291 355 307 265 353 379 362 314 351 350 346 358 333 368 376 306 318 352 302 361 329 293 417 346 378 351 378 339 280 328 228 302 343 316 370 346 295 344 329 349 384 347 241 308 296 326 336 324 401 363 317 343 317 386 300 394 294 347 341 273 327 281 340 281 304 352 374 373 340 357 291 329 412 285 314 309 287 295 292 400 345 355 335 317 269 386 382 368 327 248 370 370 308 321 355 310 314 369 340 280 297 365 264 358 301 305 330 406 411 307 317 362 285 279 386 367 332 290 280 318 296 343 362 387 402 296 297 282 331 289 266 244 378 369 322 356 316 324 332 259 290 331 240 344 365 304 381 348 342 347 340 301 353 388 344 363 274 334 379 324 316 385 316 372 310 364 322 347 317 348 370 307 286 296 319 312 344 316 341 342 323 404 344 342 370 361 360 394 325 379 369 357 324 293 349 341 277 317 408 323 301 332 307 310 299 352 303 360 337 400 284 318 344 305 326 347 301 354 376 332 287 351 329 326 327 308 432 322 340 311 295 262 370 353 274 346 356 307 303 313 364 320 264 332 396 216 353 435 369 423 387 314 353 358 381 254 396 337 326 384 346 328 315 351 318 298 354 360 339 370 355 335 337 332 405 346 328 363 304 380 337 385 270 344 418 332 296 360 264 336 287 325 368 334 293 350 306 264 418 371 274 400 344 304 342 312 335 264 340 375 330 384 293 337 330 293 324 320 306 343 303 401 405 373 318 345 339 396 302 299 341 274 400 270 298 379 374 351 319 268 400 313 291 298 304 330 303 294 305 316 330 395 300 369 321 364 332 360 384 301 365 365 262 341 327 363 291 296 294 297 418 294 362 318 365 330 278 379 289 304 295 361 317 382 333 230 368 322 310 284 343 376 369 286 297 326 297 358 370 293 392 345 259 361 307 325 344 285 286 379 292 305 332 364 323 380 293 318 293 325 367 290 299 349 402 323 294 343 378 370 328 273 302 344 309 397 368 331 321 322 345 320 302 350 343 401 278 331 335 285 371 407 281 348 356 391 356 317 364 313 382 237 352 299 319 310 395 353 325 348 339 422 359 297 287 337 363 342 339 345 305 381 311 367 257 312 335 295 268 303 307 337 309 352 386 295 330 332 291 381 358 265 256 327 410 444 294 320 294 347 295 329 323 314 338 314 371 336 363 341 317 319 369 326 292 323 296 413 383 331 360 282 303 353 335 294 309 331 312 297 335 317 313 274 351 359 355 301 322 250 322 366 356 333 323 333 309 250 302 364 288 275 371 371 321 333 331 397 310 280 309 407 324 275 270 325 345 356 341 308 373 372 398 324 371 290 362 327 284 337 269 317 262 321 315 322 363 327 258 327 388 260 400 435 352 333 320 342 359 366 392 348 367 391 309 310 326 333 261 298 276 304 367 370 359 339 360 334 313 356 347 363 316 322 404 339 335 400 236 376 360 390 284 342 418 385 343 389 389 273 351 309 363 336 354 363 359 353 327 355 295 358 376 347 292 352 299 326 363 350 268 350 288 360 277 292 366 346 330 328 329 304 353 277 360 316 283 331 309 270 287 318 239 285 353 281 343 259 362 360 331 269 342 334 264 342 249 335 349 325 443 328 300 332 371 362 373 277 329 318 360 290 335 383 339 376 312 283 332 301 335 269 332 336 375 305 328 260 328 378 302 331 256 386 270 278 332 362 262 349 328 265 334 327 375 285 376 377 404 329 315 297 294 311 329 304 321 385 303 388 359 397 352 358 385 340 385 270 301 279 405 283 255 346 286 318 345 333 375 338 245 342 321 346 333 362 372 363 311 337 308 267 339 309 362 281 326 306 342 300 337 363 394 308 250 393 317 392 303 304 335 323 306 378 357 311 357 370 398 316 282 283 253 368 316 408 358 358 290 328 336 345 284 262 328 356 330 317 338 333 315 318 343 407 338 323 282 359 272 386 297 330 269 306 315 341 336 336 355 318 365 380 276 295 326 315 298 255 326 324 347 375 342 324 308 322 313 316 282 305 329 413 276 347 389 364 276 397 301 331 389 288 318 368 285 368 290 360 339 375 304 388 279 330 376 309 353 289 362 302 304 392 342 388 300 342 317 308 260 322 314 267 318 365 369 347 314 288 306 367 362 370 281 359 329 311 270 326 298 319 313 316 291 406 326 351 323 438 356 352 317 327 290 288 423 298 373 336 365 352 278 345 333 411 284 315 390 365 374 333 279 291 321 365 285 297 376 311 334 319 329 327 284 293 398 383 368 333 361 271 317 294 342 327 335 270 324 368 329 306 349 368 300 359 354 389 289 353 282 306 277 320 296 333 300 343 336 309 349 326 381 354 324 267 360 322 322 278 343 343 360 330 270 357 330 311 293 325 355 410 325 391 326 352 347 277 373 365 303 268 384 267 301 366 342 297 321 333 444 351 351 308 303 351 316 291 369 299 382 408 297 245 386 311 307 298 329 279 320 400 399 322 309 311 379 355 375 318 319 298 325 319 299 316 340 336 379 318 331 335 325 348 335 289 322 355 313 296 272 322 304 286 315 356 338 387 282 327 305 302 286 329 341 343 340 330 340 351 331 361 342 348 340 362 247 319 342 339 299 378 335 376 369 337 373 371 318 380 374 347 312 384 254 364 261 260 323 325 311 332 336 276 266 314 357 363 301 432 380 263 335 357 312 300 313 369 306 365 347 309 263 372 230 296 334 270 297 356 367 368 302 361 286 340 346 281 353 398 346 373 336 342 324 344 328 311 364 365 320 368 318 481 313 376 303 299 354 388 374 317 303 387 365 353 292 285 300 330 356 332 366 279 364 320 319 374 365 324 381 311 376 300 285 281 393 302 281 335 389 371 342 347 272 307 365 357 318 334 308 316 353 302 285 308 350 353 367 321 311 373 315 354 304 372 288 331 349 349 391 236 231 431 341 385 325 307 363 298 324 387 284 323 265 340 214 212 180 163 201 243 226 177 160 209 213 274 207 250 190 223 162 212 236 217 178 203 199 247 250 287 227 214 195 224 188 221 218 209 211 203 129 216 181 225 199 247 232 226 170 217 145 211 239 197 200 222 196 205 187 157 201 209 231 210 216 252 252 206 210 186 217 206 195 196 215 214 235 151 220 241 310 167 193 291 269 197 231 180 221 202 211 240 225 231 213 202 181 201 223 192 264 173 203 216 170 205 176 277 234 220 240 236 210 256 229 162 251 231 237 208 163 222 199 221 226 214 203 225 252 234 192 280 223 196 200 211 199 220 221 236 247 184 163 256 194 232 238 188 203 221 259 218 239 220 219 283 234 263 173 172 177 203 205 197 201 295 202 236 193 185 238 211 242 232 233 234 279 176 222 225 226 167 212 212 226 237 215 219 207 214 250 183 223 221 230 180 249 230 217 243 201 187 265 224 280 168 201 223 202 229 213 194 182 237 225 237 230 215 201 259 251 213 183 231 234 183 200 257 224 231 216 198 206 224 180 193 171 192 227 242 204 255 174 203 231 168 307 217 210 226 255 207 191 205 180 171 194 215 187 209 267 176 211 197 200 209 212 227 239 220 179 233 186 195 203 163 215 238 238 174 194 197 223 246 164 204 198 192 216 215 213 230 210 199 174 220 207 189 249 181 256 204 185 191 202 239 277 266 209 199 205 207 252 204 174 246 257 227 228 219 175 226 186 273 245 236 239 245 254 183 166 207 242 272 290 225 159 162 211 263 230 215 233 232 183 167 204 232 196 212 207 176 230 222 263 188 220 183 265 183 189 218 189 196 214 264 236 207 217 173 176 178 269 177 219 217 203 227 217 219 198 232 243 217 216 208 190 216 224 223 212 189 229 190 239 211 196 203 175 241 161 244 229 163 192 196 188 189 219 171 213 185 213 201 172 203 225 278 205 232 222 239 214 183 235 264 200 199 196 205 216 216 216 272 200 233 234 207 199 192 250 201 264 198 197 222 174 161 162 211 226 245 232 217 246 193 231 250 214 203 253 212 192 222 242 193 219 211 186 196 269 207 153 199 211 210 212 225 201 237 274 218 254 181 189 252 238 176 211 224 196 206 223 180 180 184 218 202 227 210 164 233 172 189 216 225 186 207 205 183 259 253 223 261 195 214 241 234 237 240 249 180 198 162 231 188 195 170 213 236 242 207 175 197 260 158 238 224 217 219 229 240 257 171 216 261 211 188 211 201 232 167 214 259 207 178 211 167 234 217 190 221 213 263 199 169 166 175 236 160 237 211 170 191 237 215 156 203 178 192 199 215 202 222 263 229 249 212 291 172 209 227 248 222 244 220 225 210 235 249 204 250 217 216 208 203 196 209 209 197 251 199 260 224 228 233 226 206 188 213 217 216 233 206 237 206 178 290 187 238 229 213 239 205 208 215 236 226 223 230 237 190 174 148 225 219 168 257 207 146 204 228 213 230 174 210 170 243 217 241 194 246 202 232 240 206 219 162 232 169 214 201 180 203 179 244 176 250 228 196 302 202 188 211 188 178 206 198 172 190 249 249 221 174 180 204 181 168 195 285 230 213 261 206 169 199 208 221 198 204 198 188 209 212 199 200 203 199 199 231 181 204 208 238 220 219 243 208 202 224 169 160 231 229 220 255 281 247 195 249 201 247 232 212 164 214 159 174 216 202 231 206 236 297 196 206 187 229 205 168 224 224 258 225 170 180 204 250 201 237 185 177 230 224 174 190 259 235 234 178 177 231 230 273 226 232 222 240 239 204 246 167 168 227 175 208 165 194 257 228 141 191 217 230 214 219 197 194 176 211 254 251 217 227 188 189 226 224 239 176 213 246 177 191 236 209 192 228 201 246 247 239 235 202 261 188 240 206 238 240 275 170 224 202 211 196 233 212 190 195 209 215 226 252 215 223 237 199 211 196 147 225 228 171 227 202 248 215 208 272 214 205 241 218 208 225 172 203 226 271 240 258 166 232 223 168 205 202 185 213 202 269 202 182 180 221 202 198 208 201 158 219 238 201 218 232 195 226 201 258 225 266 255 187 231 204 183 256 226 194 208 258 225 226 277 206 207 174 196 218 241 183 150 164 230 208 197 266 199 217 206 203 179 208 217 159 154 219 232 167 198 230 251 233 219 212 205 235 226 209 264 192 189 208 314 205 197 225 222 190 212 222 230 276 219 208 225 262 157 191 224 225 208 228 210 174 199 233 211 248 209 241 197 200 163 196 215 226 207 223 182 275 217 179 259 240 239 216 216 223 231 230 177 198 206 225 189 162 252 184 217 207 212 191 224 224 175 213 202 199 215 229 223 215 229 210 242 175 215 221 215 284 243 207 208 222 160 223 215 251 204 261 221 229 231 191 194 219 242 228 251 228 202 269 232 275 240 129 179 191 261 204 241 216 177 194 239 214 245 208 161 234 169 185 228 192 215 210 226 224 192 205 197 154 207 190 193 183 239 266 250 211 215 196 313 211 246 197 211 213 238 231 216 248 187 208 241 191 190 233 199 232 221 185 222 222 222 172 190 211 247 204 249 214 213 242 198 179 237 194 197 189 194 170 196 234 183 221 244 209 207 214 170 283 215 169 213 201 236 210 226 221 187 214 233 205 245 207 205 178 178 166 190 216 168 209 255 207 213 231 206 178 221 206 213 263 213 203 161 234 165 217 224 193 221 209 165 171 207 207 234 223 180 242 244 169 244 227 199 208 253 251 192 212 247 229 192 197 198 207 245 190 206 251 213 136 240 185 227 222 187 231 220 198 254 209 255 185 199 176 118 192 214 243 188 213 215 265 213 209 180 235 221 232 170 197 233 227 235 205 238 170 204 238 227 176 238 185 177 198 225 215 233 176 205 233 220 242 258 194 212 240 220 223 216 245 199 268 204 196 195 201 198 240 217 229 232 218 239 230 220 187 199 195 230 218 215 233 222 226 205 255 205 251 240 212 195 232 177 177 235 229 230 180 249 223 215 260 249 223 205 204 178 290 237 215 215 209 243 236 223 168 212 264 211 219 218 218 248 208 214 249 218 253 245 217 221 208 191 241 229 219 224 210 196 194 202 206 188 233 160 227 210 176 219 253 211 262 275 195 208 196 201 212 168 207 175 210 175 268 188 150 195 177 216 217 251 169 273 248 162 196 177 257 194 181 211 168 232 170 195 203 216 244 248 207 267 216 248 219 268 239 222 176 157 174 237 219 206 236 217 252 185 181 212 213 223 269 240 238 202 231 241 171 270 239 221 226 184 229 226 176 236 253 234 242 234 200 242 163 237 240 250 225 219 203 224 274 192 223 186 241 157 175 245 195 221 221 179 206 202 216 188 238 166 209 217 210 250 196 259 173 185 231 245 217 200 174 207 211 259 158 233 229 169 193 220 209 170 243 202 197 200 198 199 213 171 238 219 219 217 218 214 210 201 214 227 204 208 233 210 228 194 264 238 248 204 244 208 267 179 205 253 186 151 229 193 172 242 216 221 220 246 220 231 238 194 234 205 225 219 245 235 209 226 204 236 210 264 238 171 185 192 264 226 164 187 270 195 258 261 229 227 228 195 180 272 251 189 219 191 229 252 198 212 217 254 195 213 218 217 228 211 211 307 195 232 240 186 244 191 188 246 277 208 259 212 162 144 197 255 200 214 223 220 229 213 204 182 196 195 190 220 148 263 206 229 235 201 165 192 166 218 184 177 224 210 201 207 225 205 200 234 233 222 229 233 189 221 186 222 219 226 236 208 246 262 227 235 220 231 205 214 256 228 218 176 221 211 226 271 259 188 220 199 181 240 215 216 227 213 231 278 229 210 208 203 242 219 216 154 211 257 208 209 276 209 197 255 191 214 214 186 193 185 257 249 215 181 192 219 199 208 211 210 176 250 191 217 202 229 229 206 232 202 252 198 213 255 228 273 199 210 161 248 207 256 221 261 249 190 235 247 209 243 204 185 185 219 186 202 196 227 208 202 205 193 190 183 230 223 179 186 212 158 160 217 190 251 180 228 222 194 219 245 235 183 216 182 194 211 235 251 212 229 186 256 242 222 198 249 208 275 197 163 228 238 215 212 181 219 215 223 198 217 216 218 212 228 204 197 260 235 176 213 223 177 280 196 259 215 167 242 263 217 210 196 212 188 213 222 204 209 243 210 225 270 226 234 209 201 296 212 218 273 189 232 238 252 230 176 220 261 259 244 207 227 247 235 205 201 200 257 237 231 234 218 205 227 186 219 208 209 200 234 191 188 225 211 164 284 202 222 228 179 222 245 204 199 259 228 206 202 257 204 214 245 214 210 223 225 180 220 195 237 224 205 250 215 208 224 184 214 199 263 183 227 182 246 205 239 237 223 223 185 222 236 208 176 187 212 244 165 271 220 226 220 173 180 204 218 268 263 266 256 213 211 164 188 220 193 227 164 173 225 204 233 193 192 250 239 192 197 280 251 257 264 178 203 205 219 209 131 209 241 197 203 157 200 196 206 252 225 199 205 186 250 236 172 287 197 211 178 252 216 191 178 194 219 199 230 224 258 214 202 198 257 202 241 217 222 208 178 233 177 230 241 200 199 170 173 224 187 207 232 264 213 187 189 204 226 201 225 203 210 198 261 274 233 174 213 205 230 199 232 229 210 219 228 215 195 241 223 221 177 176 244 174 198 244 160 202 258 175 192 230 236 217 194 200 161 222 246 164 198 226 225 229 218 244 223 230 197 169 206 208 213 240 256 230 235 263 225 225 247 224 235 232 197 220 203 204 195 258 207 181 209 182 206 178 200 272 227 158 253 201 216 235 196 247 152 213 202 223 208 230 174 189 199 269 195 220 195 198 239 218 194 219 219 218 207 247 199 216 231 136 200 227 223 224 187 256 184 206 189 225 171 242 208 203 211 227 205 207 187 184 248 138 256 193 188 208 184 224 213 258 232 189 178 233 250 202 251 247 181 174 251 242 223 280 232 229 240 249 236 207 252 202 200 174 214 171 205 212 270 209 230 212 236 222 199 221 208 217 308 211 231 213 201 156 196 192 189 168 221 216 227 216 244 215 223 259 238 199 235 202 204 255 211 166 185 184 204 218 206 225 244 213 247 182 235 186 187 243 243 219 185 237 192 172 248 174 223 221 226 239 199 190 256 189 194 207 199 172 221 248 222 217 296 226 219 266 264 203 266 183 254 278 229 223 235 240 219 222 282 265 207 259 223 256 198 212 255 215 248 182 206 223 234 185 231 166 196 236 187 200 244 245 273 180 206 216 210 208 225 188 198 242 259 227 229 219 213 154 183 201 206 182 175 173 208 231 190 199 229 169 221 219 206 226 232 208 225 232 260 174 224 217 184 219 192 267 193 225 180 153 178 221 185 239 168 169 246 220 248 184 195 172 153 182 175 203 184 177 131 172 170 166 190 194 148 157 148 187 132 184 213 147 194 168 197 230 167 212 170 167 190 202 155 170 185 206 156 180 216 113 177 135 192 199 188 183 147 142 166 185 174 178 179 177 163 159 196 136 210 152 176 178 156 165 181 167 175 191 165 208 141 144 162 221 221 198 213 207 212 207 178 190 174 123 198 201 202 185 181 142 170 231 189 193 162 178 180 156 171 186 183 177 180 183 168 190 194 180 165 178 176 175 192 211 176 191 176 165 240 178 212 154 183 184 197 167 158 219 170 174 182 143 194 176 227 179 191 185 205 170 178 193 172 140 152 167 177 192 181 205 218 148 165 179 143 136 157 195 169 192 187 147 205 214 217 173 158 201 149 146 193 166 152 169 140 185 185 193 204 215 171 166 151 192 155 186 180 171 218 189 175 181 153 173 152 187 187 124 209 192 157 181 182 182 220 188 140 193 190 204 184 186 173 219 189 149 164 167 206 189 192 173 218 209 164 184 216 165 170 182 152 153 169 174 115 188 135 163 183 160 202 188 150 235 130 168 154 161 199 152 168 136 201 179 161 123 184 199 168 180 172 218 204 197 171 177 144 211 126 166 181 153 172 156 149 165 186 151 149 178 187 192 181 195 201 162 177 164 150 186 194 145 175 188 178 148 167 147 167 170 176 161 215 164 185 161 189 152 159 169 169 207 190 204 169 151 157 175 152 187 215 200 193 210 188 185 191 170 181 176 191 180 179 150 180 171 155 214 171 165 204 197 191 183 202 148 206 221 220 186 164 181 203 168 164 194 174 196 157 187 121 165 198 176 205 148 192 188 169 206 183 181 162 181 223 157 203 186 170 206 175 206 193 146 168 153 171 185 134 195 179 152 168 212 201 156 156 175 191 190 185 160 147 194 195 186 179 236 142 202 164 182 160 138 168 165 134 171 190 209 255 185 191 187 180 163 168 192 185 121 168 164 192 155 190 153 191 175 176 168 164 161 138 180 150 196 171 178 170 158 160 156 211 146 188 140 122 219 191 177 214 192 186 138 164 186 182 163 151 223 186 187 163 132 188 199 179 161 165 180 192 205 181 147 220 136 202 181 159 131 236 163 186 180 193 157 166 169 166 128 144 136 196 168 192 205 167 167 145 152 143 130 226 164 161 189 148 200 164 193 108 138 203 160 191 196 182 165 127 187 191 175 194 190 121 200 164 182 171 160 143 161 214 198 176 200 161 167 172 195 211 156 160 143 180 157 186 185 175 196 195 137 152 152 188 158 173 167 146 224 211 145 174 195 207 186 198 151 159 183 195 166 155 177 159 160 139 164 126 139 180 155 173 156 181 218 157 160 192 189 221 170 148 200 170 229 181 195 173 158 211 178 183 162 208 147 198 171 144 207 198 164 206 165 197 184 186 175 155 117 191 146 216 203 206 181 196 169 197 227 193 196 153 144 180 145 180 149 178 176 165 180 134 159 190 178 162 190 214 195 176 156 186 163 180 178 165 154 209 167 160 192 129 229 173 196 191 197 193 170 185 170 210 157 143 156 177 145 184 177 164 205 173 201 181 147 153 160 172 154 154 182 186 162 173 212 195 200 151 120 139 125 171 165 159 157 146 197 212 170 162 165 208 149 180 193 184 174 158 178 144 205 190 142 214 128 184 159 167 199 189 179 204 213 168 170 179 165 189 164 182 174 169 184 153 167 191 192 183 173 162 183 151 212 146 190 180 194 146 178 153 217 134 201 184 160 167 185 205 184 181 194 163 202 215 161 173 196 193 169 157 181 199 186 194 206 204 180 183 181 167 160 228 151 205 179 197 221 178 196 176 179 117 207 201 174 186 170 197 163 166 177 174 137 198 203 153 186 195 174 184 170 180 187 192 202 165 200 165 180 144 180 156 220 176 160 206 215 182 130 170 171 208 163 177 146 126 177 173 165 179 184 159 165 194 169 212 151 231 140 184 233 186 168 169 167 156 233 168 146 183 181 145 148 177 171 152 146 157 126 138 148 200 161 145 171 128 176 133 153 162 133 193 164 184 208 193 144 138 130 200 173 217 154 179 207 197 151 209 185 136 140 156 168 152 128 197 197 152 174 195 196 168 145 190 169 182 182 108 171 145 206 220 216 127 195 201 156 197 179 178 186 194 182 181 196 184 165 236 172 223 167 146 205 166 139 166 177 120 147 172 159 156 183 189 159 157 159 124 157 181 165 207 208 189 154 171 147 190 218 207 180 192 181 167 180 194 186 139 154 182 192 228 183 161 151 167 180 145 175 166 198 192 177 115 198 210 154 187 219 173 192 159 155 201 191 179 186 154 170 158 229 167 231 149 189 149 164 154 243 181 149 145 195 167 132 185 192 175 188 145 172 181 180 200 197 203 197 173 177 152 183 145 146 162 179 147 187 262 150 175 138 176 163 133 189 159 161 191 167 107 183 158 166 185 142 237 145 132 175 192 162 218 170 135 174 142 181 129 170 146 143 213 174 230 193 204 188 131 173 138 167 185 185 190 178 192 197 191 155 152 176 183 220 201 201 176 168 207 168 147 184 185 192 184 189 141 160 179 171 198 161 140 173 128 157 156 154 168 187 175 162 188 196 162 161 160 174 188 184 182 199 160 212 170 164 174 180 160 200 167 180 125 181 191 164 182 168 212 194 151 131 167 151 151 181 146 183 195 148 180 180 143 175 154 165 206 155 167 169 187 170 169 179 177 171 149 194 213 172 166 186 120 147 205 164 166 212 185 163 163 165 158 148 141 155 176 181 159 149 130 183 207 168 208 168 169 180 159 186 156 191 191 169 171 169 224 181 197 140 160 186 171 170 205 146 157 204 153 197 177 179 180 180 154 144 124 174 160 179 140 127 195 167 163 175 216 131 187 157 176 203 199 170 154 125 179 190 173 157 187 222 143 148 195 199 192 181 149 185 181 209 136 151 224 164 171 143 193 171 156 164 173 180 165 185 193 138 173 168 233 166 161 198 168 169 195 167 125 161 171 153 165 178 167 194 153 217 161 179 126 184 203 201 209 174 173 159 179 128 172 147 154 200 138 143 166 163 183 175 207 199 138 158 185 166 186 180 181 161 160 189 175 164 186 183 199 211 197 204 212 199 195 128 151 171 187 185 169 156 141 165 142 132 178 196 157 204 209 192 190 204 135 171 184 168 177 193 189 165 221 148 217 203 137 184 132 147 183 182 212 146 201 195 163 200 183 188 186 164 177 208 180 194 215 141 238 208 180 176 180 130 172 152 191 226 150 189 160 182 162 188 186 184 155 166 208 160 137 173 117 175 201 180 206 204 191 180 184 198 208 174 160 168 211 164 185 155 170 172 171 185 186 159 164 183 187 122 171 174 191 182 202 162 148 168 162 204 134 120 187 153 166 164 176 201 198 208 146 152 159 162 152 161 185 164 147 210 178 182 128 205 191 138 200 151 180 219 195 188 163 213 209 165 230 181 191 206 159 203 166 225 176 205 178 268 165 218 143 215 181 167 145 152 149 181 194 196 151 105 202 208 176 183 150 175 146 246 149 152 159 209 232 155 164 204 192 147 151 143 155 165 187 200 172 207 177 176 228 157 186 173 193 133 201 155 236 153 178 163 149 184 174 192 193 133 178 160 180 202 148 205 185 180 152 186 151 151 140 152 162 145 164 165 177 193 157 167 191 160 186 192 180 143 197 173 171 191 160 172 172 187 176 181 186 199 164 148 195 170 177 188 173 248 185 176 166 186 191 191 198 152 171 188 176 178 185 148 182 174 177 196 203 157 219 193 184 159 161 190 185 184 194 140 135 195 173 204 173 199 154 141 211 132 191 194 183 181 197 174 161 179 164 222 175 163 178 156 188 171 207 191 163 177 180 221 256 205 162 158 169 204 193 202 170 197 164 168 196 180 163 171 153 132 177 176 184 197 156 138 173 180 111 131 204 159 154 170 131 186 147 166 163 174 216 197 172 147 173 155 160 174 189 162 195 168 196 154 205 160 157 224 186 183 189 162 195 197 185 160 171 150 155 153 208 196 186 172 147 185 149 166 187 130 163 160 210 191 230 149 149 187 169 167 163 176 186 205 142 157 197 163 137 176 174 154 191 184 189 171 162 160 181 209 200 197 203 176 219 166 163 178 156 174 138 203 193 168 199 151 170 194 158 150 152 170 165 156 177 195 153 199 201 203 174 184 178 133 177 153 178 227 193 172 202 194 183 197 91 201 180 117 170 195 228 133 184 176 156 143 188 183 208 179 181 173 194 168 176 190 210 142 116 157 167 166 164 178 160 167 180 144 155 204 175 110 102 182 205 202 156 195 181 185 155 200 174 214 202 191 195 180 149 169 221 213 178 170 209 201 178 200 155 193 179 175 193 149 147 134 184 153 202 170 171 131 210 184 110 175 172 154 154 181 161 171 126 124 151 181 164 180 210 184 186 162 162 188 214 138 187 171 153 217 144 183 163 203 175 190 179 117 161 165 195 124 150 155 163 180 114 161 163 194 159 167 160 172 165 145 194 189 169 172 168 161 174 147 182 186 188 141 158 156 213 173 262 157 178 166 203 185 146 143 180 202 140 173 138 193 186 132 193 158 181 202 157 172 175 190 225 176 146 160 187 154 160 146 174 141 163 164 146 210 185 217 171 136 199 194 227 185 179 144 228 155 158 185 196 167 177 188 225 198 156 151 184 188 153 196 183 174 162 211 195 155 194 200 163 198 163 141 179 198 209 205 148 169 177 179 158 199 177 202 164 166 160 183 171 187 223 178 162 145 187 169 170 141 151 142 158 141 191 159 152 158 175 168 183 168 191 138 187 187 197 209 143 221 198 151 220 172 149 194 178 189 137 186 211 164 192 222 160 190 229 132 141 194 146 165 210 201 165 171 154 202 206 152 181 165 183 170 187 164 188 171 222 190 192 167 145 139 180 181 194 168 187 218 192 181 189 179 174 186 167 161 176 159 170 167 190 126 143 155 191 169 190 158 178 174 178 203 184 169 147 151 157 164 175 165 157 165 189 175 213 231 180 153 151 144 195 138 176 106 193 166 200 178 212 188 128 143 142 162 175 195 204 155 166 162 224 201 169 195 179 172 204 182 178 155 159 199 175 170 158 224 187 228 174 209 150 212 155 171 149 184 152 208 160 220 171 180 187 194 143 199 174 192 183 163 202 229 164 139 216 166 196 198 185 177 182 214 152 143 213 136 202 136 189 232 226 227 194 178 126 188 189 161 175 152 171 189 176 186 172 195 190 190 202 182 190 163 187 156 153 184 160 159 145 181 136 160 205 152 214 134 182 142 164 183 176 197 156 153 203 162 241 183 203 175 164 187 183 196 196 222 158 131 144 191 136 143 100 165 171 148 139 179 155 199 178 192 194 178 196 158 185 135 169 169 223 178 149 173 180 233 161 157 169 147 165 160 208 193 176 174 202 197 150 158 159 138 156 151 164 135 191 155 152 155 173 174 179 156 186 181 152 138 132 143 148 205 175 172 162 152 189 136 195 195 160 164 190 169 189 157 195 151 149 168 187 183 190 157 172 155 153 189 201 167 155 183 191 211 146 149 173 164 191 166 180 187 197 166 179 202 151 208 159 214 154 217 204 145 154 175 168 157 141 155 169 145 157 214 170 188 175 201 208 180 176 213 226 192 204 183 168 148 174 181 186 215 165 207 171 213 229 138 172 203 153 186 194 203 154 212 155 187 181 150 182 165 170 175 117 163 136 206 143 182 182 143 163 178 159 185 198 155 174 170 207 157 168 142 184 186 188 173 167 213 219 161 126 211 156 186 169 178 158 184 199 176 185 147 209 141 154 230 128 173 210 173 150 148 181 221 174 162 151 166 213 211 168 146 154 230 183 189 181 194 176 174 148 186 182 163 158 177 171 212 165 174 207 164 177 194 144 198 176 168 161 145 221 145 215 144 190 195 167 209 159 189 179 163 125 139 162 185 179 156 204 175 207 196 121 189 167 147 174 210 160 200 132 138 227 223 146 175 176 196 182 181 162 172 157 191 193 160 214 173 139 177 169 153 156 153 112 196 161 187 173 142 132 136 193 190 197 136 174 179 159 184 192 193 148 167 170 155 207 188 206 189 190 169 193 138 173 198 187 163 186 161 166 176 163 164 148 210 133 191 160 168 188 155 194 175 179 161 178 179 185 188 172 180 163 206 198 169 192 168 212 181 167 161 198 205 135 178 170 129 188 184 134 153 156 161 204 157 152 165 131 177 197 156 173 188 165 160 165 169 169 213 182 174 200 161 123 204 142 163 159 180 141 194 238 182 178 166 191 149 177 148 209 151 191 174 205 147 159 221 178 172 169 161 143 183 179 174 185 189 167 217 162 172 152 191 150 179 160 184 176 162 187 157 177 137 190 155 122 166 184 232 156 140 188 201 193 157 153 177 204 192 196 173 196 177 201 158 138 143 170 195 203 167 157 195 154 193 168 201 165 164 171 160 168 138 180 181 177 188 184 150 146 180 112 138 227 153 215 170 151 204 144 181 162 138 160 160 207 162 204 228 181 167 145 205 201 174 180 195 175 166 243 157 174 231 234 190 172 150 175 163 175 170 167 155 144 196 147 179 173 178 172 167 216 183 164 171 171 164 171 173 170 205 170 160 165 171 150 192 220 165 154 162 197 189 155 170 148 146 199 217 178 194 190 217 131 185 140 156 177 177 169 176 198 165 152 209 153 167 155 159 196 167 153 199 182 174 178 182 180 159 158 180 169 200 167 211 210 188 199 186 174 159 163 170 184 201 161 227 150 179 221 250 150 207 184 163 170 176 160 198 204 179 197 210 174 181 144 172 159 187 107 180 131 217 158 164 172 150 154 159 153 147 179 124 212 168 167 178 176 187 193 226 173 176 168 208 184 195 141 174 196 222 178 164 196 139 146 202 154 155 204 168 176 131 117 184 170 202 186 184 163 191 218 165 167 137 144 221 167 230 205 156 142 174 209 195 170 162 209 181 156 168 192 197 217 163 196 181 139 187 158 181 149 165 184 171 155 199 168 169 210 170 177 169 165 233 218 191 144 175 197 192 205 210 146 171 130 183 163 159 174 187 195 193 169 216 205 120 163 187 163 202 158 186 200 150 184 184 115 155 237 176 150 189 146 168 231 178 184 171 151 165 173 204 155 147 178 129 138 186 186 183 185 184 152 127 165 212 189 146 203 179 170 197 225 165 198 164 182 161 160 144 155 154 176 180 149 210 148 200 200 217 194 185 151 167 153 158 197 161 158 183 167 139 151 139 160 164 205 162 198 185 218 183 140 145 154 223 188 180 182 156 176 202 140 128 173 224 151 210 176 182 174 163 197 198 172 154 188 158 196 175 183 138 134 187 206 92 152 204 208 167 219 188 161 158 193 145 164 194 194 185 238 173 164 172 190 170 155 204 122 202 208 175 140 179 145 164 168 152 152 197 145 196 200 130 197 222 159 149 248 170 155 187 178 182 190 228 198 159 193 165 175 206 178 176 191 228 211 176 184 205 183 206 183 169 180 207 180 156 124 76 110 98 99 99 99 84 89 120 114 104 99 89 95 105 84 82 100 101 102 84 68 113 114 107 94 119 80 114 114 105 106 84 110 128 106 69 102 88 103 108 103 76 105 106 107 127 80 101 102 114 119 108 106 95 100 86 111 82 90 101 82 117 81 83 100 84 110 111 98 124 88 112 82 111 85 89 88 87 116 107 124 109 89 95 71 106 89 85 101 109 111 98 93 110 108 103 82 114 116 74 88 117 108 100 79 104 84 108 96 108 86 106 96 118 66 83 112 74 95 118 101 113 80 94 84 96 96 100 83 98 95 81 111 74 114 113 84 107 104 106 107 104 93 113 88 79 109 112 111 102 71 89 76 86 98 113 121 96 113 102 109 111 90 91 96 116 101 120 103 86 104 87 95 98 99 113 136 116 135 103 88 87 97 97 123 96 81 100 96 88 89 117 117 82 89 105 101 92 82 104 102 108 90 97 79 126 87 95 86 83 112 97 97 115 103 97 108 97 64 73 104 86 91 103 88 104 106 88 99 104 74 88 92 68 101 87 96 93 96 111 92 107 103 85 88 111 127 88 99 101 108 73 82 107 90 110 83 76 92 107 75 73 96 88 89 90 73 100 98 85 97 81 102 76 104 101 107 90 73 126 125 91 96 109 102 82 119 113 94 101 91 112 113 108 119 107 139 121 57 79 84 88 72 71 109 123 89 112 87 95 67 109 91 130 102 98 126 87 84 99 87 104 101 101 85 122 120 88 78 92 118 98 67 96 105 95 87 87 115 70 95 105 87 118 120 123 86 103 90 91 99 110 102 85 87 105 92 108 105 88 101 101 82 73 79 103 77 115 64 74 102 75 102 94 101 79 108 103 67 112 85 98 100 98 102 94 105 96 56 115 72 95 104 87 96 87 102 108 102 79 83 85 147 93 95 143 95 108 99 97 103 134 112 130 98 74 97 98 92 71 107 109 102 93 74 82 79 77 112 82 94 99 99 74 87 99 66 111 88 64 81 96 97 109 107 73 109 139 71 108 92 85 99 77 105 92 74 95 104 73 110 91 98 79 119 105 72 101 93 119 85 96 104 135 72 96 71 87 105 118 97 118 103 120 127 100 85 82 103 83 94 72 99 114 119 58 97 118 103 95 106 85 95 106 103 118 93 131 86 80 91 111 106 90 86 81 120 125 112 118 94 94 109 104 93 100 110 78 91 120 99 101 109 113 106 126 138 113 83 111 89 99 91 90 105 132 111 126 104 90 110 60 94 103 102 120 72 88 92 78 79 126 104 84 121 97 93 93 112 121 102 109 114 85 104 116 94 109 118 120 76 91 124 94 82 113 81 97 84 109 116 90 77 79 99 82 80 73 86 107 96 91 101 78 88 96 88 95 99 92 87 92 63 89 105 80 97 89 93 96 112 102 120 102 88 110 116 113 105 123 88 100 127 95 109 119 89 94 96 101 70 84 99 91 67 89 98 104 117 68 112 129 82 93 91 89 80 106 93 60 106 103 89 91 101 109 101 90 84 88 102 78 117 91 106 74 125 106 90 102 105 89 84 100 110 91 121 86 84 113 88 114 106 137 87 91 84 90 84 107 119 88 99 68 77 90 133 99 111 110 123 97 89 101 102 74 124 88 105 94 110 94 88 69 97 114 114 78 89 100 87 100 109 112 94 112 89 110 82 81 83 104 105 75 102 113 93 117 115 84 86 96 111 97 101 98 95 99 88 85 79 89 84 116 123 113 105 88 111 95 114 135 115 107 60 78 104 97 121 82 120 106 100 85 94 90 92 117 86 108 100 86 97 99 137 75 110 85 64 105 105 122 106 95 130 122 112 111 92 88 114 77 98 117 107 93 102 89 95 70 135 138 103 86 89 83 91 67 82 98 113 87 96 121 76 88 87 96 108 93 143 93 102 86 99 109 134 98 96 96 118 87 102 78 87 94 114 119 94 97 102 78 82 99 113 108 98 106 101 89 72 74 103 89 98 96 115 78 115 89 113 92 87 116 107 100 103 83 116 89 81 127 100 95 92 94 96 96 122 97 71 79 90 101 120 118 113 109 108 92 99 79 76 94 70 88 107 89 86 113 118 104 90 94 96 96 98 101 118 89 95 89 96 96 94 92 84 68 99 108 89 64 83 94 112 80 117 95 108 86 105 84 117 100 106 102 83 98 104 75 126 121 85 119 110 117 78 84 97 125 101 80 117 108 101 86 111 102 93 105 103 113 93 96 86 99 96 95 78 80 124 125 91 85 108 106 124 82 73 101 113 81 67 98 89 123 124 81 98 100 114 85 113 93 104 87 113 82 94 74 121 76 94 109 96 92 104 98 111 101 100 82 106 100 76 114 106 116 119 83 113 83 100 122 112 76 97 97 86 76 99 77 79 97 93 111 100 99 71 79 85 102 128 125 101 85 101 89 91 86 89 110 109 118 114 95 114 96 110 97 78 106 80 107 111 87 106 79 94 109 107 90 102 140 124 61 102 89 91 136 122 120 94 74 97 80 108 104 108 98 81 78 111 92 91 107 98 72 118 70 110 99 102 107 102 79 83 103 87 82 94 119 93 101 93 96 87 64 97 95 111 110 91 126 90 118 100 110 112 81 90 79 111 78 105 99 76 121 101 104 101 72 94 94 106 91 81 109 108 111 97 88 78 93 96 105 94 73 78 100 96 74 97 112 116 96 72 100 113 105 104 90 106 74 106 128 89 127 88 93 108 98 117 113 80 97 119 110 74 92 87 95 84 104 78 97 85 99 98 67 102 99 123 100 106 90 62 110 110 97 90 73 108 83 103 66 110 115 106 125 85 94 102 119 96 108 86 89 81 101 66 75 89 107 82 105 102 88 102 76 96 107 109 107 115 96 102 87 83 102 72 88 119 102 77 94 91 89 107 84 117 98 133 88 87 112 118 85 100 118 95 104 77 115 113 125 90 84 126 94 86 106 83 83 107 106 124 79 126 102 83 97 101 110 114 93 95 82 117 128 74 91 74 94 80 109 74 99 100 105 125 109 112 110 108 77 119 136 81 104 80 89 120 120 124 82 120 119 90 106 93 83 124 72 114 105 117 85 96 121 98 99 81 84 101 88 114 86 80 95 91 98 115 108 72 90 85 99 91 116 108 102 102 117 95 90 79 108 96 120 91 109 82 92 92 96 121 97 73 104 113 93 78 87 97 104 87 104 112 79 96 123 113 102 89 109 76 104 93 90 90 111 91 92 103 87 74 77 123 100 67 101 86 82 90 96 88 118 105 92 92 106 69 82 98 82 101 64 73 112 97 104 70 87 93 98 75 92 87 76 105 75 86 87 112 84 116 120 110 102 96 87 64 99 114 91 101 105 69 108 87 83 75 103 97 96 103 120 83 121 82 89 87 95 116 89 83 104 110 104 134 56 128 116 84 112 104 100 80 104 117 81 76 79 81 85 121 88 109 105 90 79 110 67 101 101 142 97 73 99 96 105 75 96 92 91 108 99 109 99 83 117 93 84 93 70 93 102 84 96 114 107 54 80 91 86 109 108 91 102 128 105 105 83 108 98 105 121 70 100 84 113 100 92 105 86 103 85 114 105 92 111 98 95 86 87 107 108 95 110 116 76 87 115 77 106 101 83 109 103 83 87 83 124 81 103 132 116 112 92 94 84 94 104 113 103 107 90 99 82 97 81 77 104 92 82 70 97 104 106 98 72 90 128 84 91 94 88 99 98 117 111 133 80 84 89 101 66 69 97 80 120 103 81 80 70 89 78 87 120 105 81 90 101 100 141 110 66 105 87 83 100 90 80 89 79 110 70 86 112 101 114 116 113 98 93 76 97 109 99 98 88 94 98 100 114 91 99 62 111 77 75 103 108 110 101 111 111 86 117 109 92 99 101 88 110 96 99 95 96 93 96 115 84 95 129 78 87 86 101 109 97 101 92 99 93 102 121 111 84 87 101 101 81 91 119 89 101 91 96 107 88 129 118 90 92 104 100 64 101 113 108 99 107 93 89 83 124 101 83 110 82 58 79 89 101 73 86 107 98 121 94 86 100 95 119 79 114 54 81 122 93 82 104 105 78 111 79 110 88 100 78 105 87 90 69 119 112 84 100 91 104 103 153 79 71 82 90 100 98 67 107 93 111 86 110 103 110 104 91 110 109 120 120 91 83 89 104 95 108 102 91 100 78 100 79 111 108 78 107 78 86 122 89 98 104 111 92 83 85 97 97 81 103 80 110 99 104 95 93 125 107 102 114 98 99 74 115 100 132 107 111 106 97 88 91 86 107 102 89 96 131 120 116 83 83 113 105 142 89 87 76 85 85 102 74 99 91 100 92 98 112 108 136 88 97 78 101 88 70 75 107 112 89 77 109 69 96 99 89 121 98 87 99 100 110 109 68 95 93 87 107 106 69 77 89 83 104 91 79 74 103 139 98 83 115 84 100 103 98 110 94 82 87 82 72 86 127 76 93 95 111 53 111 116 89 116 92 111 116 110 65 128 94 104 83 87 107 125 93 117 79 71 117 91 98 91 84 96 128 88 111 99 115 105 97 127 80 96 118 100 64 99 91 99 93 109 98 86 93 107 87 115 89 111 104 76 70 92 96 122 105 112 102 93 93 117 104 102 90 103 79 101 77 102 93 89 94 87 107 102 106 98 86 135 96 94 98 110 100 115 101 80 102 101 86 96 91 85 98 96 127 100 98 97 72 128 91 88 105 98 132 114 84 99 120 87 83 105 74 87 107 86 86 84 113 108 113 111 95 115 101 62 132 75 135 74 76 147 107 98 84 116 115 100 91 111 110 96 118 121 97 86 96 90 108 101 107 79 73 99 121 116 123 71 92 90 106 79 119 146 101 90 92 117 78 108 71 90 102 102 89 93 120 69 86 99 115 89 111 104 101 107 86 122 94 141 121 101 101 106 75 79 93 87 95 101 91 125 83 107 130 83 88 114 82 82 106 94 84 114 109 69 105 93 128 93 86 90 113 99 108 118 108 78 89 81 94 81 121 81 85 124 108 94 89 97 127 91 103 78 120 126 106 81 97 117 115 118 76 82 106 77 81 101 91 85 106 95 97 125 85 116 98 101 98 101 77 127 108 110 92 87 78 106 86 85 90 118 119 102 101 109 115 102 90 114 88 94 89 90 102 118 122 87 117 91 97 106 87 115 122 102 112 109 99 99 112 78 70 94 79 119 75 89 91 105 117 91 91 105 111 104 101 94 88 130 75 74 86 94 88 75 94 87 103 97 96 93 98 63 110 77 93 106 81 79 81 61 96 91 113 108 102 85 93 122 107 88 117 127 51 115 94 76 88 100 109 75 101 83 87 129 111 113 95 94 97 83 110 81 99 94 96 113 89 53 86 82 98 81 87 76 103 96 118 107 131 124 88 123 97 92 66 89 85 106 116 97 132 93 80 79 96 84 107 109 82 88 99 101 96 47 95 80 88 114 125 108 128 96 103 131 85 80 87 85 114 99 82 86 85 120 98 89 114 108 118 107 101 81 93 91 88 109 95 92 87 92 116 97 109 85 108 120 98 83 118 62 80 66 101 95 84 88 79 88 75 115 94 82 95 96 90 82 89 99 122 95 84 111 90 96 103 94 84 127 87 77 87 114 80 90 130 87 107 97 107 86 106 76 77 105 83 119 81 98 103 76 111 78 117 95 79 99 81 98 91 106 103 107 79 83 107 96 91 101 111 88 99 94 81 101 103 89 115 123 130 85 110 67 97 92 96 71 106 99 87 77 112 91 103 113 104 82 117 105 115 69 104 101 76 73 120 71 81 102 83 95 103 103 95 94 84 137 96 124 79 93 101 79 72 84 93 76 98 58 101 71 109 121 128 75 86 117 102 84 85 83 111 115 82 124 107 77 103 94 103 95 72 131 117 116 123 104 98 82 102 133 100 94 97 55 106 112 115 90 126 128 97 123 102 116 123 88 106 64 94 98 82 90 104 101 87 74 111 100 95 97 106 103 73 89 101 77 106 75 116 105 90 130 78 104 103 113 96 118 124 92 87 104 80 99 84 114 72 108 103 73 118 93 106 114 86 109 85 91 109 80 85 99 113 97 112 98 112 106 85 87 81 113 102 109 101 80 107 96 116 76 94 63 85 83 91 79 101 88 86 101 100 81 67 93 102 120 90 116 121 66 87 118 96 74 95 109 122 122 105 109 146 115 105 95 98 89 93 123 107 110 88 111 106 99 104 69 83 104 89 124 97 89 140 127 99 103 106 82 115 80 83 93 101 94 98 93 95 90 104 100 92 103 70 108 106 132 103 102 88 68 79 82 82 88 78 94 84 94 106 101 95 77 113 107 105 84 101 109 87 103 87 125 91 111 94 119 88 77 92 104 117 91 103 97 79 96 80 89 86 99 105 90 86 101 107 91 106 110 116 97 74 90 90 119 93 104 91 111 94 100 120 81 86 93 100 111 95 103 99 113 129 105 79 79 67 109 85 94 95 69 113 78 101 99 103 71 108 75 123 103 99 84 106 93 96 78 112 91 87 97 81 115 91 103 116 78 115 86 89 99 89 84 120 97 88 90 90 87 104 104 133 110 78 90 95 95 123 86 99 108 91 120 110 89 110 90 115 120 95 103 85 92 117 106 96 94 95 78 84 105 108 104 94 73 122 104 85 120 97 79 116 101 68 116 89 116 77 122 104 94 88 83 92 91 108 93 113 110 100 89 133 89 83 99 96 81 89 103 93 90 75 98 75 130 110 77 122 90 122 90 104 103 101 124 105 112 119 83 86 123 80 86 99 89 114 106 112 97 109 83 90 86 114 70 108 95 94 96 107 108 99 80 63 110 95 98 117 74 78 104 81 101 96 109 105 98 90 113 103 125 75 83 92 95 95 115 121 115 98 100 112 104 95 88 102 111 113 108 141 101 88 73 110 87 118 98 57 113 126 83 73 90 95 71 113 93 117 95 104 104 87 137 106 87 89 79 82 98 106 109 83 90 98 79 90 92 85 97 110 105 89 108 119 86 94 103 81 83 111 120 109 81 102 99 94 83 129 110 103 91 88 123 103 110 101 108 86 89 97 93 84 70 101 92 86 105 94 105 89 84 97 103 107 125 117 79 77 111 108 85 81 74 98 86 125 110 105 87 73 73 89 90 69 114 123 116 85 113 113 100 79 95 88 78 102 118 95 113 114 79 107 114 97 103 110 110 122 90 82 106 82 90 109 105 125 75 100 59 107 114 112 121 65 67 115 93 106 86 110 95 113 65 96 93 86 101 95 77 95 85 71 82 102 86 97 121 71 115 99 89 96 116 99 71 106 106 109 111 110 98 91 101 91 109 95 69 83 95 88 114 106 89 109 137 85 95 44 113 108 104 98 103 108 80 110 106 103 115 97 108 104 117 84 119 87 106 87 95 89 108 86 107 103 101 102 55 100 75 106 103 84 92 79 120 91 104 98 79 87 97 83 115 77 109 95 81 97 99 108 130 89 114 121 90 85 77 77 103 86 91 94 110 94 92 104 85 86 119 123 102 89 144 112 105 90 120 89 100 77 102 108 93 126 105 112 86 94 118 119 103 92 123 129 99 132 103 83 83 88 109 111 78 90 89 120 77 103 95 121 108 90 88 104 100 96 135 91 107 87 102 72 112 98 103 116 104 83 79 139 84 84 83 93 108 88 101 104 116 93 103 94 96 95 97 80 78 100 84 90 104 91 133 85 112 91 115 94 94 108 106 126 93 80 90 110 102 113 82 84 87 95 100 112 107 76 93 87 90 90 93 94 89 131 96 73 118 100 102 104 95 81 101 121 74 93 117 93 109 91 84 90 92 119 99 126 71 86 126 74 114 98 129 78 104 79 108 86 79 115 87 122 85 80 76 88 93 89 98 125 94 109 91 85 97 82 90 112 99 85 131 101 114 92 126 77 112 110 86 107 100 84 75 122 83 70 107 111 117 99 85 75 84 95 100 84 92 92 89 72 116 117 82 81 108 118 81 90 80 76 85 116 123 106 148 135 120 93 111 104 92 110 85 111 92 101 88 127 102 77 91 97 98 123 80 93 88 110 90 88 108 84 89 105 82 107 125 84 102 93 109 101 116 104 98 99 91 90 105 77 85 102 131 105 112 108 87 121 84 86 59 114 98 95 104 111 78 115 90 102 92 97 86 97 103 103 99 77 103 76 84 90 79 100 76 90 106 97 91 86 108 83 64 79 119 102 76 116 93 113 109 117 100 94 98 88 91 108 78 81 89 89 90 95 122 81 97 81 113 98 94 86 107 122 117 100 131 101 86 82 92 74 96 118 93 88 80 105 96 100 86 98 137 73 80 112 108 88 94 101 104 96 82 94 114 94 85 132 104 115 89 88 84 106 91 59 86 109 93 114 103 112 105 108 92 82 90 105 97 103 118 84 99 99 100 109 90 92 123 92 95 99 138 108 126 95 96 100 81 78 95 74 100 100 88 106 111 102 117 94 109 86 94 74 130 98 97 116 83 118 96 95 102 80 108 90 97 111 100 80 95 87 104 86 120 63 102 107 98 93 113 96 96 101 95 120 81 112 96 85 96 107 101 97 110 91 108 109 91 90 104 87 118 101 92 113 96 94 98 114 90 117 119 111 105 110 97 84 93 82 114 107 72 95 83 73 105 71 107 116 79 92 110 85 101 112 112 85 106 142 106 101 89 75 100 110 96 104 85 70 116 102 84 84 120 105 110 81 85 84 110 92 96 131 103 125 94 95 104 104 118 118 113 94 74 96 86 100 94 105 113 119 91 100 102 101 109 95 119 88 78 109 152 90 100 94 77 122 94 80 97 128 99 104 98 99 102 98 105 85 107 103 69 97 86 75 89 110 97 84 115 65 88 100 85 73 114 84 75 114 108 95 104 89 86 87 84 60 127 100 97 88 96 102 113 99 74 100 98 91 92 108 101 105 100 88 108 124 100 85 99 135 112 103 100 99 111 99 79 87 105 93 108 115 84 100 103 126 83 92 89 100 112 87 101 59 112 108 87 82 107 70 149 109 106 109 99 90 90 94 80 72 113 97 117 88 107 123 116 91 106 111 103 82 111 89 73 90 88 83 87 87 90 116 98 71 87 73 122 93 124 102 87 115 90 84 103 101 85 76 105 75 94 91 88 101 77 78 101 86 59 110 107 97 98 124 115 105 89 75 80 106 85 117 116 106 96 77 62 78 89 102 101 74 64 109 86 120 68 85 90 89 97 99 116 82 81 113 97 93 95 99 81 108 104 95 68 83 87 104 97 107 113 85 92 99 102 87 112 77 78 98 93 107 88 84 88 116 116 109 104 123 89 81 93 95 122 94 95 90 122 117 93 88 107 124 93 99 86 108 111 97 125 119 76 129 95 79 81 95 89 101 87 82 109 87 104 97 98 109 84 90 100 103 93 85 79 89 78 92 107 94 105 103 84 96 107 111 73 109 115 98 99 118 103 92 99 86 116 83 113 107 108 104 129 83 116 76 97 105 128 75 106 103 86 92 71 93 98 83 98 93 73 92 124 129 76 111 99 121 91 105 84 100 97 90 89 101 85 70 124 119 76 99 124 120 99 100 92 86 119 95 95 96 100 105 129 98 88 96 118 115 113 103 97 76 99 114 110 91 101 100 94 114 108 121 101 103 99 110 102 106 71 80 87 107 73 102 87 61 98 109 110 112 98 120 111 111 99 100 100 102 93 104 129 86 78 94 122 101 81 75 82 88 111 96 83 117 88 88 109 72 75 105 108 82 138 84 103 103 106 79 74 112 85 119 82 81 98 93 106 130 87 110 106 89 85 114 97 97 85 87 87 103 96 92 89 84 118 108 109 96 101 99 83 97 100 100 110 107 86 111 84 100 106 114 89 75 93 97 85 90 92 103 94 99 100 87 103 85 92 101 107 95 86 98 89 86 77 66 97 92 116 87 87 119 85 102 104 55 115 105 91 74 73 103 75 116 98 86 118 68 106 107 104 86 88 70 99 126 94 91 80 108 99 98 100 110 108 99 95 91 108 90 100 85 91 114 113 90 129 85 69 108 113 108 98 97 120 126 106 88 95 119 107 106 97 95 105 97 105 130 82 98 93 89 98 117 82 86 101 103 84 95 107 87 96 92 97 121 65 97 79 113 96 100 112 95 111 84 83 103 114 120 92 107 85 108 101 135 116 125 123 61 105 99 55 113 77 86 93 109 107 111 141 119 99 80 108 73 83 76 105 91 86 102 104 108 91 94 98 97 112 107 74 97 105 129 91 80 79 135 111 107 112 99 76 104 92 105 84 78 112 113 81 88 89 135 97 100 69 84 83 87 112 87 84 89 81 115 107 105 63 110 94 87 110 114 89 77 111 104 78 128 79 99 99 96 154 47 105 101 135 99 84 87 84 87 106 105 100 67 101 109 107 101 101 83 77 90 99 116 84 69 98 117 88 98 91 120 80 87 91 88 91 87 78 83 94 94 98 146 93 81 77 113 112 112 93 92 101 98 72 117 72 86 82 83 112 110 96 105 123 88 100 107 111 88 79 78 139 116 92 121 108 102 111 103 103 89 87 78 131 72 76 93 88 97 90 102 93 79 102 103 73 81 99 119 80 67 89 92 91 87 113 91 94 82 85 78 77 68 98 64 126 94 107 82 107 94 100 109 115 99 117 125 105 127 91 86 60 140 93 102 111 89 87 110 108 95 120 109 95 85 79 97 87 113 104 86 125 92 117 88 102 107 89 119 105 92 89 84 78 94 119 76 104 100 105 101 94 103 90 103 83 83 99 83 118 86 107 100 104 86 95 98 94 106 98 90 86 91 107 79 79 117 104 69 104 120 104 98 93 97 108 77 102 107 120 131 104 98 103 91 97 94 107 98 73 87 84 102 99 98 78 99 89 128 106 108 90 117 94 101 125 81 101 92 86 109 82 108 84 94 91 101 139 112 105 97 108 85 94 111 84 98 76 111 92 91 98 68 90 91 87 70 83 116 107 101 77 99 133 93 81 116 104 121 113 125 102 99 101 105 80 114 98 92 112 83 122 92 88 73 86 95 123 101 87 105 79 88 83 71 109 83 90 94 96 112 82 129 90 126 102 104 122 107 84 86 104 87 91 112 92 113 83 111 107 90 100 78 110 118 78 108 111 110 87 92 81 84 120 82 119 114 82 84 101 88 100 77 98 107 119 83 86 95 77 82 96 95 102 99 97 89 91 67 75 102 98 106 105 110 89 127 120 132 104 100 99 87 82 85 93 84 94 105 120 114 94 124 120 86 83 98 90 95 137 119 114 91 101 88 79 92 115 91 83 104 105 99 103 67 88 113 112 84 98 101 69 58 50 66 44 58 56 62 46 62 58 78 68 56 58 56 66 54 68 62 56 80 60 48 50 64 46 60 38 46 74 48 62 38 52 66 64 54 36 76 56 70 48 60 54 56 48 84 50 64 56 72 56 68 54 56 60 48 46 42 68 48 58 56 60 60 58 68 80 64 76 68 50 64 52 64 50 56 54 58 62 44 44 80 42 62 46 64 48 66 38 56 78 40 50 66 56 58 54 88 68 48 56 64 60 48 44 64 82 60 62 58 62 60 44 54 66 56 56 76 56 50 56 58 78 70 62 62 54 52 42 68 50 76 58 60 52 56 44 72 56 62 48 54 76 72 70 62 60 52 48 62 40 58 54 78 52 74 66 74 34 60 62 60 42 74 58 66 54 48 66 76 62 64 60 76 46 72 36 106 62 44 32 74 66 66 64 72 74 60 60 54 70 58 36 38 50 64 64 70 60 52 66 68 60 44 52 58 68 58 58 46 44 78 40 54 48 62 56 60 62 46 46 48 66 58 54 54 66 56 42 58 44 40 64 46 64 60 56 56 72 52 66 58 80 58 48 72 64 48 54 58 52 60 60 44 56 40 58 46 46 60 42 50 58 70 60 68 58 46 48 54 56 68 60 64 50 50 60 60 56 58 78 56 60 58 66 52 78 50 54 50 66 66 54 70 76 50 52 68 54 56 54 66 58 62 58 66 76 54 68 50 44 70 58 44 56 58 52 54 54 46 38 64 48 44 58 62 66 80 56 72 46 64 48 66 68 46 68 54 48 80 54 34 66 58 66 58 42 64 60 62 78 48 60 78 50 64 66 62 56 72 64 48 56 50 48 54 50 42 58 38 72 62 60 68 36 76 76 64 66 58 74 70 54 58 50 64 74 70 64 44 56 62 72 64 70 60 48 62 76 68 58 64 72 44 72 58 48 58 80 54 60 48 62 54 54 76 68 40 60 62 66 58 60 52 68 56 66 60 48 56 56 42 52 34 52 64 54 42 54 56 56 64 60 66 54 58 74 40 56 56 56 62 54 84 72 60 66 38 52 62 64 66 68 64 42 36 62 40 60 64 50 70 46 50 70 48 74 50 66 44 64 50 70 44 64 68 42 58 50 62 60 48 64 50 72 62 52 54 62 54 44 60 66 62 54 44 64 70 64 78 52 48 64 70 56 40 56 60 70 52 50 56 82 60 72 62 52 50 68 42 58 76 66 68 46 36 62 70 46 62 44 48 62 76 62 62 64 64 64 80 66 44 62 76 58 66 62 44 66 60 68 66 52 64 52 48 48 48 70 72 60 78 60 90 50 66 64 52 54 58 52 68 64 60 60 62 62 56 60 48 62 60 66 54 46 62 64 50 48 48 60 50 54 60 48 56 52 66 64 58 46 54 38 64 50 56 70 44 56 38 60 50 60 66 60 58 62 60 44 80 68 52 62 68 62 46 60 66 46 54 40 68 66 60 72 78 56 72 48 48 60 54 60 62 60 58 50 56 50 56 46 58 50 54 68 50 56 64 76 58 54 54 46 56 56 64 54 52 62 82 56 62 56 52 54 60 50 58 52 68 70 62 58 66 74 42 50 80 64 64 62 52 68 72 60 68 52 54 56 60 46 64 58 78 68 56 68 56 60 44 62 58 52 50 58 64 64 58 52 58 44 48 66 48 62 62 52 40 50 72 50 62 60 72 64 60 64 74 68 70 48 66 64 60 50 70 70 60 42 64 60 78 48 58 66 64 60 60 56 52 46 52 46 50 44 50 46 56 56 44 38 52 62 68 74 76 60 46 68 62 56 66 52 38 68 50 58 70 44 54 40 42 64 64 40 50 66 66 60 62 68 64 58 74 56 70 68 42 46 40 54 38 52 60 68 52 56 60 56 68 62 46 64 50 54 46 50 74 62 60 58 70 58 38 66 74 54 68 64 52 72 46 72 60 64 72 56 64 72 64 52 54 64 50 60 64 60 70 34 56 74 60 62 70 60 50 56 62 68 44 48 60 64 58 58 64 50 52 58 44 54 52 68 60 78 52 58 50 46 58 66 58 56 46 52 44 54 62 56 46 68 68 36 40 64 82 54 58 70 54 64 60 64 42 56 72 34 48 64 62 54 54 70 74 48 54 56 76 52 46 60 54 54 42 66 56 40 56 56 62 78 76 36 60 40 54 54 48 60 62 52 56 46 54 72 52 56 78 46 64 54 40 46 56 56 72 46 70 52 58 74 52 54 48 52 46 52 80 66 60 68 66 46 60 62 40 54 42 44 60 56 42 50 54 64 54 50 72 54 52 58 60 50 72 72 60 52 64 52 52 52 58 56 74 40 70 60 40 56 56 60 76 62 70 54 44 60 48 54 82 66 62 62 50 60 60 58 72 60 64 50 80 52 78 56 66 58 68 68 66 56 44 64 46 58 44 62 50 84 66 52 64 74 84 40 52 58 66 50 62 52 56 52 104 62 70 70 52 48 42 60 54 66 60 38 66 64 62 68 40 56 52 60 54 62 54 76 72 40 62 58 50 56 58 76 78 56 66 68 58 70 60 62 52 50 68 48 54 42 40 50 66 56 68 84 76 58 60 48 72 60 46 62 68 52 62 66 48 70 48 56 70 74 52 72 50 66 64 58 54 48 64 44 66 80 66 52 50 68 50 66 68 40 46 48 78 70 52 74 76 56 32 50 72 74 68 58 58 50 50 84 80 46 44 60 58 46 70 52 60 38 54 54 52 82 58 56 60 50 64 88 58 44 54 70 66 52 64 62 46 54 70 44 66 44 62 88 56 64 52 56 52 60 60 58 64 82 52 62 66 46 40 56 62 76 60 56 56 52 56 54 52 36 72 52 64 74 60 60 58 64 70 58 56 64 60 46 52 72 48 60 50 46 64 50 44 58 78 58 52 72 52 42 66 54 56 48 60 52 40 56 58 64 50 68 66 54 60 76 72 68 52 88 50 52 50 42 46 52 38 44 56 60 56 52 56 66 54 52 44 68 58 56 40 38 64 68 70 52 64 86 50 68 44 60 66 68 48 56 40 68 66 72 54 58 40 56 56 48 68 52 66 62 60 58 70 62 72 76 46 60 56 60 60 30 70 56 46 52 58 60 60 76 52 56 64 58 50 46 54 66 62 50 56 44 50 62 68 70 60 50 42 52 64 58 60 62 56 66 42 52 60 50 74 64 68 58 50 66 46 48 44 52 68 88 56 56 58 50 62 46 50 48 54 50 60 58 62 72 50 50 42 74 54 62 62 48 66 56 66 68 64 50 44 52 48 52 62 50 72 74 54 30 72 62 62 70 62 66 86 58 64 64 44 56 78 74 62 60 72 72 58 48 64 48 50 64 72 64 42 66 50 62 42 60 66 46 56 64 50 60 52 62 68 64 44 64 46 34 50 72 58 52 50 54 54 60 38 62 52 74 48 56 72 66 48 64 54 60 70 70 36 76 56 82 52 46 62 48 68 62 58 60 48 58 50 68 60 46 52 56 56 56 54 60 52 72 50 58 54 52 54 58 50 54 56 44 76 72 56 76 66 50 60 78 64 70 62 54 74 60 48 78 64 56 66 60 74 76 58 60 46 64 56 60 62 54 64 58 74 56 36 46 46 60 56 50 68 52 56 66 46 72 62 64 54 66 56 70 46 44 52 48 68 52 48 56 50 42 64 52 54 64 46 64 70 66 56 50 54 56 52 40 56 64 50 58 58 74 46 50 46 78 52 56 64 60 46 60 74 52 70 60 76 66 48 56 62 54 76 74 58 54 50 56 46 62 76 74 50 54 60 64 50 50 68 52 62 70 72 64 78 60 70 60 50 50 60 62 62 54 56 66 46 56 54 46 80 64 54 42 72 60 66 50 68 58 42 50 64 60 64 54 58 50 70 46 52 54 48 46 34 54 70 54 74 46 66 60 72 76 70 44 54 58 76 66 58 62 52 46 54 46 64 70 68 68 64 42 56 48 58 56 40 62 72 50 58 50 40 48 64 70 56 64 62 48 66 40 48 54 62 46 52 50 68 44 68 52 62 64 26 44 50 74 48 76 58 54 50 58 46 58 76 68 56 72 78 56 56 44 86 64 56 44 60 62 64 66 46 68 66 68 60 66 42 50 72 72 62 84 48 48 78 48 54 56 68 62 62 50 60 84 54 68 58 40 50 50 56 50 54 58 68 66 60 40 60 76 60 50 62 74 48 44 56 58 56 58 60 62 62 64 58 46 56 60 46 64 82 48 50 48 66 50 54 50 48 58 68 80 92 86 58 40 50 56 44 46 52 70 52 52 58 74 66 58 52 88 48 52 32 42 62 50 56 46 54 64 64 52 40 68 74 84 60 52 78 70 68 78 46 64 54 54 56 58 80 54 60 32 66 62 56 68 68 62 48 52 52 60 60 62 56 74 64 72 38 68 44 62 58 46 58 72 60 70 78 48 70 70 58 54 48 48 58 32 66 56 60 62 54 98 48 66 50 68 56 54 50 62 62 64 52 72 42 62 56 58 62 56 50 44 58 62 48 56 54 66 62 76 68 58 58 52 50 64 62 50 36 46 54 72 64 74 60 78 60 64 70 60 50 60 58 42 52 58 48 64 62 60 62 52 54 56 50 68 60 76 68 62 50 66 66 58 46 56 36 54 42 72 66 70 72 68 56 60 60 66 64 48 64 70 54 60 60 54 62 68 66 60 58 66 72 54 34 44 48 54 60 58 64 46 72 60 48 44 58 60 76 38 56 42 68 56 68 68 74 46 56 54 62 52 60 64 76 56 52 58 74 46 42 42 42 50 82 66 46 56 76 54 62 58 52 50 70 76 48 68 48 56 60 56 84 74 76 50 42 48 38 54 64 40 50 66 72 44 58 40 70 64 58 58 46 66 62 58 74 58 60 50 88 54 64 56 50 80 68 66 58 70 60 70 50 62 60 56 58 54 54 58 50 66 56 68 52 56 54 54 54 50 46 62 100 76 66 78 36 58 62 60 76 46 64 50 60 76 66 54 60 54 70 70 70 60 34 82 62 64 54 62 58 60 52 60 54 52 66 58 48 80 74 78 50 62 62 76 68 50 52 68 54 54 58 76 76 66 44 54 68 68 68 76 56 48 50 68 40 66 50 56 48 62 50 50 52 66 58 60 40 56 68 54 64 64 48 54 58 60 60 70 70 42 60 66 58 64 64 68 52 70 74 60 60 66 42 50 60 60 66 56 54 62 76 52 62 68 32 68 72 46 64 48 70 60 66 54 50 66 52 46 50 42 68 44 46 46 70 64 66 62 38 58 34 56 66 76 40 58 60 46 46 58 42 52 46 46 66 46 76 64 48 36 66 44 68 54 54 70 68 70 82 60 62 50 44 74 64 60 76 42 82 58 44 32 38 62 66 46 52 74 50 94 80 54 46 62 70 68 60 54 62 60 62 74 96 38 70 44 50 56 74 58 66 54 64 54 52 62 50 50 76 62 72 54 38 56 62 64 52 48 70 62 66 46 44 68 40 62 56 78 80 32 54 46 48 56 48 62 38 70 42 48 62 60 58 36 64 60 58 50 50 42 90 78 56 30 52 40 68 62 62 52 58 64 64 64 56 48 46 62 68 52 66 70 78 54 48 58 60 56 60 56 46 52 52 60 64 64 58 62 62 52 76 64 66 64 46 56 60 66 58 64 58 70 70 60 64 84 68 82 68 54 90 66 68 38 48 66 54 60 50 48 48 44 48 44 72 58 44 52 60 64 50 68 64 76 66 70 56 56 80 48 48 62 62 52 72 48 48 64 50 80 54 52 68 68 64 54 60 48 66 54 46 58 76 54 74 40 70 78 72 56 56 58 56 46 54 38 56 50 56 64 50 52 42 50 58 62 72 48 60 78 64 50 76 62 48 58 56 46 68 46 62 50 68 58 66 62 58 64 68 60 42 70 78 74 44 60 44 46 48 68 56 64 56 46 58 70 62 48 56 78 80 74 54 42 68 44 76 64 68 74 40 64 58 44 62 42 58 68 38 52 62 56 48 58 60 68 58 68 56 50 68 56 44 44 70 74 56 84 52 64 72 46 58 72 58 64 64 64 62 56 58 58 58 56 48 50 48 58 50 60 32 62 50 40 82 58 64 60 60 56 66 70 64 56 50 56 56 60 62 48 52 50 46 52 50 46 40 78 56 62 52 72 70 40 54 48 56 36 44 66 52 68 60 64 46 48 70 52 44 74 46 66 58 46 76 54 58 64 52 74 68 64 56 88 62 44 50 54 68 66 46 58 56 52 60 50 64 50 78 52 58 50 68 60 60 76 62 68 64 52 68 86 78 66 48 52 62 82 50 68 56 76 46 68 60 70 64 60 48 48 56 74 80 54 42 44 50 64 82 56 62 76 66 70 48 44 66 48 48 54 50 54 68 64 62 52 62 60 58 52 64 50 68 54 50 40 56 70 70 68 40 52 66 76 64 72 68 70 62 50 56 60 44 56 46 42 62 76 54 62 42 62 64 68 68 62 70 44 74 52 70 50 54 54 58 56 72 52 66 46 42 68 48 52 58 56 60 58 70 60 62 52 52 70 66 58 54 64 50 54 56 78 68 60 56 68 56 56 50 66 84 84 44 68 94 54 68 52 34 48 54 44 60 62 52 58 60 54 64 60 40 40 58 56 62 54 50 34 68 66 64 62 66 40 68 64 62 52 48 78 64 80 76 44 64 58 72 48 50 58 64 58 72 64 60 62 68 56 66 62 60 46 56 68 48 52 58 56 66 58 56 64 46 64 54 66 40 60 46 60 58 60 52 62 58 68 52 54 52 52 44 40 52 36 68 56 62 54 70 42 60 64 46 56 36 56 64 64 60 58 62 72 50 46 56 52 70 46 56 66 66 60 76 48 68 58 52 80 54 58 62 52 56 60 60 72 56 62 48 48 72 54 44 70 48 54 82 92 68 60 54 62 60 46 60 58 38 46 60 54 50 66 60 52 46 60 62 48 50 52 68 42 74 56 50 66 56 56 52 66 48 58 56 70 56 62 46 78 58 82 48 50 66 66 54 62 58 56 62 36 48 58 62 64 56 66 58 86 58 46 56 46 62 74 64 68 58 50 58 54 56 60 62 56 56 70 60 66 54 60 58 48 74 42 56 60 62 58 62 54 62 76 64 76 76 54 36 60 40 76 46 50 84 58 70 34 68 62 68 48 68 72 64 60 48 50 54 54 64 48 72 50 60 52 70 50 54 68 58 70 54 66 68 46 48 66 54 50 54 48 56 50 66 58 58 48 66 86 36 54 68 58 60 52 46 48 50 58 54 52 72 60 72 62 64 48 58 64 80 82 66 52 42 50 66 66 56 54 56 46 62 70 62 62 66 58 72 42 72 72 64 68 58 54 54 56 58 90 74 84 50 66 54 54 56 60 48 52 50 66 52 70 64 54 54 62 66 72 40 54 58 78 62 68 48 74 36 36 68 44 54 68 72 62 64 56 70 56 68 58 42 54 76 58 62 62 80 54 64 46 64 44 60 66 70 54 60 64 76 84 50 54 66 44 70 60 40 72 58 72 68 50 48 58 78 58 72 54 84 48 54 58 68 34 54 52 48 62 58 46 62 46 72 68 64 72 50 60 60 56 52 58 58 48 80 64 64 38 58 54 86 60 76 62 52 54 66 66 62 60 42 54 56 54 54 58 72 50 52 58 52 66 62 42 62 68 68 84 62 68 64 50 50 56 46 58 42 60 76 72 62 62 56 74 62 60 58 48 44 66 50 68 42 58 66 68 52 64 58 60 74 68 64 66 50 64 50 58 68 76 64 56 58 72 60 34 54 54 64 46 54 72 52 70 82 66 68 50 78 72 48 52 70 62 74 48 60 90 62 56 60 72 70 40 52 78 74 52 68 54 46 62 52 44 66 58 46 58 56 68 58 68 54 58 64 66 56 62 68 60 62 50 66 48 50 62 72 50 70 50 72 54 58 78 50 50 64 72 46 50 62 68 66 68 84 60 40 36 64 52 64 56 54 68 58 66 64 40 44 48 58 72 40 62 56 54 48 54 38 48 66 58 42 54 56 50 74 68 62 44 56 46 44 62 64 60 54 50 86 60 60 46 52 58 50 48 64 48 74 68 60 56 54 54 74 66 66 42 48 68 52 60 58 66 58 58 60 46 60 46 60 50 64 70 42 70 40 58 54 54 50 48 54 30 72 52 54 84 84 66 50 48 68 52 54 60 58 44 42 66 56 54 56 54 38 48 64 56 44 48 54 50 50 50 76 68 52 62 64 60 48 60 38 62 56 44 82 42 68 40 72 68 54 52 50 54 68 60 64 64 48 68 48 60 64 58 46 48 60 60 50 48 62 68 72 58 76 48 68 50 50 64 66 52 58 62 58 52 46 60 62 64 66 54 58 38 56 50 62 68 42 46 58 46 64 74 84 62 66 68 62 52 54 42 52 62 70 72 78 58 62 68 56 66 70 64 66 48 52 64 54 62 42 70 52 62 56 62 56 72 66 32 82 60 58 58 76 56 52 74 54 50 36 56 52 58 68 58 82 44 52 68 54 64 56 62 58 62 64 70 68 70 60 52 62 64 60 40 60 48 54 62 72 78 68 60 46 66 54 52 76 48 44 52 44 60 58 52 54 62 38 38 60 60 56 64 52 54 72 58 48 74 48 64 84 58 48 54 60 56 60 36 62 56 78 58 44 78 60 54 72 60 56 50 36 76 70 52 68 78 58 54 58 52 54 62 60 70 74 58 34 60 60 60 58 58 84 48 52 60 66 58 56 52 58 50 56 52 58 48 52 48 56 58 74 48 64 56 62 88 60 70 46 44 74 64 46 50 34 66 76 58 54 50 60 22 42 54 56 70 52 58 42 48 66 58 76 66 46 60 60 40 50 68 68 62 48 46 54 66 74 66 36 94 68 60 80 56 60 60 48 48 74 76 78 46 56 54 52 34 58 72 48 64 54 60 54 86 52 62 48 66 52 50 76 56 50 70 38 34 62 68 54 52 58 50 56 58 76 54 74 52 40 48 78 62 42 62 56 54 52 60 68 62 60 48 56 58 58 64 44 66 50 60 72 48 72 66 58 50 76 48 80 52 68 66 72 60 70 60 56 50 34 54 56 62 50 54 52 56 52 50 76 56 42 44 44 62 62 62 64 52 68 62 80 70 66 64 68 40 58 72 70 46 68 60 72 68 58 66 60 58 60 50 56 40 58 52 44 54 78 42 56 58 54 44 78 48 66 74 78 54 56 50 58 50 88 44 36 38 52 48 60 68 60 58 58 64 56 50 62 64 58 44 68 66 58 56 50 48 50 54 60 66 36 56 62 44 60 60 52 60 46 56 60 52 56 54 46 52 70 44 58 56 64 58 44 56 56 48 52 52 72 48 60 48 48 50 60 64 56 54 62 46 70 76 58 50 72 64 74 52 56 50 58 56 56 66 56 62 54 72 52 70 72 62 58 54 50 50 66 58 60 70 70 72 68 42 54 66 50 68 80 46 56 56 84 60 48 46 42 68 44 42 38 64 58 58 66 72 54 58 52 54 60 60 46 58 50 42 62 64 56 58 48 64 42 72 54 64 66 48 46 44 58 66 52 68 52 44 42 66 38 58 62 42 64 44 74 46 88 58 60 50 56 46 48 56 24 66 50 48 80 64 50 54 70 74 58 52 40 58 60 68 68 60 48 42 74 58 40 62 72 42 60 80 62 52 68 62 54 48 62 56 64 64 58 56 54 54 76 50 52 72 54 48 66 52 42 52 68 56 50 52 62 54 78 54 48 48 70 48 58 66 42 78 56 48 60 60 60 58 46 64 48 66 72 56 56 44 48 66 76 50 68 64 46 66 44 62 84 58 54 44 54 48 68 56 66 40 52 60 62 66 34 56 62 54 64 48 56 50 62 40 48 68 42 40 72 56 66 62 56 64 60 50 60 44 68 64 44 56 46 60 74 48 58 58 62 74 62 48 38 68 50 40 74 74 56 58 42 48 78 56 44 52 58 56 68 46 58 56 60 52 90 76 72 64 66 46 76 64 38 52 52 56 62 54 54 76 48 50 76 72 70 66 50 58 52 58 52 50 52 36 44 52 48 62 74 44 78 68 70 68 50 54 52 60 44 68 56 54 40 58 46 64 56 60 68 92 56 56 82 64 54 54 42 80 50 54 56 58 56 58 46 34 58 44 46 54 62 52 70 42 54 66 68 52 52 62 56 50 56 54 54 56 58 64 74 72 60 60 42 56 68 48 64 52 74 68 62 56 48 36 70 54 40 60 56 58 52 72 52 74 66 36 62 52 58 56 54 64 52 66 56 70 38 32 72 48 54 68 54 50 52 58 66 62 70 60 46 48 48 66 76 50 32 62 52 74 74 80 78 52 62 68 62 58 62 52 58 50 46 66 44 72 70 78 58 68 48 64 68 64 44 50 62 46 78 48 64 48 42 56 54 80 42 58 66 76 52 42 54 46 58 52 50 64 72 58 46 78 58 64 56 46 66 48 64 78 60 60 46 58 52 60 54 52 80 78 52 60 46 54 58 72 56 54 52 52 58 58 64 56 46 86 46 42 60 52 64 52 64 52 74 62 52 48 62 54 36 48 52 68 66 66 70 54 46 46 62 62 48 46 66 60 50 56 72 66 46 62 56 62 52 56 62 66 64 52 58 48 48 44 54 62 42 50 64 66 52 64 52 50 60 76 58 74 42 60 76 54 70 64 64 72 72 42 66 70 46 52 56 44 44 72 44 44 56 66 64 46 44 62 48 78 68 74 52 52 48 66 46 74 58 62 58 56 72 56 52 62 56 64 68 66 56 64 54 60 70 68 70 74 48 58 64 62 54 68 42 58 46 66 70 40 64 66 68 46 74 62 70 74 56 52 50 64 54 76 58 58 48 90 64 60 56 52 56 64 62 52 78 62 72 54 66 52 46 54 70 86 54 50 60 70 52 58 50 66 52 42 66 46 58 46 58 54 64 66 64 58 62 78 48 72 54 46 44 60 64 64 68 58 60 60 54 48 78 50 56 48 56 82 74 62 86 70 62 56 52 46 36 44 68 50 50 66 62 64 54 56 64 48 60 56 68 48 74 72 84 76 68 66 72 46 34 46 62 64 70 50 58 70 66 70 72 60 58 68 60 58 58 46 74 56 60 44 56 56 52 50 46 34 52 52 50 44 50 58 52 76 62 56 44 40 72 40 56 58 62 58 26 54 42 58 64 70 42 92 60 60 78 76 60 48 84 42 68 66 40 62 48 64 60 54 68 56 68 66 88 74 46 56 50 58 48 42 58 62 44 58 70 60 52 44 54 74 80 52 60 72 74 74 56 50 72 56 42 54 68 80 38 56 52 56 60 60 72 38 62 44 56 62 62 62 36 50 62 58 54 72 66 78 52 44 64 58 42 60 68 54 54 60 46 60 72 46 50 72 62 54 62 46 56 66 50 64 52 60 66 48 68 54 64 54 68 54 56 52 70 50 60 76 54 50 52 46 64 70 56 50 80 70 50 50 56 58 54 24 46 42 66 60 24 60 58 68 50 60 46 64 58 50 56 62 66 56 64 48 84 84 60 64 54 64 58 54 64 56 74 56 54 56 38 78 50 70 46 56 48 54 62 68 52 60 40 62 44 80 74 62 68 52 48 66 66 50 58 52 54 44 44 60 54 72 68 50 52 50 56 62 58 56 46 74 56 68 64 66 54 40 50 52 58 46 52 66 52 58 56 50 36 46 56 54 58 68 42 56 56 58 58 46 64 70 58 56 46 42 60 64 54 60 52 56 58 82 78 60 52 54 60 70 50 52 72 56 46 70 62 68 54 74 60 62 38 74 28 26 50 48 56 54 48 80 50 42 78 70 48 44 68 66 62 54 54 50 58 48 62 76 58 62 64 46 72 38 56 60 68 60 78 66 66 76 78 60 50 62 60 70 64 70 74 64 64 44 64 36 54 60 60 52 60 44 66 64 52 54 58 58 66 62 70 58 42 56 58 68 62 80 60 60 50 64 52 52 52 58 44 52 68 46 58 74 52 70 74 66 62 56 48 38 56 52 40 50 62 52 48 52 38 60 68 50 46 62 44 44 46 62 66 50 52 46 50 38 58 54 54 64 88 68 66 64 66 68 68 52 54 60 68 54 52 64 46 66 66 64 58 52 58 56 44 60 62 72 62 68 84 56 66 72 50 56 58 52 64 52 48 52 70 70 58 82 46 38 58 72 54 48 58 42 58 66 46 56 66 64 66 50 70 56 56 44 50 46 52 46 74 58 50 52 54 60 54 54 80 60 42 72 44 62 56 64 56 52 74 48 50 62 74 66 52 44 62 64 48 46 70 46 40 64 62 38 52 56 66 52 70 62 62 56 42 62 64 58 70 48 48 64 58 56 48 54 42 58 72 78 42 46 66 48 42 68 48 70 54 50 52 58 64 62 40 48 40 46 56 48 64 36 44 60 50 76 70 46 56 62 64 38 66 64 66 44 44 54 64 60 46 58 32 58 48 46 52 38 52 42 60 56 66 70 58 74 84 74 52 60 60 56 82 62 54 66 72 40 56 52 54 56 56 58 48 62 60 48 52 58 64 68 66 40 72 40 58 68 54 66 52 74 62 58 50 72 54 56 60 60 36 54 52 48 64 52 54 50 62 70 56 50 48 54 70 76 76 66 54 50 54 56 52 56 60 62 42 64 58 48 72 48 56 50 42 58 54 52 40 58 48 62 50 54 60 44 78 74 58 50 44 74 58 62 36 70 42 48 46 50 52 64 58 60 54 64 78 44 56 46 46 44 74 58 68 84 46 72 56 58 46 56 52 70 56 70 70 60 64 62 48 58 68 64 48 60 74 60 56 78 58 86 74 54 52 70 64 60 56 60 58 80 60 44 82 48 72 58 44 64 66 50 74 68 56 60 62 54 44 46 60 54 46 50 52 78 48 58 56 36 60 64 52 50 80 40 70 60 66 52 52 60 66 32 46 58 60 68 72 60 58 48 70 56 52 32 48 78 72 56 54 54 56 50 52 70 66 76 76 82 64 54 62 44 52 58 68 68 76 50 66 70 86 48 90 54 52 72 56 62 68 64 72 64 60 62 66 64 70 62 54 50 52 52 46 58 62 70 72 66 56 60 50 56 58 54 58 72 56 60 54 56 58 38 40 54 62 72 52 64 40 46 54 82 58 46 56 58 44 66 66 48 52 46 44 62 52 60 68 56 76 64 66 56 40 48 54 64 50 60 66 52 52 50 50 70 54 60 86 54 56 58 52 54 42 92 76 72 60 38 64 46 70 54 48 54 52 48 56 66 58 68 84 64 58 64 64 60 62 60 60 62 64 62 40 54 66 50 46 62 52 48 62 58 58 58 64 54 74 68 76 58 52 56 78 82 56 60 60 62 44 38 52 60 68 46 48 66 56 62 60 60 60 64 56 44 68 64 46 44 54 66 50 76 70 54 58 64 50 56 52 54 72 60 54 64 42 48 54 40 48 66 56 58 58 64 42 64 48 54 76 58 48 62 60 56 44 60 60 50 62 64 50 52 54 72 60 76 58 74 56 58 50 70 40 52 60 46 60 80 54 58 46 52 72 60 56 62 76 52 66 76 62 48 64 56 44 62 66 58 58 54 74 60 64 54 72 64 68 68 54 62 64 52 62 64 56 56 58 40 54 54 70 60 50 78 48 64 64 58 54 76 56 76 52 64 52 50 54 58 64 82 70 84 48 62 54 52 70 44 54 46 56 56 52 76 44 48 58 42 52 46 50 52 66 72 60 70 62 52 62 64 62 62 66 56 72 70 58 56 72 58 62 72 66 54 58 56 58 84 54 62 62 56 52 66 56 52 50 74 68 66 60 56 56 58 62 62 50 74 52 40 54 70 50 64 50 68 56 58 62 56 52 58 68 58 44 68 64 54 56 68 48 76 78 74 48 54 56 46 50 46 66 72 54 68 68 88 70 72 50 74 40 68 58 64 72 60 72 52 70 78 72 76 92 46 46 58 56 64 46 46 58 70 72 44 52 60 58 50 66 78 66 72 56 58 62 62 56 70 54 54 36 72 46 72 60 68 56 56 64 64 54 52 76 68 58 68 66 60 58 68 78 44 78 70 48 42 50 48 56 40 48 68 52 68 52 62 54 48 62 52 58 58 58 52 54 58 56 52 52 76 50 50 62 56 50 56 54 68 46 46 66 60 76 46 52 68 56 46 70 52 62 84 56 56 50 54 66 54 54 50 50 54 76 52 62 70 64 52 40 36 62 68 68 58 62 52 66 82 64 64 40 64 60 82 76 50 62 54 42 50 54 62 70 66 54 50 48 50 34 50 52 56 46 64 64 72 50 58 62 44 56 64 44 54 46 62 62 62 66 72 76 58 64 62 68 64 60 56 70 50 64 52 84 82 72 44 58 52 62 42 56 80 66 64 74 52 70 64 60 42 60 72 46 52 72 74 44 78 52 78 58 46 66 62 48 46 54 70 68 52 42 58 54 60 68 52 50 62 62 48 52 46 68 56 70 74 52 32 82 62 70 48 56 52 76 64 60 56 60 68 60 70 74 66 62 58 56 58 70 78 52 52 40 56 54 62 46 72 66 56 70 50 64 66 72 52 56 54 68 50 70 74 66 42 50 62 76 62 56 60 74 58 66 64 72 38 58 46 54 58 88 86 56 58 64 56 60 62 74 48 68 34 60 64 44 70 72 70 54 52 64 36 64 46 62 72 70 48 44 58 68 54 44 56 60 68 68 52 52 72 64 66 54 80 40 62 54 44 62 46 50 54 52 66 42 68 68 58 52 56 68 54 66 60 70 70 70 50 46 76 46 38 56 56 72 66 58 90 72 52 58 70 82 70 60 72 60 52 48 60 68 56 60 44 68 74 58 70 46 40 58 48 78 46 58 64 54 60 54 56 50 70 90 58 62 82 42 70 70 64 74 48 56 46 72 56 52 66 70 54 60 50 58 66 64 72 76 52 68 60 78 42 60 64 44 58 46 82 54 56 70 58 58 56 38 60 44 60 56 50 70 66 42 50 48 44 64 58 66 44 64 52 68 70 56 54 64 68 86 60 64 62 72 44 66 62 54 66 52 62 52 62 60 68 70 42 68 60 56 62 50 56 60 60 54 50 72 44 56 64 54 52 48 52 66 62 52 50 70 54 62 66 48 52 56 66 74 52 52 60 58 62 62 52 42 88 48 70 72 46 56 56 60 62 66 64 48 58 48 72 62 64 56 62 56 48 58 58 66 52 74 62 62 62 74 74 52 66 90 54 46 64 62 56 34 54 48 42 60 76 46 64 58 66 54 74 58 56 48 62 52 58 72 50 36 80 36 62 76 36 70 66 54 62 60 68 60 64 54 44 54 60 76 46 48 42 66 72 44 46 64 58 42 48 54 78 60 44 56 62 48 52 58 70 60 60 68 56 54 52 52 62 68 48 54 80 64 70 74 76 44 74 62 50 50 42 66 52 64 50 60 58 56 50 80 48 44 50 48 62 72 66 62 58 50 48 56 54 80 60 62 46 44 50 58 58 60 52 54 50 78 62 62 58 52 58 52 58 44 48 72 38 52 76 76 68 70 78 52 56 66 64 52 64 48 74 64 42 52 48 80 62 54 66 76 66 66 62 44 58 52 74 68 48 68 46 58 76 56 66 64 50 56 68 62 62 56 42 62 72 68 48 62 60 50 50 44 68 62 72 44 58 76 72 74 54 66 62 66 60 48 54 64 56 52 68 44 46 66 60 58 58 74 64 78 66 70 58 66 62 70 50 46 62 68 42 76 62 52 66 66 58 42 54 72 72 72 96 62 60 46 70 44 56 60 66 54 54 68 44 50 60 58 42 46 56 38 54 60 50 66 60 70 62 70 52 52 62 58 56 60 64 62 64 68 52 50 62 48 62 62 74 42 64 54 64 56 66 74 52 74 64 62 60 58 74 68 64 64 68 62 58 66 66 44 68 50 46 58 58 50 62 54 78 48 76 60 48 72 54 66 48 50 46 66 52 44 36 70 54 48 56 42 52 72 52 42 64 56 46 74 44 46 44 52 68 36 66 90 52 64 46 48 60 82 58 52 46 44 50 80 48 52 58 40 62 60 56 48 58 58 44 50 62 34 64 66 64 48 46 66 54 56 62 72 58 56 58 64 48 60 62 46 60 54 60 54 50 46 60 56 64 62 50 72 66 64 70 66 56 56 88 54 44 66 56 60 56 70 52 48 70 62 50 68 40 70 64 48 52 52 64 56 56 60 66 52 64 66 60 48 58 68 76 42 70 50 68 58 60 56 44 70 30 52 46 64 62 66 46 68 70 62 46 74 64 64 64 44 44 42 46 72 64 54 54 52 56 46 60 66 54 52 46 74 70 50 52 52 54 68 66 54 58 54 66 70 54 52 78 68 54 52 70 60 50 70 52 72 90 66 68 56 54 48 52 48 50 72 70 62 62 76 60 46 52 52 54 64 54 68 64 64 54 56 70 48 58 58 60 74 58 50 66 50 48 50 56 68 50 80 72 66 58 66 58 56 56 88 66 62 54 66 68 72 44 52 52 62 52 72 64 34 66 40 60 54 44 44 50 52 72 48 48 62 46 52 64 78 52 68 52 48 68 64 64 68 52 48 66 44 50 64 56 64 60 58 68 58 38 58 70 62 78 50 56 50 66 70 48 58 50 84 54 52 52 76 60 54 56 78 64 58 70 58 58 50 56 42 56 66 48 66 40 56 44 46 60 60 42 54 62 56 52 46 70 40 38 62 58 58 62 48 62 70 62 56 76 64 58 40 70 38 60 56 54 56 70 50 84 56 58 48 70 68 40 64 54 88 62 68 40 56 68 48 50 64 48 64 40 56 60 60 50 52 58 70 58 68 64 48 52 60 52 64 62 42 52 50 60 66 62 50 70 38 46 50 58 48 56 60 58 62 56 54 68 60 54 44 64 66 60 48 58 58 48 72 58 54 40 68 50 46 82 46 80 56 54 72 58 74 32 48 62 76 62 52 60 48 54 52 46 58 48 48 68 62 66 56 66 56 38 58 52 62 66 52 62 66 58 42 48 72 52 38 56 56 58 44 76 70 60 80 48 62 70 52 50 60 62 66 60 60 52 50 64 52 36 52 58 48 68 42 54 58 54 66 72 76 62 46 66 74 52 52 58 60 70 58 62 46 66 64 56 68 50 58 66 76 58 40 42 54 62 58 40 52 82 50 62 52 46 44 50 52 60 66 42 56 46 56 74 56 62 80 66 82 54 88 68 52 52 60 54 80 44 60 60 60 70 64 58 50 50 56 58 52 54 50 66 56 64 44 42 40 48 62 60 62 62 54 66 48 60 42 58 62 78 64 54 70 58 56 66 48 52 66 68 46 62 60 66 50 58 48 54 40 36 40 72 68 52 60 46 68 68 62 44 58 60 64 52 64 46 58 52 48 78 60 60 62 58 60 64 62 62 56 50 54 52 40 44 58 44 56 42 50 64 52 52 48 64 46 54 66 66 40 54 68 72 50 50 48 44 74 64 48 62 36 68 60 46 50 60 70 48 64 52 72 72 68 72 54 64 56 60 44 74 52 74 54 54 56 66 46 50 62 54 66 38 66 50 60 50 40 56 74 52 60 56 64 44 46 52 46 60 46 44 52 86 76 64 50 46 80 58 70 58 62 62 50 60 82 50 68 66 36 50 64 44 54 56 60 68 50 62 46 70 44 28 56 50 56 64 64 72 68 68 58 66 56 36 74 72 66 56 66 78 46 64 76 48 70 62 54 48 50 62 50 56 56 54 48 66 48 58 64 38 58 50 66 70 66 54 60 64 50 42 64 80 72 50 54 54 66 62 56 46 54 58 70 58 52 70 48 66 72 54 70 48 70 54 56 56 70 44 64 58 54 68 62 42 50 66 44 38 60 46 58 58 72 52 76 66 64 60 70 66 74 64 40 54 58 54 70 54 42 50 46 42 56 52 42 64 52 56 64 38 46 74 52 68 62 68 42 64 48 68 56 62 50 72 52 56 62 60 46 58 74 56 70 60 76 64 34 40 60 56 72 50 58 58 46 50 48 90 50 62 66 60 64 60 64 60 66 68 74 60 50 70 58 64 52 64 52 74 52 64 68 66 54 48 46 58 58 40 72 68 70 36 54 48 58 38 58 64 78 68 42 60 40 40 66 76 62 60 62 58 62 92 62 70 70 60 54 64 48 60 78 58 52 64 50 52 76 72 58 58 58 34 40 58 56 60 54 62 96 42 40 70 50 58 54 70 54 62 58 62 56 56 76 58 66 68 72 68 74 62 72 38 80 76 54 64 46 62 48 66 50 26 74 38 68 56 56 52 56 68 48 62 64 50 58 62 66 54 66 70 58 72 44 54 54 52 62 68 56 58 72 42 44 68 62 86 52 72 58 56 48 80 58 72 66 54 60 56 74 36 46 50 64 78 62 62 76 58 72 52 96 72 72 60 62 60 66 68 48 84 54 54 56 58 68 66 64 68 64 38 46 48 66 72 66 62 74 82 64 56 38 56 54 76 44 72 54 46 68 62 52 54 66 44 50 54 58 70 68 50 66 70 64 56 56 88 40 48 70 60 50 64 74 34 60 54 62 82 68 64 38 54 64 50 68 66 48 60 70 70 62 66 40 64 72 44 54 64 56 38 50 60 46 50 70 56 68 44 64 66 44 74 60 68 54 68 54 72 48 38 34 48 54 58 66 54 76 54 68 70 54 70 88 40 56 58 50 60 54 50 28 76 54 64 66 40 48 60 40 48 58 72 64 38 62 52 60 38 50 48 58 60 52 68 50 52 72 72 56 40 42 52 52 56 78 56 66 68 56 22 14 23 28 14 14 17 17 24 22 27 28 27 17 20 19 23 16 21 19 22 17 20 11 20 23 20 24 22 22 16 22 17 18 20 17 17 28 16 19 22 15 25 15 19 23 20 18 8 20 23 18 30 18 15 25 22 16 18 20 17 17 24 24 14 23 17 23 18 16 15 16 18 22 20 13 22 16 28 11 11 19 9 16 21 26 18 19 23 21 26 17 19 21 19 18 14 18 22 22 23 19 24 20 22 18 17 26 15 18 15 16 9 16 24 19 16 25 22 30 22 21 22 15 24 27 16 20 25 24 21 19 17 19 13 15 15 14 15 21 18 17 11 21 20 25 12 28 21 10 23 18 16 16 19 25 25 10 20 23 23 19 20 28 18 21 12 21 15 23 16 20 21 30 20 23 21 3 19 22 16 20 24 23 17 18 21 19 29 22 20 21 26 12 14 15 18 27 21 15 18 23 19 22 15 22 16 15 21 16 16 26 22 21 24 20 22 20 15 24 18 28 20 21 15 20 20 11 27 15 18 20 23 12 14 24 19 19 26 22 14 15 24 21 14 18 19 18 16 19 25 16 15 23 14 16 23 21 16 16 20 18 16 19 19 17 16 23 18 22 19 21 17 23 19 17 17 25 23 18 20 25 20 25 17 17 22 13 16 15 10 21 29 16 17 21 18 21 21 14 23 13 22 19 20 21 17 22 21 21 15 22 12 15 11 22 19 23 17 21 18 21 19 19 17 22 23 26 20 23 25 16 19 22 20 26 17 18 17 14 16 22 25 17 18 21 14 17 15 12 14 14 21 18 21 25 23 15 20 22 19 12 21 22 24 20 23 24 18 15 17 25 16 15 24 23 15 15 26 22 15 17 19 19 21 10 11 24 13 21 10 22 23 21 23 18 18 24 25 17 24 20 19 26 19 17 22 23 18 21 30 22 18 21 22 14 17 14 24 17 18 16 20 13 20 22 19 15 17 22 15 14 15 22 18 28 19 17 20 21 25 16 26 18 11 18 24 12 29 22 12 15 26 28 26 23 17 22 26 17 16 19 22 19 15 12 17 21 22 19 13 29 20 19 19 24 15 29 19 19 26 18 24 16 28 19 24 24 31 16 14 16 20 16 16 19 25 22 21 28 16 22 12 23 18 18 21 17 17 20 17 17 15 25 24 20 27 30 22 24 14 20 24 18 22 29 22 17 25 18 13 29 17 9 18 27 17 21 16 19 8 31 19 24 23 20 14 20 14 28 15 14 21 20 24 18 15 24 25 29 18 23 23 15 18 26 17 18 19 28 15 20 24 17 23 18 16 29 18 21 22 20 20 20 17 21 19 18 14 10 28 28 18 20 15 23 13 25 19 23 22 19 22 22 21 21 25 16 14 20 21 22 17 22 23 17 18 16 21 24 19 24 21 19 27 25 22 24 20 24 19 22 19 13 17 16 19 15 18 11 27 24 21 19 20 19 25 24 30 26 32 18 21 19 21 22 18 19 25 21 22 20 17 17 22 18 13 17 18 22 18 21 17 27 21 24 20 21 15 14 15 28 24 27 23 28 21 24 19 21 22 13 14 15 26 26 25 24 22 19 20 14 14 23 23 16 23 17 22 18 8 19 24 21 20 20 18 16 17 16 23 22 11 19 15 25 22 17 16 18 17 20 20 21 14 16 22 21 13 19 26 20 21 23 17 15 12 21 21 24 21 21 17 18 11 25 18 24 20 19 16 21 21 19 20 20 21 17 18 23 20 18 23 29 17 25 21 24 14 26 23 17 17 21 16 18 18 17 24 22 29 21 18 23 20 20 19 20 17 20 24 16 19 24 22 21 13 13 20 21 23 16 14 17 27 24 24 23 8 18 22 14 16 23 20 21 18 25 18 18 20 23 15 18 16 21 9 21 22 15 19 18 21 24 21 23 23 9 27 17 26 19 23 21 24 17 24 15 17 18 17 27 18 20 20 15 20 16 19 22 16 21 23 21 29 24 19 14 20 13 16 27 22 27 9 30 10 30 18 12 16 17 14 19 19 20 24 17 20 14 24 17 18 18 14 16 17 16 16 14 22 17 20 21 14 18 27 22 19 18 23 30 22 19 22 26 20 21 16 20 18 14 20 18 24 4 19 16 17 21 25 26 18 14 23 19 21 13 8 27 20 19 23 21 23 15 17 23 19 14 22 20 24 22 19 20 17 21 13 12 26 15 22 13 20 14 23 14 19 16 11 13 28 15 23 18 20 20 22 17 25 14 19 18 20 14 21 21 24 23 16 22 16 7 12 17 22 24 14 18 22 21 19 19 23 22 27 13 17 18 16 14 17 23 20 21 18 31 18 10 19 17 29 18 20 28 24 24 20 24 25 20 12 24 18 23 21 10 16 17 27 18 18 23 16 19 23 22 11 18 17 22 25 25 17 21 18 25 20 17 17 30 22 26 12 28 22 16 23 22 20 24 21 26 17 20 18 11 22 20 24 21 22 19 17 14 17 14 18 19 21 29 27 18 24 21 14 17 23 14 22 21 17 17 20 16 15 14 19 23 24 22 21 20 19 13 22 25 18 25 16 22 20 24 17 17 17 20 12 22 26 15 21 14 15 15 22 21 19 18 23 31 20 24 14 13 17 19 21 18 19 23 23 19 16 7 21 22 15 22 21 20 16 21 15 22 16 22 16 15 15 23 16 18 21 24 21 19 16 20 21 23 28 16 19 23 20 22 18 18 23 15 23 22 20 22 8 15 24 30 22 21 29 23 17 20 23 18 23 14 18 17 15 15 22 20 17 17 18 14 20 21 13 22 16 30 19 28 18 13 31 20 20 21 16 24 24 19 19 27 21 31 20 16 22 22 21 21 19 16 13 20 15 15 14 19 22 20 25 23 20 18 23 10 28 18 17 19 13 17 15 23 17 20 16 14 23 16 14 21 16 17 19 15 22 24 15 8 20 15 16 23 21 23 22 20 14 24 21 27 24 18 20 10 16 11 24 23 28 19 19 25 22 19 16 17 26 11 23 15 18 19 18 15 19 21 18 30 23 16 23 14 18 16 24 20 19 15 29 14 25 18 18 24 13 21 29 19 21 24 14 13 13 16 14 17 20 17 17 18 15 23 18 23 25 31 19 31 18 21 17 16 18 18 25 14 13 25 23 21 27 23 17 16 13 21 16 22 18 26 16 9 20 20 18 22 20 20 18 13 13 18 16 21 25 20 30 20 13 27 12 26 15 22 15 16 15 17 11 22 21 20 23 18 18 15 23 22 24 19 16 16 24 19 15 19 18 16 9 17 22 25 25 22 20 19 20 14 16 21 20 17 14 16 25 21 24 27 12 16 20 22 20 19 20 21 11 15 13 22 21 23 23 20 19 28 20 17 19 30 24 10 16 20 17 16 21 18 17 19 18 20 8 27 18 18 23 20 22 22 13 11 17 18 19 28 28 21 29 14 15 18 14 26 19 16 15 23 22 22 18 18 28 22 20 20 28 16 22 24 22 26 19 21 23 17 14 15 23 17 18 23 20 20 13 14 17 23 21 17 28 15 23 21 18 24 21 14 22 26 23 9 23 25 21 12 20 23 23 16 15 12 25 19 29 14 19 24 20 16 20 13 18 22 24 25 20 21 15 15 33 18 19 21 16 17 22 18 17 23 25 15 31 29 25 25 35 23 18 28 22 25 18 25 19 16 13 17 19 22 29 17 22 16 22 24 24 18 23 21 17 17 16 14 13 19 18 24 17 24 22 15 19 23 17 19 26 21 19 22 28 25 18 15 14 19 24 23 25 19 18 14 24 21 15 17 20 15 17 13 18 24 12 13 22 24 22 27 22 18 24 23 22 20 18 15 21 17 20 16 16 25 20 25 21 19 22 19 29 17 19 21 22 13 20 23 19 18 23 12 21 26 21 25 24 15 17 20 15 19 26 21 21 17 18 22 19 19 21 23 18 19 20 13 25 16 24 19 20 19 19 19 23 15 26 18 29 16 10 14 14 17 13 16 23 16 17 20 12 21 21 27 21 17 18 26 16 19 21 20 16 16 16 30 16 18 20 18 23 17 15 23 23 15 8 20 22 19 17 18 17 13 20 28 17 18 21 14 18 23 20 15 28 26 17 17 18 17 20 8 22 28 26 23 17 25 25 22 18 22 15 16 21 17 25 26 13 19 33 21 21 15 18 20 18 14 16 21 18 20 18 26 10 32 21 22 25 20 14 23 20 29 27 24 20 28 12 14 13 19 16 15 21 13 20 28 22 11 12 16 15 16 17 25 24 19 20 16 22 25 17 27 17 20 21 19 22 21 25 16 23 13 16 15 16 19 20 20 26 18 21 18 22 17 22 17 19 26 20 20 26 23 21 20 15 25 14 14 17 20 14 19 11 14 16 13 13 14 8 25 25 18 20 23 17 22 24 15 31 15 29 17 21 17 11 22 23 15 12 8 23 18 17 14 17 22 29 23 20 25 29 31 14 28 21 8 15 18 18 22 24 15 25 16 20 14 24 27 23 14 17 16 14 22 16 22 16 23 9 18 16 24 18 16 24 18 30 17 19 17 17 15 17 18 21 22 24 29 11 25 19 22 12 12 22 14 18 20 19 20 13 16 18 22 22 18 20 18 17 20 23 16 23 16 24 17 19 20 17 15 17 15 25 17 25 17 22 15 14 15 20 22 18 17 25 15 25 19 27 21 19 18 11 17 7 18 18 21 18 19 19 19 7 17 17 14 11 18 21 22 19 15 18 20 13 23 20 19 25 17 20 15 17 16 16 15 25 10 18 23 18 16 13 16 21 22 25 17 21 28 15 19 16 20 11 15 19 15 20 17 24 27 21 22 13 27 19 24 14 19 16 22 21 21 18 16 22 26 23 14 23 18 25 16 15 12 21 16 13 16 17 24 13 14 25 18 20 17 18 17 21 13 18 18 31 17 15 25 16 17 17 17 22 18 18 20 22 28 18 17 15 15 22 21 12 18 15 25 17 20 22 19 12 25 13 17 13 22 24 17 26 17 23 16 22 25 22 23 19 18 21 27 16 21 21 18 27 16 21 17 22 20 24 16 22 21 23 18 23 12 15 15 18 15 16 19 11 20 30 19 27 19 31 17 20 27 26 27 21 21 18 16 15 24 28 15 17 12 20 17 20 18 17 22 23 21 16 20 17 16 19 20 28 11 13 25 18 13 25 19 16 9 13 21 20 20 22 24 18 13 19 21 21 14 20 18 22 19 18 21 20 31 17 21 20 19 18 14 20 17 16 19 24 20 29 21 20 25 26 20 16 16 22 13 20 33 18 13 20 17 20 28 19 17 28 16 13 13 19 17 19 27 16 23 22 21 26 22 18 24 28 20 17 26 17 22 29 14 15 27 17 24 19 19 16 21 17 14 25 17 20 23 22 20 20 17 17 13 13 18 22 23 19 22 26 33 13 17 19 20 21 23 25 18 20 22 17 19 23 16 19 20 23 24 15 23 24 25 25 19 22 11 18 19 16 20 14 23 13 17 31 15 18 22 14 19 20 23 17 19 21 22 21 21 25 25 16 19 24 24 21 17 23 11 22 21 21 13 17 22 13 25 14 19 15 17 17 24 20 14 30 22 16 22 19 19 20 12 17 14 16 20 14 22 19 23 27 21 23 27 11 19 23 17 20 20 19 27 19 21 18 16 12 19 16 22 21 24 18 21 17 11 22 19 23 17 24 18 21 24 21 18 17 19 25 17 16 25 18 15 16 17 18 19 16 23 24 23 18 18 23 25 14 17 11 20 23 14 23 25 21 17 9 13 26 17 15 24 17 26 15 20 18 14 23 26 19 28 14 16 16 22 13 20 19 24 20 19 19 27 13 24 19 15 16 26 17 23 22 14 27 22 23 18 24 19 13 20 21 13 23 16 19 16 21 11 20 27 17 22 30 23 16 16 13 22 11 26 17 13 15 20 16 19 18 25 23 20 30 17 23 23 21 18 23 20 22 21 21 21 12 23 29 23 16 17 19 22 20 20 10 9 17 19 19 21 21 19 13 19 15 23 23 22 17 19 25 19 18 24 17 15 26 24 19 13 23 26 15 17 17 8 12 18 22 17 25 18 19 19 21 18 24 16 17 16 21 14 27 20 14 17 22 20 19 21 18 18 22 15 14 19 19 20 12 29 21 15 21 18 21 15 25 25 15 19 18 15 14 30 21 13 24 23 26 19 16 19 19 16 17 16 24 24 19 22 19 15 18 21 16 21 23 19 19 11 13 25 19 24 26 16 18 13 19 14 19 24 8 17 13 19 19 16 23 24 21 22 21 23 20 21 13 21 17 22 14 21 16 13 20 19 26 22 23 13 22 22 17 15 20 21 20 14 16 23 11 29 15 26 26 27 20 19 11 31 15 12 21 18 21 20 13 14 14 22 25 22 21 24 17 23 22 13 14 22 15 26 23 13 20 19 24 20 14 19 21 29 13 16 19 19 20 18 25 17 18 19 18 6 14 25 13 17 26 17 20 12 20 19 23 20 13 11 36 21 20 18 20 22 18 26 28 13 22 22 18 14 22 17 23 16 16 15 22 22 21 18 24 19 14 21 18 18 28 15 20 25 22 14 25 20 14 29 24 17 18 22 17 20 17 20 15 16 15 18 23 23 18 17 18 20 22 19 19 15 18 18 24 27 20 15 30 27 18 26 20 15 14 17 15 21 12 23 21 13 17 23 24 17 18 16 23 18 17 19 24 23 19 17 18 19 21 17 21 17 16 27 15 17 20 19 23 21 22 18 30 16 20 24 12 16 20 14 22 14 20 17 22 18 14 25 27 17 15 20 10 16 14 16 18 16 23 22 18 14 26 18 10 22 12 19 19 19 22 20 16 22 21 14 19 15 16 25 25 20 24 12 18 20 22 18 14 28 29 15 15 20 12 21 22 28 17 16 22 22 21 17 23 17 24 16 19 22 19 17 25 16 19 15 20 21 29 25 19 27 20 19 17 21 27 23 24 18 19 20 20 17 19 20 24 17 38 26 21 18 20 27 19 13 29 21 23 23 19 21 15 20 18 22 17 20 21 18 26 22 26 16 19 13 13 17 26 15 18 18 20 18 19 29 16 21 21 23 16 16 26 23 21 24 12 28 19 14 31 23 22 18 13 20 14 22 22 26 26 14 17 25 19 17 11 15 17 21 19 11 19 16 20 25 28 16 23 16 17 22 18 24 20 18 15 25 16 21 17 25 23 23 17 10 21 20 13 21 20 20 15 24 18 17 15 17 11 23 16 20 20 24 30 20 23 18 13 14 20 17 14 19 20 21 16 26 18 18 13 22 23 28 16 31 10 12 20 14 21 19 19 17 20 25 26 24 16 19 13 13 18 26 13 17 21 20 21 13 17 21 17 25 23 19 12 15 18 18 18 20 24 20 15 15 23 17 19 23 15 16 19 19 20 16 14 19 16 18 23 18 28 21 21 21 24 26 23 17 22 25 16 18 21 22 22 15 21 17 28 14 21 28 32 21 19 21 22 27 18 15 14 12 21 21 19 16 22 17 22 23 21 23 20 26 16 19 18 20 21 21 16 13 18 26 18 13 19 17 18 22 21 20 13 26 33 20 17 16 20 19 21 20 17 14 30 19 21 14 22 19 18 22 20 13 15 13 19 20 17 27 14 24 17 22 23 14 14 19 19 27 15 18 14 25 19 18 16 20 25 15 23 18 17 29 20 16 17 16 23 17 16 24 24 18 13 19 21 22 22 25 22 18 24 18 17 20 27 23 21 20 17 17 23 24 18 14 13 22 28 7 23 18 18 11 16 21 15 15 24 14 21 17 28 17 16 21 21 17 18 21 16 12 20 16 22 23 17 12 21 19 19 20 14 18 17 27 20 14 18 22 25 21 18 15 12 13 13 18 20 17 19 16 17 20 24 12 15 13 14 18 20 28 15 13 16 20 15 16 22 14 21 15 26 9 30 19 29 18 14 17 15 21 23 13 19 18 20 22 16 19 23 15 20 22 23 17 18 31 24 23 20 27 27 25 22 22 19 18 24 22 20 7 19 12 17 22 16 13 17 21 13 22 17 23 22 22 15 13 10 11 19 20 19 18 26 24 20 19 22 18 24 26 13 12 21 16 11 23 14 22 21 30 12 19 23 22 14 22 28 14 19 17 22 18 19 28 23 23 17 26 13 12 19 19 23 19 16 14 16 20 17 18 14 23 19 20 21 18 13 24 19 20 26 21 16 12 16 18 15 28 18 24 19 21 23 23 22 20 14 21 21 14 23 20 30 14 25 23 13 28 20 16 23 21 26 16 21 20 18 23 20 22 16 19 6 21 25 19 17 22 10 19 13 19 19 22 18 20 20 20 18 18 14 18 18 16 16 15 19 14 22 25 21 25 21 13 13 19 19 17 17 24 23 18 20 28 16 21 12 18 13 16 25 19 21 22 22 21 27 15 27 27 24 14 16 20 24 14 15 12 17 18 11 31 27 22 22 17 17 26 20 19 19 23 28 18 15 13 18 13 24 18 20 21 19 33 20 20 21 14 22 22 23 25 23 25 19 27 24 14 22 18 18 18 22 16 22 16 18 23 14 11 19 27 23 18 24 18 20 28 24 17 18 14 17 13 22 16 14 14 19 20 22 18 23 15 14 19 8 14 24 16 19 20 18 16 10 21 29 12 21 13 25 21 19 22 20 20 20 24 22 12 16 22 15 15 19 29 22 22 21 17 23 25 21 18 25 21 20 18 14 21 23 16 21 20 22 15 16 22 19 17 19 19 21 24 15 21 15 15 17 20 19 25 16 18 26 18 19 17 20 25 16 18 23 15 15 17 22 19 24 24 8 23 17 21 26 17 20 26 18 16 21 19 15 22 13 16 12 12 16 17 19 23 25 20 18 17 20 20 20 22 24 21 22 18 22 21 24 10 18 13 20 20 16 25 19 17 13 28 17 20 21 13 18 26 19 28 15 22 19 18 19 18 24 22 11 22 17 14 17 22 19 16 21 23 10 17 18 20 15 26 11 20 24 17 16 22 17 19 15 14 18 16 13 19 19 18 16 10 12 15 17 23 13 16 16 17 19 18 25 18 20 14 24 18 19 14 24 18 17 14 20 30 18 20 20 22 19 14 16 27 18 13 23 21 19 18 22 14 17 16 16 26 14 26 25 15 17 18 12 19 15 21 14 12 24 21 16 16 19 18 16 31 17 20 24 27 16 15 19 17 22 15 21 27 20 16 11 21 20 22 17 21 14 19 21 18 12 21 18 14 14 19 23 17 20 20 22 16 20 18 20 24 23 23 25 22 16 21 14 22 20 10 15 22 21 22 19 19 20 20 25 15 20 16 21 19 17 22 27 15 24 12 18 13 15 28 12 17 17 19 16 19 15 22 19 17 22 18 17 23 18 22 20 18 15 20 18 21 22 20 19 15 22 14 17 23 20 17 20 17 25 16 17 18 15 24 20 21 14 13 19 8 20 25 29 20 19 16 15 16 20 17 19 18 21 26 14 22 19 23 13 23 19 25 14 18 19 15 17 19 18 21 22 29 16 19 14 20 19 19 17 17 15 19 19 17 20 16 12 28 15 18 17 13 19 13 14 27 11 14 17 16 12 15 12 21 11 15 23 15 15 19 16 27 14 16 19 17 18 23 25 21 12 15 17 15 20 20 25 15 21 12 29 21 21 18 17 21 27 11 22 13 7 20 26 16 18 15 17 17 24 17 14 18 19 28 13 19 12 18 21 21 24 18 12 20 28 23 20 19 28 21 19 18 12 17 17 19 22 18 10 27 25 11 22 16 23 14 17 13 27 12 16 19 26 15 24 20 14 13 21 15 21 18 19 26 16 17 25 20 20 21 22 15 23 24 26 20 16 24 20 17 19 18 15 26 19 17 24 14 19 19 24 20 20 9 21 18 20 19 22 18 21 17 25 23 17 19 14 22 20 23 21 22 21 12 14 24 19 23 20 22 15 24 14 18 12 17 11 14 15 26 23 24 17 30 24 18 22 15 12 18 24 26 18 17 23 24 22 21 19 19 15 22 17 15 13 14 16 23 15 12 13 21 17 15 7 21 19 22 17 18 21 23 27 19 14 17 17 20 11 17 18 19 21 25 16 14 16 27 12 20 19 21 20 20 22 20 22 15 20 14 24 20 14 17 21 25 16 12 22 20 19 21 23 19 18 22 17 19 14 23 20 24 20 21 21 19 19 23 25 18 17 12 20 15 22 17 20 10 22 23 19 19 23 23 27 24 23 23 20 19 18 16 26 30 17 17 20 20 18 12 25 18 20 30 20 11 13 20 27 16 15 23 22 10 18 22 20 17 24 16 26 22 21 23 24 23 13 19 18 18 15 16 25 26 18 14 14 22 21 31 17 23 22 23 25 28 20 15 11 19 24 13 12 17 34 24 24 21 27 21 11 24 18 17 28 20 18 13 5 20 29 19 20 24 24 18 8 12 19 14 20 14 24 13 23 23 28 25 26 19 14 25 20 27 15 17 19 24 13 15 14 18 15 17 17 23 24 18 20 13 20 26 15 25 32 21 26 20 22 18 20 14 18 13 13 14 23 13 24 19 19 18 18 6 18 20 19 13 23 22 25 27 22 22 24 20 29 20 16 11 22 21 16 16 16 25 16 19 24 24 17 17 20 16 19 19 22 23 17 25 23 10 12 23 29 13 23 24 19 24 21 24 20 17 29 21 17 20 22 14 22 23 22 15 26 27 15 16 10 20 29 29 18 28 19 14 12 15 15 25 15 25 18 15 13 19 21 20 13 23 25 11 20 27 22 18 28 18 26 17 20 19 16 16 19 16 11 23 15 21 17 33 29 18 20 28 17 15 21 19 16 24 25 21 19 27 21 13 27 18 21 26 19 25 22 26 22 16 21 21 22 20 14 21 20 21 21 22 22 22 18 16 13 25 16 22 18 28 17 13 18 24 15 20 23 18 13 24 20 24 17 23 17 23 22 20 21 15 18 14 16 11 23 21 22 29 18 22 26 18 19 11 20 15 27 10 21 21 16 18 18 14 14 20 15 17 18 19 23 23 31 20 20 20 20 13 14 21 21 23 25 23 23 21 23 17 21 16 11 27 20 12 19 19 21 14 24 18 17 21 22 20 15 15 19 19 21 18 21 10 9 25 23 17 31 17 27 20 19 15 18 19 17 21 17 17 18 19 19 24 16 13 16 12 21 22 23 16 16 13 27 20 26 26 23 22 22 24 11 16 22 18 16 20 23 18 22 13 13 17 20 17 19 20 20 21 23 22 19 18 19 18 21 23 19 18 17 23 22 25 16 12 16 26 17 16 21 19 32 20 24 21 26 20 17 15 26 25 28 20 22 18 17 13 18 20 18 20 22 16 19 20 24 16 23 24 23 17 23 20 7 21 19 19 23 21 12 20 26 26 19 17 21 20 16 22 24 23 19 15 12 11 18 23 15 19 15 16 13 15 16 21 16 16 21 24 14 21 21 18 25 15 17 22 14 15 24 19 19 24 18 21 22 10 17 21 17 13 30 11 17 10 21 27 20 20 17 21 16 14 20 16 23 15 13 6 8 25 20 23 30 18 20 19 28 20 21 23 9 8 23 18 19 22 15 9 12 26 23 16 18 25 20 16 11 21 14 23 14 18 20 22 23 19 16 22 25 18 11 18 21 20 15 18 20 29 24 15 14 23 21 22 14 17 23 15 16 20 16 26 21 25 25 21 20 17 20 20 13 16 14 20 21 20 23 20 24 12 20 18 12 19 20 22 19 19 17 19 17 20 20 24 20 25 20 27 22 17 16 15 22 23 21 14 18 20 21 22 17 19 14 20 17 19 22 16 27 16 16 18 25 20 24 21 20 15 20 17 16 15 16 22 15 19 13 28 21 15 15 15 23 15 14 21 28 19 21 28 19 26 27 23 11 23 15 26 21 22 17 16 13 20 13 21 20 21 17 11 23 21 10 20 22 17 23 24 25 34 20 19 9 22 17 22 21 19 19 22 16 23 18 22 16 15 26 16 14 24 16 23 27 26 23 19 16 21 15 10 18 18 20 19 20 17 15 14 24 18 26 17 13 19 19 12 19 19 22 16 14 17 21 15 25 17 19 23 25 20 17 15 18 20 19 19 10 14 12 18 21 21 25 18 19 19 22 23 12 31 16 20 15 25 24 19 19 10 14 21 20 11 15 27 15 15 16 21 22 31 19 26 22 21 17 16 18 20 19 21 17 25 20 14 20 23 19 16 24 24 17 24 19 16 12 17 21 12 22 14 15 11 19 21 24 21 19 17 18 19 24 20 15 19 18 17 20 22 18 17 13 24 19 20 22 15 20 30 10 20 15 25 14 24 19 22 19 22 25 14 16 14 21 22 27 22 24 18 18 14 16 19 17 14 28 22 22 18 17 17 18 14 14 17 26 20 15 19 25 22 13 22 18 17 27 22 13 17 18 25 14 13 13 23 20 19 26 24 16 20 17 23 26 19 23 17 22 23 19 17 14 21 21 25 19 15 13 24 25 23 20 22 23 18 18 21 17 18 22 14 17 15 21 18 19 14 21 16 20 25 24 21 22 19 13 17 15 24 26 17 14 22 19 19 21 21 20 21 15 22 18 28 24 19 26 19 22 14 18 13 21 19 15 23 19 16 18 24 19 24 15 14 15 13 16 23 21 16 15 17 19 17 17 13 16 23 24 20 21 22 15 11 19 21 15 21 23 19 22 8 21 21 21 17 21 22 23 21 12 13 18 13 20 15 23 18 20 16 15 23 22 24 20 27 22 26 18 22 19 17 11 19 25 18 11 22 26 20 15 16 16 22 24 19 18 12 24 20 16 13 18 19 18 13 19 22 21 17 21 17 21 22 23 26 20 12 14 15 22 23 21 16 26 18 21 19 23 18 14 19 14 16 15 16 14 25 21 14 17 11 23 15 21 18 19 17 18 25 27 18 24 15 25 19 23 16 16 13 21 23 20 23 16 20 22 18 20 23 23 20 23 15 26 18 20 12 18 31 20 18 20 17 14 22 16 24 21 25 23 12 23 19 16 20 17 16 20 17 18 17 15 14 20 30 16 23 18 31 18 20 25 21 8 21 22 21 24 19 21 15 23 19 17 18 21 21 15 15 14 23 14 14 27 21 25 18 20 27 27 22 17 20 16 18 31 19 20 23 22 21 18 19 20 25 23 18 19 23 21 18 24 16 17 19 21 20 14 23 18 21 13 16 19 22 27 19 18 23 22 17 13 24 20 15 21 15 22 11 17 17 25 22 16 21 19 17 13 7 28 24 23 24 12 23 18 24 19 17 19 16 20 24 16 15 24 17 21 24 16 24 18 16 19 23 21 23 11 20 16 20 22 23 18 12 17 19 25 14 26 18 26 24 24 26 17 23 11 17 23 27 18 23 18 22 19 18 21 18 21 15 12 21 16 19 19 22 16 18 29 22 15 17 21 20 21 23 21 20 24 25 25 22 13 17 25 15 20 23 20 25 16 12 22 15 20 12 21 17 14 16 28 14 19 26 22 15 17 23 27 18 18 15 22 23 11 22 24 12 24 20 19 21 21 12 20 16 24 21 29 24 13 17 21 23 16 27 21 14 21 19 30 19 18 19 23 24 18 19 19 18 24 17 18 25 14 22 24 21 22 21 25 19 15 26 20 17 16 23 29 18 20 15 14 16 15 18 23 17 9 18 22 20 15 18 25 22 26 17 18 17 18 21 14 18 18 17 19 21 17 15 19 19 15 20 16 14 22 19 14 17 17 18 24 19 30 22 23 17 21 22 28 24 19 24 22 16 18 27 28 17 18 29 17 20 13 20 22 15 24 16 28 27 20 16 14 21 20 18 21 14 14 24 24 15 18 21 19 19 22 21 20 24 18 16 9 21 15 22 20 26 18 24 30 16 20 16 26 20 17 26 17 20 32 20 21 22 25 28 17 21 20 14 21 14 13 22 24 18 19 17 16 13 14 19 16 24 23 24 21 16 24 17 16 18 25 11 25 15 22 19 18 19 26 17 19 18 23 27 15 21 22 25 23 13 19 19 27 17 22 20 25 19 19 20 13 17 26 20 19 20 17 15 25 16 20 24 27 22 22 24 20 18 17 13 21 16 21 19 19 17 28 20 23 18 16 16 17 20 17 28 20 20 25 27 24 17 18 31 23 17 14 23 17 18 19 20 17 17 18 22 17 20 21 18 21 32 19 25 24 18 19 19 14 20 13 25 15 22 21 22 20 20 28 22 22 14 22 18 10 22 18 15 10 18 17 14 23 14 27 15 26 16 16 17 23 21 18 20 14 10 21 17 24 18 26 15 21 27 15 15 17 23 17 15 22 22 21 24 17 16 14 11 21 18 12 25 24 26 16 20 15 24 31 20 26 25 22 14 19 20 17 19 28 23 23 17 16 22 21 23 31 16 14 26 27 14 23 26 15 20 20 16 18 24 12 19 21 18 12 16 12 20 13 19 22 20 20 22 20 21 17 20 20 27 14 19 22 23 18 20 19 26 28 28 15 20 19 22 15 23 21 18 18 19 17 21 17 23 14 26 31 19 21 16 19 14 17 22 15 12 18 23 20 20 21 19 20 16 20 17 21 28 26 23 27 22 12 25 19 6 10 23 19 18 18 20 24 14 26 20 24 21 18 21 22 30 18 21 16 13 17 16 26 13 17 20 18 19 20 15 24 26 22 16 19 21 17 22 22 20 22 20 20 20 14 18 18 20 26 24 9 25 21 28 18 22 12 30 21 17 20 25 12 16 16 15 22 18 22 26 19 20 21 12 22 16 19 15 20 14 17 23 17 23 22 15 18 22 18 19 25 24 20 21 15 17 22 15 22 7 6 19 24 12 17 24 18 14 14 22 20 15 24 27 19 12 18 21 23 21 17 22 16 11 20 29 16 20 16 21 29 17 21 21 14 28 16 14 18 24 27 19 22 24 19 13 13 20 30 21 20 25 25 16 19 15 20 24 22 19 20 22 12 17 26 27 15 18 27 26 15 16 29 20 20 11 16 17 22 21 27 19 28 18 19 24 14 30 16 16 25 15 19 17 20 16 25 20 13 21 24 18 15 23 22 28 20 21 10 16 10 25 20 23 19 18 19 21 22 22 24 20 18 13 17 24 21 18 28 16 17 25 14 14 23 24 19 23 24 24 16 13 17 11 22 17 31 17 15 27 17 19 17 26 20 26 21 20 22 20 20 15 27 23 20 18 21 18 22 22 24 25 22 24 16 18 29 29 19 18 23 16 12 16 16 21 16 20 17 23 22 14 23 18 11 16 12 17 22 23 17 20 27 16 13 8 23 20 16 12 22 15 22 22 19 16 21 17 20 17 24 20 16 21 21 22 21 16 13 24 17 16 13 24 25 28 15 23 19 18 15 18 19 19 19 24 27 19 20 18 24 21 17 28 16 21 24 19 23 28 15 25 17 15 17 30 19 20 26 21 23 22 30 17 26 17 16 25 14 22 15 21 17 19 18 26 14 13 21 22 20 23 19 22 19 20 21 28 24 18 19 18 15 27 21 20 17 13 23 27 13 21 16 20 23 25 24 18 21 17 21 20 10 23 21 19 20 20 22 21 25 17 16 11 23 19 18 19 26 21 14 18 14 23 16 16 17 13 17 19 18 21 14 18 25 21 17 15 16 27 18 15 22 16 21 25 21 25 23 19 21 16 19 13 19 15 21 16 17 18 18 28 18 20 13 24 17 22 17 21 19 24 16 20 15 25 20 15 23 19 18 17 23 23 25 25 20 21 24 20 19 14 11 28 19 22 20 21 16 23 20 16 22 18 26 21 21 12 22 16 19 23 17 19 24 24 13 11 21 17 16 23 23 17 23 18 15 20 26 18 20 27 25 17 19 19 23 20 23 14 18 20 26 17 23 23 19 26 19 11 25 29 23 17 16 21 11 20 21 25 29 17 31 19 16 20 22 21 21 28 21 17 17 22 7 19 18 21 17 20 19 20 19 23 22 20 17 24 18 8 17 14 25 18 23 27 13 25 14 22 20 19 24 20 15 21 17 21 20 21 23 13 26 16 25 15 20 27 12 21 21 24 22 18 20 22 23 14 9 17 21 23 21 19 22 25 24 21 21 15 18 16 13 19 21 15 20 14 12 28 23 22 10 18 20 18 13 18 14 27 22 19 15 19 21 22 23 17 18 29 21 14 17 20 20 22 24 27 20 22 15 23 25 12 19 16 17 15 25 16 22 25 31 21 17 27 18 25 20 22 13 26 23 26 14 19 18 20 22 23 17 17 14 16 13 19 27 11 21 16 17 21 18 20 18 16 23 18 18 12 17 21 15 15 13 18 23 24 11 16 19 18 19 18 13 17 22 28 18 20 22 23 19 17 19 26 25 17 18 19 21 21 21 16 25 21 23 17 18 15 19 23 17 27 24 13 16 25 26 23 24 14 19 19 26 17 15 22 15 19 18 25 24 19 17 17 13 17 17 15 25 21 27 22 18 16 18 26 22 21 17 18 11 18 14 16 16 11 27 27 25 17 19 15 25 19 19 20 18 15 18 20 21 22 19 19 14 22 14 22 17 22 14 21 25 24 22 21 15 21 18 16 29 25 24 21 16 16 1 17 26 20 21 22 18 14 13 23 23 21 14 24 17 19 19 19 21 12 21 27 24 16 21 20 20 20 23 20 19 22 21 12 16 8 16 11 17 24 12 21 18 21 10 23 11 21 23 27 21 16 14 11 24 13 23 19 17 19 11 24 14 22 21 19 22 15 23 19 16 22 17 13 15 23 18 13 12 22 24 17 22 14 20 25 21 15 18 7 16 21 28 21 22 20 16 30 17 21 23 18 15 26 18 18 24 15 28 16 15 20 21 20 13 21 24 19 21 22 15 20 21 21 26 19 21 23 28 21 21 20 14 16 18 17 20 14 31 14 16 17 19 24 27 16 14 17 21 15 22 17 13 15 22 19 26 22 29 15 23 18 17 20 14 22 17 17 22 21 25 17 16 20 14 22 25 17 22 19 16 19 16 13 21 14 12 30 23 11 20 25 16 28 22 21 16 12 16 28 13 20 12 14 24 22 12 19 20 22 14 23 18 32 17 24 19 21 17 18 23 24 25 19 18 13 23 18 21 19 16 20 19 19 16 20 25 19 20 23 14 17 20 18 21 22 19 25 15 19 19 15 16 23 16 20 17 24 22 26 19 9 20 12 22 17 16 20 12 12 18 22 17 20 17 8 19 20 14 22 27 21 19 18 23 22 12 20 19 18 21 11 24 23 22 22 26 17 15 19 24 20 23 22 26 15 18 24 18 20 18 22 14 14 20 13 13 18 13 24 26 14 27 29 14 25 17 21 26 26 21 20 21 17 21 27 18 25 16 16 21 16 26 18 20 24 15 22 25 18 14 16 11 24 18 17 26 21 23 21 19 11 17 24 23 13 17 13 29 29 18 21 21 20 22 15 13 14 25 15 20 25 24 21 23 24 29 21 12 21 15 16 18 22 15 25 19 25 19 23 17 11 23 23 25 25 31 14 25 16 13 24 18 17 20 18 16 24 21 16 21 18 22 19 21 21 18 15 19 27 19 7 19 20 18 24 16 25 17 18 16 19 19 27 17 23 12 16 15 14 9 26 19 16 18 18 30 19 18 15 18 19 22 19 26 22 19 22 15 21 23 21 22 17 21 20 26 24 29 21 18 15 23 23 22 17 24 18 21 12 20 20 22 22 17 22 18 17 21 27 21 16 16 16 22 22 12 25 22 18 16 18 18 17 20 26 15 22 16 20 14 18 16 23 20 17 14 15 23 15 18 22 20 24 19 23 12 15 25 16 14 19 18 12 24 20 3 21 18 20 22 18 25 15 13 21 17 22 15 19 20 16 18 21 14 15 20 21 23 21 24 14 15 12 21 25 20 19 18 21 15 19 18 22 27 22 25 22 22 27 18 26 22 22 15 30 22 23 23 22 11 16 19 21 19 18 17 18 22 12 19 31 17 15 12 19 25 24 18 17 20 17 17 26 20 18 22 21 14 18 25 16 16 22 19 28 22 19 19 22 19 29 18 10 14 20 9 16 11 22 19 17 13 19 20 22 17 19 19 16 21 20 22 20 26 12 27 25 20 18 21 29 22 17 9 25 10 23 19 7 17 13 19 18 23 9 19 14 20 17 13 17 19 22 22 20 23 18 16 15 20 12 23 16 17 16 21 24 14 19 22 20 22 16 14 24 24 26 26 13 25 27 21 28 11 15 21 22 17 15 21 18 17 16 20 15 17 29 24 21 16 20 16 24 22 18 32 27 25 23 19 21 21 19 25 14 17 22 9 20 22 12 21 26 13 28 26 19 18 15 24 29 19 19 19 28 17 20 20 23 15 22 19 19 22 20 21 14 13 16 16 25 24 28 21 19 22 19 28 21 29 26 18 26 17 14 14 22 28 15 18 24 18 20 22 15 17 21 20 29 18 21 22 23 12 18 19 23 18 18 21 32 15 22 19 29 18 17 16 19 22 25 19 21 20 17 19 17 24 17 20 11 16 22 25 19 17 18 19 26 20 13 25 16 27 12 21 13 17 15 21 23 14 13 16 25 19 22 32 14 33 26 14 20 20 24 17 26 19 28 23 18 16 19 30 17 14 18 18 19 21 17 18 19 16 19 16 15 21 16 14 15 19 28 23 22 17 20 15 25 16 21 24 12 13 16 13 21 14 10 12 18 19 15 13 18 29 18 23 21 16 21 27 17 19 20 21 22 18 19 16 23 18 25 18 13 16 14 21 18 18 24 20 16 16 22 16 23 20 19 19 26 18 19 21 16 15 20 18 18 18 12 20 21 17 18 19 18 11 14 22 16 21 21 14 25 15 22 18 17 21 17 15 19 16 24 14 17 15 26 16 16 19 24 28 16 17 17 24 20 20 23 27 23 23 20 26 27 21 29 24 19 17 18 24 20 18 27 12 20 15 14 18 19 23 14 24 16 22 24 20 26 10 16 23 29 19 22 14 22 18 25 21 18 21 22 20 27 24 19 21 13 16 14 8 19 10 23 21 9 16 15 19 15 20 25 24 18 16 27 18 20 22 19 13 18 12 18 22 14 22 25 17 18 20 23 19 19 19 14 22 19 17 22 20 14 18 20 26 29 16 20 19 25 21 16 21 24 13 20 25 22 21 17 14 22 18 15 18 17 28 21 30 12 29 21 8 28 11 22 18 26 20 20 18 20 15 18 15 21 18 21 18 15 14 18 20 23 19 19 15 18 17 20 19 24 26 22 22 18 19 20 24 16 23 18 14 19 26 15 26 13 13 18 19 33 23 28 22 25 24 27 17 21 28 16 15 21 13 19 18 16 18 15 19 25 15 17 18 17 15 13 21 26 10 19 21 19 19 28 16 11 14 19 22 23 14 23 19 18 18 28 32 21 10 24 23 20 28 19 16 20 16 22 27 19 24 26 18 13 29 25 25 19 24 24 12 25 21 19 21 15 29 15 17 26 15 7 22 14 16 12 22 15 13 21 21 12 19 12 17 24 24 16 16 26 25 18 19 24 15 24 13 22 25 23 21 18 22 16 17 15 20 20 27 23 26 20 14 26 14 15 22 16 21 17 24 23 18 14 14 23 24 20 23 15 19 19 15 18 20 25 12 19 25 21 21 24 18 12 22 11 21 23 24 20 15 23 21 15 23 18 25 22 21 22 29 22 21 26 19 15 14 11 24 21 15 18 28 21 18 24 20 20 18 20 22 10 17 17 15 16 17 17 21 20 16 21 18 20 18 23 8 30 13 23 20 19 20 14 32 11 17 21 25 13 16 21 23 18 23 18 17 20 18 24 17 24 18 17 19 10 14 15 24 24 14 22 19 21 23 19 21 20 23 26 18 23 17 25 19 17 18 18 10 21 18 13 23 21 19 20 21 14 25 28 22 24 20 16 21 17 17 20 21 16 22 21 18 20 24 21 21 25 23 25 25 19 19 22 23 19 23 19 13 23 20 16 10 21 19 25 18 27 23 17 21 15 15 18 20 15 29 30 28 13 15 20 17 17 20 20 24 26 14 19 21 27 23 17 20 14 28 28 25 17 26 17 20 18 20 24 21 24 23 29 25 16 23 18 22 19 13 21 7 17 18 26 21 18 27 21 22 15 27 22 17 16 7 17 23 25 17 22 24 18 21 15 13 15 26 20 21 15 21 12 13 21 20 26 12 16 17 28 23 24 22 26 16 22 23 21 22 25 21 19 21 20 14 18 20 23 25 9 16 23 28 18 14 19 21 21 22 12 25 15 18 22 28 19 20 23 18 18 19 16 20 16 11 14 22 25 23 27 16 18 14 23 26 16 23 19 26 21 24 21 22 27 26 15 23 24 18 14 21 19 18 28 23 19 13 15 25 19 18 19 20 22 22 17 18 24 22 16 24 21 17 21 18 18 15 25 24 23 15 17 20 31 18 22 19 19 22 25 16 28 18 20 15 27 16 25 15 23 20 20 22 15 17 18 15 21 25 24 27 24 19 26 23 22 18 15 23 14 15 21 19 21 27 20 19 19 17 26 18 23 26 26 18 23 14 19 11 23 20 24 14 16 18 30 17 16 20 18 18 10 14 21 19 19 19 12 18 16 21 22 30 15 21 16 29 12 23 16 22 22 16 22 19 14 17 16 14 28 15 14 15 23 21 22 25 15 23 17 13 10 20 20 27 13 20 15 25 15 12 16 21 14 19 25 18 21 18 17 25 24 20 17 21 19 25 21 22 23 18 18 18 17 18 14 25 22 19 17 21 19 17 17 21 22 26 21 14 19 17 24 20 17 20 21 23 12 29 25 17 21 24 22 14 23 23 15 13 26 13 17 14 20 22 27 25 19 12 17 17 22 19 20 14 14 25 19 13 15 25 18 28 18 26 28 26 19 22 23 27 21 26 16 15 16 18 19 24 24 25 26 26 27 14 24 24 17 24 12 24 19 12 25 15 17 28 17 22 22 23 20 20 17 20 25 20 27 19 19 20 28 24 21 17 22 25 17 21 13 22 22 17 24 15 22 20 14 26 15 27 15 19 18 11 13 16 18 23 25 14 25 21 18 14 22 13 19 20 28 18 18 13 18 26 19 16 20 15 14 30 20 28 17 20 19 16 19 22 16 22 22 27 15 21 16 18 14 26 17 15 17 17 22 24 21 25 24 24 17 18 18 26 13 23 16 21 14 21 23 21 11 16 20 33 21 17 24 19 21 21 20 24 19 20 26 27 16 21 17 18 13 22 18 16 23 18 15 20 13 20 21 27 13 19 18 13 17 26 19 20 15 18 20 24 21 24 14 16 20 13 31 15 24 3 14 20 25 19 14 22 16 21 22 20 11 22 21 11 18 19 14 22 23 21 15 19 22 28 29 15 29 21 21 18 24 24 24 16 27 18 22 29 13 16 26 20 21 16 16 23 22 23 15 21 17 17 16 20 12 14 24 17 25 15 23 19 18 15 15 15 17 25 19 19 14 21 23 17 17 21 23 16 18 20 17 22 19 18 19 19 15 16 25 19 21 19 23 13 15 15 20 15 22 11 30 12 22 20 17 13 19 22 10 21 11 15 16 17 22 16 21 23 15 23 23 24 18 20 25 16 24 20 17 18 14 17 29 17 14 18 22 26 14 12 24 19 20 19 12 18 28 16 23 10 15 14 27 25 10 14 20 13 18 20 17 18 25 13 19 23 22 22 21 17 14 19 16 24 30 14 23 17 12 21 14 22 28 21 18 16 19 18 19 10 28 22 24 20 22 14 14 18 13 22 20 13 24 21 21 15 14 9 10 19 23 18 26 17 21 19 22 20 21 19 17 17 17 17 18 24 26 19 22 20 18 17 24 28 19 22 23 11 26 22 23 19 22 25 26 31 25 16 22 22 16 15 18 14 17 19 17 22 20 18 20 15 21 17 21 27 19 22 12 14 20 13 18 19 23 19 16 24 26 16 22 19 21 21 28 24 20 14 16 26 17 16 19 24 23 23 20 24 15 20 19 15 20 17 23 18 21 22 18 19 17 24 23 20 16 17 14 20 17 19 17 15 15 17 19 20 24 25 26 13 16 14 20 19 22 19 21 16 14 27 16 20 9 19 21 25 25 25 18 7 17 17 15 23 11 13 15 23 21 27 18 16 10 19 15 25 15 12 23 28 16 11 26 21 15 11 17 24 20 24 14 18 10 21 15 19 22 29 10 25 16 17 17 18 25 26 20 25 18 18 22 15 12 19 20 16 26 13 19 18 20 21 20 19 20 20 12 22 23 22 21 19 23 22 18 23 28 23 20 17 16 27 17 16 14 15 29 26 29 16 25 21 26 19 23 20 31 15 21 17 19 31 13 20 18 17 23 24 22 23 25 24 28 21 15 17 12 25 21 17 10 20 28 16 22 24 22 20 16 20 25 16 18 15 22 24 16 18 12 20 21 24 18 22 21 24 24 21 20 22 23 19 28 23 18 31 22 22 13 21 16 23 20 11 13 18 19 17 24 15 9 22 17 16 22 22 16 16 19 22 21 20 20 21 22 23 19 26 23 16 19 15 24 25 17 21 16 26 20 21 15 16 14 14 15 16 23 25 25 15 16 19 13 25 22 12 21 10 17 19 21 19 15 23 16 28 10 26 21 14 25 24 34 12 20 14 15 20 21 18 15 14 23 18 18 15 17 17 22 17 16 17 10 27 14 19 20 17 14 28 15 23 15 14 19 24 28 11 17 14 17 21 16 22 21 24 22 18 26 23 21 17 15 21 39 21 13 15 16 24 18 13 17 18 28 14 20 9 24 27 16 21 29 28 22 13 24 19 20 25 20 18 17 24 19 18 17 13 19 27 12 20 14 20 25 28 16 27 16 15 21 23 16 15 19 16 21 13 12 22 16 15 20 19 20 27 11 19 5 15 18 23 14 17 16 23 24 18 15 19 18 17 22 16 16 16 18 28 29 19 18 28 23 12 18 19 21 14 19 23 20 15 17 12 19 23 17 11 18 20 12 20 20 22 21 15 22 20 13 14 15 26 21 18 17 17 14 19 25 17 18 15 14 22 18 20 31 19 20 18 24 20 15 27 22 18 24 22 14 15 8 26 19 13 23 22 21 11 15 11 17 15 19 16 19 15 22 18 15 14 20 17 22 18 18 25 20 23 18 23 17 20 16 21 19 22 9 20 26 28 19 8 13 14 12 32 22 22 19 17 18 17 23 21 17 23 15 17 17 15 18 18 20 22 23 21 15 14 20 20 15 21 18 15 25 19 22 25 14 19 24 14 16 18 21 12 28 24 22 20 20 36 21 14 26 16 14 23 28 13 21 21 20 19 18 16 16 25 22 21 21 22 17 11 15 23 14 14 25 14 18 17 24 18 21 25 28 18 19 21 25 24 18 15 23 19 26 15 19 22 16 16 20 17 19 19 37 21 17 15 20 19 19 15 21 15 18 16 26 16 22 9 19 17 12 17 25 26 20 26 23 25 13 27 23 22 30 18 22 22 14 19 12 22 22 21 17 17 13 21 18 23 12 23 13 23 15 25 19 22 20 19 22 16 17 17 31 28 27 19 15 19 13 20 27 19 21 17 18 28 23 20 17 25 17 15 16 17 19 21 23 19 22 20 19 23 18 17 25 23 27 19 20 24 14 19 23 20 24 19 12 19 20 16 24 23 16 20 17 19 19 24 20 19 19 17 16 20 27 20 12 15 16 17 18 20 19 19 14 23 15 24 24 19 20 23 18 17 20 10 22 24 17 18 22 22 28 13 23 18 18 18 22 18 17 16 27 22 22 24 14 19 22 19 19 17 9 14 16 18 14 22 16 22 27 23 26 27 21 12 17 20 18 23 13 23 16 14 13 11 26 9 18 21 26 15 21 23 19 21 26 13 21 18 16 10 13 21 19 23 14 20 19 18 15 18 24 24 16 32 17 26 17 14 20 20 18 21 16 17 24 23 21 20 20 27 30 20 34 14 24 14 19 20 13 17 27 13 22 23 19 14 27 22 16 17 19 22 24 14 22 27 23 27 18 23 18 22 25 20 14 22 20 11 20 23 17 15 20 17 16 23 21 16 18 19 16 17 20 20 13 23 27 16 13 21 19 15 15 10 23 24 17 26 20 17 22 18 20 22 23 14 15 16 17 18 24 17 20 15 18 19 17 22 17 19 12 22 16 14 19 10 19 22 13 21 21 12 16 24 15 8 14 18 26 16 23 18 18 23 19 20 23 10 24 23 22 18 18 23 16 21 15 21 13 22 15 14 24 14 18 19 19 15 17 19 26 19 18 18 17 28 17 20 15 16 17 28 21 19 13 25 21 17 25 17 14 15 25 22 15 12 21 16 27 13 28 20 19 24 21 15 18 23 14 14 17 22 27 17 25 20 27 24 22 18 11 17 19 26 13 22 25 14 18 15 24 19 16 22 23 20 19 22 16 19 22 16 15 17 21 26 19 25 23 26 29 23 12 22 20 17 19 15 21 19 14 23 17 15 27 20 24 22 15 15 18 17 17 19 21 16 24 28 20 28 19 20 21 17 15 20 25 13 15 16 29 25 16 16 12 11 15 14 18 19 25 16 18 23 24 21 15 20 25 18 14 24 22 12 24 30 18 15 17 27 21 16 26 18 25 20 18 19 15 6 14 19 25 26 18 23 19 17 15 20 19 22 18 20 27 19 28 16 16 17 19 17 19 17 16 18 22 15 23 22 13 11 13 16 18 18 24 9 19 13 15 27 24 26 28 22 23 18 21 16 28 23 15 22 21 19 16 30 21 28 24 14 22 21 14 20 21 22 23 16 13 22 25 14 13 21 23 19 23 24 19 20 10 19 21 19 22 12 19 23 25 8 21 23 15 19 17 21 16 23 8 14 22 17 14 14 13 20 18 19 26 25 20 27 18 23 19 19 21 18 17 15 17 18 24 13 16 16 19 20 12 19 21 16 17 17 13 19 23 22 23 24 18 19 21 14 17 21 18 12 19 15 31 26 26 24 25 16 17 21 24 24 16 17 14 14 17 23 18 20 19 23 17 24 16 28 21 21 24 24 21 27 16 17 12 24 21 18 23 17 16 18 19 20 14 16 18 18 22 22 17 17 26 17 24 24 23 18 22 21 16 25 15 14 17 23 20 17 21 10 17 27 15 28 25 23 11 16 11 21 13 18 25 23 20 26 25 17 16 12 19 21 22 10 12 13 30 23 12 21 18 14 22 25 15 23 28 13 14 25 16 18 22 14 16 19 26 17 17 16 18 17 11 14 23 25 17 24 29 20 13 16 22 19 21 12 19 17 17 14 16 21 18 21 22 25 22 20 16 21 20 17 16 19 21 15 13 21 24 21 19 24 16 15 17 22 13 24 18 12 21 21 9 23 20 23 24 19 8 28 10 18 24 18 20 29 24 15 10 26 18 26 10 23 12 24 15 27 14 15 20 18 20 17 22 19 20 15 21 18 25 13 19 24 15 12 16 21 19 24 16 20 29 20 15 17 14 11 19 20 13 21 13 16 24 26 17 17 17 17 25 18 21 9 24 18 20 18 17 17 21 21 20 19 22 17 11 18 12 27 23 20 17 22 15 16 20 20 27 14 13 13 16 23 27 16 15 26 15 18 13 20 17 19 17 16 19 18 18 18 18 26 27 21 17 22 11 21 21 16 14 21 29 25 22 18 15 22 19 26 18 12 22 21 18 21 25 15 25 19 18 20 21 20 20 13 21 10 25 22 19 16 22 22 19 18 15 21 16 19 15 19 21 21 15 19 21 20 24 16 18 21 28 14 14 18 23 30 17 19 13 12 16 19 13 16 21 22 12 13 19 20 20 16 15 17 17 21 17 26 24 27 13 22 23 23 13 20 26 27 21 22 20 10 16 21 27 22 19 18 12 21 20 17 27 20 21 25 17 19 26 15 26 12 21 19 25 16 10 16 18 24 25 15 17 18 26 22 18 19 18 17 22 11 16 17 18 17 18 18 28 13 16 25 17 16 27 27 20 25 20 18 18 19 14 19 22 14 27 16 22 16 25 25 13 22 26 19 14 21 23 24 13 24 24 26 20 16 14 21 18 25 19 17 21 22 14 23 22 12 13 18 23 11 24 19 9 10 20 17 26 22 31 18 26 23 21 14 17 20 22 23 21 17 24 18 30 23 13 13 15 18 24 21 25 13 16 11 13 10 19 14 14 21 24 12 29 21 14 17 13 20 20 21 29 24 16 21 17 14 7 17 16 16 17 21 19 18 21 15 25 16 18 22 16 24 23 13 27 21 17 24 18 22 24 23 15 20 22 19 8 27 14 14 21 14 14 21 15 24 17 21 18 15 16 22 14 22 11 23 23 13 21 26 21 23 21 15 21 15 24 15 21 16 24 19 14 14 19 15 21 24 18 17 21 16 19 16 25 10 20 15 25 25 23 17 15 16 21 16 20 16 14 18 23 17 23 27 21 25 17 11 14 15 24 20 22 20 19 14 16 16 23 29 16 10 24 19 17 18 18 22 16 19 27 21 21 16 13 30 12 17 26 20 28 20 22 20 25 15 24 18 18 23 23 21 25 20 16 15 11 25 19 16 16 20 13 22 15 18 14 18 14 19 23 20 17 19 17 24 15 13 16 17 13 19 16 17 20 22 26 16 17 9 25 30 22 17 23 18 22 16 24 14 25 20 13 15 15 15 21 20 18 29 17 19 17 31 17 22 22 23 18 14 20 14 18 24 13 17 16 7 19 21 15 14 27 15 16 13 14 17 15 17 23 11 24 24 17 21 24 29 15 18 14 17 16 18 23 27 18 22 25 18 17 19 22 19 21 21 14 12 25 26 26 18 18 23 24 19 23 20 15 20 8 25 21 15 15 15 19 22 16 24 15 21 21 19 18 31 25 15 20 21 22 26 21 16 13 20 28 16 23 12 21 18 16 17 23 20 21 13 18 29 17 25 17 24 21 22 22 19 18 22 19 24 15 21 19 17 22 14 14 24 27 20 13 20 20 19 15 21 19 23 21 16 12 17 16 21 29 18 21 20 13 17 17 15 27 18 18 12 27 20 19 20 18 12 21 18 17 18 17 19 19 19 25 16 17 24 20 15 16 20 26 18 16 14 18 22 15 23 20 24 26 20 26 24 25 19 14 14 25 19 20 20 21 24 14 12 20 16 23 20 26 17 17 24 13 25 21 18 18 28 25 14 15 15 22 18 18 12 13 25 24 16 22 17 19 13 20 26 27 21 15 23 21 13 17 28 17 20 22 17 21 21 17 13 17 26 18 19 20 19 23 16 14 20 16 27 24 20 20 23 17 17 19 15 19 12 16 12 21 26 19 17 18 15 22 22 19 15 24 18 20 19 30 24 18 24 6 12 18 27 23 19 17 15 19 28 23 22 24 15 25 12 20 25 21 20 12 25 18 17 14 19 23 22 17 22 16 18 20 22 17 13 13 25 21 31 23 24 20 19 11 17 25 18 20 14 21 21 19 19 19 20 18 16 24 25 12 18 24 19 19 21 18 12 26 17 24 23 15 17 21 28 15 15 21 16 23 25 19 21 23 18 15 20 18 17 10 19 13 24 24 19 22 17 20 21 15 20 20 18 14 23 20 23 27 22 14 19 18 19 23 18 20 17 22 24 16 14 15 25 18 20 20 21 23 23 26 21 17 20 17 20 26 14 19 11 15 14 18 9 22 16 16 18 24 12 20 17 25 18 30 14 13 22 23 17 22 20 10 17 24 18 14 16 23 20 19 26 19 19 18 24 22 16 15 19 21 24 19 21 23 20 18 19 27 18 23 17 21 21 19 19 20 24 25 17 26 17 21 20 18 18 16 25 15 12 25 17 22 16 16 21 18 15 15 18 18 14 17 20 14 15 20 15 18 20 18 22 29 24 17 25 21 18 14 20 18 18 20 26 22 16 14 23 25 22 17 27 24 24 19 17 14 19 17 17 21 16 20 15 20 17 23 15 13 23 20 29 20 21 19 19 19 29 28 8 18 16 24 21 21 11 17 25 17 21 20 23 17 20 24 16 15 24 20 17 22 25 24 21 14 21 13 17 14 24 16 23 22 25 25 21 16 13 16 19 22 26 18 15 19 12 22 19 20 20 16 17 13 16 20 21 25 23 30 25 25 20 13 20 17 23 23 15 17 23 18 13 25 16 13 16 23 24 15 17 16 27 8 14 16 20 23 18 19 20 21 13 23 18 13 19 11 18 19 23 18 18 27 26 21 20 12 28 28 24 17 19 13 22 19 23 23 23 9 17 13 19 22 9 21 19 19 13 18 22 19 18 13 16 20 20 17 18 22 16 19 19 17 21 21 20 19 17 19 12 14 22 19 27 22 22 26 24 17 22 19 20 15 13 26 16 20 21 19 20 31 22 18 20 26 10 17 20 17 20 19 17 12 22 28 19 19 23 17 17 17 23 20 19 20 20 18 17 18 12 25 19 22 18 16 15 24 19 21 30 16 23 15 18 16 23 20 34 17 18 26 14 20 19 17 23 24 16 17 16 24 23 19 18 17 11 21 16 23 26 10 15 23 24 31 20 20 16 19 25 26 16 21 26 15 27 18 19 17 19 14 22 15 19 23 21 25 24 18 25 22 17 18 16 15 22 17 17 12 14 20 21 19 17 14 18 21 19 20 27 14 18 21 21 17 16 25 18 28 14 14 21 19 21 23 22 18 21 16 14 19 24 20 18 22 16 17 17 24 13 10 20 18 31 22 24 22 14 16 24 18 20 21 19 15 26 21 16 18 25 14 18 20 23 16 18 20 19 17 22 26 23 18 21 16 22 24 19 21 12 13 14 13 18 15 22 17 22 19 21 23 24 18 29 16 22 20 19 18 25 29 17 21 19 19 20 18 19 16 22 21 24 20 21 19 17 11 18 13 11 25 19 14 10 25 29 20 16 28 16 21 17 16 14 16 15 18 23 15 16 15 22 18 20 18 25 16 18 21 19 22 15 21 27 26 17 22 12 26 26 18 23 14 23 18 24 16 17 7 15 21 16 18 22 15 20 18 9 17 25 27 19 13 8 20 15 14 16 19 15 22 24 24 19 21 24 17 21 23 20 23 17 19 14 26 21 18 21 12 21 16 19 12 16 20 24 16 24 21 19 14 17 19 21 20 15 9 16 26 18 17 17 13 26 22 21 18 18 30 19 29 15 13 22 21 17 27 23 24 20 22 22 18 21 14 21 17 13 17 11 20 25 19 22 27 11 18 24 21 20 17 21 15 19 16 18 20 22 12 18 25 16 23 26 15 21 18 18 16 20 18 19 27 15 14 15 24 16 15 16 17 13 19 20 16 25 18 20 20 25 21 19 18 18 20 18 21 18 25 22 23 22 20 19 18 15 5 14 13 17 17 17 17 11 13 20 23 20 16 20 14 22 17 13 21 21 20 17 26 24 25 17 16 21 19 11 19 21 11 18 27 18 19 15 16 15 25 19 19 22 13 17 27 14 17 20 19 22 21 22 18 15 27 19 22 26 18 15 25 24 24 16 19 21 16 19 14 28 19 20 29 17 29 17 13 20 26 18 25 26 18 19 12 19 24 9 26 19 15 11 23 19 12 23 22 14 23 14 15 13 11 17 16 16 21 12 21 11 12 15 21 18 26 21 19 23 24 23 19 15 14 24 15 26 23 20 12 18 15 17 11 19 21 16 13 25 22 17 17 20 19 21 24 20 23 22 19 20 25 23 17 15 19 26 19 16 17 19 19 22 20 20 20 21 20 30 18 23 17 17 22 21 19 30 29 24 17 16 21 11 25 22 14 22 13 16 19 20 15 22 18 34 18 17 15 20 18 29 18 20 17 28 28 20 21 28 12 17 23 27 16 21 21 23 20 16 17 17 24 21 18 19 15 13 18 18 21 17 27 24 15 20 31 14 17 19 21 12 22 21 27 13 22 18 17 21 26 16 15 20 24 12 21 29 20 14 27 25 28 19 22 16 24 18 24 24 14 16 25 24 22 15 25 21 20 20 20 15 15 20 22 15 17 20 23 18 26 23 21 14 28 18 24 20 20 14 17 21 24 13 19 22 26 17 20 20 17 20 18 27 18 15 28 20 15 24 20 12 13 17 15 31 16 21 26 21 22 20 21 19 16 22 18 21 15 16 24 12 15 20 20 21 22 17 20 17 8 22 15 12 19 24 20 16 14 23 23 20 10 25 25 20 19 23 12 27 13 23 17 25 16 24 16 18 23 22 12 18 26 16 19 17 25 21 12 22 19 22 15 10 20 19 25 25 20 31 13 22 18 21 20 13 20 20 18 22 22 21 18 21 26 26 14 20 23 28 19 30 17 15 13 27 20 18 21 16 16 16 20 26 25 22 17 21 25 19 18 20 29 19 14 14 20 25 15 22 21 19 20 16 12 25 13 18 20 16 21 22 14 20 20 23 25 21 16 21 28 20 11 20 14 23 23 21 16 18 16 19 14 24 13 15 23 18 23 17 16 20 16 33 20 20 27 23 21 24 17 26 20 15 21 18 26 28 26 29 21 28 21 21 26 20 24 19 27 22 20 21 21 16 21 18 18 19 20 12 17 19 21 17 31 20 18 25 21 19 18 24 22 19 12 21 16 20 13 23 25 15 20 17 15 23 29 6 14 9 20 19 21 25 17 22 18 23 22 20 21 18 13 20 22 29 15 11 13 21 20 23 22 18 22 21 15 20 21 21 16 15 17 19 21 26 21 19 15 22 22 14 17 16 21 23 23 16 12 16 15 19 20 22 17 12 19 16 21 15 22 21 10 20 20 18 17 21 12 23 28 28 18 14 22 10 16 18 16 19 25 12 21 19 20 16 20 25 19 14 22 26 23 16 16 20 20 21 26 19 27 13 19 29 20 15 24 17 23 26 25 22 14 22 22 18 22 25 20 17 19 27 18 28 21 19 13 13 17 26 14 8 15 13 21 20 19 15 19 15 16 19 17 18 23 18 13 16 17 17 22 11 19 19 10 19 25 26 22 18 24 19 18 23 16 15 16 12 17 25 14 25 20 17 18 15 25 18 15 26 20 12 19 22 29 16 21 18 23 18 15 29 23 25 17 16 15 23 28 25 19 19 17 20 23 19 25 13 13 22 22 24 16 14 21 26 26 17 22 23 19 21 14 23 26 24 13 23 32 18 22 16 19 17 18 26 20 16 21 18 17 18 19 24 18 14 20 17 21 19 11 18 21 22 24 26 21 20 24 22 27 28 32 13 28 19 23 21 17 21 18 11 22 20 15 26 15 21 29 21 22 23 20 22 15 24 27 14 19 22 12 19 24 18 16 20 20 25 22 19 10 21 25 25 19 16 17 23 17 14 22 23 25 23 21 22 20 19 27 20 29 11 18 21 31 19 18 21 16 14 25 21 18 23 18 22 22 20 19 24 20 21 14 19 19 19 22 13 22 22 14 19 15 14 27 20 17 20 20 20 16 23 14 22 25 21 19 22 17 21 23 20 23 12 13 14 26 28 20 22 29 15 20 19 18 25 17 14 22 27 19 12 24 27 13 16 22 20 19 20 13 15 20 25 18 15 19 20 21 9 20 20 15 19 22 17 14 26 24 20 15 22 21 24 22 18 23 17 20 23 22 12 27 27 17 25 20 24 17 21 18 23 20 16 20 19 23 20 12 16 25 16 16 18 23 20 11 21 19 13 19 18 17 22 27 22 11 20 20 20 14 17 20 20 12 22 22 14 16 21 12 19 24 18 15 17 13 23 22 18 23 15 21 16 24 17 18 12 28 20 20 24 22 31 20 25 21 29 22 11 15 18 14 21 15 15 22 24 26 14 19 19 20 20 20 16 22 15 14 23 22 16 17 19 21 22 19 21 23 18 18 19 25 25 16 21 12 24 16 20 18 20 13 17 18 21 18 17 20 22 22 22 21 25 22 15 20 20 23 23 20 19 17 33 30 24 29 19 13 19 25 12 26 21 13 14 28 16 16 23 18 17 20 20 23 14 20 23 17 31 17 18 24 24 14 22 13 22 23 24 26 24 19 21 13 16 18 24 23 22 20 23 17 29 27 17 16 16 18 20 24 20 14 20 19 20 24 24 20 18 18 20 25 16 19 18 19 14 26 18 20 21 14 22 23 14 21 28 18 16 20 16 29 22 23 16 25 14 22 31 15 23 11 17 21 22 15 17 24 20 18 18 18 22 13 17 19 15 24 24 26 16 13 25 27 21 26 27 26 24 12 19 19 18 28 20 19 23 24 17 24 13 17 26 21 23 26 13 16 28 21 19 18 20 24 20 13 23 25 10 22 24 22 29 22 22 25 21 22 15 30 20 15 18 16 21 24 17 22 24 20 24 21 18 18 22 17 19 25 14 24 20 13 14 19 17 15 28 16 20 10 12 15 25 21 15 20 22 26 20 23 24 11 21 23 23 13 33 14 18 20 18 23 21 16 21 17 18 25 17 20 18 26 20 19 15 22 7 16 23 20 28 18 18 24 16 17 24 18 19 23 26 13 13 19 17 11 18 27 17 23 17 17 22 13 23 16 21 25 23 14 25 13 16 12 20 15 12 30 22 12 25 21 20 21 19 15 17 16 25 23 17 9 20 16 18 9 19 21 18 12 20 18 20 13 29 15 30 19 25 19 22 21 17 18 19 28 18 17 19 13 24 16 31 18 20 22 17 18 15 19 19 20 25 17 15 18 17 25 18 21 18 19 18 24 21 24 11 19 19 22 19 23 23 30 24 19 15 18 23 24 24 19 9 19 20 27 22 20 13 20 10 20 20 17 27 15 18 20 20 20 8 20 23 28 21 15 15 20 11 19 18 14 19 23 10 18 20 21 21 22 23 21 17 21 14 20 22 16 24 17 12 19 10 19 24 26 18 18 15 15 21 24 19 24 19 19 11 21 11 18 13 20 20 17 25 23 24 22 20 22 22 21 28 16 24 28 20 28 17 24 22 25 23 26 24 22 21 21 14 10 29 12 22 18 22 18 23 15 16 18 17 18 19 15 17 16 16 25 24 24 16 23 9 21 24 25 19 16 17 24 23 16 19 18 19 21 14 20 16 26 20 23 23 21 16 18 20 18 17 11 23 22 16 23 12 18 10 21 22 19 15 17 26 13 17 11 23 17 18 20 19 11 19 17 20 19 19 17 22 27 15 23 22 23 20 16 28 17 23 20 20 25 23 16 26 10 15 19 18 12 24 23 16 11 20 15 19 15 16 34 18 17 16 18 19 14 16 20 15 13 16 20 17 21 29 20 25 15 18 27 13 25 15 14 25 12 18 19 29 15 19 27 22 26 27 27 14 14 16 18 20 15 16 21 18 20 20 14 28 22 18 24 16 20 26 17 17 16 28 27 20 19 15 15 15 30 25 22 18 17 24 18 20 19 20 20 17 21 24 19 29 16 20 20 17 18 15 19 17 27 23 13 13 31 18 17 29 15 17 21 26 14 14 22 14 17 16 19 21 19 22 19 20 25 16 24 12 23 18 16 17 23 21 26 16 23 23 19 21 18 19 16 19 16 25 17 25 21 11 14 13 15 17 17 20 17 18 20 12 16 21 13 22 21 22 17 19 25 26 12 17 22 20 14 14 10 27 28 24 17 21 19 33 17 15 16 15 18 18 22 16 14 16 25 24 21 18 10 20 20 14 20 21 15 23 17 17 21 14 22 15 9 29 19 20 10 18 17 18 18 23 19 15 27 18 16 19 26 22 16 23 26 18 15 22 19 19 18 17 15 22 18 21 18 22 28 17 24 22 18 25 17 21 17 20 15 19 17 15 17 21 18 20 20 26 25 18 23 25 19 18 13 15 18 15 21 16 24 10 23 21 12 16 20 16 21 19 17 22 20 26 23 18 17 16 14 23 12 18 19 21 25 17 23 18 27 21 18 12 12 12 16 26 18 16 23 15 13 22 13 22 20 20 14 26 21 20 14 22 22 24 23 22 22 20 26 25 16 20 11 17 22 22 14 32 15 18 8 17 27 18 20 16 16 26 23 14 18 17 17 17 21 21 15 20 14 22 19 16 22 29 21 15 14 17 22 26 23 25 17 19 27 24 24 24 23 16 23 25 18 14 17 25 21 17 17 18 27 20 18 15 26 14 17 14 9 21 26 22 15 15 14 34 15 18 18 17 19 21 19 18 18 18 20 11 20 23 16 21 21 26 18 23 16 20 20 15 24 18 21 25 17 16 22 27 17 30 15 28 26 17 20 12 24 18 27 17 16 20 22 25 20 16 23 13 23 18 27 21 26 31 21 23 25 9 22 18 29 23 25 24 15 18 18 19 25 27 20 19 12 22 15 28 21 28 23 23 11 14 20 22 15 17 17 16 26 22 16 24 15 26 19 23 21 23 19 22 20 18 25 21 18 12 18 14 23 22 16 20 28 19 14 19 13 12 20 9 24 22 17 18 19 19 20 17 17 26 19 16 24 22 18 22 21 16 22 21 19 21 17 19 15 16 11 19 17 21 14 14 12 15 17 15 18 20 16 12 21 16 13 18 22 19 10 14 16 16 16 19 21 13 12 23 18 20 15 17 23 15 24 16 19 16 18 15 16 21 18 12 22 27 23 13 13 24 20 27 31 15 17 21 14 22 20 27 18 20 12 26 18 27 22 13 28 15 22 21 24 18 15 21 16 16 17 23 27 20 27 22 23 21 13 27 27 16 15 18 21 20 15 17 15 19 21 18 25 25 23 20 20 12 15 19 21 21 17 21 16 11 23 21 21 20 12 22 21 22 20 14 12 19 15 23 22 20 22 20 27 18 20 20 12 18 20 23 24 24 23 16 13 14 15 18 17 19 15 21 24 17 18 18 21 20 21 23 21 15 22 24 10 21 30 15 17 20 29 15 17 14 10 20 20 26 20 22 20 10 8 17 22 19 22 15 16 19 18 15 10 17 16 19 27 20 19 22 21 22 20 25 16 19 12 23 21 23 13 12 22 23 22 15 22 15 25 19 31 11 14 19 12 16 11 26 21 26 26 14 23 21 13 14 23 18 19 22 16 20 17 17 33 19 21 20 17 19 27 28 28 18 22 23 14 17 19 23 26 18 19 23 23 8 13 31 21 23 22 21 25 16 17 24 21 22 25 21 19 21 15 17 14 20 21 18 19 13 14 22 26 30 14 22 19 18 21 17 17 25 18 21 19 19 17 17 23 25 28 22 19 21 17 21 19 22 17 18 22 28 19 26 14 24 17 23 25 20 27 25 14 22 21 21 14 19 23 17 18 10 17 19 18 9 12 20 23 21 21 17 22 20 18 25 19 23 20 13 12 26 21 18 18 21 21 22 24 20 27 20 23 13 22 19 22 18 24 17 15 25 24 21 29 23 19 19 25 18 17 16 17 13 15 18 20 19 21 25 14 22 19 20 19 17 27 21 13 22 24 27 17 17 20 25 25 31 13 14 27 19 19 20 18 16 14 23 27 19 18 28 14 19 13 18 14 25 19 22 12 26 18 22 22 15 23 14 13 21 29 18 25 24 15 20 25 22 24 18 20 22 17 17 20 23 13 14 19 18 19 21 17 18 11 21 11 21 25 22 15 16 19 12 17 18 22 30 18 14 16 15 26 15 20 27 12 27 13 25 17 22 27 22 24 15 24 22 20 20 16 24 17 19 16 19 15 24 15 16 23 21 21 17 17 20 25 30 16 15 22 22 16 14 23 22 21 19 22 14 21 23 26 19 24 12 18 16 24 22 11 26 26 16 24 15 21 8 18 23 20 18 26 13 17 28 15 25 21 21 23 10 18 25 20 14 23 13 20 20 20 17 24 17 20 27 15 12 25 18 26 9 18 19 25 20 19 24 26 18 17 16 12 16 19 15 18 13 28 20 20 9 17 18 16 20 19 20 23 17 14 24 13 23 21 23 16 16 14 19 18 15 24 15 17 28 16 21 12 18 14 20 25 27 15 20 18 25 14 21 17 24 27 19 17 17 22 20 10 17 12 17 16 12 16 12 28 15 20 14 25 20 19 24 12 25 19 22 18 19 22 20 26 19 17 27 18 18 17 12 16 16 27 23 24 17 22 19 19 17 16 15 24 14 22 16 12 16 21 21 16 25 16 23 28 18 22 21 24 20 16 17 20 23 15 26 15 13 20 21 21 18 22 21 20 15 14 25 23 28 22 19 22 18 11 23 17 19 25 22 18 17 18 7 22 15 18 21 19 12 22 14 21 19 19 10 20 16 12 16 10 22 16 18 19 18 18 24 18 14 21 14 17 19 27 19 15 23 26 19 14 14 19 20 28 23 22 10 19 22 9 20 17 20 17 24 15 26 27 24 16 13 19 17 18 13 15 12 21 15 11 28 16 17 14 20 25 11 22 28 20 22 13 18 20 18 19 21 19 22 21 24 25 23 20 27 24 17 16 21 16 18 16 13 21 31 15 19 25 16 19 19 19 16 18 13 22 23 15 23 24 22 15 23 20 26 23 22 16 22 21 18 25 17 12 21 18 29 26 14 21 22 23 21 14 19 18 24 15 12 17 19 22 21 17 19 17 29 24 19 25 23 11 13 21 16 12 17 13 21 14 26 19 17 22 25 14 18 22 22 17 19 17 18 19 24 15 12 19 13 18 21 30 24 17 27 11 16 20 27 21 16 13 20 13 17 15 27 17 19 24 21 23 18 27 20 17 12 21 20 16 18 12 19 12 13 14 14 10 11 17 24 22 18 20 17 19 14 19 32 20 24 24 20 21 16 13 19 20 15 21 11 21 19 20 17 20 23 23 20 19 27 19 13 18 22 13 21 21 19 21 18 28 21 22 15 16 15 24 20 23 16 14 21 15 22 20 26 17 17 19 16 12 18 9 19 21 23 19 21 20 23 14 24 15 21 15 17 25 17 19 24 22 17 17 21 16 16 20 19 20 20 18 18 19 19 28 13 16 18 26 15 16 18 24 22 18 20 12 19 27 19 18 21 18 15 15 18 13 19 22 15 14 18 22 15 16 25 33 19 23 21 22 22 18 18 18 22 19 24 21 16 24 18 18 17 18 20 18 25 21 20 13 12 23 21 14 23 25 19 22 19 22 22 16 19 27 20 15 22 17 22 27 26 22 22 15 17 17 16 14 23 19 27 16 24 23 19 24 20 22 14 23 25 24 17 23 11 20 21 20 14 21 16 13 21 17 20 13 17 16 22 18 14 25 20 16 23 22 10 19 18 25 25 11 22 26 15 20 21 14 18 24 15 16 26 30 22 23 22 16 21 21 19 10 23 18 25 22 15 30 22 17 18 24 22 16 21 25 20 15 23 21 19 14 23 25 25 22 19 15 19 18 14 17 21 11 26 27 23 27 15 15 27 11 22 13 16 17 16 14 15 21 21 19 13 16 28 13 17 22 22 22 16 24 20 21 19 21 20 26 20 19 20 24 14 21 31 25 24 29 24 15 20 19 20 19 26 10 14 16 17 13 10 21 23 16 18 9 21 17 21 16 17 21 24 16 14 21 20 24 25 26 23 13 21 22 19 12 19 25 25 25 27 20 18 21 24 19 19 13 24 19 24 25 12 20 10 20 20 19 15 18 18 16 19 15 21 23 17 20 25 17 21 15 17 23 28 16 19 25 18 24 19 21 16 12 19 16 23 15 29 26 19 16 18 19 23 26 10 26 20 19 19 17 29 20 21 17 14 25 17 14 24 20 22 22 21 21 15 19 14 23 22 15 18 20 18 19 16 24 20 18 14 0 0 0 0 0 0 0 0 0 0 0 0 0 0 0 0 0 0 0 0 0 0 0 0 0 0 0 0 0 0 0 0 0 0 0 0 0 0 0 0 0 0 0 0 0 0 0 0 0 0 0 0 0 0 0 0 0 0 0 0 0 0 0 0 0 0 0 0 0 0 0 0 0 0 0 0 0 0 0 0 0 0 0 0 0 0 0 0 0 0 0 0 0 0 0 0 0 0 0 0 0 0 0 0 0 0 0 0 0 0 0 0 0 0 0 0 0 0 0 0 0 0 0 0 0 0 0 0 0 0 0 0 0 0 0 0 0 0 0 0 0 0 0 0 0 0 0 0 0 0 0 0 0 0 0 0 0 0 0 0 0 0 0 0 0 0 0 0 0 0 0 0 0 0 0 0 0 0 0 0 0 0 0 0 0 0 0 0 0 0 0 0 0 0 0 0 0 0 0 0 0 0 0 0 0 0 0 0 0 0 0 0 0 0 0 0 0 0 0 0 0 0 0 0 0 0 0 0 0 0 0 0 0 0 0 0 0 0 0 0 0 0 0 0 0 0 0 0 0 0 0 0 0 0 0 0 0 0 0 0 0 0 0 0 0 0 0 0 0 0 0 0 0 0 0 0 0 0 0 0 0 0 0 0 0 0 0 0 0 0 0 0 0 0 0 0 0 0 0 0 0 0 0 0 0 0 0 0 0 0 0 0 0 0 0 0 0 0 0 0 0 0 0 0 0 0 0 0 0 0 0 0 0 0 0 0 0 0 0 0 0 0 0 0 0 0 0 0 0 0 0 0 0 0 0 0 0 0 0 0 0 0 0 0 0 0 0 0 0 0 0 0 0 0 0 0 0 0 0 0 0 0 0 0 0 0 0 0 0 0 0 0 0 0 0 0 0 0 0 0 0 0 0 0 0 0 0 0 0 0 0 0 0 0 0 0 0 0 0 0 0 0 0 0 0 0 0 0 0 0 0 0 0 0 0 0 0 0 0 0 0 0 0 0 0 0 0 0 0 0 0 0 0 0 0 0 0 0 0 0 0 0 0 0 0 0 0 0 0 0 0 0 0 0 0 0 0 0 0 0 0 0 0 0 0 0 0 0 0 0 0 0 0 0 0 0 0 0 0 0 0 0 0 0 0 0 0 0 0 0 0 0 0 0 0 0 0 0 0 0 0 0 0 0 0 0 0 0 0 0 0 0 0 0 0 0 0 0 0 0 0 0 0 0 0 0 0 0 0 0 0 0 0 0 0 0 0 0 0 0 0 0 0 0 0 0 0 0 0 0 0 0 0 0 0 0 0 0 0 0 0 0 0 0 0 0 0 0 0 0 0 0 0 0 0 0 0 0 0 0 0 0 0 0 0 0 0 0 0 0 0 0 0 0 0 0 0 0 0 0 0 0 0 0 0 0 0 0 0 0 0 0 0 0 0 0 0 0 0 0 0 0 0 0 0 0 0 0 0 0 0 0 0 0 0 0 0 0 0 0 0 0 0 0 0 0 0 0 0 0 0 0 0 0 0 0 0 0 0 0 0 0 0 0 0 0 0 0 0 0 0 0 0 0 0 0 0 0 0 0 0 0 0 0 0 0 0 0 0 0 0 0 0 0 0 0 0 0 0 0 0 0 0 0 0 0 0 0 0 0 0 0 0 0 0 0 0 0 0 0 0 0 0 0 0 0 0 0 0 0 0 0 0 0 0 0 0 0 0 0 0 0 0 0 0 0 0 0 0 0 0 0 0 0 0 0 0 0 0 0 0 0 0 0 0 0 0 0 0 0 0 0 0 0 0 0 0 0 0 0 0 0 0 0 0 0 0 0 0 0 0 0 0 0 0 0 0 0 0 0 0 0 0 0 0 0 0 0 0 0 0 0 0 0 0 0 0 0 0 0 0 0 0 0 0 0 0 0 0 0 0 0 0 0 0 0 0 0 0 0 0 0 0 0 0 0 0 0 0 0 0 0 0 0 0 0 0 0 0 0 0 0 0 0 0 0 0 0 0 0 0 0 0 0 0 0 0 0 0 0 0 0 0 0 0 0 0 0 0 0 0 0 0 0 0 0 0 0 0 0 0 0 0 0 0 0 0 0 0 0 0 0 0 0 0 0 0 0 0 0 0 0 0 0 0 0 0 0 0 0 0 0 0 0 0 0 0 0 0 0 0 0 0 0 0 0 0 0 0 0 0 0 0 0 0 0 0 0 0 0 0 0 0 0 0 0 0 0 0 0 0 0 0 0 0 0 0 0 0 0 0 0 0 0 0 0 0 0 0 0 0 0 0 0 0 0 0 0 0 0 0 0 0 0 0 0 0 0 0 0 0 0 0 0 0 0 0 0 0 0 0 0 0 0 0 0 0 0 0 0 0 0 0 0 0 0 0 0 0 0 0 0 0 0 0 0 0 0 0 0 0 0 0 0 0 0 0 0 0 0 0 0 0 0 0 0 0 0 0 0 0 0 0 0 0 0 0 0 0 0 0 0 0 0 0 0 0 0 0 0 0 0 0 0 0 0 0 0 0 0 0 0 0 0 0 0 0 0 0 0 0 0 0 0 0 0 0 0 0 0 0 0 0 0 0 0 0 0 0 0 0 0 0 0 0 0 0 0 0 0 0 0 0 0 0 0 0 0 0 0 0 0 0 0 0 0 0 0 0 0 0 0 0 0 0 0 0 0 0 0 0 0 0 0 0 0 0 0 0 0 0 0 0 0 0 0 0 0 0 0 0 0 0 0 0 0 0 0 0 0 0 0 0 0 0 0 0 0 0 0 0 0 0 0 0 0 0 0 0 0 0 0 0 0 0 0 0 0 0 0 0 0 0 0 0 0 0 0 0 0 0 0 0 0 0 0 0 0 0 0 0 0 0 0 0 0 0 0 0 0 0 0 0 0 0 0 0 0 0 0 0 0 0 0 0 0 0 0 0 0 0 0 0 0 0 0 0 0 0 0 0 0 0 0 0 0 0 0 0 0 0 0 0 0 0 0 0 0 0 0 0 0 0 0 0 0 0 0 0 0 0 0 0 0 0 0 0 0 0 0 0 0 0 0 0 0 0 0 0 0 0 0 0 0 0 0 0 0 0 0 0 0 0 0 0 0 0 0 0 0 0 0 0 0 0 0 0 0 0 0 0 0 0 0 0 0 0 0 0 0 0 0 0 0 0 0 0 0 0 0 0 0 0 0 0 0 0 0 0 0 0 0 0 0 0 0 0 0 0 0 0 0 0 0 0 0 0 0 0 0 0 0 0 0 0 0 0 0 0 0 0 0 0 0 0 0 0 0 0 0 0 0 0 0 0 0 0 0 0 0 0 0 0 0 0 0 0 0 0 0 0 0 0 0 0 0 0 0 0 0 0 0 0 0 0 0 0 0 0 0 0 0 0 0 0 0 0 0 0 0 0 0 0 0 0 0 0 0 0 0 0 0 0 0 0 0 0 0 0 0 0 0 0 0 0 0 0 0 0 0 0 0 0 0 0 0 0 0 0 0 0 0 0 0 0 0 0 0 0 0 0 0 0 0 0 0 0 0 0 0 0 0 0 0 0 0 0 0 0 0 0 0 0 0 0 0 0 0 0 0 0 0 0 0 0 0 0 0 0 0 0 0 0 0 0 0 0 0 0 0 0 0 0 0 0 0 0 0 0 0 0 0 0 0 0 0 0 0 0 0 0 0 0 0 0 0 0 0 0 0 0 0 0 0 0 0 0 0 0 0 0 0 0 0 0 0 0 0 0 0 0 0 0 0 0 0 0 0 0 0 0 0 0 0 0 0 0 0 0 0 0 0 0 0 0 0 0 0 0 0 0 0 0 0 0 0 0 0 0 0 0 0 0 0 0 0 0 0 0 0 0 0 0 0 0 0 0 0 0 0 0 0 0 0 0 0 0 0 0 0 0 0 0 0 0 0 0 0 0 0 0 0 0 0 0 0 0 0 0 0 0 0 0 0 0 0 0 0 0 0 0 0 0 0 0 0 0 0 0 0 0 0 0 0 0 0 0 0 0 0 0 0 0 0 0 0 0 0 0 0 0 0 0 0 0 0 0 0 0 0 0 0 0 0 0 0 0 0 0 0 0 0 0 0 0 0 0 0 0 0 0 0 0 0 0 0 0 0 0 0 0 0 0 0 0 0 0 0 0 0 0 0 0 0 0 0 0 0 0 0 0 0 0 0 0 0 0 0 0 0 0 0 0 0 0 0 0 0 0 0 0 0 0 0 0 0 0 0 0 0 0 0 0 0 0 0 0 0 0 0 0 0 0 0 0 0 0 0 0 0 0 0 0 0 0 0 0 0 0 0 0 0 0 0 0 0 0 0 0 0 0 0 0 0 0 0 0 0 0 0 0 0 0 0 0 0 0 0 0 0 0 0 0 0 0 0 0 0 0 0 0 0 0 0 0 0 0 0 0 0 0 0 0 0 0 0 0 0 0 0 0 0 0 0 0 0 0 0 0 0 0 0 0 0 0 0 0 0 0 0 0 0 0 0 0 0 0 0 0 0 0 0 0 0 0 0 0 0 0 0 0 0 0 0 0 0 0 0 0 0 0 0 0 0 0 0 0 0 0 0 0 0 0 0 0 0 0 0 0 0 0 0 0 0 0 0 0 0 0 0 0 0 0 0 0 0 0 0 0 0 0 0 0 0 0 0 0 0 0 0 0 0 0 0 0 0 0 0 0 0 0 0 0 0 0 0 0 0 0 0 0 0 0 0 0 0 0 0 0 0 0 0 0 0 0 0 0 0 0 0 0 0 0 0 0 0 0 0 0 0 0 0 0 0 0 0 0 0 0 0 0 0 0 0 0 0 0 0 0 0 0 0 0 0 0 0 0 0 0 0 0 0 0 0 0 0 0 0 0 0 0 0 0 0 0 0 0 0 0 0 0 0 0 0 0 0 0 0 0 0 0 0 0 0 0 0 0 0 0 0 0 0 0 0 0 0 0 0 0 0 0 0 0 0 0 0 0 0 0 0 0 0 0 0 0 0 0 0 0 0 0 0 0 0 0 0 0 0 0 0 0 0 0 0 0 0 0 0 0 0 0 0 0 0 0 0 0 0 0 0 0 0 0 0 0 0 0 0 0 0 0 0 0 0 0 0 0 0 0 0 0 0 0 0 0 0 0 0 0 0 0 0 0 0 0 0 0 0 0 0 0 0 0 0 0 0 0 0 0 0 0 0 0 0 0 0 0 0 0 0 0 0 0 0 0 0 0 0 0 0 0 0 0 0 0 0 0 0 0 0 0 0 0 0 0 0 0 0 0 0 0 0 0 0 0 0 0 0 0 0 0 0 0 0 0 0 0 0 0 0 0 0 0 0 0 0 0 0 0 0 0 0 0 0 0 0 0 0 0 0 0 0 0 0 0 0 0 0 0 0 0 0 0 0 0 0 0 0 0 0 0 0 0 0 0 0 0 0 0 0 0 0 0 0 0 0 0 0 0 0 0 0 0 0 0 0 0 0 0 0 0 0 0 0 0 0 0 0 0 0 0 0 0 0 0 0 0 0 0 0 0 0 0 0 0 0 0 0 0 0 0 0 0 0 0 0 0 0 0 0 0 0 0 0 0 0 0 0 0 0 0 0 0 0 0 0 0 0 0 0 0 0 0 0 0 0 0 0 0 0 0 0 0 0 0 0 0 0 0 0 0 0 0 0 0 0 0 0 0 0 0 0 0 0 0 0 0 0 0 0 0 0 0 0 0 0 0 0 0 0 0 0 0 0 0 0 0 0 0 0 0 0 0 0 0 0 0 0 0 0 0 0 0 0 0 0 0 0 0 0 0 0 0 0 0 0 0 0 0 0 0 0 0 0 0 0 0 0 0 0 0 0 0 0 0 0 0 0 0 0 0 0 0 0 0 0 0 0 0 0 0 0 0 0 0 0 0 0 0 0 0 0 0 0 0 0 0 0 0 0 0 0 0 0 0 0 0 0 0 0 0 0 0 0 0 0 0 0 0 0 0 0 0 0 0 0 0 0 0 0 0 0 0 0 0 0 0 0 0 0 0 0 0 0 0 0 0 0 0 0 0 0 0 0 0 0 0 0 0 0 0 0 0 0 0 0 0 0 0 0 0 0 0 0 0 0 0 0 0 0 0 0 0 0 0 0 0 0 0 0 0 0 0 0 0 0 0 0 0 0 0 0 0 0 0 0 0 0 0 0 0 0 0 0 0 0 0 0 0 0 0 0 0 0 0 0 0 0 0 0 0 0 0 0 0 0 0 0 0 0 0 0 0 0 0 0 0 0 0 0 0 0 0 0 0 0 0 0 0 0 0 0 0 0 0 0 0 0 0 0 0 0 0 0 0 0 0 0 0 0 0 0 0 0 0 0 0 0 0 0 0 0 0 0 0 0 0 0 0 0 0 0 0 0 0 0 0 0 0 0 0 0 0 0 0 0 0 0 0 0 0 0 0 0 0 0 0 0 0 0 0 0 0 0 0 0 0 0 0 0 0 0 0 0 0 0 0 0 0 0 0 0 0 0 0 0 0 0 0 0 0 0 0 0 0 0 0 0 0 0 0 0 0 0 0 0 0 0 0 0 0 0 0 0 0 0 0 0 0 0 0 0 0 0 0 0 0 0 0 0 0 0 0 0 0 0 0 0 0 0 0 0 0 0 0 0 0 0 0 0 0 0 0 0 0 0 0 0 0 0 0 0 0 0 0 0 0 0 0 0 0 0 0 0 0 0 0 0 0 0 0 0 0 0 0 0 0 0 0 0 0 0 0 0 0 0 0 0 0 0 0 0 0 0 0 0 0 0 0 0 0 0 0 0 0 0 0 0 0 0 0 0 0 0 0 0 0 0 0 0 0 0 0 0 0 0 0 0 0 0 0 0 0 0 0 0 0 0 0 0 0 0 0 0 0 0 0 0 0 0 0 0 0 0 0 0 0 0 0 0 0 0 0 0 0 0 0 0 0 0 0 0 0 0 0 0 0 0 0 0 0 0 0 0 0 0 0 0 0 0 0 0 0 0 0 0 0 0 0 0 0 0 0 0 0 0 0 0 0 0 0 0 0 0 0 0 0 0 0 0 0 0 0 0 0 0 0 0 0 0 0 0 0 0 0 0 0 0 0 0 0 0 0 0 0 0 0 0 0 0 0 0 0 0 0 0 0 0 0 0 0 0 0 0 0 0 0 0 0 0 0 0 0 0 0 0 0 0 0 0 0 0 0 0 0 0 0 0 0 0 0 0 0 0 0 0 0 0 0 0 0 0 0 0 0 0 0 0 0 0 0 0 0 0 0 0 0 0 0 0 0 0 0 0 0 0 0 0 0 0 0 0 0 0 0 0 0 0 0 0 0 0 0 0 0 0 0 0 0 0 0 0 0 0 0 0 0 0 0 0 0 0 0 0 0 0 0 0 0 0 0 0 0 0 0 0 0 0 0 0 0 0 0 0 0 0 0 0 0 0 0 0 0 0 0 0 0 0 0 0 0 0 0 0 0 0 0 0 0 0 0 0 0 0 0 0 0 0 0 0 0 0 0 0 0 0 0 0 0 0 0 0 0 0 0 0 0 0 0 0 0 0 0 0 0 0 0 0 0 0 0 0 0 0 0 0 0 0 0 0 0 0 0 0 0 0 0 0 0 0 0 0 0 0 0 0 0 0 0 0 0 0 0 0 0 0 0 0 0 0 0 0 0 0 0 0 0 0 0 0 0 0 0 0 0 0 0 0 0 0 0 0 0 0 0 0 0 0 0 0 0 0 0 0 0 0 0 0 0 0 0 0 0 0 0 0 0 0 0 0 0 0 0 0 0 0 0 0 0 0 0 0 0 0 0 0 0 0 0 0 0 0 0 0 0 0 0 0 0 0 0 0 0 0 0 0 0 0 0 0 0 0 0 0 0 0 0 0 0 0 0 0 0 0 0 0 0 0 0 0 0 0 0 0 0 0 0 0 0 0 0 0 0 0 0 0 0 0 0 0 0 0 0 0 0 0 0 0 0 0 0 0 0 0 0 0 0 0 0 0 0 0 0 0 0 0 0 0 0 0 0 0 0 0 0 0 0 0 0 0 0 0 0 0 0 0 0 0 0 0 0 0 0 0 0 0 0 0 0 0 0 0 0 0 0 0 0 0 0 0 0 0 0 0 0 0 0 0 0 0 0 0 0 0 0 0 0 0 0 0 0 0 0 0 0 0 0 0 0 0 0 0 0 0 0 0 0 0 0 0 0 0 0 0 0 0 0 0 0 0 0 0 0 0 0 0 0 0 0 0 0 0 0 0 0 0 0 0 0 0 0 0 0 0 0 0 0 0 0 0 0 0 0 0 0 0 0 0 0 0 0 0 0 0 0 0 0 0 0 0 0 0 0 0 0 0 0 0 0 0 0 0 0 0 0 0 0 0 0 0 0 0 0 0 0 0 0 0 0 0 0 0 0 0 0 0 0 0 0 0 0 0 0 0 0 0 0 0 0 0 0 0 0 0 0 0 0 0 0 0 0 0 0 0 0 0 0 0 0 0 0 0 0 0 0 0 0 0 0 0 0 0 0 0 0 0 0 0 0 0 0 0 0 0 0 0 0 0 0 0 0 0 0 0 0 0 0 0 0 0 0 0 0 0 0 0 0 0 0 0 0 0 0 0 0 0 0 0 0 0 0 0 0 0 0 0 0 0 0 0 0 0 0 0 0 0 0 0 0 0 0 0 0 0 0 0 0 0 0 0 0 0 0 0 0 0 0 0 0 0 0 0 0 0 0 0 0 0 0 0 0 0 0 0 0 0 0 0 0 0 0 0 0 0 0 0 0 0 0 0 0 0 0 0 0 0 0 0 0 0 0 0 0 0 0 0 0 0 0 0 0 0 0 0 0 0 0 0 0 0 0 0 0 0 0 0 0 0 0 0 0 0 0 0 0 0 0 0 0 0 0 0 0 0 0 0 0 0 0 0 0 0 0 0 0 0 0 0 0 0 0 0 0 0 0 0 0 0 0 0 0 0 0 0 0 0 0 0 0 0 0 0 0 0 0 0 0 0 0 0 0 0 0 0 0 0 0 0 0 0 0 0 0 0 0 0 0 0 0 0 0 0 0 0 0 0 0 0 0 0 0 0 0 0 0 0 0 0 0 0 0 0 0 0 0 0 0 0 0 0 0 0 0 0 0 0 0 0 0 0 0 0 0 0 0 0 0 0 0 0 0 0 0 0 0 0 0 0 0 0 0 0 0 0 0 0 0 0 0 0 0 0 0 0 0 0 0 0 0 0 0 0 0 0 0 0 0 0 0 0 0 0 0 0 0 0 0 0 0 0 0 0 0 0 0 0 0 0 0 0 0 0 0 0 0 0 0 0 0 0 0 0 0 0 0 0 0 0 0 0 0 0 0 0 0 0 0 0 0 0 0 0 0 0 0 0 0 0 0 0 0 0 0 0 0 0 0 0 0 0 0 0 0 0 0 0 0 0 0 0 0 0 0 0 0 0 0 0 0 0 0 0 0 0 0 0 0 0 0 0 0 0 0 0 0 0 0 0 0 0 0 0 0 0 0 0 0 0 0 0 0 0 0 0 0 0 0 0 0 0 0 0 0 0 0 0 0 0 0 0 0 0 0 0 0 0 0 0 0 0 0 0 0 0 0 0 0 0 0 0 0 0 0 0 0 0 0 0 0 0 0 0 0 0 0 0 0 0 0 0 0 0 0 0 0 0 0 0 0 0 0 0 0 0 0 0 0 0 0 0 0 0 0 0 0 0 0 0 0 0 0 0 0 0 0 0 0 0 0 0 0 0 0 0 0 0 0 0 0 0 0 0 0 0 0 0 0 0 0 0 0 0 0 0 0 0 0 0 0 0 0 0 0 0 0 0 0 0 0 0 0 0 0 0 0 0 0 0 0 0 0 0 0 0 0 0 0 0 0 0 0 0 0 0 0 0 0 0 0 0 0 0 0 0 0 0 0 0 0 0 0 0 0 0 0 0 0 0 0 0 0 0 0 0 0 0 0 0 0 0 0 0 0 0 0 0 0 0 0 0 0 0 0 0 0 0 0 0 0 0 0 0 0 0 0 0 0 0 0 0 0 0 0 0 0 0 0 0 0 0 0 0 0 0 0 0 0 0 0 0 0 0 0 0 0 0 0 0 0 0 0 0 0 0 0 0 0 0 0 0 0 0 0 0 0 0 0 0 0 0 0 0 0 0 0 0 0 0 0 0 0 0 0 0 0 0 0 0 0 0 0 0 0 0 0 0 0 0 0 0 0 0 0 0 0 0 0 0 0 0 0 0 0 0 0 0 0 0 0 0 0 0 0 0 0 0 0 0 0 0 0 0 0 0 0 0 0 0 0 0 0 0 0 0 0 0 0 0 0 0 0 0 0 0 0 0 0 0 0 0 0 0 0 0 0 0 0 0 0 0 0 0 0 0 0 0 0 0 0 0 0 0 0 0 0 0 0 0 0 0 0 0 0 0 0 0 0 0 0 0 0 0 0 0 0 0 0 0 0 0 0 0 0 0 0 0 0 0 0 0 0 0 0 0 0 0 0 0 0 0 0 0 0 0 0 0 0 0 0 0 0 0 0 0 0 0 0 0 0 0 0 0 0 0 0 0 0 0 0 0 0 0 0 0 0 0 0 0 0 0 0 0 0 0 0 0 0 0 0 0 0 0 0 0 0 0 0 0 0 0 0 0 0 0 0 0 0 0 0 0 0 0 0 0 0 0 0 0 0 0 0 0 0 0 0 0 0 0 0 0 0 0 0 0 0 0 0 0 0 0 0 0 0 0 0 0 0 0 0 0 0 0 0 0 0 0 0 0 0 0 0 0 0 0 0 0 0 0 0 0 0 0 0 0 0 0 0 0 0 0 0 0 0 0 0 0 0 0 0 0 0 0 0 0 0 0 0 0 0 0 0 0 0 0 0 0 0 0 0 0 0 0 0 0 0 0 0 0 0 0 0 0 0 0 0 0 0 0 0 0 0 0 0 0 0 0 0 0 0 0 0 0 0 0 0 0 0 0 0 0 0 0 0 0 0 0 0 0 0 0 0 0 0 0 0 0 0 0 0 0 0 0 0 0 0 0 0 0 0 0 0 0 0 0 0 0 0 0 0 0 0 0 0 0 0 0 0 0 0 0 0 0 0 0 0 0 0 0 0 0 0 0 0 0 0 0 0 0 0 0 0 0 0 0 0 0 0 0 0 0 0 0 0 0 0 0 0 0 0 0 0 0 0 0 0 0 0 0 0 0 0 0 0 0 0 0 0 0 0 0 0 0 0 0 0 0 0 0 0 0 0 0 0 0 0 0 0 0 0 0 0 0 0 0 0 0 0 0 0 0 0 0 0 0 0 0 0 0 0 0 0 0 0 0 0 0 0 0 0 0 0 0 0 0 0 0 0 0 0 0 0 0 0 0 0 0 0 0 0 0 0 0 0 0 0 0 0 0 0 0 0 0 0 0 0 0 0 0 0 0 0 0 0 0 0 0 0 0 0 0 0 0 0 0 0 0 0 0 0 0 0 0 0 0 0 0 0 0 0 0 0 0 0 0 0 0 0 0 0 0 0 0 0 0 0 0 0 0 0 0 0 0 0 0 0 0 0 0 0 0 0 0 0 0 0 0 0 0 0 0 0 0 0 0 0 0 0 0 0 0 0 0 0 0 0 0 0 0 0 0 0 0 0 0 0 0 0 0 0 0 0 0 0 0 0 0 0 0 0 0 0 0 0 0 0 0 0 0 0 0 0 0 0 0 0 0 0 0 0 0 0 0 0 0 0 0 0 0 0 0 0 0 0 0 0 0 0 0 0 0 0 0 0 0 0 0 0 0 0 0 0 0 0 0 0 0 0 0 0 0 0 0 0 0 0 0 0 0 0 0 0 0 0 0 0 0 0 0 0 0 0 0 0 0 0 0 0 0 0 0 0 0 0 0 0 0 0 0 0 0 0 0 0 0 0 0 0 0 0 0 0 0 0 0 0 0 0 0 0 0 0 0 0 0 0 0 0 0 0 0 0 0 0 0 0 0 0 0 0 0 0 0 0 0 0 0 0 0 0 0 0 0 0 0 0 0 0 0 0 0 0 0 0 0 0 0 0 0 0 0 0 0 0 0 0 0 0 0 0 0 0 0 0 0 0 0 0 0 0 0 0 0 0 0 0 0 0 0 0 0 0 0 0 0 0 0 0 0 0 0 0 0 0 0 0 0 0 0 0 0 0 0 0 0 0 0 0 0 0 0 0 0 0 0 0 0 0 0 0 0 0 0 0 0 0 0 0 0 0 0 0 0 0 0 0 0 0 0 0 0 0 0 0 0 0 0 0 0 0 0 0 0 0 0 0 0 0 0 0 0 0 0 0 0 0 0 0 0 0 0 0 0 0 0 0 0 0 0 0 0 0 0 0 0 0 0 0 0 0 0 0 0 0 0 0 0 0 0 0 0 0 0 0 0 0 0 0 0 0 0 0 0 0 0 0 0 0 0 0 0 0 0 0 0 0 0 0 0 0 0 0 0 0 0 0 0 0 0 0 0 0 0 0 0 0 0 0 0 0 0 0 0 0 0 0 0 0 0 0 0 0 0 0 0 0 0 0 0 0 0 0 0 0 0 0 0 0 0 0 0 0 0 0 0 0 0 0 0 0 0 0 0 0 0 0 0 0 0 0 0 0 0 0 0 0 0 0 0 0 0 0 0 0 0 0 0 0 0 0 0 0 0 0 0 0 0 0 0 0 0 0 0 0 0 0 0 0 0 0 0 0 0 0 0 0 0 0 0 0 0 0 0 0 0 0 0 0 0 0 0 0 0 0 0 0 0 0 0 0 0 0 0 0 0 0 0 0 0 0 0 0 0 0 0 0 0 0 0 0 0 0 0 0 0 0 0 0 0 0 0 0 0 0 0 0 0 0 0 0 0 0 0 0 0 0 0 0 0 0 0 0 0 0 0 0 0 0 0 0 0 0 0 0 0 0 0 0 0 0 0 0 0 0 0 0 0 0 0 0 0 0 0 0 0 0 0 0 0 0 0 0 0 0 0 0 0 0 0 0 0 0 0 0 0 0 0 0 0 0 0 0 0 0 0 0 0 0 0 0 0 0 0 0 0 0 0 0 0 0 0 0 0 0 0 0 0 0 0 0 0 0 0 0 0 0 0 0 0 0 0 0 0 0 0 0 0 0 0 0 0 0 0 0 0 0 0 0 0 0 0 0 0 0 0 0 0 0 0 0 0 0 0 0 0 0 0 0 0 0 0 0 0 0 0 0 0 0 0 0 0 0 0 0 0 0 0 0 0 0 0 0 0 0 0 0 0 0 0 0 0 0 0 0 0 0 0 0 0 0 0 0 0 0 0 0 0 0 0 0 0 0 0 0 0 0 0 0 0 0 0 0 0 0 0 0 0 0 0 0 0 0 0 0 0 0 0 0 0 0 0 0 0 0 0 0 0 0 0 0 0 0 0 0 0 0 0 0 0 0 0 0 0 0 0 0 0 0 0 0 0 0 0 0 0 0 0 0 0 0 0 0 0 0 0 0 0 0 0 0 0 0 0 0 0 0 0 0 0 0 0 0 0 0 0 0 0 0 0 0 0 0 0 0 0 0 0 0 0 0 0 0 0 0 0 0 0 0 0 0 0 0 0 0 0 0 0 0 0 0 0 0 0 0 0 0 0 0 0 0 0 0 0 0 0 0 0 0 0 0 0 0 0 0 0 0 0 0 0 0 0 0 0 0 0 0 0 0 0 0 0 0 0 0 0 0 0 0 0 0 0 0 0 0 0 0 0 0 0 0 0 0 0 0 0 0 0 0 0 0 0 0 0 0 0 0 0 0 0 0 0 0 0 0 0 0 0 0 0 0 0 0 0 0 0 0 0 0 0 0 0 0 0 0 0 0 0 0 0 0 0 0 0 0 0 0 0 0 0 0 0 0 0 0 0 0 0 0 0 0 0 0 0 0 0 0 0 0 0 0 0 0 0 0 0 0 0 0 0 0 0 0 0 0 0 0 0 0 0 0 0 0 0 0 0 0 0 0 0 0 0 0 0 0 0 0 0 0 0 0 0 0 0 0 0 0 0 0 0 0 0 0 0 0 0 0 0 0 0 0 0 0 0 0 0 0 0 0 0 0 0 0 0 0 0 0 0 0 0 0 0 0 0 0 0 0 0 0 0 0 0 0 0 0 0 0 0 0 0 0 0 0 0 0 0 0 0 0 0 0 0 0 0 0 0 0 0 0 0 0 0 0 0 0 0 0 0 0 0 0 0 0 0 0 0 0 0 0 0 0 0 0 0 0 0 0 0 0 0 0 0 0 0 0 0 0 0 0 0 0 0 0 0 0 0 0 0 0 0 0 0 0 0 0 0 0 0 0 0 0 0 0 0 0 0 0 0 0 0 0 0 0 0 0 0 0 0 0 0 0 0 0 0 0 0 0 0 0 0 0 0 0 0 0 0 0 0 0 0 0 0 0 0 0 0 0 0 0 0 0 0 0 0 0 0 0 0 0 0 0 0 0 0 0 0 0 0 0 0 0 0 0 0 0 0 0 0 0 0 0 0 0 0 0 0 0 0 0 0 0 0 0 0 0 0 0 0 0 0 0 0 0 0 0 0 0 0 0 0 0 0 0 0 0 0 0 0 0 0 0 0 0 0 0 0 0 0 0 0 0 0 0 0 0 0 0 0 0 0 0 0 0 0 0 0 0 0 0 0 0 0 0 0 0 0 0 0 0 0 0 0 0 0 0 0 0 0 0 0 0 0 0 0 0 0 0 0 0 0 0 0 0 0 0 0 0 0 0 0 0 0 0 0 0 0 0 0 0 0 0 0 0 0 0 0 0 0 0 0 0 0 0 0 0 0 0 0 0 0 0 0 0 0 0 0 0 0 0 0 0 0 0 0 0 0 0 0 0 0 0 0 0 0 0 0 0 0 0 0 0 0 0 0 0 0 0 0 0 0 0 0 0 0 0 0 0 0 0 0 0 0 0 0 0 0 0 0 0 0 0 0 0 0 0 0 0 0 0 0 0 0 0 0 0 0 0 0 0 0 0 0 0 0 0 0 0 0 0 0 0 0 0 0 0 0 0 0 0 0 0 0 0 0 0 0 0 0 0 0 0 0 0 0 0 0 0 0 0 0 0 0 0 0 0 0 0 0 0 0 0 0 0 0 0 0 0 0 0 0 0 0 0 0 0 0 0 0 0 0 0 0 0 0 0 0 0 0 0 0 0 0 0 0 0 0 0 0 0 0 0 0 0 0 0 0 0 0 0 0 0 0 0 0 0 0 0 0 0 0 0 0 0 0 0 0 0 0 0 0 0 0 0 0 0 0 0 0 0 0 0 0 0 0 0 0 0 0 0 0 0 0 0 0 0 0 0 0 0 0 0 0 0 0 0 0 0 0 0 0 0 0 0 0 0 0 0 0 0 0 0 0 0 0 0 0 0 0 0 0 0 0 0 0 0 0 0 0 0 0 0 0 0 0 0 0 0 0 0 0 0 0 0 0 0 0 0 0 0 0 0 0 0 0 0 0 0 0 0 0 0 0 0 0 0 0 0 0 0 0 0 0 0 0 0 0 0 0 0 0 0 0 0 0 0 0 0 0 0 0 0 0 0 0 0 0 0 0 0 0 0 0 0 0 0 0 0 0 0 0 0 0 0 0 0 0 0 0 0 0 0 0 0 0 0 0 0 0 0 0 0 0 0 0 0 0 0 0 0 0 0 0 0 0 0 0 0 0 0 0 0 0 0 0 0 0 0 0 0 0 0 0 0 0 0 0 0 0 0 0 0 0 0 0 0 0 0 0 0 0 0 0 0 0 0 0 0 0 0 0 0 0 0 0 0 0 0 0 0 0 0 0 0 0 0 0 0 0 0 0 0 0 0 0 0 0 0 0 0 0 0 0 0 0 0 0 0 0 0 0 0 0 0 0 0 0 0 0 0 0 0 0 0 0 0 0 0 0 0 0 0 0 0 0 0 0 0 0 0 0 0 0 0 0 0 0 0 0 0 0 0 0 0 0 0 0 0 0 0 0 0 0 0 0 0 0 0 0 0 0 0 0 0 0 0 0 0 0 0 0 0 0 0 0 0 0 0 0 0 0 0 0 0 0 0 0 0 0 0 0 0 0 0 0 0 0 0 0 0 0 0 0 0 0 0 0 0 0 0 0 0 0 0 0 0 0 0 0 0 0 0 0 0 0 0 0 0 0 0 0 0 0 0 0 0 0 0 0 0 0 0 0 0 0 0 0 0 0 0 0 0 0 0 0 0 0 0 0 0 0 0 0 0 0 0 0 0 0 0 0 0 0 0 0 0 0 0 0 0 0 0 0 0 0 0 0 0 0 0 0 0 0 0 0 0 0 0 0 0 0 0 0 0 0 0 0 0 0 0 0 0 0 0 0 0 0 0 0 0 0 0 0 0 0 0 0 0 0 0 0 0 0 0 0 0 0 0 0 0 0 0 0 0 0 0 0 0 0 0 0 0 0 0 0 0 0 0 0 0 0 0 0 0 0 0 0 0 0 0 0 0 0 0 0 0 0 0 0 0 0 0 0 0 0 0 0 0 0 0 0 0 0 0 0 0 0 0 0 0 0 0 0 0 0 0 0 0 0 0 0 0 0 0 0 0 0 0 0 0 0 0 0 0 0 0 0 0 0 0 0 0 0 0 0 0 0 0 0 0 0 0 0 0 0 0 0 0 0 0 0 0 0 0 0 0 0 0 0 0 0 0 0 0 0 0 0 0 0 0 0 0 0 0 0 0 0 0 0 0 0 0 0 0 0 0 0 0 0 0 0 0 0 0 0 0 0 0 0 0 0 0 0 0 0 0 0 0 0 0 0 0 0 0 0 0 0 0 0 0 0 0 0 0 0 0 0 0 0 0 0 0 0 0 0 0 0 0 0 0 0 0 0 0 0 0 0 0 0 0 0 0 0 0 0 0 0 0 0 0 0 0 0 0 0 0 0 0 0 0 0 0 0 0 0 0 0 0 0 0 0 0 0 0 0 0 0 0 0 0 0 0 0 0 0 0 0 0 0 0 0 0 0 0 0 0 0 0 0 0 0 0 0 0 0 0 0 0 0 0 0 0 0 0 0 0 0 0 0 0 0 0 0 0 0 0 0 0 0 0 0 0 0 0 0 0 0 0 0 0 0 0 0 0 0 0 0 0 0 0 0 0 0 0 0 0 0 0 0 0 0 0 0 0 0 0 0 0 0 0 0 0 0 0 0 0 0 0 0 0 0 0 0 0 0 0 0 0 0 0 0 0 0 0 0 0 0 0 0 0 0 0 0 0 0 0 0 0 0 0 0 0 0 0 0 0 0 0 0 0 0 0 0 0 0 0 0 0 0 0 0 0 0 0 0 0 0 0 0 0 0 0 0 0 0 0 0 0 0 0 0 0 0 0 0 0 0 0 0 0 0 0 0 0 0 0 0 0 0 0 0 0 0 0 0 0 0 0 0 0 0 0 0 0 0 0 0 0 0 0 0 0 0 0 0 0 0 0 0 0 0 0 0 0 0 0 0 0 0 0 0 0 0 0 0 0 0 0 0 0 0 0 0 0 0 0 0 0 0 0 0 0 0 0 0 0 0 0 0 0 0 0 0 0 0 0 0 0 0 0 0 0 0 0 0 0 0 0 0 0 0 0 0 0 0 0 0 0 0 0 0 0 0 0 0 0 0 0 0 0 0 0 0 0 0 0 0 0 0 0 0 0 0 0 0 0 0 0 0 0 0 0 0 0 0 0 0 0 0 0 0 0 0 0 0 0 0 0 0 0 0 0 0 0 0 0 0 0 0 0 0 0 0 0 0 0 0 0 0 0 0 0 0 0 0 0 0 0 0 0 0 0 0 0 0 0 0 0 0 0 0 0 0 0 0 0 0 0 0 0 0 0 0 0 0 0 0 0 0 0 0 0 0 0 0 0 0 0 0 0 0 0 0 0 0 0 0 0 0 0 0 0 0 0 0 0 0 0 0 0 0 0 0 0 0 0 0 0 0 0 0 0 0 0 0 0 0 0 0 0 0 0 0 0 0 0 0 0 0 0 0 0 0 0 0 0 0 0 0 0 0 0 0 0 0 0 0 0 0 0 0 0 0 0 0 0 0 0 0 0 0 0 0 0 0 0 0 0 0 0 0 0 0 0 0 0 0 0 0 0 0 0 0 0 0 0 0 0 0 0 0 0 0 0 0 0 0 0 0 0 0 0 0 0 0 0 0 0 0 0 0 0 0 0 0 0 0 0 0 0 0 0 0 0 0 0 0 0 0 0 0 0 0 0 0 0 0 0 0 0 0 0 0 0 0 0 0 0 0 0 0 0 0 0 0 0 0 0 0 0 0 0 0 0 0 0 0 0 0 0 0 0 0 0 0 0 0 0 0 0 0 0 0 0 0 0 0 0 0 0 0 0 0 0 0 0 0 0 0 0 0 0 0 0 0 0 0 0 0 0 0 0 0 0 0 0 0 0 0 0 0 0 0 0 0 0 0 0 0 0 0 0 0 0 0 0 0 0 0 0 0 0 0 0 0 0 0 0 0 0 0 0 0 0 0 0 0 0 0 0 0 0 0 0 0 0 0 0 0 0 0 0 0 0 0 0 0 0 0 0 0 0 0 0 0 0 0 0 0 0 0 0 0 0 0 0 0 0 0 0 0 0 0 0 0 0 0 0 0 0 0 0 0 0 0 0 0 0 0 0 0 0 0 0 0 0 0 0 0 0 0 0 0 0 0 0 0 0 0 0 0 0 0 0 0 0 0 0 0 0 0 0 0 0 0 0 0 0 0 0 0 0 0 0 0 0 0 0 0 0 0 0 0 0 0 0 0 0 0 0 0 0 0 0 0 0 0 0 0 0 0 0 0 0 0 0 0 0 0 0 0 0 0 0 0 0 0 0 0 0 0 0 0 0 0 0 0 0 0 0 0 0 0 0 0 0 0 0 0 0 0 0 0 0 0 0 0 0 0 0 0 0 0 0 0 0 0 0 0 0 0 0 0 0 0 0 0 0 0 0 0 0 0 0 0 0 0 0 0 0 0 0 0 0 0 0 0 0 0 0 0 0 0 0 0 0 0 0 0 0 0 0 0 0 0 0 0 0 0 0 0 0 0 0 0 0 0 0 0 0 0 0 0 0 0 0 0 0 0 0 0 0 0 0 0 0 0 0 0 0 0 0 0 0 0 0 0 0 0 0 0 0 0 0 0 0 0 0 0 0 0 0 0 0 0 0 0 0 0 0 0 0 0 0 0 0 0 0 0 0 0 0 0 0 0 0 0 0 0 0 0 0 0 0 0 0 0 0 0 0 0 0 0 0 0 0 0 0 0 0 0 0 0 0 0 0 0 0 0 0 0 0 0 0 0 0 0 0 0 0 0 0 0 0 0 0 0 0 0 0 0 0 0 0 0 0 0 0 0 0 0 0 0 0 0 0 0 0 0 0 0 0 0 0 0 0 0 0 0 0 0 0 0 0 0 0 0 0 0 0 0 0 0 0 0 0 0 0 0 0 0 0 0 0 0 0 0 0 0 0 0 0 0 0 0 0 0 0 0 0 0 0 0 0 0 0 0 0 0 0 0 0 0 0 0 0 0 0 0 0 0 0 0 0 0 0 0 0 0 0 0 0 0 0 0 0 0 0 0 0 0 0 0 0 0 0 0 0 0 0 0 0 0 0 0 0 0 0 0 0 0 0 0 0 0 0 0 0 0 0 0 0 0 0 0 0 0 0 0 0 0 0 0 0 0 0 0 0 0 0 0 0 0 0 0 0 0 0 0 0 0 0 0 0 0 0 0 0 0 0 0 0 0 0 0 0 0 0 0 0 0 0 0 0 0 0 0 0 0 0 0 0 0 0 0 0 0 0 0 0 0 0 0 0 0 0 0 0 0 0 0 0 0 0 0 0 0 0 0 0 0 0 0 0 0 0 0 0 0 0 0 0 0 0 0 0 0 0 0 0 0 0 0 0 0 0 0 0 0 0 0 0 0 0 0 0 0 0 0 0 0 0 0 0 0 0 0 0 0 0 0 0 0 0 0 0 0 0 0 0 0 0 0 0 0 0 0 0 0 0 0 0 0 0 0 0 0 0 0 0 0 0 0 0 0 0 0 0 0 0 0 0 0 0 0 0 0 0 0 0 0 0 0 0 0 0 0 0 0 0 0 0 0 0 0 0 0 0 0 0 0 0 0 0 0 0 0 0 0 0 0 0 0 0 0 0 0 0 0 0 0 0 0 0 0 0 0 0 0 0 0 0 0 0 0 0 0 0 0 0 0 0 0 0 0 0 0 0 0 0 0 0 0 0 0 0 0 0 0 0 0 0 0 0 0 0 0 0 0 0 0 0 0 0 0 0 0 0 0 0 0 0 0 0 0 0 0 0 0 0 0 0 0 0 0 0 0 0 0 0 0 0 0 0 0 0 0 0 0 0 0 0 0 0 0 0 0 0 0 0 0 0 0 0 0 0 0 0 0 0 0 0 0 0 0 0 0 0 0 0 0 0 0 0 0 0 0 0 0 0 0 0 0 0 0 0 0 0 0 0 0 0 0 0 0 0 0 0 0 0 0 0 0 0 0 0 0 0 0 0 0 0 0 0 0 0 0 0 0 0 0 0 0 0 0 0 0 0 0 0 0 0 0 0 0 0 0 0 0 0 0 0 0 0 0 0 0 0 0 0 0 0 0 0 0 0 0 0 0 0 0 0 0 0 0 0 0 0 0 0 0 0 0 0 0 0 0 0 0 0 0 0 0 0 0 0 0 0 0 0 0 0 0 0 0 0 0 0 0 0 0 0 0 0 0 0 0 0 0 0 0 0 0 0 0 0 0 0 0 0 0 0 0 0 0 0 0 0 0 0 0 0 0 0 0 0 0 0 0 0 0 0 0 0 0 0 0 0 0 0 0 0 0 0 0 0 0 0 0 0 0 0 0 0 0 0 0 0 0 0 0 0 0 0 0 0 0 0 0 0 0 0 0 0 0 0 0 0 0 0 0 0 0 0 0 0 0 0 0 0 0 0 0 0 0 0 0 0 0 0 0 0 0 0 0 0 0 0 0 0 0 0 0 0 0 0 0 0 0 0 0 0 0 0 0 0 0 0 0 0 0 0 0 0 0 0 0 0 0 0 0 0 0 0 0 0 0 0 0 0 0 0 0 0 0 0 0 0 0 0 0 0 0 0 0 0 0 0 0 0 0 0 0 0 0 0 0 0 0 0 0 0 0 0 0 0 0 0 0 0 0 0 0 0 0 0 0 0 0 0 0 0 0 0 0 0 0 0 0 0 0 0 0 0 0 0 0 0 0 0 0 0 0 0 0 0 0 0 0 0 0 0 0 0 0 0 0 0 0 0 0 0 0 0 0 0 0 0 0 0 0 0 0 0 0 0 0 0 0 0 0 0 0 0 0 0 0 0 0 0 0 0 0 0 0 0 0 0 0 0 0 0 0 0 0 0 0 0 0 0 0 0 0 0 0 0 0 0 0 0 0 0 0 0 0 0 0 0 0 0 0 0 0 0 0 0 0 0 0 0 0 0 0 0 0 0 0 0 0 0 0 0 0 0 0 0 0 0 0 0 0 0 0 0 0 0 0 0 0 0 0 0 0 0 0 0 0 0 0 0 0 0 0 0 0 0 0 0 0 0 0 0 0 0 0 0 0 0 0 0 0 0 0 0 0 0 0 0 0 0 0 0 0 0 0 0 0 0 0 0 0 0 0 0 0 0 0 0 0 0 0 0 0 0 0 0 0 0 0 0 0 0 0 0 0 0 0 0 0 0 0 0 0 0 0 0 0 0 0 0 0 0 0 0 0 0 0 0 0 0 0 0 0 0 0 0 0 0 0 0 0 0 0 0 0 0 0 0 0 0 0 0 0 0 0 0 0 0 0 0 0 0 0 0 0 0 0 0 0 0 0 0 0 0 0 0 0 0 0 0 0 0 0 0 0 0 0 0 0 0 0 0 0 0 0 0 0 0 0 0 0 0 0 0 0 0 0 0 0 0 0 0 0 0 0 0 0 0 0 0 0 0 0 0 0 0 0 0 0 0 0 0 0 0 0 0 0 0 0 0 0 0 0 0 0 0 0 0 0 0 0 0 0 0 0 0 0 0 0 0 0 0 0 0 0 0 0 0 0 0 0 0 0 0 0 0 0 0 0 0 0 0 0 0 0 0 0 0 0 0 0 0 0 0 0 0 0 0 0 0 0 0 0 0 0 0 0 0 0 0 0 0 0 0 0 0 0 0 0 0 0 0 0 0 0 0 0 0 0 0 0 0 0 0 0 0 0 0 0 0 0 0 0 0 0 0 0 0 0 0 0 0 0 0 0 0 0 0 0 0 0 0 0 0 0 0 0 0 0 0 0 0 0 0 0 0 0 0 0 0 0 0 0 0 0 0 0 0 0 0 0 0 0 0 0 0 0 0 0 0 0 0 0 0 0 0 0 0 0 0 0 0 0 0 0 0 0 0 0 0 0 0 0 0 0 0 0 0 0 0 0 0 0 0 0 0 0 0 0 0 0 0 0 0 0 0 0 0 0 0 0 0 0 0 0 0 0 0 0 0 0 0 0 0 0 0 0 0 0 0 0 0 0 0 0 0 0 0 0 0 0 0 0 0 0 0 0 0 0 0 0 0 0 0 0 0 0 0 0 0 0 0 0 0 0 0 0 0 0 0 0 0 0 0 0 0 0 0 0 0 0 0 0 0 0 0 0 0 0 0 0 0 0 0 0 0 0 0 0 0 0 0 0 0 0 0 0 0 0 0 0 0 0 0 0 0 0 0 0 0 0 0 0 0 0 0 0 0 0 0 0 0 0 0 0 0 0 0 0 0 0 0 0 0 0 0 0 0 0 0 0 0 0 0 0 0 0 0 0 0 0 0 0 0 0 0 0 0 0 0 0 0 0 0 0 0 0 0 0 0 0 0 0 0 0 0 0 0 0 0 0 0 0 0 0 0 0 0 0 0 0 0 0 0 0 0 0 0 0 0 0 0 0 0 0 0 0 0 0 0 0 0 0 0 0 0 0 0 0 0 0 0 0 0 0 0 0 0 0 0 0 0 0 0 0 0 0 0 0 0 0 0 0 0 0 0 0 0 0 0 0 0 0 0 0 0 0 0 0 0 0 0 0 0 0 0 0 0 0 0 0 0 0 0 0 0 0 0 0 0 0 0 0 0 0 0 0 0 0 0 0 0 0 0 0 0 0 0 0 0 0 0 0 0 0 0 0 0 0 0 0 0 0 0 0 0 0 0 0 0 0 0 0 0 0 0 0 0 0 0 0 0 0 0 0 0 0 0 0 0 0 0 0 0 0 0 0 0 0 0 0 0 0 0 0 0 0 0 0 0 0 0 0 0 0 0 0 0 0 0 0 0 0 0 0 0 0 0 0 0 0 0 0 0 0 0 0 0 0 0 0 0 0 0 0 0 0 0 0 0 0 0 0 0 0 0 0 0 0 0 0 0 0 0 0 0 0 0 0 0 0 0 0 0 0 0 0 0 0 0 0 0 0 0 0 0 0 0 0 0 0 0 0 0 0 0 0 0 0 0 0 0 0 0 0 0 0 0 0 0 0 0 0 0 0 0 0 0 0 0 0 0 0 0 0 0 0 0 0 0 0 0 0 0 0 0 0 0 0 0 0 0 0 0 0 0 0 0 0 0 0 0 0 0 0 0 0 0 0 0 0 0 0 0 0 0 0 0 0 0 0 0 0 0 0 0 0 0 0 0 0 0 0 0 0 0 0 0 0 0 0 0 0 0 0 0 0 0 0 0 0 0 0 0 0 0 0 0 0 0 0 0 0 0 0 0 0 0 0 0 0 0 0 0 0 0 0 0 0 0 0 0 0 0 0 0 0 0 0 0 0 0 0 0 0 0 0 0 0 0 0 0 0 0 0 0 0 0 0 0 0 0 0 0 0 0 0 0 0 0 0 0 0 0 0 0 0 0 0 0 0 0 0 0 0 0 0 0 0 0 0 0 0 0 0 0 0 0 0 0 0 0 0 0 0 0 0 0 0 0 0 0 0 0 0 0 0 0 0 0 0 0 0 0 0 0 0 0 0 0 0 0 0 0 0 0 0 0 0 0 0 0 0 0 0 0 0 0 0 0 0 0 0 0 0 0 0 0 0 0 0 0 0 0 0 0 0 0 0 0 0 0 0 0 0 0 0 0 0 0 0 0 0 0 0 0 0 0 0 0 0 0 0 0 0 0 0 0 0 0 0 0 0 0 0 0 0 0 0 0 0 0 0 0 0 0 0 0 0 0 0 0 0 0 0 0 0 0 0 0 0 0 0 0 0 0 0 0 0 0 0 0 0 0 0 0 0 0 0 0 0 0 0 0 0 0 0 0 0 0 0 0 0 0 0 0 0 0 0 0 0 0 0 0 0 0 0 0 0 0 0 0 0 0 0 0 0 0 0 0 0 0 0 0 0 0 0 0 0 0 0 0 0 0 0 0 0 0 0 0 0 0 0 0 0 0 0 0 0 0 0 0 0 0 0 0 0 0 0 0 0 0 0 0 0 0 0 0 0 0 0 0 0 0 0 0 0 0 0 0 0 0 0 0 0 0 0 0 0 0 0 0 0 0 0 0 0 0 0 0 0 0 0 0 0 0 0 0 0 0 0 0 0 0 0 0 0 0 0 0 0 0 0 0 0 0 0 0 0 0 0 0 0 0 0 0 0 0 0 0 0 0 0 0 0 0 0 0 0 0 0 0 0 0 0 0 0 0 0 0 0 0 0 0 0 0 0 0 0 0 0 0 0 0 0 0 0 0 0 0 0 0 0 0 0 0 0 0 0 0 0 0 0 0 0 0 0 0 0 0 0 0 0 0 0 0 0 0 0 0 0 0 0 0 0 0 0 0 0 0 0 0 0 0 0 0 0 0 0 0 0 0 0 0 0 0 0 0 0 0 0 0 0 0 0 0 0 0 0 0 0 0 0 0 0 0 0 0 0 0 0 0 0 0 0 0 0 0 0 0 0 0 0 0 0 0 0 0 0 0 0 0 0 0 0 0 0 0 0 0 0 0 0 0 0 0 0 0 0 0 0 0 0 0 0 0 0 0 0 0 0 0 0 0 0 0 0 0 0 0 0 0 0 0 0 0 0 0 0 0 0 0 0 0 0 0 0 0 0 0 0 0 0 0 0 0 0 0 0 0 0 0 0 0 0 0 0 0 0 0 0 0 0 0 0 0 0 0 0 0 0 0 0 0 0 0 0 0 0 0 0 0 0 0 0 0 0 0 0 0 0 0 0 0 0 0 0 0 0 0 0 0 0 0 0 0 0 0 0 0 0 0 0 0 0 0 0 0 0 0 0 0 0 0 0 0 0 0 0 0 0 0 0 0 0 0 0 0 0 0 0 0 0 0 0 0 0 0 0 0 0 0 0 0 0 0 0 0 0 0 0 0 0 0 0 0 0 0 0 0 0 0 0 0 0 0 0 0 0 0 0 0 0 0 0 0 0 0 0 0 0 0 0 0 0 0 0 0 0 0 0 0 0 0 0 0 0 0 0 0 0 0 0 0 0 0 0 0 0 0 0 0 0 0 0 0 0 0 0 0 0 0 0 0 0 0 0 0 0 0 0 0 0 0 0 0 0 0 0 0 0 0 0 0 0 0 0 0 0 0 0 0 0 0 0 0 0 0 0 0 0 0 0 0 0 0 0 0 0 0 0 0 0 0 0 0 0 0 0 0 0 0 0 0 0 0 0 0 0 0 0 0 0 0 0 0 0 0 0 0 0 0 0 0 0 0 0 0 0 0 0 0 0 0 0 0 0 0 0 0 0 0 0 0 0 0 0 0 0 0 0 0 0 0 0 0 0 0 0 0 0 0 0 0 0 0 0 0 0 0 0 0 0 0 0 0 0 0 0 0 0 0 0 0 0 0 0 0 0 0 0 0 0 0 0 0 0 0 0 0 0 0 0 0 0 0 0 0 0 0 0 0 0 0 0 0 0 0 0 0 0 0 0 0 0 0 0 0 0 0 0 0 0 0 0 0 0 0 0 0 0 0 0 0 0 0 0 0 0 0 0 0 0 0 0 0 0 0 0 0 0 0 0 0 0 0 0 0 0 0 0 0 0 0 0 0 0 0 0 0 0 0 0 0 0 0 0 0 0 0 0 0 0 0 0 0 0 0 0 0 0 0 0 0 0 0 0 0 0 0 0 0 0 0 0 0 0 0 0 0 0 0 0 0 0 0 0 0 0 0 0 0 0 0 0 0 0 0 0 0 0 0 0 0 0 0 0 0 0 0 0 0 0 0 0 0 0 0 0 0 0 0 0 0 0 0 0 0 0 0 0 0 0 0 0 0 0 0 0 0 0 0 0 0 0 0 0 0 0 0 0 0 0 0 0 0 0 0 0 0 0 0 0 0 0 0 0 0 0 0 0 0 0 0 0 0 0 0 0 0 0 0 0 0 0 0 0 0 0 0 0 0 0 0 0 0 0 0 0 0 0 0 0 0 0 0 0 0 0 0 0 0 0 0 0 0 0 0 0 0 0 0 0 0 0 0 0 0 0 0 0 0 0 0 0 0 0 0 0 0 0 0 0 0 0 0 0 0 0 0 0 0 0 0 0 0 0 0 0 0 0 0 0 0 0 0 0 0 0 0 0 0 0 0 0 0 0 0 0 0 0 0 0 0 0 0 0 0 0 0 0 0 0 0 0 0 0 0 0 0 0 0 0 0 0 0 0 0 0 0 0 0 0 0 0 0 0 0 0 0 0 0 0 0 0 0 0 0 0 0 0 0 0 0 0 0 0 0 0 0 0 0 0 0 0 0 0 0 0 0 0 0 0 0 0 0 0 0 0 0 0 0 0 0 0 0 0 0 0 0 0 0 0 0 0 0 0 0 0 0 0 0 0 0 0 0 0 0 0 0 0 0 0 0 0 0 0 0 0 0 0 0 0 0 0 0 0 0 0 0 0 0 0 0 0 0 0 0 0 0 0 0 0 0 0 0 0 0 0 0 0 0 0 0 0 0 0 0 0 0 0 0 0 0 0 0 0 0 0 0 0 0 0 0 0 0 0 0 0 0 0 0 0 0 0 0 0 0 0 0 0 0 0 0 0 0 0 0 0 0 0 0 0 0 0 0 0 0 0 0 0 0 0 0 0 0 0 0 0 0 0 0 0 0 0 0 0 0 0 0 0 0 0 0 0 0 0 0 0 0 0 0 0 0 0 0 0 0 0 0 0 0 0 0 0 0 0 0 0 0 0 0 0 0 0 0 0 0 0 0 0 0 0 0 0 0 0 0 0 0 0 0 0 0 0 0 0 0 0 0 0 0 0 0 0 0 0 0 0 0 0 0 0 0 0 0 0 0 0 0 0 0 0 0 0 0 0 0 0 0 0 0 0 0 0 0 0 0 0 0 0 0 0 0 0 0 0 0 0 0 0 0 0 0 0 0 0 0 0 0 0 0 0 0 0 0 0 0 0 0 0 0 0 0 0 0 0 0 0 0 0 0 0 0 0 0 0 0 0 0 0 0 0 0 0 0 0 0 0 0 0 0 0 0 0 0 0 0 0 0 0 0 0 0 0 0 0 0 0 0 0 0 0 0 0 0 0 0 0 0 0 0 0 0 0 0 0 0 0 0 0 0 0 0 0 0 0 0 0 0 0 0 0 0 0 0 0 0 0 0 0 0 0 0 0 0 0 0 0 0 0 0 0 0 0 0 0 0 0 0 0 0 0 0 0 0 0 0 0 0 0 0 0 0 0 0 0 0 0 0 0 0 0 0 0 0 0 0 0 0 0 0 0 0 0 0 0 0 0 0 0 0 0 0 0 0 0 0 0 0 0 0 0 0 0 0 0 0 0 0 0 0 0 0 0 0 0 0 0 0 0 0 0 0 0 0 0 0 0 0 0 0 0 0 0 0 0 0 0 0 0 0 0 0 0 0 0 0 0 0 0 0 0 0 0 0 0 0 0 0 0 0 0 0 0 0 0 0 0 0 0 0 0 0 0 0 0 0 0 0 0 0 0 0 0 0 0 0 0 0 0 0 0 0 0 0 0 0 0 0 0 0 0 0 0 0 0 0 0 0 0 0 0 0 0 0 0 0 0 0 0 0 0 0 0 0 0 0 0 0 0 0 0 0 0 0 0 0 0 0 0 0 0 0 0 0 0 0 0 0 0 0 0 0 0 0 0 0 0 0 0 0 0 0 0 0 0 0 0 0 0 0 0 0 0 0 0 0 0 0 0 0 0 0 0 0 0 0 0 0 0 0 0 0 0 0 0 0 0 0 0 0 0 0 0 0 0 0 0 0 0 0 0 0 0 0 0 0 0 0 0 0 0 0 0 0 0 0 0 0 0 0 0 0 0 0 0 0 0 0 0 0 0 0 0 0 0 0 0 0 0 0 0 0 0 0 0 0 0 0 0 0 0 0 0 0 0 0 0 0 0 0 0 0 0 0 0 0 0 0 0 0 0 0 0 0 0 0 0 0 0 0 0 0 0 0 0 0 0 0 0 0 0 0 0 0 0 0 0 0 0 0 0 0 0 0 0 0 0 0 0 0 0 0 0 0 0 0 0 0 0 0 0 0 0 0 0 0 0 0 0 0 0 0 0 0 0 0 0 0 0 0 0 0 0 0 0 0 0 0 0 0 0 0 0 0 0 0 0 0 0 0 0 0 0 0 0 0 0 0 0 0 0 0 0 0 0 0 0 0 0 0 0 0 0 0 0 0 0 0 0 0 0 0 0 0 0 0 0 0 0 0 0 0 0 0 0 0 0 0 0 0 0 0 0 0 0 0 0 0 0 0 0 0 0 0 0 0 0 0 0 0 0 0 0 0 0 0 0 0 0 0 0 0 0 0 0 0 0 0 0 0 0 0 0 0 0 0 0 0 0 0 0 0 0 0 0 0 0 0 0 0 0 0 0 0 0 0 0 0 0 0 0 0 0 0 0 0 0 0 0 0 0 0 0 0 0 0 0 0 0 0 0 0 0 0 0 0 0 0 0 0 0 0 0 0 0 0 0 0 0 0 0 0 0 0 0 0 0 0 0 0 0 0 0 0 0 0 0 0 0 0 0 0 0 0 0 0 0 0 0 0 0 0 0 0 0 0 0 0 0 0 0 0 0 0 0 0 0 0 0 0 0 0 0 0 0 0 0 0 0 0 0 0 0 0 0 0 0 0 0 0 0 0 0 0 0 0 0 0 0 0 0 0 0 0 0 0 0 0 0 0 0 0 0 0 0 0 0 0 0 0 0 0 0 0 0 0 0 0 0 0 0 0 0 0 0 0 0 0 0 0 0 0 0 0 0 0 0 0 0 0 0 0 0 0 0 0 0 0 0 0 0 0 0 0 0 0 0 0 0 0 0 0 0 0 0 0 0 0 0 0 0 0 0 0 0 0 0 0 0 0 0 0 0 0 0 0 0 0 0 0 0 0 0 0 0 0 0 0 0 0 0 0 0 0 0 0 0 0 0 0 0 0 0 0 0 0 0 0 0 0 0 0 0 0 0 0 0 0 0 0 0 0 0 0 0 0 0 0 0 0 0 0 0 0 0 0 0 0 0 0 0 0 0 0 0 0 0 0 0 0 0 0 0 0 0 0 0 0 0 0 0 0 0 0 0 0 0 0 0 0 0 0 0 0 0 0 0 0 0 0 0 0 0 0 0 0 0 0 0 0 0 0 0 0 0 0 0 0 0 0 0 0 0 0 0 0 0 0 0 0 0 0 0 0 0 0 0 0 0 0 0 0 0 0 0 0 0 0 0 0 0 0 0 0 0 0 0 0 0 0 0 0 0 0 0 0 0 0 0 0 0 0 0 0 0 0 0 0 0 0 0 0 0 0 0 0 0 0 0 0 0 0 0 0 0 0 0 0 0 0 0 0 0 0 0 0 0 0 0 0 0 0 0 0 0 0 0 0 0 0 0 0 0 0 0 0 0 0 0 0 0 0 0 0 0 0 0 0 0 0 0 0 0 0 0 0 0 0 0 0 0 0 0 0 0 0 0 0 0 0 0 0 0 0 0 0 0 0 0 0 0 0 0 0 0 0 0 0 0 0 0 0 0 0 0 0 0 0 0 0 0 0 0 0 0 0 0 0 0 0 0 0 0 0 0 0 0 0 0 0 0 0 0 0 0 0 0 0 0 0 0 0 0 0 0 0 0 0 0 0 0 0 0 0 0 0 0 0 0 0 0 0 0 0 0 0 0 0 0 0 0 0 0 0 0 0 0 0 0 0 0 0 0 0 0 0 0 0 0 0 0 0 0 0 0 0 0 0 0 0 0 0 0 0 0 0 0 0 0 0 0 0 0 0 0 0 0 0 0 0 0 0 0 0 0 0 0 0 0 0 0 0 0 0 0 0 0 0 0 0 0 0 0 0 0 0 0 0 0 0 0 0 0 0 0 0 0 0 0 0 0 0 0 0 0 0 0 0 0 0 0 0 0 0 0 0 0 0 0 0 0 0 0 0 0 0 0 0 0 0 0 0 0 0 0 0 0 0 0 0 0 0 0 0 0 0 0 0 0 0 0 0 0 0 0 0 0 0 0 0 0 0 0 0 0 0 0 0 0 0 0 0 0 0 0 0 0 0 0 0 0 0 0 0 0 0 0 0 0 0 0 0 0 0 0 0 0 0 0 0 0 0 0 0 0 0 0 0 0 0 0 0 0 0 0 0 0 0 0 0 0 0 0 0 0 0 0 0 0 0 0 0 0 0 0 0 0 0 0 0 0 0 0 0 0 0 0 0 0 0 0 0 0 0 0 0 0 0 0 0 0 0 0 0 0 0 0 0 0 0 0 0 0 0 0 0 0 0 0 0 0 0 0 0 0 0 0 0 0 0 0 0 0 0 0 0 0 0 0 0 0 0 0 0 0 0 0 0 0 0 0 0 0 0 0 0 0 0 0 0 0 0 0 0 0 0 0 0 0 0 0 0 0 0 0 0 0 0 0 0 0 0 0 0 0 0 0 0 0 0 0 0 0 0 0 0 0 0 0 0 0 0 0 0 0 0 0 0 0 0 0 0 0 0 0 0 0 0 0 0 0 0 0 0 0 0 0 0 0 0 0 0 0 0 0 0 0 0 0 0 0 0 0 0 0 0 0 0 0 0 0 0 0 0 0 0 0 0 0 0 0 0 0 0 0 0 0 0 0 0 0 0 0 0 0 0 0 0 0 0 0 0 0 0 0 0 0 0 0 0 0 0 0 0 0 0 0 0 0 0 0 0 0 0 0 0 0 0 0 0 0 0 0 0 0 0 0 0 0 0 0 0 0 0 0 0 0 0 0 0 0 0 0 0 0 0 0 0 0 0 0 0 0 0 0 0 0 0 0 0 0 0 0 0 0 0 0 0 0 0 0 0 0 0 0 0 0 0 0 0 0 0 0 0 0 0 0 0 0 0 0 0 0 0 0 0 0 0 0 0 0 0 0 0 0 0 0 0 0 0 0 0 0 0 0 0 0 0 0 0 0 0 0 0 0 0 0 0 0 0 0 0 0 0 0 0 0 0 0 0 0 0 0 0 0 0 0 0 0 0 0 0 0 0 0 0 0 0 0 0 0 0 0 0 0 0 0 0 0 0 0 0 0 0 0 0 0 0 0 0 0 0 0 0 0 0 0 0 0 0 0 0 0 0 0 0 0 0 0 0 0 0 0 0 0 0 0 0 0 0 0 0 0 0 0 0 0 0 0 0 0 0 0 0 0 0 0 0 0 0 0 0 0 0 0 0 0 0 0 0 0 0 0 0 0 0 0 0 0 0 0 0 0 0 0 0 0 0 0 0 0 0 0 0 0 0 0 0 0 0 0 0 0 0 0 0 0 0 0 0 0 0 0 0 0 0 0 0 0 0 0 0 0 0 0 0 0 0 0 0 0 0 0 0 0 0 0 0 0 0 0 0 0 0 0 0 0 0 0 0 0 0 0 0 0 0 0 0 0 0 0 0 0 0 0 0 0 0 0 0 0 0 0 0 0 0 0 0 0 0 0 0 0 0 0 0 0 0 0 0 0 0 0 0 0 0 0 0 0 0 0 0 0 0 0 0 0 0 0 0 0 0 0 0 0 0 0 0 0 0 0 0 0 0 0 0 0 0 0 0 0 0 0 0 0 0 0 0 0 0 0 0 0 0 0 0 0 0 0 0 0 0 0 0 0 0 0 0 0 0 0 0 0 0 0 0 0 0 0 0 0 0 0 0 0 0 0 0 0 0 0 0 0 0 0 0 0 0 0 0 0 0 0 0 0 0 0 0 0 0 0 0 0 0 0 0 0 0 0 0 0 0 0 0 0 0 0 0 0 0 0 0 0 0 0 0 0 0 0 0 0 0 0 0 0 0 0 0 0 0 0 0 0 0 0 0 0 0 0 0 0 0 0 0 0 0 0 0 0 0 0 0 0 0 0 0 0 0 0 0 0 0 0 0 0 0 0 0 0 0 0 0 0 0 0 0 0 0 0 0 0 0 0 0 0 0 0 0 0 0 0 0 0 0 0 0 0 0 0 0 0 0 0 0 0 0 0 0 0 0 0 0 0 0 0 0 0 0 0 0 0 0 0 0 0 0 0 0 0 0 0 0 0 0 0 0 0 0 0 0 0 0 0 0 0 0 0 0 0 0 0 0 0 0 0 0 0 0 0 0 0 0 0 0 0 0 0 0 0 0 0 0 0 0 0 0 0 0 0 0 0 0 0 0 0 0 0 0 0 0 0 0 0 0 0 0 0 0 0 0 0 0 0 0 0 0 0 0 0 0 0 0 0 0 0 0 0 0 0 0 0 0 0 0 0 0 0 0 0 0 0 0 0 0 0 0 0 0 0 0 0 0 0 0 0 0 0 0 0 0 0 0 0 0 0 0 0 0 0 0 0 0 0 0 0 0 0 0 0 0 0 0 0 0 0 0 0 0 0 0 0 0 0 0 0 0 0 0 0 0 0 0 0 0 0 0 0 0 0 0 0 0 0 0 0 0 0 0 0 0 0 0 0 0 0 0 0 0 0 0 0 0 0 0 0 0 0 0 0 0 0 0 0 0 0 0 0 0 0 0 0 0 0 0 0 0 0 0 0 0 0 0 0 0 0 0 0 0 0 0 0 0 0 0 0 0 0 0 0 0 0 0 0 0 0 0 0 0 0 0 0 0 0 0 0 0 0 0 0 0 0 0 0 0 0 0 0 0 0 0 0 0 0 0 0 0 0 0 0 0 0 0 0 0 0 0 0 0 0 0 0 0 0 0 0 0 0 0 0 0 0 0 0 0 0 0 0 0 0 0 0 0 0 0 0 0 0 0 0 0 0 0 0 0 0 0 0 0 0 0 0 0 0 0 0 0 0 0 0 0 0 0 0 0 0 0 0 0 0 0 0 0 0 0 0 0 0 0 0 0 0 0 0 0 0 0 0 0 0 0 0 0 0 0 0 0 0 0 0 0 0 0 0 0 0 0 0 0 0 0 0 0 0 0 0 0 0 0 0 0 0 0 0 0 0 0 0 0 0 0 0 0 0 0 0 0 0 0 0 0 0 0 0 0 0 0 0 0 0 0 0 0 0 0 0 0 0 0 0 0 0 0 0 0 0 0 0 0 0 0 0 0 0 0 0 0 0 0 0 0 0 0 0 0 0 0 0 0 0 0 0 0 0 0 0 0 0 0 0 0 0 0 0 0 0 0 0 0 0 0 0 0 0 0 0 0 0 0 0 0 0 0 0 0 0 0 0 0 0 0 0 0 0 0 0 0 0 0 0 0 0 0 0 0 0 0 0 0 0 0 0 0 0 0 0 0 0 0 0 0 0 0 0 0 0 0 0 0 0 0 0 0 0 0 0 0 0 0 0 0 0 0 0 0 0 0 0 0 0 0 0 0 0 0 0 0 0 0 0 0 0 0 0 0 0 0 0 0 0 0 0 0 0 0 0 0 0 0 0 0 0 0 0 0 0 0 0 0 0 0 0 0 0 0 0 0 0 0 0 0 0 0 0 0 0 0 0 0 0 0 0 0 0 0 0 0 0 0 0 0 0 0 0 0 0 0 0 0 0 0 0 0 0 0 0 0 0 0 0 0 0 0 0 0 0 0 0 0 0 0 0 0 0 0 0 0 0 0 0 0 0 0 0 0 0 0 0 0 0 0 0 0 0 0 0 0 0 0 0 0 0 0 0 0 0 0 0 0 0 0 0 0 0 0 0 0 0 0 0 0 0 0 0 0 0 0 0 0 0 0 0 0 0 0 0 0 0 0 0 0 0 0 0 0 0 0 0 0 0 0 0 0 0 0 0 0 0 0 0 0 0 0 0 0 0 0 0 0 0 0 0 0 0 0 0 0 0 0 0 0 0 0 0 0 0 0 0 0 0 0 0 0 0 0 0 0 0 0 0 0 0 0 0 0 0 0 0 0 0 0 0 0 0 0 0 0 0 0 0 0 0 0 0 0 0 0 0 0 0 0 0 0 0 0 0 0 0 0 0 0 0 0 0 0 0 0 0 0 0 0 0 0 0 0 0 0 0 0 0 0 0 0 0 0 0 0 0 0 0 0 0 0 0 0 0 0 0 0 0 0 0 0 0 0 0 0 0 0 0 0 0 0 0 0 0 0 0 0 0 0 0 0 0 0 0 0 0 0 0 0 0 0 0 0 0 0 0 0 0 0 0 0 0 0 0 0 0 0 0 0 0 0 0 0 0 0 0 0 0 0 0 0 0 0 0 0 0 0 0 0 0 0 0 0 0 0 0 0 0 0 0 0 0 0 0 0 0 0 0 0 0 0 0 0 0 0 0 0 0 0 0 0 0 0 0 0 0 0 0 0 0 0 0 0 0 0 0 0 0 0 0 0 0 0 0 0 0 0 0 0 0 0 0 0 0 0 0 0 0 0 0 0 0 0 0 0 0 0 0 0 0 0 0 0 0 0 0 0 0 0 0 0 0 0 0 0 0 0 0 0 0 0 0 0 0 0 0 0 0 0 0 0 0 0 0 0 0 0 0 0 0 0 0 0 0 0 0 0 0 0 0 0 0 0 0 0 0 0 0 0 0 0 0 0 0 0 0 0 0 0 0 0 0 0 0 0 0 0 0 0 0 0 0 0 0 0 0 0 0 0 0 0 0 0 0 0 0 0 0 0 0 0 0 0 0 0 0 0 0 0 0 0 0 0 0 0 0 0 0 0 0 0 0 0 0 0 0 0 0 0 0 0 0 0 0 0 0 0 0 0 0 0 0 0 0 0 0 0 0 0 0 0 0 0 0 0 0 0 0 0 0 0 0 0 0 0 0 0 0 0 0 0 0 0 0 0 0 0 0 0 0 0 0 0 0 0 0 0 0 0 0 0 0 0 0 0 0 0 0 0 0 0 0 0 0 0 0 0 0 0 0 0 0 0 0 0 0 0 0 0 0 0 0 0 0 0 0 0 0 0 0 0 0 0 0 0 0 0 0 0 0 0 0 0 0 0 0 0 0 0 0 0 0 0 0 0 0 0 0 0 0 0 0 0 0 0 0 0 0 0 0 0 0 0 0 0 0 0 0 0 0 0 0 0 0 0 0 0 0 0 0 0 0 0 0 0 0 0 0 0 0 0 0 0 0 0 0 0 0 0 0 0 0 0 0 0 0 0 0 0 0 0 0 0 0 0 0 0 0 0 0 0 0 0 0 0 0 0 0 0 0 0 0 0 0 0 0 0 0 0 0 0 0 0 0 0 0 0 0 0 0 0 0 0 0 0 0 0 0 0 0 0 0 0 0 0 0 0 0 0 0 0 0 0 0 0 0 0 0 0 0 0 0 0 0 0 0 0 0 0 0 0 0 0 0 0 0 0 0 0 0 0 0 0 0 0 0 0 0 0 0 0 0 0 0 0 0 0 0 0 0 0 0 0 0 0 0 0 0 0 0 0 0 0 0 0 0 0 0 0 0 0 0 0 0 0 0 0 0 0 0 0 0 0 0 0 0 0 0 0 0 0 0 0 0 0 0 0 0 0 0 0 0 0 0 0 0 0 0 0 0 0 0 0 0 0 0 0 0 0 0 0 0 0 0 0 0 0 0 0 0 0 0 0 0 0 0 0 0 0 0 0 0 0 0 0 0 0 0 0 0 0 0 0 0 0 0 0 0 0 0 0 0 0 0 0 0 0 0 0 0 0 0 0 0 0 0 0 0 0 0 0 0 0 0 0 0 0 0 0 0 0 0 0 0 0 0 0 0 0 0 0 0 0 0 0 0 0 0 0 0 0 0 0 0 0 0 0 0 0 0 0 0 0 0 0 0 0 0 0 0 0 0 0 0 0 0 0 0 0 0 0 0 0 0 0 0 0 0 0 0 0 0 0 0 0 0 0 0 0 0 0 0 0 0 0 0 0 0 0 0 0 0 0 0 0 0 0 0 0 0 0 0 0 0 0 0 0 0 0 0 0 0 0 0 0 0 0 0 0 0 0 0 0 0 0 0 0 0 0 0 0 0 0 0 0 0 0 0 0 0 0 0 0 0 0 0 0 0 0 0 0 0 0 0 0 0 0 0 0 0 0 0 0 0 0 0 0 0 0 0 0 0 0 0 0 0 0 0 0 0 0 0 0 0 0 0 0 0 0 0 0 0 0 0 0 0 0 0 0 0 0 0 0 0 0 0 0 0 0 0 0 0 0 0 0 0 0 0 0 0 0 0 0 0 0 0 0 0 0 0 0 0 0 0 0 0 0 0 0 0 0 0 0 0 0 0 0 0 0 0 0 0 0 0 0 0 0 0 0 0 0 0 0 0 0 0 0 0 0 0 0 0 0 0 0 0 0 0 0 0 0 0 0 0 0 0 0 0 0 0 0 0 0 0 0 0 0 0 0 0 0 0 0 0 0 0 0 0 0 0 0 0 0 0 0 0 0 0 0 0 0 0 0 0 0 0 0 0 0 0 0 0 0 0 0 0 0 0 0 0 0 0 0 0 0 0 0 0 0 0 0 0 0 0 0 0 0 0 0 0 0 0 0 0 0 0 0 0 0 0 0 0 0 0 0 0 0 0 0 0 0 0 0 0 0 0 0 0 0 0 0 0 0 0 0 0 0 0 0 0 0 0 0 0 0 0 0 0 0 0 0 0 0 0 0 0 0 0 0 0 0 0 0 0 0 0 0 0 0 0 0 0 0 0 0 0 0 0 0 0 0 0 0 0 0 0 0 0 0 0 0 0 0 0 0 0 0 0 0 0 0 0 0 0 0 0 0 0 0 0 0 0 0 0 0 0 0 0 0 0 0 0 0 0 0 0 0 0 0 0 0 0 0 0 0 0 0 0 0 0 0 0 0 0 0 0 0 0 0 0 0 0 0 0 0 0 0 0 0 0 0 0 0 0 0 0 0 0 0 0 0 0 0 0 0 0 0 0 0 0 0 0 0 0 0 0 0 0 0 0 0 0 0 0 0 0 0 0 0 0 0 0 0 0 0 0 0 0 0 0 0 0 0 0 0 0 0 0 0 0 0 0 0 0 0 0 0 0 0 0 0 0 0 0 0 0 0 0 0 0 0 0 0 0 0 0 0 0 0 0 0 0 0 0 0 0 0 0 0 0 0 0 0 0 0 0 0 0 0 0 0 0 0 0 0 0 0 0 0 0 0 0 0 0 0 0 0 0 0 0 0 0 0 0 0 0 0 0 0 0 0 0 0 0 0 0 0 0 0 0 0 0 0 0 0 0 0 0 0 0 0 0 0 0 0 0 0 0 0 0 0 0 0 0 0 0 0 0 0 0 0 0 0 0 0 0 0 0 0 0 0 0 0 0 0 0 0 0 0 0 0 0 0 0 0 0 0 0 0 0 0 0 0 0 0 0 0 0 0 0 0 0 0 0 0 0 0 0 0 0 0 0 0 0 0 0 0 0 0 0 0 0 0 0 0 0 0 0 0 0 0 0 0 0 0 0 0 0 0 0 0 0 0 0 0 0 0 0 0 0 0 0 0 0 0 0 0 0 0 0 0 0 0 0 0 0 0 0 0 0 0 0 0 0 0 0 0 0 0 0 0 0 0 0 0 0 0 0 0 0 0 0 0 0 0 0 0 0 0 0 0 0 0 0 0 0 0 0 0 0 0 0 0 0 0 0 0 0 0 0 0 0 0 0 0 0 0 0 0 0 0 0 0 0 0 0 0 0 0 0 0 0 0 0 0 0 0 0 0 0 0 0 0 0 0 0 0 0 0 0 0 0 0 0 0 0 0 0 0 0 0 0 0 0 0 0 0 0 0 0 0 0 0 0 0 0 0 0 0 0 0 0 0 0 0 0 0 0 0 0 0 0 0 0 0 0 0 0 0 0 0 0 0 0 0 0 0 0 0 0 0 0 0 0 0 0 0 0 0 0 0 0 0 0 0 0 0 0 0 0 0 0 0 0 0 0 0 0 0 0 0 0 0 0 0 0 0 0 0 0 0 0 0 0 0 0 0 0 0 0 0 0 0 0 0 0 0 0 0 0 0 0 0 0 0 0 0 0 0 0 0 0 0 0 0 0 0 0 0 0 0 0 0 0 0 0 0 0 0 0 0 0 0 0 0 0 0 0 0 0 0 0 0 0 0 0 0 0 0 0 0 0 0 0 0 0 0 0 0 0 0 0 0 0 0 0 0 0 0 0 0 0 0 0 0 0 0 0 0 0 0 0 0 0 0 0 0 0 0 0 0 0 0 0 0 0 0 0 0 0 0 0 0 0 0 0 0 0 0 0 0 0 0 0 0 0 0 0 0 0 0 0 0 0 0 0 0 0 0 0 0 0 0 0 0 0 0 0 0 0 0 0 0 0 0 0 0 0 0 0 0 0 0 0 0 0 0 0 0 0 0 0 0 0 0 0 0 0 0 0 0 0 0 0 0 0 0 0 0 0 0 0 0 0 0 0 0 0 0 0 0 0 0 0 0 0 0 0 0 0 0 0 0 0 0 0 0 0 0 0 0 0 0 0 0 0 0 0 0 0 0 0 0 0 0 0 0 0 0 0 0 0 0 0 0 0 0 0 0 0 0 0 0 0 0 0 0 0 0 0 0 0 0 0 0 0 0 0 0 0 0 0 0 0 0 0 0 0 0 0 0 0 0 0 0 0 0 0 0 0 0 0 0 0 0 0 0 0 0 0 0 0 0 0 0 0 0 0 0 0 0 0 0 0 0 0 0 0 0 0 0 0 0 0 0 0 0 0 0 0 0 0 0 0 0 0 0 0 0 0 0 0 0 0 0 0 0 0 0 0 0 0 0 0 0 0 0 0 0 0 0 0 0 0 0 0 0 0 0 0 0 0 0 0 0 0 0 0 0 0 0 0 0 0 0 0 0 0 0 0 0 0 0 0 0 0 0 0 0 0 0 0 0 0 0 0 0 0 0 0 0 0 0 0 0 0 0 0 0 0 0 0 0 0 0 0 0 0 0 0 0 0 0 0 0 0 0 0 0 0 0 0 0 0 0 0 0 0 0 0 0 0 0 0 0 0 0 0 0 0 0 0 0 0 0 0 0 0 0 0 0 0 0 0 0 0 0 0 0 0 0 0 0 0 0 0 0 0 0 0 0 0 0 0 0 0 0 0 0 0 0 0 0 0 0 0 0 0 0 0 0 0 0 0 0 0 0 0 0 0 0 0 0 0 0 0 0 0 0 0 0 0 0 0 0 0 0 0 0 0 0 0 0 0 0 0 0 0 0 0 0 0 0 0 0 0 0 0 0 0 0 0 0 0 0 0 0 0 0 0 0 0 0 0 0 0 0 0 0 0 0 0 0 0 0 0 0 0 0 0 0 0 0 0 0 0 0 0 0 0 0 0 0 0 0 0 0 0 0 0 0 0 0 0 0 0 0 0 0 0 0 0 0 0 0 0 0 0 0 0 0 0 0 0 0 0 0 0 0 0 0 0 0 0 0 0 0 0 0 0 0 0 0 0 0 0 0 0 0 0 0 0 0 0 0 0 0 0 0 0 0 0 0 0 0 0 0 0 0 0 0 0 0 0 0 0 0 0 0 0 0 0 0 0 0 0 0 0 0 0 0 0 0 0 0 0 0 0 0 0 0 0 0 0 0 0 0 0 0 0 0 0 0 0 0 0 0 0 0 0 0 0 0 0 0 0 0 0 0 0 0 0 0 0 0 0 0 0 0 0 0 0 0 0 0 0 0 0 0 0 0 0 0 0 0 0 0 0 0 0 0 0 0 0 0 0 0 0 0 0 0 0 0 0 0 0 0 0 0 0 0 0 0 0 0 0 0 0 0 0 0 0 0 0 0 0 0 0 0 0 0 0 0 0 0 0 0 0 0 0 0 0 0 0 0 0 0 0 0 0 0 0 0 0 0 0 0 0 0 0 0 0 0 0 0 0 0 0 0 0 0 0 0 0 0 0 0 0 0 0 0 0 0 0 0 0 0 0 0 0 0 0 0 0 0 0 0 0 0 0 0 0 0 0 0 0 0 0 0 0 0 0 0 0 0 0 0 0 0 0 0 0 0 0 0 0 0 0 0 0 0 0 0 0 0 0 0 0 0 0 0 0 0 0 0 0 0 0 0 0 0 0 0 0 0 0 0 0 0 0 0 0 0 0 0 0 0 0 0 0 0 0 0 0 0 0 0 0 0 0 0 0 0 0 0 0 0 0 0 0 0 0 0 0 0 0 0 0 0 0 0 0 0 0 0 0 0 0 0 0 0 0 0 0 0 0 0 0 0 0 0 0 0 0 0 0 0 0 0 0 0 0 0 0 0 0 0 0 0 0 0 0 0 0 0 0 0 0 0 0 0 0 0 0 0 0 0 0 0 0 0 0 0 0 0 0 0 0 0 0 0 0 0 0 0 0 0 0 0 0 0 0 0 0 0 0 0 0 0 0 0 0 0 0 0 0 0 0 0 0 0 0 0 0 0 0 0 0 0 0 0 0 0 0 0 0 0 0 0 0 0 0 0 0 0 0 0 0 0 0 0 0 0 0 0 0 0 0 0 0 0 0 0 0 0 0 0 0 0 0 0 0 0 0 0 0 0 0 0 0 0 0 0 0 0 0 0 0 0 0 0 0 0 0 0 0 0 0 0 0 0 0 0 0 0 0 0 0 0 0 0 0 0 0 0 0 0 0 0 0 0 0 0 0 0 0 0 0 0 0 0 0 0 0 0 0 0 0 0 0 0 0 0 0 0 0 0 0 0 0 0 0 0 0 0 0 0 0 0 0 0 0 0 0 0 0 0 0 0 0 0 0 0 0 0 0 0 0 0 0 0 0 0 0 0 0 0 0 0 0 0 0 0 0 0 0 0 0 0 0 0 0 0 0 0 0 0 0 0 0 0 0 0 0 0 0 0 0 0 0 0 0 0 0 0 0 0 0 0 0 0 0 0 0 0 0 0 0 0 0 0 0 0 0 0 0 0 0 0 0 0 0 0 0 0 0 0 0 0 0 0 0 0 0 0 0 0 0 0 0 0 0 0 0 0 0 0 0 0 0 0 0 0 0 0 0 0 0 0 0 0 0 0 0 0 0 0 0 0 0 0 0 0 0 0 0 0 0 0 0 0 0 0 0 0 0 0 0 0 0 0 0 0 0 0 0 0 0 0 0 0 0 0 0 0 0 0 0 0 0 0 0 0 0 0 0 0 0 0 0 0 0 0 0 0 0 0 0 0 0 0 0 0 0 0 0 0 0 0 0 0 0 0 0 0 0 0 0 0 0 0 0 0 0 0 0 0 0 0 0 0 0 0 0 0 0 0 0 0 0 0 0 0 0 0 0 0 0 0 0 0 0 0 0 0 0 0 0 0 0 0 0 0 0 0 0 0 0 0 0 0 0 0 0 0 0 0 0 0 0 0 0 0 0 0 0 0 0 0 0 0 0 0 0 0 0 0 0 0 0 0 0 0 0 0 0 0 0 0 0 0 0 0 0 0 0 0 0 0 0 0 0 0 0 0 0 0 0 0 0 0 0 0 0 0 0 0 0 0 0 0 0 0 0 0 0 0 0 0 0 0 0 0 0 0 0 0 0 0 0 0 0 0 0 0 0 0 0 0 0 0 0 0 0 0 0 0 0 0 0 0 0 0 0 0 0 0 0 0 0 0 0 0 0 0 0 0 0 0 0 0 0 0 0 0 0 0 0 0 0 0 0 0 0 0 0 0 0 0 0 0 0 0 0 0 0 0 0 0 0 0 0 0 0 0 0 0 0 0 0 0 0 0 0 0 0 0 0 0 0 0 0 0 0 0 0 0 0 0 0 0 0 0 0 0 0 0 0 0 0 0 0 0 0 0 0 0 0 0 0 0 0 0 0 0 0 0 0 0 0 0 0 0 0 0 0 0 0 0 0 0 0 0 0 0 0 0 0 0 0 0 0 0 0 0 0 0 0 0 0 0 0 0 0 0 0 0 0 0 0 0 0 0 0 0 0 0 0 0 0 0 0 0 0 0 0 0 0 0 0 0 0 0 0 0 0 0 0 0 0 0 0 0 0 0 0 0 0 0 0 0 0 0 0 0 0 0 0 0 0 0 0 0 0 0 0 0 0 0 0 0 0 0 0 0 0 0 0 0 0 0 0 0 0 0 0 0 0 0 0 0 0 0 0 0 0 0 0 0 0 0 0 0 0 0 0 0 0 0 0 0 0 0 0 0 0 0 0 0 0 0 0 0 0 0 0 0 0 0 0 0 0 0 0 0 0 0 0 0 0 0 0 0 0 0 0 0 0 0 0 0 0 0 0 0 0 0 0 0 0 0 0 0 0 0 0 0 0 0 0 0 0 0 0 0 0 0 0 0 0 0 0 0 0 0 0 0 0 0 0 0 0 0 0 0 0 0 0 0 0 0 0 0 0 0 0 0 0 0 0 0 0 0 0 0 0 0 0 0 0 0 0 0 0 0 0 0 0 0 0 0 0 0 0 0 0 0 0 0 0 0 0 0 0 0 0 0 0 0 0 0 0 0 0 0 0 0 0 0 0 0 0 0 0 0 0 0 0 0 0 0 0 0 0 0 0 0 0 0 0 0 0 0 0 0 0 0 0 0 0 0 0 0 0 0 0 0 0 0 0 0 0 0 0 0 0 0 0 0 0 0 0 0 0 0 0 0 0 0 0 0 0 0 0 0 0 0 0 0 0 0 0 0 0 0 0 0 0 0 0 0 0 0 0 0 0 0 0 0 0 0 0 0 0 0 0 0 0 0 0 0 0 0 0 0 0 0 0 0 0 0 0 0 0 0 0 0 0 0 0 0 0 0 0 0 0 0 0 0 0 0 0 0 0 0 0 0 0 0 0 0 0 0 0 0 0 0 0 0 0 0 0 0 0 0 0 0 0 0 0 0 0 0 0 0 0 0 0 0 0 0 0 0 0 0 0 0 0 0 0 0 0 0 0 0 0 0 0 0 0 0 0 0 0 0 0 0 0 0 0 0 0 0 0 0 0 0 0 0 0 0 0 0 0 0 0 0 0 0 0 0 0 0 0 0 0 0 0 0 0 0 0 0 0 0 0 0 0 0 0 0 0 0 0 0 0 0 0 0 0 0 0 0 0 0 0 0 0 0 0 0 0 0 0 0 0 0 0 0 0 0 0 0 0 0 0 0 0 0 0 0 0 0 0 0 0 0 0 0 0 0 0 0 0 0 0 0 0 0 0 0 0 0 0 0 0 0 0 0 0 0 0 0 0 0 0 0 0 0 0 0 0 0 0 0 0 0 0 0 0 0 0 0 0 0 0 0 0 0 0 0 0 0 0 0 0 0 0 0 0 0 0 0 0 0 0 0 0 0 0 0 0 0 0 0 0 0 0 0 0 0 0 0 0 0 0 0 0 0 0 0 0 0 0 0 0 0 0 0 0 0 0 0 0 0 0 0 0 0 0 0 0 0 0 0 0 0 0 0 0 0 0 0 0 0 0 0 0 0 0 0 0 0 0 0 0 0 0 0 0 0 0 0 0 0 0 0 0 0 0 0 0 0 0 0 0 0 0 0 0 0 0 0 0 0 0 0 0 0 0 0 0 0 0 0 0 0 0 0 0 0 0 0 0 0 0 0 0 0 0 0 0 0 0 0 0 0 0 0 0 0 0 0 0 0 0 0 0 0 0 0 0 0 0 0 0 0 0 0 0 0 0 0 0 0 0 0 0 0 0 0 0 0 0 0 0 0 0 0 0 0 0 0 0 0 0 0 0 0 0 0 0 0 0 0 0 0 0 0 0 0 0 0 0 0 0 0 0 0 0 0 0 0 0 0 0 0 0 0 0 0 0 0 0 0 0 0 0 0 0 0 0 0 0 0 0 0 0 0 0 0 0 0 0 0 0 0 0 0 0 0 0 0 0 0 0 0 0 0 0 0 0 0 0 0 0 0 0 0 0 0 0 0 0 0 0 0 0 0 0 0 0 0 0 0 0 0 0 0 0 0 0 0 0 0 0 0 0 0 0 0 0 0 0 0 0 0 0 0 0 0 0 0 0 0 0 0 0 0 0 0 0 0 0 0 0 0 0 0 0 0 0 0 0 0 0 0 0 0 0 0 0 0 0 0 0 0 0 0 0 0 0 0 0 0 0 0 0 0 0 0 0 0 0 0 0 0 0 0 0 0 0 0 0 0 0 0 0 0 0 0 0 0 0 0 0 0 0 0 0 0 0 0 0 0 0 0 0 0 0 0 0 0 0 0 0 0 0 0 0 0 0 0 0 0 0 0 0 0 0 0 0 0 0 0 0 0 0 0 0 0 0 0 0 0 0 0 0 0 0 0 0 0 0 0 0 0 0 0 0 0 0 0 0 0 0 0 0 0 0 0 0 0 0 0 0 0 0 0 0 0 0 0 0 0 0 0 0 0 0 0 0 0 0 0 0 0 0 0 0 0 0 0 0 0 0 0 0 0 0 0 0 0 0 0 0 0 0 0 0 0 0 0 0 0 0 0 0 0 0 0 0 0 0 0 0 0 0 0 0 0 0 0 0 0 0 0 0 0 0 0 0 0 0 0 0 0 0 0 0 0 0 0 0 0 0 0 0 0 0 0 0 0 0 0 0 0 0 0 0 0 0 0 0 0 0 0 0 0 0 0 0 0 0 0 0 0 0 0 0 0 0 0 0 0 0 0 0 0 0 0 0 0 0 0 0 0 0 0 0 0 0 0 0 0 0 0 0 0 0 0 0 0 0 0 0 0 0 0 0 0 0 0 0 0 0 0 0 0 0 0 0 0 0 0 0 0 0 0 0 0 0 0 0 0 0 0 0 0 0 0 0 0 0 0 0 0 0 0 0 0 0 0 0 0 0 0 0 0 0 0 0 0 0 0 0 0 0 0 0 0 0 0 0 0 0 0 0 0 0 0 0 0 0 0 0 0 0 0 0 0 0 0 0 0 0 0 0 0 0 0 0 0 0 0 0 0 0 0 0 0 0 0 0 0 0 0 0 0 0 0 0 0 0 0 0 0 0 0 0 0 0 0 0 0 0 0 0 0 0 0 0 0 0 0 0 0 0 0 0 0 0 0 0 0 0 0 0 0 0 0 0 0 0 0 0 0 0 0 0 0 0 0 0 0 0 0 0 0 0 0 0 0 0 0 0 0 0 0 0 0 0 0 0 0 0 0 0 0 0 0 0 0 0 0 0 0 0 0 0 0 0 0 0 0 0 0 0 0 0 0 0 0 0 0 0 0 0 0 0 0 0 0 0 0 0 0 0 0 0 0 0 0 0 0 0 0 0 0 0 0 0 0 0 0 0 0 0 0 0 0 0 0 0 0 0 0 0 0 0 0 0 0 0 0 0 0 0 0 0 0 0 0 0 0 0 0 0 0 0 0 0 0 0 0 0 0 0 0 0 0 0 0 0 0 0 0 0 0 0 0 0 0 0 0 0 0 0 0 0 0 0 0 0 0 0 0 0 0 0 0 0 0 0 0 0 0 0 0 0 0 0 0 0 0 0 0 0 0 0 0 0 0 0 0 0 0 0 0 0 0 0 0 0 0 0 0 0 0 0 0 0 0 0 0 0 0 0 0 0 0 0 0 0 0 0 0 0 0 0 0 0 0 0 0 0 0 0 0 0 0 0 0 0 0 0 0 0 0 0 0 0 0 0 0 0 0 0 0 0 0 0 0 0 0 0 0 0 0 0 0 0 0 0 0 0 0 0 0 0 0 0 0 0 0 0 0 0 0 0 0 0 0 0 0 0 0 0 0 0 0 0 0 0 0 0 0 0 0 0 0 0 0 0 0 0 0 0 0 0 0 0 0 0 0 0 0 0 0 0 0 0 0 0 0 0 0 0 0 0 0 0 0 0 0 0 0 0 0 0 0 0 0 0 0 0 0 0 0 0 0 0 0 0 0 0 0 0 0 0 0 0 0 0 0 0 0 0 0 0 0 0 0 0 0 0 0 0 0 0 0 0 0 0 0 0 0 0 0 0 0 0 0 0 0 0 0 0 0 0 0 0 0 0 0 0 0 0 0 0 0 0 0 0 0 0 0 0 0 0 0 0 0 0 0 0 0 0 0 0 0 0 0 0 0 0 0 0 0 0 0 0 0 0 0 0 0 0 0 0 0 0 0 0 0 0 0 0 0 0 0 0 0 0 0 0 0 0 0 0 0 0 0 0 0 0 0 0 0 0 0 0 0 0 0 0 0 0 0 0 0 0 0 0 0 0 0 0 0 0 0 0 0 0 0 0 0 0 0 0 0 0 0 0 0 0 0 0 0 0 0 0 0 0 0 0 0 0 0 0 0 0 0 0 0 0 0 0 0 0 0 0 0 0 0 0 0 0 0 0 0 0 0 0 0 0 0 0 0 0 0 0 0 0 0 0 0 0 0 0 0 0 0 0 0 0 0 0 0 0 0 0 0 0 0 0 0 0 0 0 0 0 0 0 0 0 0 0 0 0 0 0 0 0 0 0 0 0 0 0 0 0 0 0 0 0 0 0 0 0 0 0 0 0 0 0 0 0 0 0 0 0 0 0 0 0 0 0 0 0 0 0 0 0 0 0 0 0 0 0 0 0 0 0 0 0 0 0 0 0 0 0 0 0 0 0 0 0 0 0 0 0 0 0 0 0 0 0 0 0 0 0 0 0 0 0 0 0 0 0 0 0 0 0 0 0 0 0 0 0 0 0 0 0 0 0 0 0 0 0 0 0 0 0 0 0 0 0 0 0 0 0 0 0 0 0 0 0 0 0 0 0 0 0 0 0 0 0 0 0 0 0 0 0 0 0 0 0 0 0 0 0 0 0 0 0 0 0 0 0 0 0 0 0 0 0 0 0 0 0 0 0 0 0 0 0 0 0 0 0 0 0 0 0 0 0 0 0 0 0 0 0 0 0 0 0 0 0 0 0 0 0 0 0 0 0 0 0 0 0 0 0 0 0 0 0 0 0 0 0 0 0 0 0 0 0 0 0 0 0 0 0 0 0 0 0 0 0 0 0 0 0 0 0 0 0 0 0 0 0 0 0 0 0 0 0 0 0 0 0 0 0 0 0 0 0 0 0 0 0 0 0 0 0 0 0 0 0 0 0 0 0 0 0 0 0 0 0 0 0 0 0 0 0 0 0 0 0 0 0 0 0 0 0 0 0 0 0 0 0 0 0 0 0 0 0 0 0 0 0 0 0 0 0 0 0 0 0 0 0 0 0 0 0 0 0 0 0 0 0 0 0 0 0 0 0 0 0 0 0 0 0 0 0 0 0 0 0 0 0 0 0 0 0 0 0 0 0 0 0 0 0 0 0 0 0 0 0 0 0 0 0 0 0 0 0 0 0 0 0 0 0 0 0 0 0 0 0 0 0 0 0 0 0 0 0 0 0 0 0 0 0 0 0 0 0 0 0 0 0 0 0 0 0 0 0 0 0 0 0 0 0 0 0 0 0 0 0 0 0 0 0 0 0 0 0 0 0 0 0 0 0 0 0 0 0 0 0 0 0 0 0 0 0 0 0 0 0 0 0 0 0 0 0 0 0 0 0 0 0 0 0 0 0 0 0 0 0 0 0 0 0 0 0 0 0 0 0 0 0 0 0 0 0 0 0 0 0 0 0 0 0 0 0 0 0 0 0 0 0 0 0 0 0 0 0 0 0 0 0 0 0 0 0 0 0 0 0 0 0 0 0 0 0 0 0 0 0 0 0 0 0 0 0 0 0 0 0 0 0 0 0 0 0 0 0 0 0 0 0 0 0 0 0 0 0 0 0 0 0 0 0 0 0 0 0 0 0 0 0 0 0 0 0 0 0 0 0 0 0 0 0 0 0 0 0 0 0 0 0 0 0 0 0 0 0 0 0 0 0 0 0 0 0 0 0 0 0 0 0 0 0 0 0 0 0 0 0 0 0 0 0 0 0 0 0 0 0 0 0 0 0 0 0 0 0 0 0 0 0 0 0 0 0 0 0 0 0 0 0 0 0 0 0 0 0 0 0 0 0 0 0 0 0 0 0 0 0 0 0 0 0 0 0 0 0 0 0 0 0 0 0 0 0 0 0 0 0 0 0 0 0 0 0 0 0 0 0 0 0 0 0 0 0 0 0 0 0 0 0 0 0 0 0 0 0 0 0 0 0 0 0 0 0 0 0 0 0 0 0 0 0 0 0 0 0 0 0 0 0 0 0 0 0 0 0 0 0 0 0 0 0 0 0 0 0 0 0 0 0 0 0 0 0 0 0 0 0 0 0 0 0 0 0 0 0 0 0 0 0 0 0 0 0 0 0 0 0 0 0 0 0 0 0 0 0 0 0 0 0 0 0 0 0 0 0 0 0 0 0 0 0 0 0 0 0 0 0 0 0 0 0 0 0 0 0 0 0 0 0 0 0 0 0 0 0 0 0 0 0 0 0 0 0 0 0 0 0 0 0 0 0 0 0 0 0 0 0 0 0 0 0 0 0 0 0 0 0 0 0 0 0 0 0 0 0 0 0 0 0 0 0 0 0 0 0 0 0 0 0 0 0 0 0 0 0 0 0 0 0 0 0 0 0 0 0 0 0 0 0 0 0 0 0 0 0 0 0 0 0 0 0 0 0 0 0 0 0 0 0 0 0 0 0 0 0 0 0 0 0 0 0 0 0 0 0 0 0 0 0 0 0 0 0 0 0 0 0 0 0 0 0 0 0 0 0 0 0 0 0 0 0 0 0 0 0 0 0 0 0 0 0 0 0 0 0 0 0 0 0 0 0 0 0 0 0 0 0 0 0 0 0 0 0 0 0 0 0 0 0 0 0 0 0 0 0 0 0 0 0 0 0 0 0 0 0 0 0 0 0 0 0 0 0 0 0 0 0 0 0 0 0 0 0 0 0 0 0 0 0 0 0 0 0 0 0 0 0 0 0 0 0 0 0 0 0 0 0 0 0 0 0 0 0 0 0 0 0 0 0 0 0 0 0 0 0 0 0 0 0 0 0 0 0 0 0 0 0 0 0 0 0 0 0 0 0 0 0 0 0 0 0 0 0 0 0 0 0 0 0 0 0 0 0 0 0 0 0 0 0 0 0 0 0 0 0 0 0 0 0 0 0 0 0 0 0 0 0 0 0 0 0 0 0 0 0 0 0 0 0 0 0 0 0 0 0 0 0 0 0 0 0 0 0 0 0 0 0 0 0 0 0 0 0 0 0 0 0 0 0 0 0 0 0 0 0 0 0 0 0 0 0 0 0 0 0 0 0 0 0 0 0 0 0 0 0 0 0 0 0 0 0 0 0 0 0 0 0 0 0 0 0 0 0 0 0 0 0 0 0 0 0 0 0 0 0 0 0 0 0 0 0 0 0 0 0 0 0 0 0 0 0 0 0 0 0 0 0 0 0 0 0 0 0 0 0 0 0 0 0 0 0 0 0 0 0 0 0 0 0 0 0 0 0 0 0 0 0 0 0 0 0 0 0 0 0 0 0 0 0 0 0 0 0 0 0 0 0 0 0 0 0 0 0 0 0 0 0 0 0 0 0 0 0 0 0 0 0 0 0 0 0 0 0 0 0 0 0 0 0 0 0 0 0 0 0 0 0 0 0 0 0 0 0 0 0 0 0 0 0 0 0 0 0 0 0 0 0 0 0 0 0 0 0 0 0 0 0 0 0 0 0 0 0 0 0 0 0 0 0 0 0 0 0 0 0 0 0 0 0 0 0 0 0 0 0 0 0 0 0 0 0 0 0 0 0 0 0 0 0 0 0 0 0 0 0 0 0 0 0 0 0 0 0 0 0 0 0 0 0 0 0 0 0 0 0 0 0 0 0 0 0 0 0 0 0 0 0 0 0 0 0 0 0 0 0 0 0 0 0 0 0 0 0 0 0 0 0 0 0 0 0 0 0 0 0 0 0 0 0 0 0 0 0 0 0 0 0 0 0 0 0 0 0 0 0 0 0 0 0 0 0 0 0 0 0 0 0 0 0 0 0 0 0 0 0 0 0 0 0 0 0 0 0 0 0 0 0 0 0 0 0 0 0 0 0 0 0 0 0 0 0 0 0 0 0 0 0 0 0 0 0 0 0 0 0 0 0 0 0 0 0 0 0 0 0 0 0 0 0 0 0 0 0 0 0 0 0 0 0 0 0 0 0 0 0 0 0 0 0 0 0 0 0 0 0 0 0 0 0 0 0 0 0 0 0 0 0 0 0 0 0 0 0 0 0 0 0 0 0 0 0 0 0 0 0 0 0 0 0 0 0 0 0 0 0 0 0 0 0 0 0 0 0 0 0 0 0 0 0 0 0 0 0 0 0 0 0 0 0 0 0 0 0 0 0 0 0 0 0 0 0 0 0 0 0 0 0 0 0 0 0 0 0 0 0 0 0 0 0 0 0 0 0 0 0 0 0 0 0 0 0 0 0 0 0 0 0 0 0 0 0 0 0 0 0 0 0 0 0 0 0 0 0 0 0 0 0 0 0 0 0 0 0 0 0 0 0 0 0 0 0 0 0 0 0 0 0 0 0 0 0 0 0 0 0 0 0 0 0 0 0 0 0 0 0 0 0 0 0 0 0 0 0 0 0 0 0 0 0 0 0 0 0 0 0 0 0 0 0 0 0 0 0 0 0 0 0 0 0 0 0 0 0 0 0 0 0 0 0 0 0 0 0 0 0 0 0 0 0 0 0 0 0 0 0 0 0 0 0 0 0 0 0 0 0 0 0 0 0 0 0 0 0 0 0 0 0 0 0 0 0 0 0 0 0 0 0 0 0 0 0 0 0 0 0 0 0 0 0 0 0 0 0 0 0 0 0 0 0 0 0 0 0 0 0 0 0 0 0 0 0 0 0 0 0 0 0 0 0 0 0 0 0 0 0 0 0 0 0 0 0 0 0 0 0 0 0 0 0 0 0 0 0 0 0 0 0 0 0 0 0 0 0 0 0 0 0 0 0 0 0 0 0 0 0 0 0 0 0 0 0 0 0 0 0 0 0 0 0 0 0 0 0 0 0 0 0 0 0 0 0 0 0 0 0 0 0 0 0 0 0 0 0 0 0 0 0 0 0 0 0 0 0 0 0 0 0 0 0 0 0 0 0 0 0 0 0 0 0 0 0 0 0 0 0 0 0 0 0 0 0 0 0 0 0 0 0 0 0 0 0 0 0 0 0 0 0 0 0 0 0 0 0 0 0 0 0 0 0 0 0 0 0 0 0 0 0 0 0 0 0 0 0 0 0 0 0 0 0 0 0 0 0 0 0 0 0 0 0 0 0 0 0 0 0 0 0 0 0 0 0 0 0 0 0 0 0 0 0 0 0 0 0 0 0 0 0 0 0 0 0 0 0 0 0 0 0 0 0 0 0 0 0 0 0 0 0 0 0 0 0 0 0 0 0 0 0 0 0 0 0 0 0 0 0 0 0 0 0 0 0 0 0 0 0 0 0 0 0 0 0 0 0 0 0 0 0 0 0 0 0 0 0 0 0 0 0 0 0 0 0 0 0 0 0 0 0 0 0 0 0 0 0 0 0 0 0 0 0 0 0 0 0 0 0 0 0 0 0 0 0 0 0 0 0 0 0 0 0 0 0 0 0 0 0 0 0 0 0 0 0 0 0 0 0 0 0 0 0 0 0 0 0 0 0 0 0 0 0 0 0 0 0 0 0 0 0 0 0 0 0 0 0 0 0 0 0 0 0 0 0 0 0 0 0 0 0 0 0 0 0 0 0 0 0 0 0 0 0 0 0 0 0 0 0 0 0 0 0 0 0 0 0 0 0 0 0 0 0 0 0 0 0 0 0 0 0 0 0 0 0 0 0 0 0 0 0 0 0 0 0 0 0 0 0 0 0 0 0 0 0 0 0 0 0 0 0 0 0 0 0 0 0 0 0 0 0 0 0 0 0 0 0 0 0 0 0 0 0 0 0 0 0 0 0 0 0 0 0 0 0 0 0 0 0 0 0 0 0 0 0 0 0 0 0 0 0 0 0 0 0 0 0 0 0 0 0 0 0 0 0 0 0 0 0 0 0 0 0 0 0 0 0 0 0 0 0 0 0 0 0 0 0 0 0 0 0 0 0 0 0 0 0 0 0 0 0 0 0 0 0 0 0 0 0 0 0 0 0 0 0 0 0 0 0 0 0 0 0 0 0 0 0 0 0 0 0 0 0 0 0 0 0 0 0 0 0 0 0 0 0 0 0 0 0 0 0 0 0 0 0 0 0 0 0 0 0 0 0 0 0 0 0 0 0 0 0 0 0 0 0 0 0 0 0 0 0 0 0 0 0 0 0 0 0 0 0 0 0 0 0 0 0 0 0 0 0 0 0 0 0 0 0 0 0 0 0 0 0 0 0 0 0 0 0 0 0 0 0 0 0 0 0 0 0 0 0 0 0 0 0 0 0 0 0 0 0 0 0 0 0 0 0 0 0 0 0 0 0 0 0 0 0 0 0 0 0 0 0 0 0 0 0 0 0 0 0 0 0 0 0 0 0 0 0 0 0 0 0 0 0 0 0 0 0 0 0 0 0 0 0 0 0 0 0 0 0 0 0 0 0 0 0 0 0 0 0 0 0 0 0 0 0 0 0 0 0 0 0 0 0 0 0 0 0 0 0 0 0 0 0 0 0 0 0 0 0 0 0 0 0 0 0 0 0 0 0 0 0 0 0 0 0 0 0 0 0 0 0 0 0 0 0 0 0 0 0 0 0 0 0 0 0 0 0 0 0 0 0 0 0 0 0 0 0 0 0 0 0 0 0 0 0 0 0 0 0 0 0 0 0 0 0 0 0 0 0 0 0 0 0 0 0 0 0 0 0 0 0 0 0 0 0 0 0 0 0 0 0 0 0 0 0 0 0 0 0 0 0 0 0 0 0 0 0 0 0 0 0 0 0 0 0 0 0 0 0 0 0 0 0 0 0 0 0 0 0 0 0 0 0 0 0 0 0 0 0 0 0 0 0 0 0 0 0 0 0 0 0 0 0 0 0 0 0 0 0 0 0 0 0 0 0 0 0 0 0 0 0 0 0 0 0 0 0 0 0 0 0 0 0 0 0 0 0 0 0 0 0 0 0 0 0 0 0 0 0 0 0 0 0 0 0 0 0 0 0 0 0 0 0 0 0 0 0 0 0 0 0 0 0 0 0 0 0 0 0 0 0 0 0 0 0 0 0 0 0 0 0 0 0 0 0 0 0 0 0 0 0 0 0 0 0 0 0 0 0 0 0 0 0 0 0 0 0 0 0 0 0 0 0 0 0 0 0 0 0 0 0 0 0 0 0 0 0 0 0 0 0 0 0 0 0 0 0 0 0 0 0 0 0 0 0 0 0 0 0 0 0 0 0 0 0 0 0 0 0 0 0 0 0 0 0 0 0 0 0 0 0 0 0 0 0 0 0 0 0 0 0 0 0 0 0 0 0 0 0 0 0 0 0 0 0 0 0 0 0 0 0 0 0 0 0 0 0 0 0 0 0 0 0 0 0 0 0 0 0 0 0 0 0 0 0 0 0 0 0 0 0 0 0 0 0 0 0 0 0 0 0 0 0 0 0 0 0 0 0 0 0 0 0 0 0 0 0 0 0 0 0 0 0 0 0 0 0 0 0 0 0 0 0 0 0 0 0 0 0 0 0 0 0 0 0 0 0 0 0 0 0 0 0 0 0 0 0 0 0 0 0 0 0 0 0 0 0 0 0 0 0 0 0 0 0 0 0 0 0 0 0 0 0 0 0 0 0 0 0 0 0 0 0 0 0 0 0 0 0 0 0 0 0 0 0 0 0 0 0 0 0 0 0 0 0 0 0 0 0 0 0 0 0 0 0 0 0 0 0 0 0 0 0 0 0 0 0 0 0 0 0 0 0 0 0 0 0 0 0 0 0 0 0 0 0 0 0 0 0 0 0 0 0 0 0 0 0 0 0 0 0 0 0 0 0 0 0 0 0 0 0 0 0 0 0 0 0 0 0 0 0 0 0 0 0 0 0 0 0 0 0 0 0 0 0 0 0 0 0 0 0 0 0 0 0 0 0 0 0 0 0 0 0 0 0 0 0 0 0 0 0 0 0 0 0 0 0 0 0 0 0 0 0 0 0 0 0 0 0 0 0 0 0 0 0 0 0 0 0 0 0 0 0 0 0 0 0 0 0 0 0 0 0 0 0 0 0 0 0 0 0 0 0 0 0 0 0 0 0 0 0 0 0 0 0 0 0 0 0 0 0 0 0 0 0 0 0 0 0 0 0 0 0 0 0 0 0 0 0 0 0 0 0 0 0 0 0 0 0 0 0 0 0 0 0 0 0 0 0 0 0 0 0 0 0 0 0 0 0 0 0 0 0 0 0 0 0 0 0 0 0 0 0 0 0 0 0 0 0 0 0 0 0 0 0 0 0 0 0 0 0 0 0 0 0 0 0 0 0 0 0 0 0 0 0 0 0 0 0 0 0 0 0 0 0 0 0 0 0 0 0 0 0 0 0 0 0 0 0 0 0 0 0 0 0 0 0 0 0 0 0 0 0 0 0 0 0 0 0 0 0 0 0 0 0 0 0 0 0 0 0 0 0 0 0 0 0 0 0 0 0 0 0 0 0 0 0 0 0 0 0 0 0 0 0 0 0 0 0 0 0 0 0 0 0 0 0 0 0 0 0 0 0 0 0 0 0 0 0 0 0 0 0 0 0 0 0 0 0 0 0 0 0 0 0 0 0 0 0 0 0 0 0 0 0 0 0 0 0 0 0 0 0 0 0 0 0 0 0 0 0 0 0 0 0 0 0 0 0 0 0 0 0 0 0 0 0 0 0 0 0 0 0 0 0 0 0 0 0 0 0 0 0 0 0 0 0 0 0 0 0 0 0 0 0 0 0 0 0 0 0 0 0 0 0 0 0 0 0 0 0 0 0 0 0 0 0 0 0 0 0 0 0 0 0 0 0 0 0 0 0 0 0 0 0 0 0 0 0 0 0 0 0 0 0 0 0 0 0 0 0 0 0 0 0 0 0 0 0 0 0 0 0 0 0 0 0 0 0 0 0 0 0 0 0 0 0 0 0 0 0 0 0 0 0 0 0 0 0 0 0 0 0 0 0 0 0 0 0 0 0 0 0 0 0 0 0 0 0 0 0 0 0 0 0 0 0 0 0 0 0 0 0 0 0 0 0 0 0 0 0 0 0 0 0 0 0 0 0 0 0 0 0 0 0 0 0 0 0 0 0 0 0 0 0 0 0 0 0 0 0 0 0 0 0 0 0 0 0 0 0 0 0 0 0 0 0 0 0 0 0 0 0 0 0 0 0 0 0 0 0 0 0 0 0 0 0 0 0 0 0 0 0 0 0 0 0 0 0 0 0 0 0 0 0 0 0 0 0 0 0 0 0 0 0 0 0 0 0 0 0 0 0 0 0 0 0 0 0 0 0 0 0 0 0 0 0 0 0 0 0 0 0 0 0 0 0 0 0 0 0 0 0 0 0 0 0 0 0 0 0 0 0 0 0 0 0 0 0 0 0 0 0 0 0 0 0 0 0 0 0 0 0 0 0 0 0 0 0 0 0 0 0 0 0 0 0 0 0 0 0 0 0 0 0 0 0 0 0 0 0 0 0 0 0 0 0 0 0 0 0 0 0 0 0 0 0 0 0 0 0 0 0 0 0 0 0 0 0 0 0 0 0 0 0 0 0 0 0 0 0 0 0 0 0 0 0 0 0 0 0 0 0 0 0 0 0 0 0 0 0 0 0 0 0 0 0 0 0 0 0 0 0 0 0 0 0 0 0 0 0 0 0 0 0 0 0 0 0 0 0 0 0 0 0 0 0 0 0 0 0 0 0 0 0 0 0 0 0 0 0 0 0 0 0 0 0 0 0 0 0 0 0 0 0 0 0 0 0 0 0 0 0 0 0 0 0 0 0 0 0 0 0 0 0 0 0 0 0 0 0 0 0 0 0 0 0 0 0 0 0 0 0 0 0 0 0 0 0 0 0 0 0 0 0 0 0 0 0 0 0 0 0 0 0 0 0 0 0 0 0 0 0 0 0 0 0 0 0 0 0 0 0 0 0 0 0 0 0 0 0 0 0 0 0 0 0 0 0 0 0 0 0 0 0 0 0 0 0 0 0 0 0 0 0 0 0 0 0 0 0 0 0 0 0 0 0 0 0 0 0 0 0 0 0 0 0 0 0 0 0 0 0 0 0 0 0 0 0 0 0 0 0 0 0 0 0 0 0 0 0 0 0 0 0 0 0 0 0 0 0 0 0 0 0 0 0 0 0 0 0 0 0 0 0 0 0 0 0 0 0 0 0 0 0 0 0 0 0 0 0 0 0 0 0 0 0 0 0 0 0 0 0 0 0 0 0 0 0 0 0 0 0 0 0 0 0 0 0 0 0 0 0 0 0 0 0 0 0 0 0 0 0 0 0 0 0 0 0 0 0 0 0 0 0 0 0 0 0 0 0 0 0 0 0 0 0 0 0 0 0 0 0 0 0 0 0 0 0 0 0 0 0 0 0 0 0 0 0 0 0 0 0 0 0 0 0 0 0 0 0 0 0 0 0 0 0 0 0 0 0 0 0 0 0 0 0 0 0 0 0 0 0 0 0 0 0 0 0 0 0 0 0 0 0 0 0 0 0 0 0 0 0 0 0 0 0 0 0 0 0 0 0 0 0 0 0 0 0 0 0 0 0 0 0 0 0 0 0 0 0 0 0 0 0 0 0 0 0 0 0 0 0 0 0 0 0 0 0 0 0 0 0 0 0 0 0 0 0 0 0 0 0 0 0 0 0 0 0 0 0 0 0 0 0 0 0 0 0 0 0 0 0 0 0 0 0 0 0 0 0 0 0 0 0 0 0 0 0 0 0 0 0 0 0 0 0 0 0 0 0 0 0 0 0 0 0 0 0 0 0 0 0 0 0 0 0 0 0 0 0 0 0 0 0 0 0 0 0 0 0 0 0 0 0 0 0 0 0 0 0 0 0 0 0 0 0 0 0 0 0 0 0 0 0 0 0 0 0 0 0 0 0 0 0 0 0 0 0 0 0 0 0 0 0 0 0 0 0 0 0 0 0 0 0 0 0 0 0 0 0 0 0 0 0 0 0 0 0 0 0 0 0 0 0 0 0 0 0 0 0 0 0 0 0 0 0 0 0 0 0 0 0 0 0 0 0 0 0 0 0 0 0 0 0 0 0 0 0 0 0 0 0 0 0 0 0 0 0 0 0 0 0 0 0 0 0 0 0 0 0 0 0 0 0 0 0 0 0 0 0 0 0 0 0 0 0 0 0 0 0 0 0 0 0 0 0 0 0 0 0 0 0 0 0 0 0 0 0 0 0 0 0 0 0 0 0 0 0 0 0 0 0 0 0 0 0 0 0 0 0 0 0 0 0 0 0 0 0 0 0 0 0 0 0 0 0 0 0 0 0 0 0 0 0 0 0 0 0 0 0 0 0 0 0 0 0 0 0 0 0 0 0 0 0 0 0 0 0 0 0 0 0 0 0 0 0 0 0 0 0 0 0 0 0 0 0 0 0 0 0 0 0 0 0 0 0 0 0 0 0 0 0 0 0 0 0 0 0 0 0 0 0 0 0 0 0 0 0 0 0 0 0 0 0 0 0 0 0 0 0 0 0 0 0 0 0 0 0 0 0 0 0 0 0 0 0 0 0 0 0 0 0 0 0 0 0 0 0 0 0 0 0 0 0 0 0 0 0 0 0 0 0 0 0 0 0 0 0 0 0 0 0 0 0 0 0 0 0 0 0 0 0 0 0 0 0 0 0 0 0 0 0 0 0 0 0 0 0 0 0 0 0 0 0 0 0 0 0 0 0 0 0 0 0 0 0 0 0 0 0 0 0 0 0 0 0 0 0 0 0 0 0 0 0 0 0 0 0 0 0 0 0 0 0 0 0 0 0 0 0 0 0 0 0 0 0 0 0 0 0 0 0 0 0 0 0 0 0 0 0 0 0 0 0 0 0 0 0 0 0 0 0 0 0 0 0 0 0 0 0 0 0 0 0 0 0 0 0 0 0 0 0 0 0 0 0 0 0 0 0 0 0 0 0 0 0 0 0 0 0 0 0 0 0 0 0 0 0 0 0 0 0 0 0 0 0 0 0 0 0 0 0 0 0 0 0 0 0 0 0 0 0 0 0 0 0 0 0 0 0 0 0 0 0 0 0 0 0 0 0 0 0 0 0 0 0 0 0 0 0 0 0 0 0 0 0 0 0 0 0 0 0 0 0 0 0 0 0 0 0 0 0 0 0 0 0 0 0 0 0 0 0 0 0 0 0 0 0 0 0 0 0 0 0 0 0 0 0 0 0 0 0 0 0 0 0 0 0 0 0 0 0 0 0 0 0 0 0 0 0 0 0 0 0 0 0 0 0 0 0 0 0 0 0 0 0 0 0 0 0 0 0 0 0 0 0 0 0 0 0 0 0 0 0 0 0 0 0 0 0 0 0 0 0 0 0 0 0 0 0 0 0 0 0 0 0 0 0 0 0 0 0 0 0 0 0 0 0 0 0 0 0 0 0 0 0 0 0 0 0 0 0 0 0 0 0 0 0 0 0 0 0 0 0 0 0 0 0 0 0 0 0 0 0 0 0 0 0 0 0 0 0 0 0 0 0 0 0 0 0 0 0 0 0 0 0 0 0 0 0 0 0 0 0 0 0 0 0 0 0 0 0 0 0 0 0 0 0 0 0 0 0 0 0 0 0 0 0 0 0 0 0 0 0 0 0 0 0 0 0 0 0 0 0 0 0 0 0 0 0 0 0 0 0 0 0 0 0 0 0 0 0 0 0 0 0 0 0 0 0 0 0 0 0 0 0 0 0 0 0 0 0 0 0 0 0 0 0 0 0 0 0 0 0 0 0 0 0 0 0 0 0 0 0 0 0 0 0 0 0 0 0 0 0 0 0 0 0 0 0 0 0 0 0 0 0 0 0 0 0 0 0 0 0 0 0 0 0 0 0 0 0 0 0 0 0 0 0 0 0 0 0 0 0 0 0 0 0 0 0 0 0 0 0 0 0 0 0 0 0 0 0 0 0 0 0 0 0 0 0 0 0 0 0 0 0 0 0 0 0 0 0 0 0 0 0 0 0 0 0 0 0 0 0 0 0 0 0 0 0 0 0 0 0 0 0 0 0 0 0 0 0 0 0 0 0 0 0 0 0 0 0 0 0 0 0 0 0 0 0 0 0 0 0 0 0 0 0 0 0 0 0 0 0 0 0 0 0 0 0 0 0 0 0 0 0 0 0 0 0 0 0 0 0 0 0 0 0 0 0 0 0 0 0 0 0 0 0 0 0 0 0 0 0 0 0 0 0 0 0 0 0 0 0 0 0 0 0 0 0 0 0 0 0 0 0 0 0 0 0 0 0 0 0 0 0 0 0 0 0 0 0 0 0 0 0 0 0 0 0 0 0 0 0 0 0 0 0 0 0 0 0 0 0 0 0 0 0 0 0 0 0 0 0 0 0 0 0 0 0 0 0 0 0 0 0 0 0 0 0 0 0 0 0 0 0 0 0 0 0 0 0 0 0 0 0 0 0 0 0 0 0 0 0 0 0 0 0 0 0 0 0 0 0 0 0 0 0 0 0 0 0 0 0 0 0 0 0 0 0 0 0 0 0 0 0 0 0 0 0 0 0 0 0 0 0 0 0 0 0 0 0 0 0 0 0 0 0 0 0 0 0 0 0 0 0 0 0 0 0 0 0 0 0 0 0 0 0 0 0 0 0 0 0 0 0 0 0 0 0 0 0 0 0 0 0 0 0 0 0 0 0 0 0 0 0 0 0 0 0 0 0 0 0 0 0 0 0 0 0 0 0 0 0 0 0 0 0 0 0 0 0 0 0 0 0 0 0 0 0 0 0 0 0 0 0 0 0 0 0 0 0 0 0 0 0 0 0 0 0 0 0 0 0 0 0 0 0 0 0 0 0 0 0 0 0 0 0 0 0 0 0 0 0 0 0 0 0 0 0 0 0 0 0 0 0 0 0 0 0 0 0 0 0 0 0 0 0 0 0 0 0 0 0 0 0 0 0 0 0 0 0 0 0 0 0 0 0 0 0 0 0 0 0 0 0 0 0 0 0 0 0 0 0 0 0 0 0 0 0 0 0 0 0 0 0 0 0 0 0 0 0 0 0 0 0 0 0 0 0 0 0 0 0 0 0 0 0 0 0 0 0 0 0 0 0 0 0 0 0 0 0 0 0 0 0 0 0 0 0 0 0 0 0 0 0 0 0 0 0 0 0 0 0 0 0 0 0 0 0 0 0 0 0 0 0 0 0 0 0 0 0 0 0 0 0 0 0 0 0 0 0 0 0 0 0 0 0 0 0 0 0 0 0 0 0 0 0 0 0 0 0 0 0 0 0 0 0 0 0 0 0 0 0 0 0 0 0 0 0 0 0 0 0 0 0 0 0 0 0 0 0 0 0 0 0 0 0 0 0 0 0 0 0 0 0 0 0 0 0 0 0 0 0 0 0 0 0 0 0 0 0 0 0 0 0 0 0 0 0 0 0 0 0 0 0 0 0 0 0 0 0 0 0 0 0 0 0 0 0 0 0 0 0 0 0 0 0 0 0 0 0 0 0 0 0 0 0 0 0 0 0 0 0 0 0 0 0 0 0 0 0 0 0 0 0 0 0 0 0 0 0 0 0 0 0 0 0 0 0 0 0 0 0 0 0 0 0 0 0 0 0 0 0 0 0 0 0 0 0 0 0 0 0 0 0 0 0 0 0 0 0 0 0 0 0 0 0 0 0 0 0 0 0 0 0 0 0 0 0 0 0 0 0 0 0 0 0 0 0 0 0 0 0 0 0 0 0 0 0 0 0 0 0 0 0 0 0 0 0 0 0 0 0 0 0 0 0 0 0 0 0 0 0 0 0 0 0 0 0 0 0 0 0 0 0 0 0 0 0 0 0 0 0 0 0 0 0 0 0 0 0 0 0 0 0 0 0 0 0 0 0 0 0 0 0 0 0 0 0 0 0 0 0 0 0 0 0 0 0 0 0 0 0 0 0 0 0 0 0 0 0 0 0 0 0 0 0 0 0 0 0 0 0 0 0 0 0 0 0 0 0 0 0 0 0 0 0 0 0 0 0 0 0 0 0 0 0 0 0 0 0 0 0 0 0 0 0 0 0 0 0 0 0 0 0 0 0 0 0 0 0 0 0 0 0 0 0 0 0 0 0 0 0 0 0 0 0 0 0 0 0 0 0 0 0 0 0 0 0 0 0 0 0 0 0 0 0 0 0 0 0 0 0 0 0 0 0 0 0 0 0 0 0 0 0 0 0 0 0 0 0 0 0 0 0 0 0 0 0 0 0 0 0 0 0 0 0 0 0 0 0 0 0 0 0 0 0 0 0 0 0 0 0 0 0 0 0 0 0 0 0 0 0 0 0 0 0 0 0 0 0 0 0 0 0 0 0 0 0 0 0 0 0 0 0 0 0 0 0 0 0 0 0 0 0 0 0 0 0 0 0 0 0 0 0 0 0 0 0 0 0 0 0 0 0 0 0 0 0 0 0 0 0 0 0 0 0 0 0 0 0 0 0 0 0 0 0 0 0 0 0 0 0 0 0 0 0 0 0 0 0 0 0 0 0 0 0 0 0 0 0 0 0 0 0 0 0 0 0 0 0 0 0 0 0 0 0 0 0 0 0 0 0 0 0 0 0 0 0 0 0 0 0 0 0 0 0 0 0 0 0 0 0 0 0 0 0 0 0 0 0 0 0 0 0 0 0 0 0 0 0 0 0 0 0 0 0 0 0 0 0 0 0 0 0 0 0 0 0 0 0 0 0 0 0 0 0 0 0 0 0 0 0 0 0 0 0 0 0 0 0 0 0 0 0 0 0 0 0 0 0 0 0 0 0 0 0 0 0 0 0 0 0 0 0 0 0 0 0 0 0 0 0 0 0 0 0 0 0 0 0 0 0 0 0 0 0 0 0 0 0 0 0 0 0 0 0 0 0 0 0 0 0 0 0 0 0 0 0 0 0 0 0 0 0 0 0 0 0 0 0 0 0 0 0 0 0 0 0 0 0 0 0 0 0 0 0 0 0 0 0 0 0 0 0 0 0 0 0 0 0 0 0 0 0 0 0 0 0 0 0 0 0 0 0 0 0 0 0 0 0 0 0 0 0 0 0 0 0 0 0 0 0 0 0 0 0 0 0 0 0 0 0 0 0 0 0 0 0 0 0 0 0 0 0 0 0 0 0 0 0 0 0 0 0 0 0 0 0 0 0 0 0 0 0 0 0 0 0 0 0 0 0 0 0 0 0 0 0 0 0 0 0 0 0 0 0 0 0 0 0 0 0 0 0 0 0 0 0 0 0 0 0 0 0 0 0 0 0 0 0 0 0 0 0 0 0 0 0 0 0 0 0 0 0 0 0 0 0 0 0 0 0 0 0 0 0 0 0 0 0 0 0 0 0 0 0 0 0 0 0 0 0 0 0 0 0 0 0 0 0 0 0 0 0 0 0 0 0 0 0 0 0 0 0 0 0 0 0 0 0 0 0 0 0 0 0 0 0 0 0 0 0 0 0 0 0 0 0 0 0 0 0 0 0 0 0 0 0 0 0 0 0 0 0 0 0 0 0 0 0 0 0 0 0 0 0 0 0 0 0 0 0 0 0 0 0 0 0 0 0 0 0 0 0 0 0 0 0 0 0 0 0 0 0 0 0 0 0 0 0 0 0 0 0 0 0 0 0 0 0 0 0 0 0 0 0 0 0 0 0 0 0 0 0 0 0 0 0 0 0 0 0 0 0 0 0 0 0 0 0 0 0 0 0 0 0 0 0 0 0 0 0 0 0 0 0 0 0 0 0 0 0 0 0 0 0 0 0 0 0 0 0 0 0 0 0 0 0 0 0 0 0 0 0 0 0 0 0 0 0 0 0 0 0 0 0 0 0 0 0 0 0 0 0 0 0 0 0 0 0 0 0 0 0 0 0 0 0 0 0 0 0 0 0 0 0 0 0 0 0 0 0 0 0 0 0 0 0 0 0 0 0 0 0 0 0 0 0 0 0 0 0 0 0 0 0 0 0 0 0 0 0 0 0 0 0 0 0 0 0 0 0 0 0 0 0 0 0 0 0 0 0 0 0 0 0 0 0 0 0 0 0 0 0 0 0 0 0 0 0 0 0 0 0 0 0 0 0 0 0 0 0 0 0 0 0 0 0 0 0 0 0 0 0 0 0 0 0 0 0 0 0 0 0 0 0 0 0 0 0 0 0 0 0 0 0 0 0 0 0 0 0 0 0 0 0 0 0 0 0 0 0 0 0 0 0 0 0 0 0 0 0 0 0 0 0 0 0 0 0 0 0 0 0 0 0 0 0 0 0 0 0 0 0 0 0 0 0 0 0 0 0 0 0 0 0 0 0 0 0 0 0 0 0 0 0 0 0 0 0 0 0 0 0 0 0 0 0 0 0 0 0 0 0 0 0 0 0 0 0 0 0 0 0 0 0 0 0 0 0 0 0 0 0 0 0 0 0 0 0 0 0 0 0 0 0 0 0 0 0 0 0 0 0 0 0 0 0 0 0 0 0 0 0 0 0 0 0 0 0 0 0 0 0 0 0 0 0 0 0 0 0 0 0 0 0 0 0 0 0 0 0 0 0 0 0 0 0 0 0 0 0 0 0 0 0 0 0 0 0 0 0 0 0 0 0 0 0 0 0 0 0 0 0 0 0 0 0 0 0 0 0 0 0 0 0 0 0 0 0 0 0 0 0 0 0 0 0 0 0 0 0 0 0 0 0 0 0 0 0 0 0 0 0 0 0 0 0 0 0 0 0 0 0 0 0 0 0 0 0 0 0 0 0 0 0 0 0 0 0 0 0 0 0 0 0 0 0 0 0 0 0 0 0 0 0 0 0 0 0 0 0 0 0 0 0 0 0 0 0 0 0 0 0 0 0 0 0 0 0 0 0 0 0 0 0 0 0 0 0 0 0 0 0 0 0 0 0 0 0 0 0 0 0 0 0 0 0 0 0 0 0 0 0 0 0 0 0 0 0 0 0 0 0 0 0 0 0 0 0 0 0 0 0 0 0 0 0 0 0 0 0 0 0 0 0 0 0 0 0 0 0 0 0 0 0 0 0 0 0 0 0 0 0 0 0 0 0 0 0 0 0 0 0 0 0 0 0 0 0 0 0 0 0 0 0 0 0 0 0 0 0 0 0 0 0 0 0 0 0 0 0 0 0 0 0 0 0 0 0 0 0 0 0 0 0 0 0 0 0 0 0 0 0 0 0 0 0 0 0 0 0 0 0 0 0 0 0 0 0 0 0 0 0 0 0 0 0 0 0 0 0 0 0 0 0 0 0 0 0 0 0 0 0 0 0 0 0 0 0 0 0 0 0 0 0 0 0 0 0 0 0 0 0 0 0 0 0 0 0 0 0 0 0 0 0 0 0 0 0 0 0 0 0 0 0 0 0 0 0 0 0 0 0 0 0 0 0 0 0 0 0 0 0 0 0 0 0 0 0 0 0 0 0 0 0 0 0 0 0 0 0 0 0 0 0 0 0 0 0 0 0 0 0 0 0 0 0 0 0 0 0 0 0 0 0 0 0 0 0 0 0 0 0 0 0 0 0 0 0 0 0 0 0 0 0 0 0 0 0 0 0 0 0 0 0 0 0 0 0 0 0 0 0 0 0 0 0 0 0 0 0 0 0 0 0 0 0 0 0 0 0 0 0 0 0 0 0 0 0 0 0 0 0 0 0 0 0 0 0 0 0 0 0 0 0 0 0 0 0 0 0 0 0 0 0 0 0 0 0 0 0 0 0 0 0 0 0 0 0 0 0 0 0 0 0 0 0 0 0 0 0 0 0 0 0 0 0 0 0 0 0 0 0 0 0 0 0 0 0 0 0 0 0 0 0 0 0 0 0 0 0 0 0 0 0 0 0 0 0 0 0 0 0 0 0 0 0 0 0 0 0 0 0 0 0 0 0 0 0 0 0 0 0 0 0 0 0 0 0 0 0 0 0 0 0 0 0 0 0 0 0 0 0 0 0 0 0 0 0 0 0 0 0 0 0 0 0 0 0 0 0 0 0 0 0 0 0 0 0 0 0 0 0 0 0 0 0 0 0 0 0 0 0 0 0 0 0 0 0 0 0 0 0 0 0 0 0 0 0 0 0 0 0 0 0 0 0 0 0 0 0 0 0 0 0 0 0 0 0 0 0 0 0 0 0 0 0 0 0 0 0 0 0 0 0 0 0 0 0 0 0 0 0 0 0 0 0 0 0 0 0 0 0 0 0 0 0 0 0 0 0 0 0 0 0 0 0 0 0 0 0 0 0 0 0 0 0 0 0 0 0 0 0 0 0 0 0 0 0 0 0 0 0 0 0 0 0 0 0 0 0 0 0 0 0 0 0 0 0 0 0 0 0 0 0 0 0 0 0 0 0 0 0 0 0 0 0 0 0 0 0 0 0 0 0 0 0 0 0 0 0 0 0 0 0 0 0 0 0 0 0 0 0 0 0 0 0 0 0 0 0 0 0 0 0 0 0 0 0 0 0 0 0 0 0 0 0 0 0 0 0 0 0 0 0 0 0 0 0 0 0 0 0 0 0 0 0 0 0 0 0 0 0 0 0 0 0 0 0 0 0 0 0 0 0 0 0 0 0 0 0 0 0 0 0 0 0 0 0 0 0 0 0 0 0 0 0 0 0 0 0 0 0 0 0 0 0 0 0 0 0 0 0 0 0 0 0 0 0 0 0 0 0 0 0 0 0 0 0 0 0 0 0 0 0 0 0 0 0 0 0 0 0 0 0 0 0 0 0 0 0 0 0 0 0 0 0 0 0 0 0 0 0 0 0 0 0 0 0 0 0 0 0 0 0 0 0 0 0 0 0 0 0 0 0 0 0 0 0 0 0 0 0 0 0 0 0 0 0 0 0 0 0 0 0 0 0 0 0 0 0 0 0 0 0 0 0 0 0 0 0 0 0 0 0 0 0 0 0 0 0 0 0 0 0 0 0 0 0 0 0 0 0 0 0 0 0 0 0 0 0 0 0 0 0 0 0 0 0 0 0 0 0 0 0 0 0 0 0 0 0 0 0 0 0 0 0 0 0 0 0 0 0 0 0 0 0 0 0 0 0 0 0 0 0 0 0 0 0 0 0 0 0 0 0 0 0 0 0 0 0 0 0 0 0 0 0 0 0 0 0 0 0 0 0 0 0 0 0 0 0 0 0 0 0 0 0 0 0 0 0 0 0 0 0 0 0 0 0 0 0 0 0 0 0 0 0 0 0 0 0 0 0 0 0 0 0 0 0 0 0 0 0 0 0 0 0 0 0 0 0 0 0 0 0 0 0 0 0 0 0 0 0 0 0 0 0 0 0 0 0 0 0 0 0 0 0 0 0 0 0 0 0 0 0 0 0 0 0 0 0 0 0 0 0 0 0 0 0 0 0 0 0 0 0 0 0 0 0 0 0 0 0 0 0 0 0 0 0 0 0 0 0 0 0 0 0 0 0 0 0 0 0 0 0 0 0 0 0 0 0 0 0 0 0 0 0 0 0 0 0 0 0 0 0 0 0 0 0 0 0 0 0 0 0 0 0 0 0 0 0 0 0 0 0 0 0 0 0 0 0 0 0 0 0 0 0 0 0 0 0 0 0 0 0 0 0 0 0 0 0 0 0 0 0 0 0 0 0 0 0 0 0 0 0 0 0 0 0 0 0 0 0 0 0 0 0 0 0 0 0 0 0 0 0 0 0 0 0 0 0 0 0 0 0 0 0 0 0 0 0 0 0 0 0 0 0 0 0 0 0 0 0 0 0 0 0 0 0 0 0 0 0 0 0 0 0 0 0 0 0 0 0 0 0 0 0 0 0 0 0 0 0 0 0 0 0 0 0 0 0 0 0 0 0 0 0 0 0 0 0 0 0 0 0 0 0 0 0 0 0 0 0 0 0 0 0 0 0 0 0 0 0 0 0 0 0 0 0 0 0 0 0 0 0 0 0 0 0 0 0 0 0 0 0 0 0 0 0 0 0 0 0 0 0 0 0 0 0 0 0 0 0 0 0 0 0 0 0 0 0 0 0 0 0 0 0 0 0 0 0 0 0 0 0 0 0 0 0 0 0 0 0 0 0 0 0 0 0 0 0 0 0 0 0 0 0 0 0 0 0 0 0 0 0 0 0 0 0 0 0 0 0 0 0 0 0 0 0 0 0 0 0 0 0 0 0 0 0 0 0 0 0 0 0 0 0 0 0 0 0 0 0 0 0 0 0 0 0 0 0 0 0 0 0 0 0 0 0 0 0 0 0 0 0 0 0 0 0 0 0 0 0 0 0 0 0 0 0 0 0 0 0 0 0 0 0 0 0 0 0 0 0 0 0 0 0 0 0 0 0 0 0 0 0 0 0 0 0 0 0 0 0 0 0 0 0 0 0 0 0 0 0 0 0 0 0 0 0 0 0 0 0 0 0 0 0 0 0 0 0 0 0 0 0 0 0 0 0 0 0 0 0 0 0 0 0 0 0 0 0 0 0 0 0 0 0 0 0 0 0 0 0 0 0 0 0 0 0 0 0 0 0 0 0 0 0 0 0 0 0 0 0 0 0 0 0 0 0 0 0 0 0 0 0 0 0 0 0 0 0 0 0 0 0 0 0 0 0 0 0 0 0 0 0 0 0 0 0 0 0 0 0 0 0 0 0 0 0 0 0 0 0 0 0 0 0 0 0 0 0 0 0 0 0 0 0 0 0 0 0 0 0 0 0 0 0 0 0 0 0 0 0 0 0 0 0 0 0 0 0 0 0 0 0 0 0 0 0 0 0 0 0 0 0 0 0 0 0 0 0 0 0 0 0 0 0 0 0 0 0 0 0 0 0 0 0 0 0 0 0 0 0 0 0 0 0 0 0 0 0 0 0 0 0 0 0 0 0 0 0 0 0 0 0 0 0 0 0 0 0 0 0 0 0 0 0 0 0 0 0 0 0 0 0 0 0 0 0 0 0 0 0 0 0 0 0 0 0 0 0 0 0 0 0 0 0 0 0 0 0 0 0 0 0 0 0 0 0 0 0 0 0 0 0 0 0 0 0 0 0 0 0 0 0 0 0 0 0 0 0 0 0 0 0 0 0 0 0 0 0 0 0 0 0 0 0 0 0 0 0 0 0 0 0 0 0 0 0 0 0 0 0 0 0 0 0 0 0 0 0 0 0 0 0 0 0 0 0 0 0 0 0 0 0 0 0 0 0 0 0 0 0 0 0 0 0 0 0 0 0 0 0 0 0 0 0 0 0 0 0 0 0 0 0 0 0 0 0 0 0 0 0 0 0 0 0 0 0 0 0 0 0 0 0 0 0 0 0 0 0 0 0 0 0 0 0 0 0 0 0 0 0 0 0 0 0 0 0 0 0 0 0 0 0 0 0 0 0 0 0 0 0 0 0 0 0 0 0 0 0 0 0 0 0 0 0 0 0 0 0 0 0 0 0 0 0 0 0 0 0 0 0 0 0 0 0 0 0 0 0 0 0 0 0 0 0 0 0 0 0 0 0 0 0 0 0 0 0 0 0 0 0 0 0 0 0 0 0 0 0 0 0 0 0 0 0 0 0 0 0 0 0 0 0 0 0 0 0 0 0 0 0 0 0 0 0 0 0 0 0 0 0 0 0 0 0 0 0 0 0 0 0 0 0 0 0 0 0 0 0 0 0 0 0 0 0 0 0 0 0 0 0 0 0 0 0 0 0 0 0 0 0 0 0 0 0 0 0 0 0 0 0 0 0 0 0 0 0 0 0 0 0 0 0 0 0 0 0 0 0 0 0 0 0 0 0 0 0 0 0 0 0 0 0 0 0 0 0 0 0 0 0 0 0 0 0 0 0 0 0 0 0 0 0 0 0 0 0 0 0 0 0 0 0 0 0 0 0 0 0 0 0 0 0 0 0 0 0 0 0 0 0 0 0 0 0 0 0 0 0 0 0 0 0 0 0 0 0 0 0 0 0 0 0 0 0 0 0 0 0 0 0 0 0 0 0 0 0 0 0 0 0 0 0 0 0 0 0 0 0 0 0 0 0 0 0 0 0 0 0 0 0 0 0 0 0 0 0 0 0 0 0 0 0 0 0 0 0 0 0 0 0 0 0 0 0 0 0 0 0 0 0 0 0 0 0 0 0 0 0 0 0 0 0 0 0 0 0 0 0 0 0 0 0 0 0 0 0 0 0 0 0 0 0 0 0 0 0 0 0 0 0 0 0 0 0 0 0 0 0 0 0 0 0 0 0 0 0 0 0 0 0 0 0 0 0 0 0 0 0 0 0 0 0 0 0 0 0 0 0 0 0 0 0 0 0 0 0 0 0 0 0 0 0 0 0 0 0 0 0 0 0 0 0 0 0 0 0 0 0 0 0 0 0 0 0 0 0 0 0 0 0 0 0 0 0 0 0 0 0 0 0 0 0 0 0 0 0 0 0 0 0 0 0 0 0 0 0 0 0 0 0 0 0 0 0 0 0 0 0 0 0 0 0 0 0 0 0 0 0 0 0 0 0 0 0 0 0 0 0 0 0 0 0 0 0 0 0 0 0 0 0 0 0 0 0 0 0 0 0 0 0 0 0 0 0 0 0 0 0 0 0 0 0 0 0 0 0 0 0 0 0 0 0 0 0 0 0 0 0 0 0 0 0 0 0 0 0 0 0 0 0 0 0 0 0 0 0 0 0 0 0 0 0 0 0 0 0 0 0 0 0 0 0 0 0 0 0 0 0 0 0 0 0 0 0 0 0 0 0 0 0 0 0 0 0 0 0 0 0 0 0 0 0 0 0 0 0 0 0 0 0 0 0 0 0 0 0 0 0 0 0 0 0 0 0 0 0 0 0 0 0 0 0 0 0 0 0 0 0 0 0 0 0 0 0 0 0 0 0 0 0 0 0 0 0 0 0 0 0 0 0 0 0 0 0 0 0 0 0 0 0 0 0 0 0 0 0 0 0 0 0 0 0 0 0 0 0 0 0 0 0 0 0 0 0 0 0 0 0 0 0 0 0 0 0 0 0 0 0 0 0 0 0 0 0 0 0 0 0 0 0 0 0 0 0 0 0 0 0 0 0 0 0 0 0 0 0 0 0 0 0 0 0 0 0 0 0 0 0 0 0 0 0 0 0 0 0 0 0 0 0 0 0 0 0 0 0 0 0 0 0 0 0 0 0 0 0 0 0 0 0 0 0 0 0 0 0 0 0 0 0 0 0 0 0 0 0 0 0 0 0 0 0 0 0 0 0 0 0 0 0 0 0 0 0 0 0 0 0 0 0 0 0 0 0 0 0 0 0 0 0 0 0 0 0 0 0 0 0 0 0 0 0 0 0 0 0 0 0 0 0 0 0 0 0 0 0 0 0 0 0 0 0 0 0 0 0 0 0 0 0 0 0 0 0 0 0 0 0 0 0 0 0 0 0 0 0 0 0 0 0 0 0 0 0 0 0 0 0 0 0 0 0 0 0 0 0 0 0 0 0 0 0 0 0 0 0 0 0 0 0 0 0 0 0 0 0 0 0 0 0 0 0 0 0 0 0 0 0 0 0 0 0 0 0 0 0 0 0 0 0 0 0 0 0 0 0 0 0 0 0 0 0 0 0 0 0 0 0 0 0 0 0 0 0 0 0 0 0 0 0 0 0 0 0 0 0 0 0 0 0 0 0 0 0 0 0 0 0 0 0 0 0 0 0 0 0 0 0 0 0 0 0 0 0 0 0 0 0 0 0 0 0 0 0 0 0 0 0 0 0 0 0 0 0 0 0 0 0 0 0 0 0 0 0 0 0 0 0 0 0 0 0 0 0 0 0 0 0 0 0 0 0 0 0 0 0 0 0 0 0 0 0 0 0 0 0 0 0 0 0 0 0 0 0 0 0 0 0 0 0 0 0 0 0 0 0 0 0 0 0 0 0 0 0 0 0 0 0 0 0 0 0 0 0 0 0 0 0 0 0 0 0 0 0 0 0 0 0 0 0 0 0 0 0 0 0 0 0 0 0 0 0 0 0 0 0 0 0 0 0 0 0 0 0 0 0 0 0 0 0 0 0 0 0 0 0 0 0 0 0 0 0 0 0 0 0 0 0 0 0 0 0 0 0 0 0 0 0 0 0 0 0 0 0 0 0 0 0 0 0 0 0 0 0 0 0 0 0 0 0 0 0 0 0 0 0 0 0 0 0 0 0 0 0 0 0 0 0 0 0 0 0 0 0 0 0 0 0 0 0 0 0 0 0 0 0 0 0 0 0 0 0 0 0 0 0 0 0 0 0 0 0 0 0 0 0 0 0 0 0 0 0 0 0 0 0 0 0 0 0 0 0 0 0 0 0 0 0 0 0 0 0 0 0 0 0 0 0 0 0 0 0 0 0 0 0 0 0 0 0 0 0 0 0 0 0 0 0 0 0 0 0 0 0 0 0 0 0 0 0 0 0 0 0 0 0 0 0 0 0 0 0 0 0 0 0 0 0 0 0 0 0 0 0 0 0 0 0 0 0 0 0 0 0 0 0 0 0 0 0 0 0 0 0 0 0 0 0 0 0 0 0 0 0 0 0 0 0 0 0 0 0 0 0 0 0 0 0 0 0 0 0 0 0 0 0 0 0 0 0 0 0 0 0 0 0 0 0 0 0 0 0 0 0 0 0 0 0 0 0 0 0 0 0 0 0 0 0 0 0 0 0 0 0 0 0 0 0 0 0 0 0 0 0 0 0 0 0 0 0 0 0 0 0 0 0 0 0 0 0 0 0 0 0 0 0 0 0 0 0 0 0 0 0 0 0 0 0 0 0 0 0 0 0 0 0 0 0 0 0 0 0 0 0 0 0 0 0 0 0 0 0 0 0 0 0 0 0 0 0 0 0 0 0 0 0 0 0 0 0 0 0 0 0 0 0 0 0 0 0 0 0 0 0 0 0 0 0 0 0 0 0 0 0 0 0 0 0 0 0 0 0 0 0 0 0 0 0 0 0 0 0 0 0 0 0 0 0 0 0 0 0 0 0 0 0 0 0 0 0 0 0 0 0 0 0 0 0 0 0 0 0 0 0 0 0 0 0 0 0 0 0 0 0 0 0 0 0 0 0 0 0 0 0 0 0 0 0 0 0 0 0 0 0 0 0 0 0 0 0 0 0 0 0 0 0 0 0 0 0 0 0 0 0 0 0 0 0 0 0 0 0 0 0 0 0 0 0 0 0 0 0 0 0 0 0 0 0 0 0 0 0 0 0 0 0 0 0 0 0 0 0 0 0 0 0 0 0 0 0 0 0 0 0 0 0 0 0 0 0 0 0 0 0 0 0 0 0 0 0 0 0 0 0 0 0 0 0 0 0 0 0 0 0 0 0 0 0 0 0 0 0 0 0 0 0 0 0 0 0 0 0 0 0 0 0 0 0 0 0 0 0 0 0 0 0 0 0 0 0 0 0 0 0 0 0 0 0 0 0 0 0 0 0 0 0 0 0 0 0 0 0 0 0 0 0 0 0 0 0 0 0 0 0 0 0 0 0 0 0 0 0 0 0 0 0 0 0 0 0 0 0 0 0 0 0 0 0 0 0 0 0 0 0 0 0 0 0 0 0 0 0 0 0 0 0 0 0 0 0 0 0 0 0 0 0 0 0 0 0 0 0 0 0 0 0 0 0 0 0 0 0 0 0 0 0 0 0 0 0 0 0 0 0 0 0 0 0 0 0 0 0 0 0 0 0 0 0 0 0 0 0 0 0 0 0 0 0 0 0 0 0 0 0 0 0 0 0 0 0 0 0 0 0 0 0 0 0 0 0 0 0 0 0 0 0 0 0 0 0 0 0 0 0 0 0 0 0 0 0 0 0 0 0 0 0 0 0 0 0 0 0 0 0 0 0 0 0 0 0 0 0 0 0 0 0 0 0 0 0 0 0 0 0 0 0 0 0 0 0 0 0 0 0 0 0 0 0 0 0 0 0 0 0 0 0 0 0 0 0 0 0 0 0 0 0 0 0 0 0 0 0 0 0 0 0 0 0 0 0 0 0 0 0 0 0 0 0 0 0 0 0 0 0 0 0 0 0 0 0 0 0 0 0 0 0 0 0 0 0 0 0 0 0 0 0 0 0 0 0 0 0 0 0 0 0 0 0 0 0 0 0 0 0 0 0 0 0 0 0 0 0 0 0 0 0 0 0 0 0 0 0 0 0 0 0 0 0 0 0 0 0 0 0 0 0 0 0 0 0 0 0 0 0 0 0 0 0 0 0 0 0 0 0 0 0 0 0 0 0 0 0 0 0 0 0 0 0 0 0 0 0 0 0 0 0 0 0 0 0 0 0 0 0 0 0 0 0 0 0 0 0 0 0 0 0 0 0 0 0 0 0 0 0 0 0 0 0 0 0 0 0 0 0 0 0 0 0 0 0 0 0 0 0 0 0 0 0 0 0 0 0 0 0 0 0 0 0 0 0 0 0 0 0 0 0 0 0 0 0 0 0 0 0 0 0 0 0 0 0 0 0 0 0 0 0 0 0 0 0 0 0 0 0 0 0 0 0 0 0 0 0 0 0 0 0 0 0 0 0 0 0 0 0 0 0 0 0 0 0 0 0 0 0 0 0 0 0 0 0 0 0 0 0 0 0 0 0 0 0 0 0 0 0 0 0 0 0 0 0 0 0 0 0 0 0 0 0 0 0 0 0 0 0 0 0 0 0 0 0 0 0 0 0 0 0 0 0 0 0 0 0 0 0 0 0 0 0 0 0 0 0 0 0 0 0 0 0 0 0 0 0 0 0 0 0 0 0 0 0 0 0 0 0 0 0 0 0 0 0 0 0 0 0 0 0 0 0 0 0 0 0 0 0 0 0 0 0 0 0 0 0 0 0 0 0 0 0 0 0 0 0 0 0 0 0 0 0 0 0 0 0 0 0 0 0 0 0 0 0 0 0 0 0 0 0 0 0 0 0 0 0 0 0 0 0 0 0 0 0 0 0 0 0 0 0 0 0 0 0 0 0 0 0 0 0 0 0 0 0 0 0 0 0 0 0 0 0 0 0 0 0 0 0 0 0 0 0 0 0 0 0 0 0 0 0 0 0 0 0 0 0 0 0 0 0 0 0 0 0 0 0 0 0 0 0 0 0 0 0 0 0 0 0 0 0 0 0 0 0 0 0 0 0 0 0 0 0 0 0 0 0 0 0 0 0 0 0 0 0 0 0 0 0 0 0 0 0 0 0 0 0 0 0 0 0 0 0 0 0 0 0 0 0 0 0 0 0 0 0 0 0 0 0 0 0 0 0 0 0 0 0 0 0 0 0 0 0 0 0 0 0 0 0 0 0 0 0 0 0 0 0 0 0 0 0 0 0 0 0 0 0 0 0 0 0 0 0 0 0 0 0 0 0 0 0 0 0 0 0 0 0 0 0 0 0 0 0 0 0 0 0 0 0 0 0 0 0 0 0 0 0 0 0 0 0 0 0 0 0 0 0 0 0 0 0 0 0 0 0 0 0 0 0 0 0 0 0 0 0 0 0 0 0 0 0 0 0 0 0 0 0 0 0 0 0 0 0 0 0 0 0 0 0 0 0 0 0 0 0 0 0 0 0 0 0 0 0 0 0 0 0 0 0 0 0 0 0 0 0 0 0 0 0 0 0 0 0 0 0 0 0 0 0 0 0 0 0 0 0 0 0 0 0 0 0 0 0 0 0 0 0 0 0 0 0 0 0 0 0 0 0 0 0 0 0 0 0 0 0 0 0 0 0 0 0 0 0 0 0 0 0 0 0 0 0 0 0 0 0 0 0 0 0 0 0 0 0 0 0 0 0 0 0 0 0 0 0 0 0 0 0 0 0 0 0 0 0 0 0 0 0 0 0 0 0 0 0 0 0 0 0 0 0 0 0 0 0 0 0 0 0 0 0 0 0 0 0 0 0 0 0 0 0 0 0 0 0 0 0 0 0 0 0 0 0 0 0 0 0 0 0 0 0 0 0 0 0 0 0 0 0 0 0 0 0 0 0 0 0 0 0 0 0 0 0 0 0 0 0 0 0 0 0 0 0 0 0 0 0 0 0 0 0 0 0 0 0 0 0 0 0 0 0 0 0 0 0 0 0 0 0 0 0 0 0 0 0 0 0 0 0 0 0 0 0 0 0 0 0 0 0 0 0 0 0 0 0 0 0 0 0 0 0 0 0 0 0 0 0 0 0 0 0 0 0 0 0 0 0 0 0 0 0 0 0 0 0 0 0 0 0 0 0 0 0 0 0 0 0 0 0 0 0 0 0 0 0 0 0 0 0 0 0 0 0 0 0 0 0 0 0 0 0 0 0 0 0 0 0 0 0 0 0 0 0 0 0 0 0 0 0 0 0 0 0 0 0 0 0 0 0 0 0 0 0 0 0 0 0 0 0 0 0 0 0 0 0 0 0 0 0 0 0 0 0 0 0 0 0 0 0 0 0 0 0 0 0 0 0 0 0 0 0 0 0 0 0 0 0 0 0 0 0 0 0 0 0 0 0 0 0 0 0 0 0 0 0 0 0 0 0 0 0 0 0 0 0 0 0 0 0 0 0 0 0 0 0 0 0 0 0 0 0 0 0 0 0 0 0 0 0 0 0 0 0 0 0 0 0 0 0 0 0 0 0 0 0 0 0 0 0 0 0 0 0 0 0 0 0 0 0 0 0 0 0 0 0 0 0 0 0 0 0 0 0 0 0 0 0 0 0 0 0 0 0 0 0 0 0 0 0 0 0 0 0 0 0 0 0 0 0 0 0 0 0 0 0 0 0 0 0 0 0 0 0 0 0 0 0 0 0 0 0 0 0 0 0 0 0 0 0 0 0 0 0 0 0 0 0 0 0 0 0 0 0 0 0 0 0 0 0 0 0 0 0 0 0 0 0 0 0 0 0 0 0 0 0 0 0 0 0 0 0 0 0 0 0 0 0 0 0 0 0 0 0 0 0 0 0 0 0 0 0 0 0 0 0 0 0 0 0 0 0 0 0 0 0 0 0 0 0 0 0 0 0 0 0 0 0 0 0 0 0 0 0 0 0 0 0 0 0 0 0 0 0 0 0 0 0 0 0 0 0 0 0 0 0 0 0 0 0 0 0 0 0 0 0 0 0 0 0 0 0 0 0 0 0 0 0 0 0 0 0 0 0 0 0 0 0 0 0 0 0 0 0 0 0 0 0 0 0 0 0 0 0 0 0 0 0 0 0 0 0 0 0 0 0 0 0 0 0 0 0 0 0 0 0 0 0 0 0 0 0 0 0 0 0 0 0 0 0 0 0 0 0 0 0 0 0 0 0 0 0 0 0 0 0 0 0 0 0 0 0 0 0 0 0 0 0 0 0 0 0 0 0 0 0 0 0 0 0 0 0 0 0 0 0 0 0 0 0 0 0 0 0 0 0 0 0 0 0 0 0 0 0 0 0 0 0 0 0 0 0 0 0 0 0 0 0 0 0 0 0 0 0 0 0 0 0 0 0 0 0 0 0 0 0 0 0 0 0 0 0 0 0 0 0 0 0 0 0 0 0 0 0 0 0 0 0 0 0 0 0 0 0 0 0 0 0 0 0 0 0 0 0 0 0 0 0 0 0 0 0 0 0 0 0 0 0 0 0 0 0 0 0 0 0 0 0 0 0 0 0 0 0 0 0 0 0 0 0 0 0 0 0 0 0 0 0 0 0 0 0 0 0 0 0 0 0 0 0 0 0 0 0 0 0 0 0 0 0 0 0 0 0 0 0 0 0 0 0 0 0 0 0 0 0 0 0 0 0 0 0 0 0 0 0 0 0 0 0 0 0 0 0 0 0 0 0 0 0 0 0 0 0 0 0 0 0 0 0 0 0 0 0 0 0 0 0 0 0 0 0 0 0 0 0 0 0 0 0 0 0 0 0 0 0 0 0 0 0 0 0 0 0 0 0 0 0 0 0 0 0 0 0 0 0 0 0 0 0 0 0 0 0 0 0 0 0 0 0 0 0 0 0 0 0 0 0 0 0 0 0 0 0 0 0 0 0 0 0 0 0 0 0 0 0 0 0 0 0 0 0 0 0 0 0 0 0 0 0 0 0 0 0 0 0 0 0 0 0 0 0 0 0 0 0 0 0 0 0 0 0 0 0 0 0 0 0 0 0 0 0 0 0 0 0 0 0 0 0 0 0 0 0 0 0 0 0 0 0 0 0 0 0 0 0 0 0 0 0 0 0 0 0 0 0 0 0 0 0 0 0 0 0 0 0 0 0 0 0 0 0 0 0 0 0 0 0 0 0 0 0 0 0 0 0 0 0 0 0 0 0 0 0 0 0 0 0 0 0 0 0 0 0 0 0 0 0 0 0 0 0 0 0 0 0 0 0 0 0 0 0 0 0 0 0 0 0 0 0 0 0 0 0 0 0 0 0 0 0 0 0 0 0 0 0 0 0 0 0 0 0 0 0 0 0 0 0 0 0 0 0 0 0 0 0 0 0 0 0 0 0 0 0 0 0 0 0 0 0 0 0 0 0 0 0 0 0 0 0 0 0 0 0 0 0 0 0 0 0 0 0 0 0 0 0 0 0 0 0 0 0 0 0 0 0 0 0 0 0 0 0 0 0 0 0 0 0 0 0 0 0 0 0 0 0 0 0 0 0 0 0 0 0 0 0 0 0 0 0 0 0 0 0 0 0 0 0 0 0 0 0 0 0 0 0 0 0 0 0 0 0 0 0 0 0 0 0 0 0 0 0 0 0 0 0 0 0 0 0 0 0 0 0 0 0 0 0 0 0 0 0 0 0 0 0 0 0 0 0 0 0 0 0 0 0 0 0 0 0 0 0 0 0 0 0 0 0 0 0 0 0 0 0 0 0 0 0 0 0 0 0 0 0 0 0 0 0 0 0 0 0 0 0 0 0 0 0 0 0 0 0 0 0 0 0 0 0 0 0 0 0 0 0 0 0 0 0 0 0 0 0 0 0 0 0 0 0 0 0 0 0 0 0 0 0 0 0 0 0 0 0 0 0 0 0 0 0 0 0 0 0 0 0 0 0 0 0 0 0 0 0 0 0 0 0 0 0 0 0 0 0 0 0 0 0 0 0 0 0 0 0 0 0 0 0 0 0 0 0 0 0 0 0 0 0 0 0 0 0 0 0 0 0 0 0 0 0 0 0 0 0 0 0 0 0 0 0 0 0 0 0 0 0 0 0 0 0 0 0 0 0 0 0 0 0 0 0 0 0 0 0 0 0 0 0 0 0 0 0 0 0 0 0 0 0 0 0 0 0 0 0 0 0 0 0 0 0 0 0 0 0 0 0 0 0 0 0 0 0 0 0 0 0 0 0 0 0 0 0 0 0 0 0 0 0 0 0 0 0 0 0 0 0 0 0 0 0 0 0 0 0 0 0 0 0 0 0 0 0 0 0 0 0 0 0 0 0 0 0 0 0 0 0 0 0 0 0 0 0 0 0 0 0 0 0 0 0 0 0 0 0 0 0 0 0 0 0 0 0 0 0 0 0 0 0 0 0 0 0 0 0 0 0 0 0 0 0 0 0 0 0 0 0 0 0 0 0 0 0 0 0 0 0 0 0 0 0 0 0 0 0 0 0 0 0 0 0 0 0 0 0 0 0 0 0 0 0 0 0 0 0 0 0 0 0 0 0 0 0 0 0 0 0 0 0 0 0 0 0 0 0 0 0 0 0 0 0 0 0 0 0 0 0 0 0 0 0 0 0 0 0 0 0 0 0 0 0 0 0 0 0 0 0 0 0 0 0 0 0 0 0 0 0 0 0 0 0 0 0 0 0 0 0 0 0 0 0 0 0 0 0 0 0 0 0 0 0 0 0 0 0 0 0 0 0 0 0 0 0 0 0 0 0 0 0 0 0 0 0 0 0 0 0 0 0 0 0 0 0 0 0 0 0 0 0 0 0 0 0 0 0 0 0 0 0 0 0 0 0 0 0 0 0 0 0 0 0 0 0 0 0 0 0 0 0 0 0 0 0 0 0 0 0 0 0 0 0 0 0 0 0 0 0 0 0 0 0 0 0 0 0 0 0 0 0 0 0 0 0 0 0 0 0 0 0 0 0 0 0 0 0 0 0 0 0 0 0 0 0 0 0 0 0 0 0 0 0 0 0 0 0 0 0 0 0 0 0 0 0 0 0 0 0 0 0 0 0 0 0 0 0 0 0 0 0 0 0 0 0 0 0 0 0 0 0 0 0 0 0 0 0 0 0 0 0 0 0 0 0 0 0 0 0 0 0 0 0 0 0 0 0 0 0 0 0 0 0 0 0 0 0 0 0 0 0 0 0 0 0 0 0 0 0 0 0 0 0 0 0 0 0 0 0 0 0 0 0 0 0 0 0 0 0 0 0 0 0 0 0 0 0 0 0 0 0 0 0 0 0 0 0 0 0 0 0 0 0 0 0 0 0 0 0 0 0 0 0 0 0 0 0 0 0 0 0 0 0 0 0 0 0 0 0 0 0 0 0 0 0 0 0 0 0 0 0 0 0 0 0 0 0 0 0 0 0 0 0 0 0 0 0 0 0 0 0 0 0 0 0 0 0 0 0 0 0 0 0 0 0 0 0 0 0 0 0 0 0 0 0 0 0 0 0 0 0 0 0 0 0 0 0 0 0 0 0 0 0 0 0 0 0 0 0 0 0 0 0 0 0 0 0 0 0 0 0 0 0 0 0 0 0 0 0 0 0 0 0 0 0 0 0 0 0 0 0 0 0 0 0 0 0 0 0 0 0 0 0 0 0 0 0 0 0 0 0 0 0 0 0 0 0 0 0 0 0 0 0 0 0 0 0 0 0 0 0 0 0 0 0 0 0 0 0 0 0 0 0 0 0 0 0 0 0 0 0 0 0 0 0 0 0 0 0 0 0 0 0 0 0 0 0 0 0 0 0 0 0 0 0 0 0 0 0 0 0 0 0 0 0 0 0 0 0 0 0 0 0 0 0 0 0 0 0 0 0 0 0 0 0 0 0 0 0 0 0 0 0 0 0 0 0 0 0 0 0 0 0 0 0 0 0 0 0 0 0 0 0 0 0 0 0 0 0 0 0 0 0 0 0 0 0 0 0 0 0 0 0 0 0 0 0 0 0 0 0 0 0 0 0 0 0 0 0 0 0 0 0 0 0 0 0 0 0 0 0 0 0 0 0 0 0 0 0 0 0 0 0 0 0 0 0 0 0 0 0 0 0 0 0 0 0 0 0 0 0 0 0 0 0 0 0 0 0 0 0 0 0 0 0 0 0 0 0 0 0 0 0 0 0 0 0 0 0 0 0 0 0 0 0 0 0 0 0 0 0 0 0 0 0 0 0 0 0 0 0 0 0 0 0 0 0 0 0 0 0 0 0 0 0 0 0 0 0 0 0 0 0 0 0 0 0 0 0 0 0 0 0 0 0 0 0 0 0 0 0 0 0 0 0 0 0 0 0 0 0 0 0 0 0 0 0 0 0 0 0 0 0 0 0 0 0 0 0 0 0 0 0 0 0 0 0 0 0 0 0 0 0 0 0 0 0 0 0 0 0 0 0 0 0 0 0 0 0 0 0 0 0 0 0 0 0 0 0 0 0 0 0 0 0 0 0 0 0 0 0 0 0 0 0 0 0 0 0 0 0 0 0 0 0 0 0 0 0 0 0 0 0 0 0 0 0 0 0 0 0 0 0 0 0 0 0 0 0 0 0 0 0 0 0 0 0 0 0 0 0 0 0 0 0 0 0 0 0 0 0 0 0 0 0 0 0 0 0 0 0 0 0 0 0 0 0 0 0 0 0 0 0 0 0 0 0 0 0 0 0 0 0 0 0 0 0 0 0 0 0 0 0 0 0 0 0 0 0 0 0 0 0 0 0 0 0 0 0 0 0 0 0 0 0 0 0 0 0 0 0 0 0 0 0 0 0 0 0 0 0 0 0 0 0 0 0 0 0 0 0 0 0 0 0 0 0 0 0 0 0 0 0 0 0 0 0 0 0 0 0 0 0 0 0 0 0 0 0 0 0 0 0 0 0 0 0 0 0 0 0 0 0 0 0 0 0 0 0 0 0 0 0 0 0 0 0 0 0 0 0 0 0 0 0 0 0 0 0 0 0 0 0 0 0 0 0 0 0 0 0 0 0 0 0 0 0 0 0 0 0 0 0 0 0 0 0 0 0 0 0 0 0 0 0 0 0 0 0 0 0 0 0 0 0 0 0 0 0 0 0 0 0 0 0 0 0 0 0 0 0 0 0 0 0 0 0 0 0 0 0 0 0 0 0 0 0 0 0 0 0 0 0 0 0 0 0 0 0 0 0 0 0 0 0 0 0 0 0 0 0 0 0 0 0 0 0 0 0 0 0 0 0 0 0 0 0 0 0 0 0 0 0 0 0 0 0 0 0 0 0 0 0 0 0 0 0 0 0 0 0 0 0 0 0 0 0 0 0 0 0 0 0 0 0 0 0 0 0 0 0 0 0 0 0 0 0 0 0 0 0 0 0 0 0 0 0 0 0 0 0 0 0 0 0 0 0 0 0 0 0 0 0 0 0 0 0 0 0 0 0 0 0 0 0 0 0 0 0 0 0 0 0 0 0 0 0 0 0 0 0 0 0 0 0 0 0 0 0 0 0 0 0 0 0 0 0 0 0 0 0 0 0 0 0 0 0 0 0 0 0 0 0 0 0 0 0 0 0 0 0 0 0 0 0 0 0 0 0 0 0 0 0 0 0 0 0 0 0 0 0 0 0 0 0 0 0 0 0 0 0 0 0 0 0 0 0 0 0 0 0 0 0 0 0 0 0 0 0 0 0 0 0 0 0 0 0 0 0 0 0 0 0 0 0 0 0 0 0 0 0 0 0 0 0 0 0 0 0 0 0 0 0 0 0 0 0 0 0 0 0 0 0 0 0 0 0 0 0 0 0 0 0 0 0 0 0 0 0 0 0 0 0 0 0 0 0 0 0 0 0 0 0 0 0 0 0 0 0 0 0 0 0 0 0 0 0 0 0 0 0 0 0 0 0 0 0 0 0 0 0 0 0 0 0 0 0 0 0 0 0 0 0 0 0 0 0 0 0 0 0 0 0 0 0 0 0 0 0 0 0 0 0 0 0 0 0 0 0 0 0 0 0 0 0 0 0 0 0 0 0 0 0 0 0 0 0 0 0 0 0 0 0 0 0 0 0 0 0 0 0 0 0 0 0 0 0 0 0 0 0 0 0 0 0 0 0 0 0 0 0 0 0 0 0 0 0 0 0 0 0 0 0 0 0 0 0 0 0 0 0 0 0 0 0 0 0 0 0 0 0 0 0 0 0 0 0 0 0 0 0 0 0 0 0 0 0 0 0 0 0 0 0 0 0 0 0 0 0 0 0 0 0 0 0 0 0 0 0 0 0 0 0 0 0 0 0 0 0 0 0 0 0 0 0 0 0 0 0 0 0 0 0 0 0 0 0 0 0 0 0 0 0 0 0 0 0 0 0 0 0 0 0 0 0 0 0 0 0 0 0 0 0 0 0 0 0 0 0 0 0 0 0 0 0 0 0 0 0 0 0 0 0 0 0 0 0 0 0 0 0 0 0 0 0 0 0 0 0 0 0 0 0 0 0 0 0 0 0 0 0 0 0 0 0 0 0 0 0 0 0 0 0 0 0 0 0 0 0 0 0 0 0 0 0 0 0 0 0 0 0 0 0 0 0 0 0 0 0 0 0 0 0 0 0 0 0 0 0 0 0 0 0 0 0 0 0 0 0 0 0 0 0 0 0 0 0 0 0 0 0 0 0 0 0 0 0 0 0 0 0 0 0 0 0 0 0 0 0 0 0 0 0 0 0 0 0 0 0 0 0 0 0 0 0 0 0 0 0 0 0 0 0 0 0 0 0 0 0 0 0 0 0 0 0 0 0 0 0 0 0 0 0 0 0 0 0 0 0 0 0 0 0 0 0 0 0 0 0 0 0 0 0 0 0 0 0 0 0 0 0 0 0 0 0 0 0 0 0 0 0 0 0 0 0 0 0 0 0 0 0 0 0 0 0 0 0 0 0 0 0 0 0 0 0 0 0 0 0 0 0 0 0 0 0 0 0 0 0 0 0 0 0 0 0 0 0 0 0 0 0 0 0 0 0 0 0 0 0 0 0 0 0 0 0 0 0 0 0 0 0 0 0 0 0 0 0 0 0 0 0 0 0 0 0 0 0 0 0 0 0 0 0 0 0 0 0 0 0 0 0 0 0 0 0 0 0 0 0 0 0 0 0 0 0 0 0 0 0 0 0 0 0 0 0 0 0 0 0 0 0 0 0 0 0 0 0 0 0 0 0 0 0 0 0 0 0 0 0 0 0 0 0 0 0 0 0 0 0 0 0 0 0 0 0 0 0 0 0 0 0 0 0 0 0 0 0 0 0 0 0 0 0 0 0 0 0 0 0 0 0 0 0 0 0 0 0 0 0 0 0 0 0 0 0 0 0 0 0 0 0 0 0 0 0 0 0 0 0 0 0 0 0 0 0 0 0 0 0 0 0 0 0 0 0 0 0 0 0 0 0 0 0 0 0 0 0 0 0 0 0 0 0 0 0 0 0 0 0 0 0 0 0 0 0 0 0 0 0 0 0 0 0 0 0 0 0 0 0 0 0 0 0 0 0 0 0 0 0 0 0 0 0 0 0 0 0 0 0 0 0 0 0 0 0 0 0 0 0 0 0 0 0 0 0 0 0 0 0 0 0 0 0 0 0 0 0 0 0 0 0 0 0 0 0 0 0 0 0 0 0 0 0 0 0 0 0 0 0 0 0 0 0 0 0 0 0 0 0 0 0 0 0 0 0 0 0 0 0 0 0 0 0 0 0 0 0 0 0 0 0 0 0 0 0 0 0 0 0 0 0 0 0 0 0 0 0 0 0 0 0 0 0 0 0 0 0 0 0 0 0 0 0 0 0 0 0 0 0 0 0 0 0 0 0 0 0 0 0 0 0 0 0 0 0 0 0 0 0 0 0 0 0 0 0 0 0 0 0 0 0 0 0 0 0 0 0 0 0 0 0 0 0 0 0 0 0 0 0 0 0 0 0 0 0 0 0 0 0 0 0 0 0 0 0 0 0 0 0 0 0 0 0 0 0 0 0 0 0 0 0 0 0 0 0 0 0 0 0 0 0 0 0 0 0 0 0 0 0 0 0 0 0 0 0 0 0 0 0 0 0 0 0 0 0 0 0 0 0 0 0 0 0 0 0 0 0 0 0 0 0 0 0 0 0 0 0 0 0 0 0 0 0 0 0 0 0 0 0 0 0 0 0 0 0 0 0 0 0 0 0 0 0 0 0 0 0 0 0 0 0 0 0 0 0 0 0 0 0 0 0 0 0 0 0 0 0 0 0 0 0 0 0 0 0 0 0 0 0 0 0 0 0 0 0 0 0 0 0 0 0 0 0 0 0 0 0 0 0 0 0 0 0 0 0 0 0 0 0 0 0 0 0 0 0 0 0 0 0 0 0 0 0 0 0 0 0 0 0 0 0 0 0 0 0 0 0 0 0 0 0 0 0 0 0 0 0 0 0 0 0 0 0 0 0 0 0 0 0 0 0 0 0 0 0 0 0 0 0 0 0 0 0 0 0 0 0 0 0 0 0 0 0 0 0 0 0 0 0 0 0 0 0 0 0 0 0 0 0 0 0 0 0 0 0 0 0 0 0 0 0 0 0 0 0 0 0 0 0 0 0 0 0 0 0 0 0 0 0 0 0 0 0 0 0 0 0 0 0 0 0 0 0 0 0 0 0 0 0 0 0 0 0 0 0 0 0 0 0 0 0 0 0 0 0 0 0 0 0 0 0 0 0 0 0 0 0 0 0 0 0 0 0 0 0 0 0 0 0 0 0 0 0 0 0 0 0 0 0 0 0 0 0 0 0 0 0 0 0 0 0 0 0 0 0 0 0 0 0 0 0 0 0 0 0 0 0 0 0 0 0 0 0 0 0 0 0 0 0 0 0 0 0 0 0 0 0 0 0 0 0 0 0 0 0 0 0 0 0 0 0 0 0 0 0 0 0 0 0 0 0 0 0 0 0 0 0 0 0 0 0 0 0 0 0 0 0 0 0 0 0 0 0 0 0 0 0 0 0 0 0 0 0 0 0 0 0 0 0 0 0 0 0 0 0 0 0 0 0 0 0 0 0 0 0 0 0 0 0 0 0 0 0 0 0 0 0 0 0 0 0 0 0 0 0 0 0 0 0 0 0 0 0 0 0 0 0 0 0 0 0 0 0 0 0 0 0 0 0 0 0 0 0 0 0 0 0 0 0 0 0 0 0 0 0 0 0 0 0 0 0 0 0 0 0 0 0 0 0 0 0 0 0 0 0 0 0 0 0 0 0 0 0 0 0 0 0 0 0 0 0 0 0 0 0 0 0 0 0 0 0 0 0 0 0 0 0 0 0 0 0 0 0 0 0 0 0 0 0 0 0 0 0 0 0 0 0 0 0 0 0 0 0 0 0 0 0 0 0 0 0 0 0 0 0 0 0 0 0 0 0 0 0 0 0 0 0 0 0 0 0 0 0 0 0 0 0 0 0 0 0 0 0 0 0 0 0 0 0 0 0 0 0 0 0 0 0 0 0 0 0 0 0 0 0 0 0 0 0 0 0 0 0 0 0 0 0 0 0 0 0 0 0 0 0 0 0 0 0 0 0 0 0 0 0 0 0 0 0 0 0 0 0 0 0 0 0 0 0 0 0 0 0 0 0 0 0 0 0 0 0 0 0 0 0 0 0 0 0 0 0 0 0 0 0 0 0 0 0 0 0 0 0 0 0 0 0 0 0 0 0 0 0 0 0 0 0 0 0 0 0 0 0 0 0 0 0 0 0 0 0 0 0 0 0 0 0 0 0 0 0 0 0 0 0 0 0 0 0 0 0 0 0 0 0 0 0 0 0 0 0 0 0 0 0 0 0 0 0 0 0 0 0 0 0 0 0 0 0 0 0 0 0 0 0 0 0 0 0 0 0 0 0 0 0 0 0 0 0 0 0 0 0 0 0 0 0 0 0 0 0 0 0 0 0 0 0 0 0 0 0 0 0 0 0 0 0 0 0 0 0 0 0 0 0 0 0 0 0 0 0 0 0 0 0 0 0 0 0 0 0 0 0 0 0 0 0 0 0 0 0 0 0 0 0 0 0 0 0 0 0 0 0 0 0 0 0 0 0 0 0 0 0 0 0 0 0 0 0 0 0 0 0 0 0 0 0 0 0 0 0 0 0 0 0 0 0 0 0 0 0 0 0 0 0 0 0 0 0 0 0 0 0 0 0 0 0 0 0 0 0 0 0 0 0 0 0 0 0 0 0 0 0 0 0 0 0 0 0 0 0 0 0 0 0 0 0 0 0 0 0 0 0 0 0 0 0 0 0 0 0 0 0 0 0 0 0 0 0 0 0 0 0 0 0 0 0 0 0 0 0 0 0 0 0 0 0 0 0 0 0 0 0 0 0 0 0 0 0 0 0 0 0 0 0 0 0 0 0 0 0 0 0 0 0 0 0 0 0 0 0 0 0 0 0 0 0 0 0 0 0 0 0 0 0 0 0 0 0 0 0 0 0 0 0 0 0 0 0 0 0 0 0 0 0 0 0 0 0 0 0 0 0 0 0 0 0 0 0 0 0 0 0 0 0 0 0 0 0 0 0 0 0 0 0 0 0 0 0 0 0 0 0 0 0 0 0 0 0 0 0 0 0 0 0 0 0 0 0 0 0 0 0 0 0 0 0 0 0 0 0 0 0 0 0 0 0 0 0 0 0 0 0 0 0 0 0 0 0 0 0 0 0 0 0 0 0 0 0 0 0 0 0 0 0 0 0 0 0 0 0 0 0 0 0 0 0 0 0 0 0 0 0 0 0 0 0 0 0 0 0 0 0 0 0 0 0 0 0 0 0 0 0 0 0 0 0 0 0 0 0 0 0 0 0 0 0 0 0 0 0 0 0 0 0 0 0 0 0 0 0 0 0 0 0 0 0 0 0 0 0 0 0 0 0 0 0 0 0 0 0 0 0 0 0 0 0 0 0 0 0 0 0 0 0 0 0 0 0 0 0 0 0 0 0 0 0 0 0 0 0 0 0 0 0 0 0 0 0 0 0 0 0 0 0 0 0 0 0 0 0 0 0 0 0 0 0 0 0 0 0 0 0 0 0 0 0 0 0 0 0 0 0 0 0 0 0 0 0 0 0 0 0 0 0 0 0 0 0 0 0 0 0 0 0 0 0 0 0 0 0 0 0 0 0 0 0 0 0 0 0 0 0 0 0 0 0 0 0 0 0 0 0 0 0 0 0 0 0 0 0 0 0 0 0 0 0 0 0 0 0 0 0 0 0 0 0 0 0 0 0 0 0 0 0 0 0 0 0 0 0 0 0 0 0 0 0 0 0 0 0 0 0 0 0 0 0 0 0 0 0 0 0 0 0 0 0 0 0 0 0 0 0 0 0 0 0 0 0 0 0 0 0 0 0 0 0 0 0 0 0 0 0 0 0 0 0 0 0 0 0 0 0 0 0 0 0 0 0 0 0 0 0 0 0 0 0 0 0 0 0 0 0 0 0 0 0 0 0 0 0 0 0 0 0 0 0 0 0 0 0 0 0 0 0 0 0 0 0 0 0 0 0 0 0 0 0 0 0 0 0 0 0 0 0 0 0 0 0 0 0 0 0 0 0 0 0 0 0 0 0 0 0 0 0 0 0 0 0 0 0 0 0 0 0 0 0 0 0 0 0 0 0 0 0 0 0 0 0 0 0 0 0 0 0 0 0 0 0 0 0 0 0 0 0 0 0 0 0 0 0 0 0 0 0 0 0 0 0 0 0 0 0 0 0 0 0 0 0 0 0 0 0 0 0 0 0 0 0 0 0 0 0 0 0 0 0 0 0 0 0 0 0 0 0 0 0 0 0 0 0 0 0 0 0 0 0 0 0 0 0 0 0 0 0 0 0 0 0 0 0 0 0 0 0 0 0 0 0 0 0 0 0 0 0 0 0 0 0 0 0 0 0 0 0 0 0 0 0 0 0 0 0 0 0 0 0 0 0 0 0 0 0 0 0 0 0 0 0 0 0 0 0 0 0 0 0 0 0 0 0 0 0 0 0 0 0 0 0 0 0 0 0 0 0 0 0 0 0 0 0 0 0 0 0 0 0 0 0 0 0 0 0 0 0 0 0 0 0 0 0 0 0 0 0 0 0 0 0 0 0 0 0 0 0 0 0 0 0 0 0 0 0 0 0 0 0 0 0 0 0 0 0 0 0 0 0 0 0 0 0 0 0 0 0 0 0 0 0 0 0 0 0 0 0 0 0 0 0 0 0 0 0 0 0 0 0 0 0 0 0 0 0 0 0 0 0 0 0 0 0 0 0 0 0 0 0 0 0 0 0 0 0 0 0 0 0 0 0 0 0 0 0 0 0 0 0 0 0 0 0 0 0 0 0 0 0 0 0 0 0 0 0 0 0 0 0 0 0 0 0 0 0 0 0 0 0 0 0 0 0 0 0 0 0 0 0 0 0 0 0 0 0 0 0 0 0 0 0 0 0 0 0 0 0 0 0 0 0 0 0 0 0 0 0 0 0 0 0 0 0 0 0 0 0 0 0 0 0 0 0 0 0 0 0 0 0 0 0 0 0 0 0 0 0 0 0 0 0 0 0 0 0 0 0 0 0 0 0 0 0 0 0 0 0 0 0 0 0 0 0 0 0 0 0 0 0 0 0 0 0 0 0 0 0 0 0 0 0 0 0 0 0 0 0 0 0 0 0 0 0 0 0 0 0 0 0 0 0 0 0 0 0 0 0 0 0 0 0 0 0 0 0 0 0 0 0 0 0 0 0 0 0 0 0 0 0 0 0 0 0 0 0 0 0 0 0 0 0 0 0 0 0 0 0 0 0 0 0 0 0 0 0 0 0 0 0 0 0 0 0 0 0 0 0 0 0 0 0 0 0 0 0 0 0 0 0 0 0 0 0 0 0 0 0 0 0 0 0 0 0 0 0 0 0 0 0 0 0 0 0 0 0 0 0 0 0 0 0 0 0 0 0 0 0 0 0 0 0 0 0 0 0 0 0 0 0 0 0 0 0 0 0 0 0 0 0 0 0 0 0 0 0 0 0 0 0 0 0 0 0 0 0 0 0 0 0 0 0 0 0 0 0 0 0 0 0 0 0 0 0 0 0 0 0 0 0 0 0 0 0 0 0 0 0 0 0 0 0 0 0 0 0 0 0 0 0 0 0 0 0 0 0 0 0 0 0 0 0 0 0 0 0 0 0 0 0 0 0 0 0 0 0 0 0 0 0 0 0 0 0 0 0 0 0 0 0 0 0 0 0 0 0 0 0 0 0 0 0 0 0 0 0 0 0 0 0 0 0 0 0 0 0 0 0 0 0 0 0 0 0 0 0 0 0 0 0 0 0 0 0 0 0 0 0 0 0 0 0 0 0 0 0 0 0 0 0 0 0 0 0 0 0 0 0 0 0 0 0 0 0 0 0 0 0 0 0 0 0 0 0 0 0 0 0 0 0 0 0 0 0 0 0 0 0 0 0 0 0 0 0 0 0 0 0 0 0 0 0 0 0 0 0 0 0 0 0 0 0 0 0 0 0 0 0 0 0 0 0 0 0 0 0 0 0 0 0 0 0 0 0 0 0 0 0 0 0 0 0 0 0 0 0 0 0 0 0 0 0 0 0 0 0 0 0 0 0 0 0 0 0 0 0 0 0 0 0 0 0 0 0 0 0 0 0 0 0 0 0 0 0 0 0 0 0 0 0 0 0 0 0 0 0 0 0 0 0 0 0 0 0 0 0 0 0 0 0 0 0 0 0 0 0 0 0 0 0 0 0 0 0 0 0 0 0 0 0 0 0 0 0 0 0 0 0 0 0 0 0 0 0 0 0 0 0 0 0 0 0 0 0 0 0 0 0 0 0 0 0 0 0 0 0 0 0 0 0 0 0 0 0 0 0 0 0 0 0 0 0 0 0 0 0 0 0 0 0 0 0 0 0 0 0 0 0 0 0 0 0 0 0 0 0 0 0 0 0 0 0 0 0 0 0 0 0 0 0 0 0 0 0 0 0 0 0 0 0 0 0 0 0 0 0 0 0 0 0 0 0 0 0 0 0 0 0 0 0 0 0 0 0 0 0 0 0 0 0 0 0 0 0 0 0 0 0 0 0 0 0 0 0 0 0 0 0 0 0 0 0 0 0 0 0 0 0 0 0 0 0 0 0 0 0 0 0 0 0 0 0 0 0 0 0 0 0 0 0 0 0 0 0 0 0 0 0 0 0 0 0 0 0 0 0 0 0 0 0 0 0 0 0 0 0 0 0 0 0 0 0 0 0 0 0 0 0 0 0 0 0 0 0 0 0 0 0 0 0 0 0 0 0 0 0 0 0 0 0 0 0 0 0 0 0 0 0 0 0 0 0 0 0 0 0 0 0 0 0 0 0 0 0 0 0 0 0 0 0 0 0 0 0 0 0 0 0 0 0 0 0 0 0 0 0 0 0 0 0 0 0 0 0 0 0 0 0 0 0 0 0 0 0 0 0 0 0 0 0 0 0 0 0 0 0 0 0 0 0 0 0 0 0 0 0 0 0 0 0 0 0 0 0 0 0 0 0 0 0 0 0 0 0 0 0 0 0 0 0 0 0 0 0 0 0 0 0 0 0 0 0 0 0 0 0 0 0 0 0 0 0 0 0 0 0 0 0 0 0 0 0 0 0 0 0 0 0 0 0 0 0 0 0 0 0 0 0 0 0 0 0 0 0 0 0 0 0 0 0 0 0 0 0 0 0 0 0 0 0 0 0 0 0 0 0 0 0 0 0 0 0 0 0 0 0 0 0 0 0 0 0 0 0 0 0 0 0 0 0 0 0 0 0 0 0 0 0 0 0 0 0 0 0 0 0 0 0 0 0 0 0 0 0 0 0 0 0 0 0 0 0 0 0 0 0 0 0 0 0 0 0 0 0 0 0 0 0 0 0 0 0 0 0 0 0 0 0 0 0 0 0 0 0 0 0 0 0 0 0 0 0 0 0 0 0 0 0 0 0 0 0 0 0 0 0 0 0 0 0 0 0 0 0 0 0 0 0 0 0 0 0 0 0 0 0 0 0 0 0 0 0 0 0 0 0 0 0 0 0 0 0 0 0 0 0 0 0 0 0 0 0 0 0 0 0 0 0 0 0 0 0 0 0 0 0 0 0 0 0 0 0 0 0 0 0 0 0 0 0 0 0 0 0 0 0 0 0 0 0 0 0 0 0 0 0 0 0 0 0 0 0 0 0 0 0 0 0 0 0 0 0 0 0 0 0 0 0 0 0 0 0 0 0 0 0 0 0 0 0 0 0 0 0 0 0 0 0 0 0 0 0 0 0 0 0 0 0 0 0 0 0 0 0 0 0 0 0 0 0 0 0 0 0 0 0 0 0 0 0 0 0 0 0 0 0 0 0 0 0 0 0 0 0 0 0 0 0 0 0 0 0 0 0 0 0 0 0 0 0 0 0 0 0 0 0 0 0 0 0 0 0 0 0 0 0 0 0 0 0 0 0 0 0 0 0 0 0 0 0 0 0 0 0 0 0 0 0 0 0 0 0 0 0 0 0 0 0 0 0 0 0 0 0 0 0 0 0 0 0 0 0 0 0 0 0 0 0 0 0 0 0 0 0 0 0 0 0 0 0 0 0 0 0 0 0 0 0 0 0 0 0 0 0 0 0 0 0 0 0 0 0 0 0 0 0 0 0 0 0 0 0 0 0 0 0 0 0 0 0 0 0 0 0 0 0 0 0 0 0 0 0 0 0 0 0 0 0 0 0 0 0 0 0 0 0 0 0 0 0 0 0 0 0 0 0 0 0 0 0 0 0 0 0 0 0 0 0 0 0 0 0 0 0 0 0 0 0 0 0 0 0 0 0 0 0 0 0 0 0 0 0 0 0 0 0 0 0 0 0 0 0 0 0 0 0 0 0 0 0 0 0 0 0 0 0 0 0 0 0 0 0 0 0 0 0 0 0 0 0 0 0 0 0 0 0 0 0 0 0 0 0 0 0 0 0 0 0 0 0 0 0 0 0 0 0 0 0 0 0 0 0 0 0 0 0 0 0 0 0 0 0 0 0 0 0 0 0 0 0 0 0 0 0 0 0 0 0 0 0 0 0 0 0 0 0 0 0 0 0 0 0 0 0 0 0 0 0 0 0 0 0 0 0 0 0 0 0 0 0 0 0 0 0 0 0 0 0 0 0 0 0 0 0 0 0 0 0 0 0 0 0 0 0 0 0 0 0 0 0 0 0 0 0 0 0 0 0 0 0 0 0 0 0 0 0 0 0 0 0 0 0 0 0 0 0 0 0 0 0 0 0 0 0 0 0 0 0 0 0 0 0 0 0 0 0 0 0 0 0 0 0 0 0 0 0 0 0 0 0 0 0 0 0 0 0 0 0 0 0 0 0 0 0 0 0 0 0 0 0 0 0 0 0 0 0 0 0 0 0 0 0 0 0 0 0 0 0 0 0 0 0 0 0 0 0 0 0 0 0 0 0 0 0 0 0 0 0 0 0 0 0 0 0 0 0 0 0 0 0 0 0 0 0 0 0 0 0 0 0 0 0 0 0 0 0 0 0 0 0 0 0 0 0 0 0 0 0 0 0 0 0 0 0 0 0 0 0 0 0 0 0 0 0 0 0 0 0 0 0 0 0 0 0 0 0 0 0 0 0 0 0 0 0 0 0 0 0 0 0 0 0 0 0 0 0 0 0 0 0 0 0 0 0 0 0 0 0 0 0 0 0 0 0 0 0 0 0 0 0 0 0 0 0 0 0 0 0 0 0 0 0 0 0 0 0 0 0 0 0 0 0 0 0 0 0 0 0 0 0 0 0 0 0 0 0 0 0 0 0 0 0 0 0 0 0 0 0 0 0 0 0 0 0 0 0 0 0 0 0 0 0 0 0 0 0 0 0 0 0 0 0 0 0 0 0 0 0 0 0 0 0 0 0 0 0 0 0 0 0 0 0 0 0 0 0 0 0 0 0 0 0 0 0 0 0 0 0 0 0 0 0 0 0 0 0 0 0 0 0 0 0 0 0 0 0 0 0 0 0 0 0 0 0 0 0 0 0 0 0 0 0 0 0 0 0 0 0 0 0 0 0 0 0 0 0 0 0 0 0 0 0 0 0 0 0 0 0 0 0 0 0 0 0 0 0 0 0 0 0 0 0 0 0 0 0 0 0 0 0 0 0 0 0 0 0 0 0 0 0 0 0 0 0 0 0 0 0 0 0 0 0 0 0 0 0 0 0 0 0 0 0 0 0 0 0 0 0 0 0 0 0 0 0 0 0 0 0 0 0 0 0 0 0 0 0 0 0 0 0 0 0 0 0 0 0 0 0 0 0 0 0 0 0 0 0 0 0 0 0 0 0 0 0 0 0 0 0 0 0 0 0 0 0 0 0 0 0 0 0 0 0 0 0 0 0 0 0 0 0 0 0 0 0 0 0 0 0 0 0 0 0 0 0 0 0 0 0 0 0 0 0 0 0 0 0 0 0 0 0 0 0 0 0 0 0 0 0 0 0 0 0 0 0 0 0 0 0 0 0 0 0 0 0 0 0 0 0 0 0 0 0 0 0 0 0 0 0 0 0 0 0 0 0 0 0 0 0 0 0 0 0 0 0 0 0 0 0 0 0 0 0 0 0 0 0 0 0 0 0 0 0 0 0 0 0 0 0 0 0 0 0 0 0 0 0 0 0 0 0 0 0 0 0 0 0 0 0 0 0 0 0 0 0 0 0 0 0 0 0 0 0 0 0 0 0 0 0 0 0 0 0 0 0 0 0 0 0 0 0 0 0 0 0 0 0 0 0 0 0 0 0 0 0 0 0 0 0 0 0 0 0 0 0 0 0 0 0 0 0 0 0 0 0 0 0 0 0 0 0 0 0 0 0 0 0 0 0 0 0 0 0 0 0 0 0 0 0 0 0 0 0 0 0 0 0 0 0 0 0 0 0 0 0 0 0 0 0 0 0 0 0 0 0 0 0 0 0 0 0 0 0 0 0 0 0 0 0 0 0 0 0 0 0 0 0 0 0 0 0 0 0 0 0 0 0 0 0 0 0 0 0 0 0 0 0 0 0 0 0 0 0 0 0 0 0 0 0 0 0 0 0 0 0 0 0 0 0 0 0 0 0 0 0 0 0 0 0 0 0 0 0 0 0 0 0 0 0 0 0 0 0 0 0 0 0 0 0 0 0 0 0 0 0 0 0 0 0 0 0 0 0 0 0 0 0 0 0 0 0 0 0 0 0 0 0 0 0 0 0 0 0 0 0 0 0 0 0 0 0 0 0 0 0 0 0 0 0 0 0 0 0 0 0 0 0 0 0 0 0 0 0 0 0 0 0 0 0 0 0 0 0 0 0 0 0 0 0 0 0 0 0 0 0 0 0 0 0 0 0 0 0 0 0 0 0 0 0 0 0 0 0 0 0 0 0 0 0 0 0 0 0 0 0 0 0 0 0 0 0 0 0 0 0 0 0 0 0 0 0 0 0 0 0 0 0 0 0 0 0 0 0 0 0 0 0 0 0 0 0 0 0 0 0 0 0 0 0 0 0 0 0 0 0 0 0 0 0 0 0 0 0 0 0 0 0 0 0 0 0 0 0 0 0 0 0 0 0 0 0 0 0 0 0 0 0 0 0 0 0 0 0 0 0 0 0 0 0 0 0 0 0 0 0 0 0 0 0 0 0 0 0 0 0 0 0 0 0 0 0 0 0 0 0 0 0 0 0 0 0 0 0 0 0 0 0 0 0 0 0 0 0 0 0 0 0 0 0 0 0 0 0 0 0 0 0 0 0 0 0 0 0 0 0 0 0 0 0 0 0 0 0 0 0 0 0 0 0 0 0 0 0 0 0 0 0 0 0 0 0 0 0 0 0 0 0 0 0 0 0 0 0 0 0 0 0 0 0 0 0 0 0 0 0 0 0 0 0 0 0 0 0 0 0 0 0 0 0 0 0 0 0 0 0 0 0 0 0 0 0 0 0 0 0 0 0 0 0 0 0 0 0 0 0 0 0 0 0 0 0 0 0 0 0 0 0 0 0 0 0 0 0 0 0 0 0 0 0 0 0 0 0 0 0 0 0 0 0 0 0 0 0 0 0 0 0 0 0 0 0 0 0 0 0 0 0 0 0 0 0 0 0 0 0 0 0 0 0 0 0 0 0 0 0 0 0 0 0 0 0 0 0 0 0 0 0 0 0 0 0 0 0 0 0 0 0 0 0 0 0 0 0 0 0 0 0 0 0 0 0 0 0 0 0 0 0 0 0 0 0 0 0 0 0 0 0 0 0 0 0 0 0 0 0 0 0 0 0 0 0 0 0 0 0 0 0 0 0 0 0 0 0 0 0 0 0 0 0 0 0 0 0 0 0 0 0 0 0 0 0 0 0 0 0 0 0 0 0 0 0 0 0 0 0 0 0 0 0 0 0 0 0 0 0 0 0 0 0 0 0 0 0 0 0 0 0 0 0 0 0 0 0 0 0 0 0 0 0 0 0 0 0 0 0 0 0 0 0 0 0 0 0 0 0 0 0 0 0 0 0 0 0 0 0 0 0 0 0 0 0 0 0 0 0 0 0 0 0 0 0 0 0 0 0 0 0 0 0 0 0 0 0 0 0 0 0 0 0 0 0 0 0 0 0 0 0 0 0 0 0 0 0 0 0 0 0 0 0 0 0 0 0 0 0 0 0 0 0 0 0 0 0 0 0 0 0 0 0 0 0 0 0 0 0 0 0 0 0 0 0 0 0 0 0 0 0 0 0 0 0 0 0 0 0 0 0 0 0 0 0 0 0 0 0 0 0 0 0 0 0 0 0 0 0 0 0 0 0 0 0 0 0 0 0 0 0 0 0 0 0 0 0 0 0 0 0 0 0 0 0 0 0 0 0 0 0 0 0 0 0 0 0 0 0 0 0 0 0 0 0 0 0 0 0 0 0 0 0 0 0 0 0 0 0 0 0 0 0 0 0 0 0 0 0 0 0 0 0 0 0 0 0 0 0 0 0 0 0 0 0 0 0 0 0 0 0 0 0 0 0 0 0 0 0 0 0 0 0 0 0 0 0 0 0 0 0 0 0 0 0 0 0 0 0 0 0 0 0 0 0 0 0 0 0 0 0 0 0 0 0 0 0 0 0 0 0 0 0 0 0 0 0 0 0 0 0 0 0 0 0 0 0 0 0 0 0 0 0 0 0 0 0 0 0 0 0 0 0 0 0 0 0 0 0 0 0 0 0 0 0 0 0 0 0 0 0 0 0 0 0 0 0 0 0 0 0 0 0 0 0 0 0 0 0 0 0 0 0 0 0 0 0 0 0 0 0 0 0 0 0 0 0 0 0 0 0 0 0 0 0 0 0 0 0 0 0 0 0 0 0 0 0 0 0 0 0 0 0 0 0 0 0 0 0 0 0 0 0 0 0 0 0 0 0 0 0 0 0 0 0 0 0 0 0 0 0 0 0 0 0 0 0 0 0 0 0 0 0 0 0 0 0 0 0 0 0 0 0 0 0 0 0 0 0 0 0 0 0 0 0 0 0 0 0 0 0 0 0 0 0 0 0 0 0 0 0 0 0 0 0 0 0 0 0 0 0 0 0 0 0 0 0 0 0 0 0 0 0 0 0 0 0 0 0 0 0 0 0 0 0 0 0 0 0 0 0 0 0 0 0 0 0 0 0 0 0 0 0 0 0 0 0 0 0 0 0 0 0 0 0 0 0 0 0 0 0 0 0 0 0 0 0 0 0 0 0 0 0 0 0 0 0 0 0 0 0 0 0 0 0 0 0 0 0 0 0 0 0 0 0 0 0 0 0 0 0 0 0 0 0 0 0 0 0 0 0 0 0 0 0 0 0 0 0 0 0 0 0 0 0 0 0 0 0 0 0 0 0 0 0 0 0 0 0 0 0 0 0 0 0 0 0 0 0 0 0 0 0 0 0 0 0 0 0 0 0 0 0 0 0 0 0 0 0 0 0 0 0 0 0 0 0 0 0 0 0 0 0 0 0 0 0 0 0 0 0 0 0 0 0 0 0 0 0 0 0 0 0 0 0 0 0 0 0 0 0 0 0 0 0 0 0 0 0 0 0 0 0 0 0 0 0 0 0 0 0 0 0 0 0 0 0 0 0 0 0 0 0 0 0 0 0 0 0 0 0 0 0 0 0 0 0 0 0 0 0 0 0 0 0 0 0 0 0 0 0 0 0 0 0 0 0 0 0 0 0 0 0 0 0 0 0 0 0 0 0 0 0 0 0 0 0 0 0 0 0 0 0 0 0 0 0 0 0 0 0 0 0 0 0 0 0 0 0 0 0 0 0 0 0 0 0 0 0 0 0 0 0 0 0 0 0 0 0 0 0 0 0 0 0 0 0 0 0 0 0 0 0 0 0 0 0 0 0 0 0 0 0 0 0 0 0 0 0 0 0 0 0 0 0 0 0 0 0 0 0 0 0 0 0 0 0 0 0 0 0 0 0 0 0 0 0 0 0 0 0 0 0 0 0 0 0 0 0 0 0 0 0 0 0 0 0 0 0 0 0 0 0 0 0 0 0 0 0 0 0 0 0 0 0 0 0 0 0 0 0 0 0 0 0 0 0 0 0 0 0 0 0 0 0 0 0 0 0 0 0 0 0 0 0 0 0 0 0 0 0 0 0 0 0 0 0 0 0 0 0 0 0 0 0 0 0 0 0 0 0 0 0 0 0 0 0 0 0 0 0 0 0 0 0 0 0 0 0 0 0 0 0 0 0 0 0 0 0 0 0 0 0 0 0 0 0 0 0 0 0 0 0 0 0 0 0 0 0 0 0 0 0 0 0 0 0 0 0 0 0 0 0 0 0 0 0 0 0 0 0 0 0 0 0 0 0 0 0 0 0 0 0 0 0 0 0 0 0 0 0 0 0 0 0 0 0 0 0 0 0 0 0 0 0 0 0 0 0 0 0 0 0 0 0 0 0 0 0 0 0 0 0 0 0 0 0 0 0 0 0 0 0 0 0 0 0 0 0 0 0 0 0 0 0 0 0 0 0 0 0 0 0 0 0 0 0 0 0 0 0 0 0 0 0 0 0 0 0 0 0 0 0 0 0 0 0 0 0 0 0 0 0 0 0 0 0 0 0 0 0 0 0 0 0 0 0 0 0 0 0 0 0 0 0 0 0 0 0 0 0 0 0 0 0 0 0 0 0 0 0 0 0 0 0 0 0 0 0 0 0 0 0 0 0 0 0 0 0 0 0 0 0 0 0 0 0 0 0 0 0 0 0 0 0 0 0 0 0 0 0 0 0 0 0 0 0 0 0 0 0 0 0 0 0 0 0 0 0 0 0 0 0 0 0 0 0 0 0 0 0 0 0 0 0 0 0 0 0 0 0 0 0 0 0 0 0 0 0 0 0 0 0 0 0 0 0 0 0 0 0 0 0 0 0 0 0 0 0 0 0 0 0 0 0 0 0 0 0 0 0 0 0 0 0 0 0 0 0 0 0 0 0 0 0 0 0 0 0 0 0 0 0 0 0 0 0 0 0 0 0 0 0 0 0 0 0 0 0 0 0 0 0 0 0 0 0 0 0 0 0 0 0 0 0 0 0 0 0 0 0 0 0 0 0 0 0 0 0 0 0 0 0 0 0 0 0 0 0 0 0 0 0 0 0 0 0 0 0 0 0 0 0 0 0 0 0 0 0 0 0 0 0 0 0 0 0 0 0 0 0 0 0 0 0 0 0 0 0 0 0 0 0 0 0 0 0 0 0 0 0 0 0 0 0 0 0 0 0 0 0 0 0 0 0 0 0 0 0 0 0 0 0 0 0 0 0 0 0 0 0 0 0 0 0 0 0 0 0 0 0 0 0 0 0 0 0 0 0 0 0 0 0 0 0 0 0 0 0 0 0 0 0 0 0 0 0 0 0 0 0 0 0 0 0 0 0 0 0 0 0 0 0 0 0 0 0 0 0 0 0 0 0 0 0 0 0 0 0 0 0 0 0 0 0 0 0 0 0 0 0 0 0 0 0 0 0 0 0 0 0 0 0 0 0 0 0 0 0 0 0 0 0 0 0 0 0 0 0 0 0 0 0 0 0 0 0 0 0 0 0 0 0 0 0 0 0 0 0 0 0 0 0 0 0 0 0 0 0 0 0 0 0 0 0 0 0 0 0 0 0 0 0 0 0 0 0 0 0 0 0 0 0 0 0 0 0 0 0 0 0 0 0 0 0 0 0 0 0 0 0 0 0 0 0 0 0 0 0 0 0 0 0 0 0 0 0 0 0 0 0 0 0 0 0 0 0 0 0 0 0 0 0 0 0 0 0 0 0 0 0 0 0 0 0 0 0 0 0 0 0 0 0 0 0 0 0 0 0 0 0 0 0 0 0 0 0 0 0 0 0 0 0 0 0 0 0 0 0 0 0 0 0 0 0 0 0 0 0 0 0 0 0 0 0 0 0 0 0 0 0 0 0 0 0 0 0 0 0 0 0 0 0 0 0 0 0 0 0 0 0 0 0 0 0 0 0 0 0 0 0 0 0 0 0 0 0 0 0 0 0 0 0 0 0 0 0 0 0 0 0 0 0 0 0 0 0 0 0 0 0 0 0 0 0 0 0 0 0 0 0 0 0 0 0 0 0 0 0 0 0 0 0 0 0 0 0 0 0 0 0 0 0 0 0 0 0 0 0 0 0 0 0 0 0 0 0 0 0 0 0 0 0 0 0 0 0 0 0 0 0 0 0 0 0 0 0 0 0 0 0 0 0 0 0 0 0 0 0 0 0 0 0 0 0 0 0 0 0 0 0 0 0 0 0 0 0 0 0 0 0 0 0 0 0 0 0 0 0 0 0 0 0 0 0 0 0 0 0 0 0 0 0 0 0 0 0 0 0 0 0 0 0 0 0 0 0 0 0 0 0 0 0 0 0 0 0 0 0 0 0 0 0 0 0 0 0 0 0 0 0 0 0 0 0 0 0 0 0 0 0 0 0 0 0 0 0 0 0 0 0 0 0 0 0 0 0 0 0 0 0 0 0 0 0 0 0 0 0 0 0 0 0 0 0 0 0 0 0 0 0 0 0 0 0 0 0 0 0 0 0 0 0 0 0 0 0 0 0 0 0 0 0 0 0 0 0 0 0 0 0 0 0 0 0 0 0 0 0 0 0 0 0 0 0 0 0 0 0 0 0 0 0 0 0 0 0 0 0 0 0 0 0 0 0 0 0 0 0 0 0 0 0 0 0 0 0 0 0 0 0 0 0 0 0 0 0 0 0 0 0 0 0 0 0 0 0 0 0 0 0 0 0 0 0 0 0 0 0 0 0 0 0 0 0 0 0 0 0 0 0 0 0 0 0 0 0 0 0 0 0 0 0 0 0 0 0 0 0 0 0 0 0 0 0 0 0 0 0 0 0 0 0 0 0 0 0 0 0 0 0 0 0 0 0 0 0 0 0 0 0 0 0 0 0 0 0 0 0 0 0 0 0 0 0 0 0 0 0 0 0 0 0 0 0 0 0 0 0 0 0 0 0 0 0 0 0 0 0 0 0 0 0 0 0 0 0 0 0 0 0 0 0 0 0 0 0 0 0 0 0 0 0 0 0 0 0 0 0 0 0 0 0 0 0 0 0 0 0 0 0 0 0 0 0 0 0 0 0 0 0 0 0 0 0 0 0 0 0 0 0 0 0 0 0 0 0 0 0 0 0 0 0 0 0 0 0 0 0 0 0 0 0 0 0 0 0 0 0 0 0 0 0 0 0 0 0 0 0 0 0 0 0 0 0 0 0 0 0 0 0 0 0 0 0 0 0 0 0 0 0 0 0 0 0 0 0 0 0 0 0 0 0 0 0 0 0 0 0 0 0 0 0 0 0 0 0 0 0 0 0 0 0 0 0 0 0 0 0 0 0 0 0 0 0 0 0 0 0 0 0 0 0 0 0 0 0 0 0 0 0 0 0 0 0 0 0 0 0 0 0 0 0 0 0 0 0 0 0 0 0 0 0 0 0 0 0 0 0 0 0 0 0 0 0 0 0 0 0 0 0 0 0 0 0 0 0 0 0 0 0 0 0 0 0 0 0 0 0 0 0 0 0 0 0 0 0 0 0 0 0 0 0 0 0 0 0 0 0 0 0 0 0 0 0 0 0 0 0 0 0 0 0 0 0 0 0 0 0 0 0 0 0 0 0 0 0 0 0 0 0 0 0 0 0 0 0 0 0 0 0 0 0 0 0 0 0 0 0 0 0 0 0 0 0 0 0 0 0 0 0 0 0 0 0 0 0 0 0 0 0 0 0 0 0 0 0 0 0 0 0 0 0 0 0 0 0 0 0 0 0 0 0 0 0 0 0 0 0 0 0 0 0 0 0 0 0 0 0 0 0 0 0 0 0 0 0 0 0 0 0 0 0 0 0 0 0 0 0 0 0 0 0 0 0 0 0 0 0 0 0 0 0 0 0 0 0 0 0 0 0 0 0 0 0 0 0 0 0 0 0 0 0 0 0 0 0 0 0 0 0 0 0 0 0 0 0 0 0 0 0 0 0 0 0 0 0 0 0 0 0 0 0 0 0 0 0 0 0 0 0 0 0 0 0 0 0 0 0 0 0 0 0 0 0 0 0 0 0 0 0 0 0 0 0 0 0 0 0 0 0 0 0 0 0 0 0 0 0 0 0 0 0 0 0 0 0 0 0 0 0 0 0 0 0 0 0 0 0 0 0 0 0 0 0 0 0 0 0 0 0 0 0 0 0 0 0 0 0 0 0 0 0 0 0 0 0 0 0 0 0 0 0 0 0 0 0 0 0 0 0 0 0 0 0 0 0 0 0 0 0 0 0 0 0 0 0 0 0 0 0 0 0 0 0 0 0 0 0 0 0 0 0 0 0 0 0 0 0 0 0 0 0 0 0 0 0 0 0 0 0 0 0 0 0 0 0 0 0 0 0 0 0 0 0 0 0 0 0 0 0 0 0 0 0 0 0 0 0 0 0 0 0 0 0 0 0 0 0 0 0 0 0 0 0 0 0 0 0 0 0 0 0 0 0 0 0 0 0 0 0 0 0 0 0 0 0 0 0 0 0 0 0 0 0 0 0 0 0 0 0 0 0 0 0 0 0 0 0 0 0 0 0 0 0 0 0 0 0 0 0 0 0 0 0 0 0 0 0 0 0 0 0 0 0 0 0 0 0 0 0 0 0 0 0 0 0 0 0 0 0 0 0 0 0 0 0 0 0 0 0 0 0 0 0 0 0 0 0 0 0 0 0 0 0 0 0 0 0 0 0 0 0 0 0 0 0 0 0 0 0 0 0 0 0 0 0 0 0 0 0 0 0 0 0 0 0 0 0 0 0 0 0 0 0 0 0 0 0 0 0 0 0 0 0 0 0 0 0 0 0 0 0 0 0 0 0 0 0 0 0 0 0 0 0 0 0 0 0 0 0 0 0 0 0 0 0 0 0 0 0 0 0 0 0 0 0 0 0 0 0 0 0 0 0 0 0 0 0 0 0 0 0 0 0 0 0 0 0 0 0 0 0 0 0 0 0 0 0 0 0 0 0 0 0 0 0 0 0 0 0 0 0 0 0 0 0 0 0 0 0 0 0 0 0 0 0 0 0 0 0 0 0 0 0 0 0 0 0 0 0 0 0 0 0 0 0 0 0 0 0 0 0 0 0 0 0 0 0 0 0 0 0 0 0 0 0 0 0 0 0 0 0 0 0 0 0 0 0 0 0 0 0 0 0 0 0 0 0 0 0 0 0 0 0 0 0 0 0 0 0 0 0 0 0 0 0 0 0 0 0 0 0 0 0 0 0 0 0 0 0 0 0 0 0 0 0 0 0 0 0 0 0 0 0 0 0 0 0 0 0 0 0 0 0 0 0 0 0 0 0 0 0 0 0 0 0 0 0 0 0 0 0 0 0 0 0 0 0 0 0 0 0 0 0 0 0 0 0 0 0 0 0 0 0 0 0 0 0 0 0 0 0 0 0 0 0 0 0 0 0 0 0 0 0 0 0 0 0 0 0 0 0 0 0 0 0 0 0 0 0 0 0 0 0 0 0 0 0 0 0 0 0 0 0 0 0 0 0 0 0 0 0 0 0 0 0 0 0 0 0 0 0 0 0 0 0 0 0 0 0 0 0 0 0 0 0 0 0 0 0 0 0 0 0 0 0 0 0 0 0 0 0 0 0 0 0 0 0 0 0 0 0 0 0 0 0 0 0 0 0 0 0 0 0 0 0 0 0 0 0 0 0 0 0 0 0 0 0 0 0 0 0 0 0 0 0 0 0 0 0 0 0 0 0 0 0 0 0 0 0 0 0 0 0 0 0 0 0 0 0 0 0 0 0 0 0 0 0 0 0 0 0 0 0 0 0 0 0 0 0 0 0 0 0 0 0 0 0 0 0 0 0 0 0 0 0 0 0 0 0 0 0 0 0 0 0 0 0 0 0 0 0 0 0 0 0 0 0 0 0 0 0 0 0 0 0 0 0 0 0 0 0 0 0 0 0 0 0 0 0 0 0 0 0 0 0 0 0 0 0 0 0 0 0 0 0 0 0 0 0 0 0 0 0 0 0 0 0 0 0 0 0 0 0 0 0 0 0 0 0 0 0 0 0 0 0 0 0 0 0 0 0 0 0 0 0 0 0 0 0 0 0 0 0 0 0 0 0 0 0 0 0 0 0 0 0 0 0 0 0 0 0 0 0 0 0 0 0 0 0 0 0 0 0 0 0 0 0 0 0 0 0 0 0 0 0 0 0 0 0 0 0 0 0 0 0 0 0 0 0 0 0 0 0 0 0 0 0 0 0 0 0 0 0 0 0 0 0 0 0 0 0 0 0 0 0 0 0 0 0 0 0 0 0 0 0 0 0 0 0 0 0 0 0 0 0 0 0 0 0 0 0 0 0 0 0 0 0 0 0 0 0 0 0 0 0 0 0 0 0 0 0 0 0 0 0 0 0 0 0 0 0 0 0 0 0 0 0 0 0 0 0 0 0 0 0 0 0 0 0 0 0 0 0 0 0 0 0 0 0 0 0 0 0 0 0 0 0 0 0 0 0 0 0 0 0 0 0 0 0 0 0 0 0 0 0 0 0 0 0 0 0 0 0 0 0 0 0 0 0 0 0 0 0 0 0 0 0 0 0 0 0 0 0 0 0 0 0 0 0 0 0 0 0 0 0 0 0 0 0 0 0 0 0 0 0 0 0 0 0 0 0 0 0 0 0 0 0 0 0 0 0 0 0 0 0 0 0 0 0 0 0 0 0 0 0 0 0 0 0 0 0 0 0 0 0 0 0 0 0 0 0 0 0 0 0 0 0 0 0 0 0 0 0 0 0 0 0 0 0 0 0 0 0 0 0 0 0 0 0 0 0 0 0 0 0 0 0 0 0 0 0 0 0 0 0 0 0 0 0 0 0 0 0 0 0 0 0 0 0 0 0 0 0 0 0 0 0 0 0 0 0 0 0 0 0 0 0 0 0 0 0 0 0 0 0 0 0 0 0 0 0 0 0 0 0 0 0 0 0 0 0 0 0 0 0 0 0 0 0 0 0 0 0 0 0 0 0 0 0 0 0 0 0 0 0 0 0 0 0 0 0 0 0 0 0 0 0 0 0 0 0 0 0 0 0 0 0 0 0 0 0 0 0 0 0 0 0 0 0 0 0 0 0 0 0 0 0 0 0 0 0 0 0 0 0 0 0 0 0 0 0 0 0 0 0 0 0 0 0 0 0 0 0 0 0 0 0 0 0 0 0 0 0 0 0 0 0 0 0 0 0 0 0 0 0 0 0 0 0 0 0 0 0 0 0 0 0 0 0 0 0 0 0 0 0 0 0 0 0 0 0 0 0 0 0 0 0 0 0 0 0 0 0 0 0 0 0 0 0 0 0 0 0 0 0 0 0 0 0 0 0 0 0 0 0 0 0 0 0 0 0 0 0 0 0 0 0 0 0 0 0 0 0 0 0 0 0 0 0 0 0 0 0 0 0 0 0 0 0 0 0 0 0 0 0 0 0 0 0 0 0 0 0 0 0 0 0 0 0 0 0 0 0 0 0 0 0 0 0 0 0 0 0 0 0 0 0 0 0 0 0 0 0 0 0 0 0 0 0 0 0 0 0 0 0 0 0 0 0 0 0 0 0 0 0 0 0 0 0 0 0 0 0 0 0 0 0 0 0 0 0 0 0 0 0 0 0 0 0 0 0 0 0 0 0 0 0 0 0 0 0 0 0 0 0 0 0 0 0 0 0 0 0 0 0 0 0 0 0 0 0 0 0 0 0 0 0 0 0 0 0 0 0 0 0 0 0 0 0 0 0 0 0 0 0 0 0 0 0 0 0 0 0 0 0 0 0 0 0 0 0 0 0 0 0 0 0 0 0 0 0 0 0 0 0 0 0 0 0 0 0 0 0 0 0 0 0 0 0 0 0 0 0 0 0 0 0 0 0 0 0 0 0 0 0 0 0 0 0 0 0 0 0 0 0 0 0 0 0 0 0 0 0 0 0 0 0 0 0 0 0 0 0 0 0 0 0 0 0 0 0 0 0 0 0 0 0 0 0 0 0 0 0 0 0 0 0 0 0 0 0 0 0 0 0 0 0 0 0 0 0 0 0 0 0 0 0 0 0 0 0 0 0 0 0 0 0 0 0 0 0 0 0 0 0 0 0 0 0 0 0 0 0 0 0 0 0 0 0 0 0 0 0 0 0 0 0 0 0 0 0 0 0 0 0 0 0 0 0 0 0 0 0 0 0 0 0 0 0 0 0 0 0 0 0 0 0 0 0 0 0 0 0 0 0 0 0 0 0 0 0 0 0 0 0 0 0 0 0 0 0 0 0 0 0 0 0 0 0 0 0 0 0 0 0 0 0 0 0 0 0 0 0 0 0 0 0 0 0 0 0 0 0 0 0 0 0 0 0 0 0 0 0 0 0 0 0 0 0 0 0 0 0 0 0 0 0 0 0 0 0 0 0 0 0 0 0 0 0 0 0 0 0 0 0 0 0 0 0 0 0 0 0 0 0 0 0 0 0 0 0 0 0 0 0 0 0 0 0 0 0 0 0 0 0 0 0 0 0 0 0 0 0 0 0 0 0 0 0 0 0 0 0 0 0 0 0 0 0 0 0 0 0 0 0 0 0 0 0 0 0 0 0 0 0 0 0 0 0 0 0 0 0 0 0 0 0 0 0 0 0 0 0 0 0 0 0 0 0 0 0 0 0 0 0 0 0 0 0 0 0 0 0 0 0 0 0 0 0 0 0 0 0 0 0 0 0 0 0 0 0 0 0 0 0 0 0 0 0 0 0 0 0 0 0 0 0 0 0 0 0 0 0 0 0 0 0 0 0 0 0 0 0 0 0 0 0 0 0 0 0 0 0 0 0 0 0 0 0 0 0 0 0 0 0 0 0 0 0 0 0 0 0 0 0 0 0 0 0 0 0 0 0 0 0 0 0 0 0 0 0 0 0 0 0 0 0 0 0 0 0 0 0 0 0 0 0 0 0 0 0 0 0 0 0 0 0 0 0 0 0 0 0 0 0 0 0 0 0 0 0 0 0 0 0 0 0 0 0 0 0 0 0 0 0 0 0 0 0 0 0 0 0 0 0 0 0 0 0 0 0 0 0 0 0 0 0 0 0 0 0 0 0 0 0 0 0 0 0 0 0 0 0 0 0 0 0 0 0 0 0 0 0 0 0 0 0 0 0 0 0 0 0 0 0 0 0 0 0 0 0 0 0 0 0 0 0 0 0 0 0 0 0 0 0 0 0 0 0 0 0 0 0 0 0 0 0 0 0 0 0 0 0 0 0 0 0 0 0 0 0 0 0 0 0 0 0 0 0 0 0 0 0 0 0 0 0 0 0 0 0 0 0 0 0 0 0 0 0 0 0 0 0 0 0 0 0 0 0 0 0 0 0 0 0 0 0 0 0 0 0 0 0 0 0 0 0 0 0 0 0 0 0 0 0 0 0 0 0 0 0 0 0 0 0 0 0 0 0 0 0 0 0 0 0 0 0 0 0 0 0 0 0 0 0 0 0 0 0 0 0 0 0 0 0 0 0 0 0 0 0 0 0 0 0 0 0 0 0 0 0 0 0 0 0 0 0 0 0 0 0 0 0 0 0 0 0 0 0 0 0 0 0 0 0 0 0 0 0 0 0 0 0 0 0 0 0 0 0 0 0 0 0 0 0 0 0 0 0 0 0 0 0 0 0 0 0 0 0 0 0 0 0 0 0 0 0 0 0 0 0 0 0 0 0 0 0 0 0 0 0 0 0 0 0 0 0 0 0 0 0 0 0 0 0 0 0 0 0 0 0 0 0 0 0 0 0 0 0 0 0 0 0 0 0 0 0 0 0 0 0 0 0 0 0 0 0 0 0 0 0 0 0 0 0 0 0 0 0 0 0 0 0 0 0 0 0 0 0 0 0 0 0 0 0 0 0 0 0 0 0 0 0 0 0 0 0 0 0 0 0 0 0 0 0 0 0 0 0 0 0 0 0 0 0 0 0 0 0 0 0 0 0 0 0 0 0 0 0 0 0 0 0 0 0 0 0 0 0 0 0 0 0 0 0 0 0 0 0 0 0 0 0 0 0 0 0 0 0 0 0 0 0 0 0 0 0 0 0 0 0 0 0 0 0 0 0 0 0 0 0 0 0 0 0 0 0 0 0 0 0 0 0 0 0 0 0 0 0 0 0 0 0 0 0 0 0 0 0 0 0 0 0 0 0 0 0 0 0 0 0 0 0 0 0 0 0 0 0 0 0 0 0 0 0 0 0 0 0 0 0 0 0 0 0 0 0 0 0 0 0 0 0 0 0 0 0 0 0 0 0 0 0 0 0 0 0 0 0 0 0 0 0 0 0 0 0 0 0 0 0 0 0 0 0 0 0 0 0 0 0 0 0 0 0 0 0 0 0 0 0 0 0 0 0 0 0 0 0 0 0 0 0 0 0 0 0 0 0 0 0 0 0 0 0 0 0 0 0 0 0 0 0 0 0 0 0 0 0 0 0 0 0 0 0 0 0 0 0 0 0 0 0 0 0 0 0 0 0 0 0 0 0 0 0 0 0 0 0 0 0 0 0 0 0 0 0 0 0 0 0 0 0 0 0 0 0 0 0 0 0 0 0 0 0 0 0 0 0 0 0 0 0 0 0 0 0 0 0 0 0 0 0 0 0 0 0 0 0 0 0 0 0 0 0 0 0 0 0 0 0 0 0 0 0 0 0 0 0 0 0 0 0 0 0 0 0 0 0 0 0 0 0 0 0 0 0 0 0 0 0 0 0 0 0 0 0 0 0 0 0 0 0 0 0 0 0 0 0 0 0 0 0 0 0 0 0 0 0 0 0 0 0 0 0 0 0 0 0 0 0 0 0 0 0 0 0 0 0 0 0 0 0 0 0 0 0 0 0 0 0 0 0 0 0 0 0 0 0 0 0 0 0 0 0 0 0 0 0 0 0 0 0 0 0 0 0 0 0 0 0 0 0 0 0 0 0 0 0 0 0 0 0 0 0 0 0 0 0 0 0 0 0 0 0 0 0 0 0 0 0 0 0 0 0 0 0 0 0 0 0 0 0 0 0 0 0 0 0 0 0 0 0 0 0 0 0 0 0 0 0 0 0 0 0 0 0 0 0 0 0 0 0 0 0 0 0 0 0 0 0 0 0 0 0 0 0 0 0 0 0 0 0 0 0 0 0 0 0 0 0 0 0 0 0 0 0 0 0 0 0 0 0 0 0 0 0 0 0 0 0 0 0 0 0 0 0 0 0 0 0 0 0 0 0 0 0 0 0 0 0 0 0 0 0 0 0 0 0 0 0 0 0 0 0 0 0 0 0 0 0 0 0 0 0 0 0 0 0 0 0 0 0 0 0 0 0 0 0 0 0 0 0 0 0 0 0 0 0 0 0 0 0 0 0 0 0 0 0 0 0 0 0 0 0 0 0 0 0 0 0 0 0 0 0 0 0 0 0 0 0 0 0 0 0 0 0 0 0 0 0 0 0 0 0 0 0 0 0 0 0 0 0 0 0 0 0 0 0 0 0 0 0 0 0 0 0 0 0 0 0 0 0 0 0 0 0 0 0 0 0 0 0 0 0 0 0 0 0 0 0 0 0 0 0 0 0 0 0 0 0 0 0 0 0 0 0 0 0 0 0 0 0 0 0 0 0 0 0 0 0 0 0 0 0 0 0 0 0 0 0 0 0 0 0 0 0 0 0 0 0 0 0 0 0 0 0 0 0 0 0 0 0 0 0 0 0 0 0 0 0 0 0 0 0 0 0 0 0 0 0 0 0 0 0 0 0 0 0 0 0 0 0 0 0 0 0 0 0 0 0 0 0 0 0 0 0 0 0 0 0 0 0 0 0 0 0 0 0 0 0 0 0 0 0 0 0 0 0 0 0 0 0 0 0 0 0 0 0 0 0 0 0 0 0 0 0 0 0 0 0 0 0 0 0 0 0 0 0 0 0 0 0 0 0 0 0 0 0 0 0 0 0 0 0 0 0 0 0 0 0 0 0 0 0 0 0 0 0 0 0 0 0 0 0 0 0 0 0 0 0 0 0 0 0 0 0 0 0 0 0 0 0 0 0 0 0 0 0 0 0 0 0 0 0 0 0 0 0 0 0 0 0 0 0 0 0 0 0 0 0 0 0 0 0 0 0 0 0 0 0 0 0 0 0 0 0 0 0 0 0 0 0 0 0 0 0 0 0 0 0 0 0 0 0 0 0 0 0 0 0 0 0 0 0 0 0 0 0 0 0 0 0 0 0 0 0 0 0 0 0 0 0 0 0 0 0 0 0 0 0 0 0 0 0 0 0 0 0 0 0 0 0 0 0 0 0 0 0 0 0 0 0 0 0 0 0 0 0 0 0 0 0 0 0 0 0 0 0 0 0 0 0 0 0 0 0 0 0 0 0 0 0 0 0 0 0 0 0 0 0 0 0 0 0 0 0 0 0 0 0 0 0 0 0 0 0 0 0 0 0 0 0 0 0 0 0 0 0 0 0 0 0 0 0 0 0 0 0 0 0 0 0 0 0 0 0 0 0 0 0 0 0 0 0 0 0 0 0 0 0 0 0 0 0 0 0 0 0 0 0 0 0 0 0 0 0 0 0 0 0 0 0 0 0 0 0 0 0 0 0 0 0 0 0 0 0 0 0 0 0 0 0 0 0 0 0 0 0 0 0 0 0 0 0 0 0 0 0 0 0 0 0 0 0 0 0 0 0 0 0 0 0 0 0 0 0 0 0 0 0 0 0 0 0 0 0 0 0 0 0 0 0 0 0 0 0 0 0 0 0 0 0 0 0 0 0 0 0 0 0 0 0 0 0 0 0 0 0 0 0 0 0 0 0 0 0 0 0 0 0 0 0 0 0 0 0 0 0 0 0 0 0 0 0 0 0 0 0 0 0 0 0 0 0 0 0 0 0 0 0 0 0 0 0 0 0 0 0 0 0 0 0 0 0 0 0 0 0 0 0 0 0 0 0 0 0 0 0 0 0 0 0 0 0 0 0 0 0 0 0 0 0 0 0 0 0 0 0 0 0 0 0 0 0 0 0 0 0 0 0 0 0 0 0 0 0 0 0 0 0 0 0 0 0 0 0 0 0 0 0 0 0 0 0 0 0 0 0 0 0 0 0 0 0 0 0 0 0 0 0 0 0 0 0 0 0 0 0 0 0 0 0 0 0 0 0 0 0 0 0 0 0 0 0 0 0 0 0 0 0 0 0 0 0 0 0 0 0 0 0 0 0 0 0 0 0 0 0 0 0 0 0 0 0 0 0 0 0 0 0 0 0 0 0 0 0 0 0 0 0 0 0 0 0 0 0 0 0 0 0 0 0 0 0 0 0 0 0 0 0 0 0 0 0 0 0 0 0 0 0 0 0 0 0 0 0 0 0 0 0 0 0 0 0 0 0 0 0 0 0 0 0 0 0 0 0 0 0 0 0 0 0 0 0 0 0 0 0 0 0 0 0 0 0 0 0 0 0 0 0 0 0 0 0 0 0 0 0 0 0 0 0 0 0 0 0 0 0 0 0 0 0 0 0 0 0 0 0 0 0 0 0 0 0 0 0 0 0 0 0 0 0 0 0 0 0 0 0 0 0 0 0 0 0 0 0 0 0 0 0 0 0 0 0 0 0 0 0 0 0 0 0 0 0 0 0 0 0 0 0 0 0 0 0 0 0 0 0 0 0 0 0 0 0 0 0 0 0 0 0 0 0 0 0 0 0 0 0 0 0 0 0 0 0 0 0 0 0 0 0 0 0 0 0 0 0 0 0 0 0 0 0 0 0 0 0 0 0 0 0 0 0 0 0 0 0 0 0 0 0 0 0 0 0 0 0 0 0 0 0 0 0 0 0 0 0 0 0 0 0 0 0 0 0 0 0 0 0 0 0 0 0 0 0 0 0 0 0 0 0 0 0 0 0 0 0 0 0 0 0 0 0 0 0 0 0 0 0 0 0 0 0 0 0 0 0 0 0 0 0 0 0 0 0 0 0 0 0 0 0 0 0 0 0 0 0 0 0 0 0 0 0 0 0 0 0 0 0 0 0 0 0 0 0 0 0 0 0 0 0 0 0 0 0 0 0 0 0 0 0 0 0 0 0 0 0 0 0 0 0 0 0 0 0 0 0 0 0 0 0 0 0 0 0 0 0 0 0 0 0 0 0 0 0 0 0 0 0 0 0 0 0 0 0 0 0 0 0 0 0 0 0 0 0 0 0 0 0 0 0 0 0 0 0 0 0 0 0 0 0 0 0 0 0 0 0 0 0 0 0 0 0 0 0 0 0 0 0 0 0 0 0 0 0 0 0 0 0 0 0 0 0 0 0 0 0 0 0 0 0 0 0 0 0 0 0 0 0 0 0 0 0 0 0 0 0 0 0 0 0 0 0 0 0 0 0 0 0 0 0 0 0 0 0 0 0 0 0 0 0 0 0 0 0 0 0 0 0 0 0 0 0 0 0 0 0 0 0 0 0 0 0 0 0 0 0 0 0 0 0 0 0 0 0 0 0 0 0 0 0 0 0 0 0 0 0 0 0 0 0 0 0 0 0 0 0 0 0 0 0 0 0 0 0 0 0 0 0 0 0 0 0 0 0 0 0 0 0 0 0 0 0 0 0 0 0 0 0 0 0 0 0
