65
3
3 1 2
0 1 2
4
5 5 5 5
0 2 3 0
5
2 4 1 7 3
0 0 0 0 0
6
5 2 6 1 4 3
0 2 0 3 1 4
8
7 1 8 2 9 3 10 4
0 1 2 2 3 1 4 5
244
823388599 564440405 252342873 698451265 357834080 82227536 953327576 802498506 219266411 23817102 390632358 623874831 62671019 298543286 880405976 527267208 627567023 39434118 980557442 672345511 443085359 761414603 227084148 453215652 95546905 582009839 432899986 372703 58540603 504548151 549163482 745154021 85501589 763864210 89105912 46692371 164789313 234502159 114359434 881369056 37265669 901418740 783785206 594767037 276373116 393186417 464801519 716124063 930712804 577696501 407211915 835285790 729122700 220362276 979533317 542158910 848255712 704822125 467824151 428664278 242657816 816142652 437012470 153190029 537346177 586521810 654724085 567544713 482887277 203492023 577610682 906410412 972975042 980623314 400177953 39295870 624508960 390726429 666113718 784989615 920172214 161555959 442116053 288513086 913509803 434013471 54221409 460573756 496506665 982850628 386632745 479518260 229665806 499872316 743047646 355785516 734586425 939639768 270486452 558859854 649042034 927673690 945620383 706724138 144558590 231157387 123599660 317812893 6492613 292139884 649381636 625465428 276609316 823239057 531558917 454878963 458160730 465844751 178687486 162561753 283463824 510821911 198114832 638286214 43978637 681713704 757308072 369542045 482886396 980444646 507682078 568489357 250167647 595523723 70927600 361411796 920180376 872747520 87839392 40669668 571738137 348403346 829644336 379153063 930688172 844972356 371829570 7234982 74989544 629332677 330470609 852224463 702291254 633462535 161059473 640319701 960010370 737643380 19832811 461061177 837910153 116163006 187600025 394284784 123178178 645518683 56071396 199574949 918004464 375120277 676686209 68217757 719659595 60493376 871940880 437654083 63072845 758982418 909217075 868432707 725910308 487953812 737109843 983663448 496153015 945499065 784255733 470970284 502175068 293637906 320660925 146944476 105321757 4021412 381529354 84097698 354987690 766135134 253590832 800315158 6194915 458002219 523929176 510808724 99671049 179386538 691310330 442570051 104427397 347495808 340010495 211323700 622837083 855184719 876144248 260980272 658213172 291658061 826492672 365589525 444886794 225673843 699831477 193793503 840785272 551246425 410759129 935779660 282510245 895849638 266024972 992733986 302915793 91119910 513357353 728794131 611186562 706059393 452791749 285502528 735415891 642739086 110498891 458759523
0 1 1 4 0 0 6 0 6 4 6 6 9 14 15 11 4 5 12 3 19 20 11 0 11 4 2 17 15 7 18 24 26 10 9 31 6 36 14 2 36 11 13 37 9 40 47 31 48 25 33 16 10 41 52 16 4 16 13 39 14 5 26 56 25 30 57 41 12 56 47 1 38 19 33 14 0 11 13 6 73 13 38 40 12 44 11 68 89 61 9 34 66 19 59 11 69 11 69 43 94 29 0 24 65 51 103 80 38 41 22 8 40 25 39 74 26 55 2 40 104 9 40 74 97 93 58 26 92 112 98 130 72 48 135 28 65 41 13 128 93 45 140 143 140 124 125 6 30 31 125 24 89 71 117 60 78 13 71 14 102 75 27 19 65 36 79 122 104 53 59 68 108 170 110 70 100 79 141 33 16 101 183 117 61 12 95 8 36 166 69 190 181 190 75 188 23 63 103 165 167 76 91 26 38 126 116 31 52 146 43 174 28 124 51 91 112 80 208 30 94 220 50 82 76 156 17 200 138 81 104 180 33 141 90 67 130 178 101 79 89 124 98 228
247
227683933 834234126 794501961 611111422 475112888 514854630 638276496 420136193 431635786 791343796 766666087 103129759 296559353 692555278 809528987 472639088 812559610 20127919 659727756 578626462 447383529 304357329 618209821 938266842 849964760 827450282 915064609 153440538 846578412 167286921 497182234 494046204 492659906 964815781 223138757 275259134 945912878 868206618 855932997 106859880 176331159 856886054 494199911 342758170 778759804 398581035 332525539 308837157 403620196 142495100 891488504 137242959 571424200 101742463 108053078 285244530 886702388 528164907 926938815 66788833 916971327 932656493 283591739 774876326 252364920 954121076 619382099 222881769 511554825 30187642 319653684 782945329 309584919 72808447 715249704 249559014 453244840 601864978 538140233 106473405 879607579 39906722 971776206 25049710 103356144 121147746 686794994 672182126 188524283 617846093 502702525 155915516 510276266 837190989 566156983 686883397 822350735 591822863 186479055 283691240 395793612 597111178 719013752 600370081 244605075 498315076 136968786 204025454 703925592 980751834 182354513 880806621 876386015 666098137 236650434 798321129 712246745 747949155 301823263 602619669 738950953 569760440 732321559 777876253 705716864 598297637 608671910 846888706 658794107 495718994 893301696 240524461 213009122 243415704 759213397 914236674 35224635 520735043 732135477 39775654 805338193 791711330 536774825 350220595 170444762 802929696 787795756 966456630 457788384 445647666 916150582 783222197 162127904 185299552 971386737 742851707 473141753 511508662 190555468 574838541 358496794 111732319 474347092 829343346 968206237 721664695 161077814 282772647 375901606 855522449 739153097 43552778 922643778 869338192 388632614 936224114 678898079 60386751 492521744 991980628 790298446 755869256 508414646 123779750 722825646 593980028 841113879 314147542 673024566 450481291 606851599 893804193 658885555 713910692 429737315 739234810 57014840 862546628 661057198 467330540 601718996 546256396 662049966 955224990 111628477 626352146 40784325 763450969 459485223 876579654 983762969 290542536 550719312 298364901 72878150 737207366 326439686 253443471 228343806 208194423 56463935 866997752 668229251 529981948 438012147 404426963 25219433 612410766 265689815 574874980 11226745 432387890 688384812 964640985 270479406 967785454 318703425 53597919 311711404 659659948 710570453 517743756 660078999 230916769 970618366 771010579 619428789
0 0 0 0 0 0 0 0 0 0 0 0 0 0 0 0 0 0 0 0 0 0 0 0 0 0 0 0 0 0 0 0 0 0 0 0 0 0 0 0 0 0 0 0 0 0 0 0 0 0 0 0 0 0 0 0 0 0 0 0 0 0 0 0 0 0 0 0 0 0 0 0 0 0 0 0 0 0 0 0 0 0 0 0 0 0 0 0 0 0 0 0 0 0 0 0 0 0 0 0 0 0 0 0 0 0 0 0 0 0 0 0 0 0 0 0 0 0 0 0 0 0 0 0 0 0 0 0 0 0 0 0 0 0 0 0 0 0 0 0 0 0 0 0 0 0 0 0 0 0 0 0 0 0 0 0 0 0 0 0 0 0 0 0 0 0 0 0 0 0 0 0 0 0 0 0 0 0 0 0 0 0 0 0 0 0 0 0 0 0 0 0 0 0 0 0 0 0 0 0 0 0 0 0 0 0 0 0 0 0 0 0 0 0 0 0 0 0 0 0 0 0 0 0 0 0 0 0 0 0 0 0 0 0 0 0 0 0 0 0 0 0 0 0 0 0 0
100
939545086 949456482 594548012 790965270 912693098 113578983 44208129 845588227 345547238 810505318 727352335 720045238 155734841 78239408 135002741 949807265 249957947 795910663 95888975 830416072 174383931 599789605 583088812 739749847 577536123 111803497 333168796 772788830 485684436 480551962 277824865 688880937 390735989 234822615 788022975 171507384 150625736 449606680 730639731 400548314 702207083 224614623 337603002 937048420 586642522 475291770 887532556 920482570 287294252 36333940 199880677 578521434 380114801 77703059 941572798 49297107 496537657 833142797 746148116 516168735 98867890 641194184 145400227 654988141 68172773 298711239 313517745 393865447 104672417 726876595 623724927 985434701 940630386 949717122 17422303 391619503 365744326 385119554 185827293 980898628 65036593 448346114 564114842 538071651 269244872 468050138 138058034 586524574 217712807 914791698 63168726 22995449 433780622 942053233 96338169 64840005 812675750 239755167 839977632 509797271
1 1 1 2 3 3 4 5 5 6 6 7 8 9 10 10 10 10 11 12 13 13 13 13 14 15 15 16 16 17 18 19 19 19 19 20 21 22 22 23 23 24 25 26 26 26 26 26 27 28 29 30 31 32 33 34 35 35 35 36 36 37 38 38 39 40 40 40 40 40 41 42 42 42 42 43 44 44 44 45 45 46 46 47 47 47 47 47 48 49 49 50 51 51 52 52 52 53 53 54
240
521903455 200271540 798659031 308255201 714137459 396945628 248255550 448016300 52610565 375105572 917582267 151563251 49005283 755579999 482536781 385824535 213844456 650713653 872739834 684440059 19381883 392883013 390675939 282526783 674992945 575511922 643334002 563944341 715065232 406587212 286347951 821060668 399389163 374674328 580637355 327017625 926048616 227432954 761548056 720496624 456811551 262632635 220492789 702984253 955020634 931668407 499091807 48537898 835983865 755576417 95813510 926051376 429865198 553549553 85115067 534020550 257075172 983953063 549083040 47808962 116161531 397840186 821574013 879413452 984199852 4967772 544855212 249729787 729684169 352311912 538745134 73318287 637917597 115083557 482254171 155669445 748902960 200244150 407725233 702969554 7733412 162521244 7474375 144366337 227483066 932924131 752931423 266734562 864597615 859759469 826280595 661941679 606784960 62146901 864601131 486613433 773405835 96034684 516507913 534399500 528364429 932715314 811292096 620739102 905499015 249841150 340561726 280126640 646472571 34940040 252382371 775877315 851163410 501430944 57917741 422392753 440555798 317139561 250570319 219926633 432130586 145313953 737621979 801850305 27755832 498140170 84374617 694418426 514077425 902757876 570790772 889034574 975409711 379775974 60634255 727016881 819126118 234288227 683110767 96863651 113549782 159388891 327008533 944018993 738344170 652188331 947338921 93138439 347403707 742328654 684477068 382854573 144244399 32999326 795802505 113042654 469894460 54452805 399839784 804586242 203284934 930020161 32899101 271642824 974140326 354626703 18216922 6409436 188369218 885807600 647596606 876388290 865954904 547223514 175549033 134152401 291346006 744676218 625933227 739611206 476347106 494624222 411096982 994776196 435509365 965198402 763517485 491026537 274021154 329717620 979941945 368874695 88098675 932704352 478028213 890232062 677876586 768400314 665485411 323174581 72798628 271782082 621714556 139208370 869508250 422076723 591949183 523035351 382239230 158777416 293895972 194818867 605706306 110159079 36875374 544949315 990495797 634293993 653462232 81309767 30956229 172567426 243626411 189041595 665588960 915693261 731373419 202810099 489938805 782229620 233885034 791570127 781984661 709594485 243159928 655831703 340030132 257581329 620154294 537425655
1 1 1 2 3 3 4 5 6 7 8 8 9 9 10 11 12 12 13 14 15 16 16 16 17 17 18 19 19 20 21 21 21 21 22 22 22 22 22 23 23 24 25 25 26 27 27 28 28 28 28 29 30 30 30 31 31 32 33 33 33 33 34 35 35 35 35 36 37 37 38 38 38 39 39 40 41 42 42 43 44 45 46 47 47 48 48 49 50 50 51 52 53 53 53 53 54 54 55 56 56 56 56 57 58 58 59 59 60 61 61 61 61 62 63 64 64 65 66 67 67 68 68 68 69 69 70 70 71 71 72 73 73 74 74 74 74 75 75 75 76 76 76 76 77 77 78 78 78 79 79 79 80 80 80 81 81 81 82 82 82 82 83 84 84 84 85 86 87 87 88 88 89 89 90 90 91 91 92 93 94 95 95 95 95 95 95 95 95 95 95 95 96 97 97 98 99 100 100 100 100 100 101 101 101 101 101 102 103 103 103 103 104 105 105 106 106 106 106 106 107 107 107 108 109 110 111 112 113 114 115 116 116 117 117 118 119 120 121 122
41
133094154 524374739 401422468 541769234 763801621 375066037 418257556 772631742 743774008 982668911 728332059 279400156 581519997 681635036 859838496 316844757 682826102 133869701 868130033 917384749 63647294 807247432 204861104 775853887 875497628 766627621 399628037 446766102 743340863 777370146 554109681 854081127 915981092 721350998 648708028 113470120 228953363 325477908 661688841 667081289 879914310
1 1 2 3 3 3 3 3 4 4 4 5 6 7 8 8 8 9 9 9 10 11 12 12 13 13 13 14 15 15 16 17 18 18 19 19 20 20 21 22 23
202
731074712 290252988 17516236 443879529 206347708 778992657 747775988 808896372 54987950 483221911 137743531 105134421 93024366 424770082 214279873 282260493 991971860 819270481 303020044 374193228 505081978 187950378 310549073 175171881 890393390 667318447 163744934 412496008 261004039 676234030 229585378 180795421 782736860 305592631 795465494 644439795 955120909 90611986 937822893 288447302 400359819 49453093 353617383 215001637 879709418 127660584 985962016 270436820 493436407 440656804 529952363 4299148 248279977 955273973 124490926 729845668 468088212 501058818 833653528 210088550 737051191 246834031 733894571 714244735 331702629 44750945 677138045 490200226 343611962 269817793 76551143 886348407 952438722 54637925 275547382 666911761 545771104 51842368 343 263 635 124 360 995 786 596 531 513 1000 959 704 990 258 169 119 816 184 938 462 824 15 641626559 565487474 293509718 351867603 746697185 316816122 277600996 379592605 899859258 613724251 984800230 513641543 60038967 444263671 260366058 677670292 316516717 411069489 406860642 663649680 296466124 289773374 887803417 278020456 280499859 440005693 655480107 226366813 435456694 154033393 128516402 942530341 796414136 263830492 87575645 813836283 890661022 594128070 2289925 498853974 143114450 81740622 550283943 303863332 452415423 638215659 353901022 810949278 588687576 98603414 186990648 217395964 285693362 807893562 181866903 77802677 181872082 706415778 791297171 421093303 997494119 958251065 528130498 429341211 589915755 480450681 737924974 136081454 765668964 927609569 936683505 849532140 13870518 981091142 463557373 257896861 523184830 999950326 470126934 401670054 152324856 379351707 517618838 993617166 213825483 182029675 287169158 766851489 240573734 881087439 174991781 810179568 105330194 287181774 788061457 103637024 143226020 978890400 606670861 689886687 166969911
0 1 2 2 2 2 3 1 3 0 1 3 3 3 0 3 1 2 3 0 2 0 3 1 3 3 3 3 1 1 2 2 0 1 3 1 0 2 1 3 1 1 0 3 1 2 2 1 1 0 2 1 2 3 0 0 0 1 0 3 3 1 0 0 0 0 3 0 3 0 2 2 3 3 1 3 2 0 0 3 2 2 3 0 2 2 2 3 1 2 2 1 0 0 3 2 1 1 3 1 1 2 1 1 0 1 0 3 1 0 1 0 2 0 1 3 3 0 0 0 3 2 3 2 3 3 1 0 0 2 3 1 3 3 2 0 2 3 3 0 1 0 1 1 1 1 3 1 2 2 1 2 1 0 0 0 2 3 2 0 0 0 3 3 1 2 2 1 3 110 1 2 2 3 2 2 0 0 3 3 0 1 3 3 3 2 2 2 3 2 0 1 0 0 0 1 0 0 3 3 3 1
156
209 406 796 331 665 697 542 634 887 582 314 467 862 244 645 91 882 759 47 35 789 387 610 809 882 156 962 960 708 389 945 729 196 60 557384281 823683844 809851880 113711418 9022994 80531971 706412392 149950925 955145471 15448424 74880402 112765695 254712970 552836964 125987833 862887623 800247529 428018340 432537844 790929787 289142681 34051027 567230702 844153981 971047439 734004122 246867576 625651306 739120376 904041743 433604139 441670240 108700710 211428351 101675847 446576536 935693256 904314327 610766779 272679333 948714108 134911204 905943896 783907854 406793958 554415928 979828615 851073060 481185888 733793501 313427556 278198648 182574543 141277421 239794350 279155753 902733536 710197248 443444369 146585741 916427977 267492707 38194265 992845458 401108993 316023687 928848192 719459316 818697114 963535509 422902572 585312595 735501399 995888846 268191306 37570328 396071184 362913667 601143275 675056143 643527320 596996579 487074030 503575442 10669776 932260940 10683531 851417300 49908488 129949119 123681824 611019437 248814323 279366293 702214509 674530661 91837033 102495121 513509903 721755142 104487084 505140708 43919745 738712893 959028217 412215211 398275343 913800849 969477632 135521468 721231011 801288896 545460666 801145030 837016696 889635241 446216833 601313961 69771660 970855488 905804110 873335787
1 0 2 3 2 2 3 0 0 0 1 1 1 3 3 2 1 3 2 0 0 1 0 2 0 2 2 0 0 1 3 1 2 2 3 3 3 1 3 3 1 3 2 0 1 1 2 0 0 2 1 1 0 0 2 2 2 1 0 2 2 0 0 1 2 0 2 3 69 2 1 1 1 0 1 3 3 2 2 2 2 1 0 0 1 3 1 0 2 1 2 0 3 2 1 2 1 1 0 0 3 2 1 3 2 2 0 1 1 0 1 3 3 3 0 0 2 1 2 2 1 0 2 2 2 1 0 2 3 3 2 2 2 2 3 1 3 3 1 1 3 1 0 3 3 1 1 3 1 1 0 0 2 0 0 3
68
883 678 754 74 667 164 909 835 528 711 381 933 50 710 150 709 42 167 657 45 821 30 493 834 460 687 639 29 969295702 5320082 320449555 271276525 602545203 554418832 818969240 378757676 748406835 919951908 810624350 196167202 111031184 227072387 57133020 580744324 121960331 275384055 532769889 541027202 803460548 931797794 321405335 784144392 523467306 659847923 841024225 200839676 344564468 327952883 251021008 39089684 932169526 696854631 93318073 796923654 216846768 220221110 520104206 91804716
1 0 0 1 0 3 0 1 3 1 0 0 3 3 1 3 1 18 0 1 0 0 2 2 3 3 3 2 2 2 2 0 0 1 2 3 3 1 0 1 0 1 0 3 1 0 1 1 3 1 0 2 0 2 0 2 3 3 3 2 1 2 2 2 1 3 0 1
61
139492018 417802171 343296288 296813455 10465818 99997260 599535437 708793487 508673807 861767760 894887773 168968097 201261533 240367251 841536210 265675272 843791367 788235562 195063365 906169801 185113285 171350264 346427323 200589523 542582344 967585016 675526275 973076858 133794699 595309106 833398893 938664961 334764060 973212590 289857331 777287929 346210445 839091385 719099712 650024385 949383121 838076701 62598976 907433844 321589592 791543184 325314987 12595223 96 775680140 462026742 933206889 142866474 905460231 905331577 543857577 749176280 963489992 582608242 765327614 174249041
0 2 1 0 2 0 2 2 1 3 3 1 1 0 0 1 17 2 1 1 0 2 3 0 1 3 3 2 1 3 3 2 1 1 3 0 2 1 1 3 1 1 2 3 2 2 3 2 3 1 0 0 1 0 3 0 0 0 3 1 0
1818
792 143 627 165 601 642 52 539 979 264 1 408 394 925 695 972 533 562 901 541 996 246 720 655 843 893 457 737 508 254 712 97 850 139 76 372 348 93 88 731 719 962 321 419 459 59 758 470 82 881 845 666 75 583 843 77 827 656 401 741 52 521 459 345 469 985 899 947 760 760 563 95 66 513 539 913 539 128 860 975 712 154 994 59 715 628 777 90 580 729 670 871 181 977 493 421 538 909 12 988 539 460 35 82 318 478 888 100 809 95 437 366 258 901 23 668 688 113 962 621 596 214 505 439 389 747 383 928 335 220 347 795 29 338 328 597 663 996 116 896 584 750 693 472 942 716 619 644 409 96 106 52 259 789 661 461 315 785 465 422 529 302 851 873 213 867 533 996 180 784 486 916 322 709 596 75 380 275 490 343 931 966 180 216 842 709 410 653 732 872 841 412 181 620 487 928 715 849 6 90 840 139 779 481 618 421 881 912 576 329 355 324 948 436 425 399 512 811 539 439 560 619 379 361 739 713 233 869 800 414 367 141 502 934 289 613 210 157 48 671 927 711 950 347 795 552 343 342 323 506 351 943 854 464 711 685 46 203 85 809 373 18 503 867 918 620 827 39 976 20 364 995 217 328 29 378 449 685 704 237 223 785 665 993 815 673 236 752 333 788 51 65 980 448 567 437 730 228 720 188 934 942 858 479 624 167 359 583 525 534 544 731 49 217 815 118 780 340 118 885 221 242 158 155 808 817 977 473 470 366 808 193 245 679 329 672 716 294 722 333 280 127 164 922 527 950 650 555 230 388 287 357 725 421 447 803 684 568 417 52 560 219 450 889 208 820 339 76 451 851 918 203 613 822 129 364 277 708 536 238 785 568 439 398 246 256 974 933 76 470 835 702 316 552 519 814 263 777 216 144 177 61 762 968 61 301 273 61 807 795 353 810 205 457 33 189 580 759 811 673 93 622 448 405 939 707 403 212 992 795 53 285 634 222 84 611 803 577 693 473 517 93 499 613 392 464 298 864 911 17 47 356 484 451 735 597 527 606 7 25 116 943 712 859 951 712 730 312 658 990 752 511 697 61 886 693 388 823 225 511 815 197 786 517 638 710 442 166 64 746 752 904 499 122 816 182 650 987 560 460 87 210 80 540 528 736 941 801 376 597 573 170 256 543 146 893 586 483 582 452 425 204 572 198 142 58 756 520 642 580 452 643 191 233 571 377 81 735 608 389 679 678 864 835 593 380 263 425 999 181 432 252 379 636 919 963 190 307 689 93 229 104 300 654 710 383 385 295 319 251 346 613 762 784 388 453 571 107 286 257 188 541 536 812 582 274 761 955 927 252 537 74 102 248 10 488 26 314 948 16 93 57 130 332 228 731777223 599860226 961747073 664502776 601828493 691416020 868596408 552981599 815467916 850077829 916695257 790609241 964324160 788929995 817241117 888517105 551687043 993550219 795524882 672886723 890365201 753534224 672626403 581366987 502985150 975758695 859707698 573260920 751294277 724694995 553966322 911294471 546030214 560086170 550311398 697779845 613919135 867299734 707824788 672985870 923365455 500668729 735069939 908527885 995395424 685133576 583310875 653589663 951417149 746497195 861703849 716789869 774359501 865605921 813524143 891505545 884752442 676768687 517490539 557465126 758311253 655727000 603249935 716423495 936587165 867488189 895084620 844731554 907246903 769334438 522904704 570612840 955543637 889320105 664588210 808959671 713541826 825569812 708731316 611461312 758658487 636689827 751871253 614876688 738083357 818605219 969244366 595264116 620640465 688135297 523141823 760980571 802653610 618619834 797925489 542262988 919378249 697908567 875766445 760204095 838562284 504026478 792168676 682935263 937698263 818827364 735340403 601828914 891529480 724948175 978475582 685532932 821372487 656376648 959008052 994649624 782818510 597944714 543900840 664871705 693376270 754060184 645033131 891387819 926618714 631989219 973747378 972370080 924396145 610002091 848619082 794356159 803678267 685694704 595511722 767338395 559587634 724798417 703979348 842372433 591186998 655790637 529079317 869517901 901583072 680618696 952657702 678923615 948909196 696849507 543169838 892869817 749749408 751557507 878098547 601579936 961566426 972263379 818032497 660614396 795696026 545236045 646467235 992658939 737470340 936470463 614391363 901519988 675032551 675653676 553720378 531139541 663405494 648431673 848640669 727442097 675376668 967289504 678926161 685826105 815762153 616357192 574290127 892112454 600611929 690453929 943834651 989762491 527919109 673683034 869660242 831178068 791395569 827890215 578698113 595896124 613876492 886297601 631827618 983490296 801916315 872626051 994341327 613992058 748138582 991018254 776820279 893643902 732902203 657075107 560481885 728797034 501846621 865317871 846062978 595766121 720878386 713388608 790300525 599453548 535161628 528301407 519072504 778555724 583674950 665056886 931261425 540163907 945897211 672932467 532403006 731572073 622184726 649760949 962182523 982104298 774402374 729509852 504841293 572774191 578371100 773474041 996555834 716588845 664694337 960394137 668852158 757309822 749525827 595813204 592117752 919483675 681841347 585984224 508273681 867554492 758776845 646640842 966669374 956870980 785595485 941943909 802262547 684400573 981846086 973916284 620146801 971963078 960275484 667678441 575489357 539796345 630057286 722797341 862941461 753266477 500899540 926061091 954583940 950535061 989593805 745991879 750470414 883995938 955568127 654409704 930830667 533294002 817006430 745359370 923996669 672738532 724096802 846713273 529113760 700923550 890971194 944762464 857699492 865367715 812899025 867108494 883112613 639986243 720297188 794168543 511994725 638207373 746118969 794606328 716747091 569545840 908184369 705001292 893105093 872445902 633014332 799068572 731872854 781206383 672731379 816742254 518880516 709800257 891589151 548434408 902226667 960401259 523693352 794782399 790868429 889430024 628476610 647196981 673621706 788932265 595489729 659523681 772634084 866101475 675071860 606129948 570392881 828758666 636462071 646730602 874330870 709601635 779914826 843264049 708092140 687036263 654381869 599131779 943520625 785402346 957323019 716113663 712433784 962406453 718208360 889271501 762243943 716574322 992274353 585153378 544489782 972535287 916096337 873611290 950340493 626951222 601539953 908544549 732135080 762902541 969653962 877881472 775019328 665543703 751066971 868111858 507742916 896840773 504450576 713682731 866679200 812203489 629611396 526569882 852130133 526824384 976774521 726337678 840978866 964537427 778620867 515999655 944752485 747008689 756640937 873992406 827157410 806071558 878367486 757575225 520149958 727018969 867049591 837968060 902604550 955665174 690330631 712540222 630642080 626989538 879492676 664362395 933680948 898174878 655829769 664434416 815273232 793852810 965712632 936901341 822788530 696368653 650907264 532570287 675007958 738878351 605709955 981040564 661690792 984089924 897461197 716759578 854176284 896461954 952001010 599317026 791083115 740671611 530628170 973289864 928169025 664164691 850125844 837950556 766413078 846600204 822416127 822151112 697383101 724001981 515405996 784695401 729950768 920429819 561587160 985512245 887416847 644982651 865952317 897941798 689109096 936946259 589790324 857447703 755515327 766898000 511922770 867067532 701014108 626581082 993944451 504914005 603265644 865360859 901030256 504039497 963325296 656075659 954870959 699976316 695542260 598094653 620300415 666265267 811305912 590395238 752176666 983285002 585702296 732472469 854079448 710694644 621143280 635893007 925386607 758802198 847030857 654306111 998291922 979171236 619519110 664724154 591326836 919778371 710436335 657885170 930948587 815034008 599429808 520509935 917757251 505978877 608395728 517266079 938904188 610968849 542256792 605251729 753254396 892160531 625149950 838811182 800865274 888110139 646086799 747495108 913344282 507798161 853149143 694977792 526648015 906392300 760282203 851743894 622885189 588061181 655747989 539357254 752686014 806151370 726301324 829124223 614700493 956040143 836151025 902964015 793788116 780976559 624768742 809298609 884461464 836223304 712607953 871774671 851146221 781811815 928795612 633630005 601820087 699223191 599858955 845517045 876593103 752307382 563549968 629595866 677791874 637753160 696830002 577709241 593110213 895421369 872077048 666452213 988388673 773853960 880578171 996948712 671585499 971271306 987369595 992147692 754501482 697370294 906486951 809451313 563821215 626235708 610688174 851487638 578033263 935677384 514711563 882840374 991791734 753305645 696131489 885548139 634281754 954657530 942874270 823 187 768 83 625 42 382 691 723 446 220 571 778 523 231 234 401 824 78 620 308 937 656 254 809 960 558 103 905 320 365 710 497 616 910 432 484 465 894 869 757 526 514 800 359 183 976 210 326 565 39 242 976 876 987 134 655 226 661 499 215 421 445 489 737 413 350 706 252 366 576 911 502 540 212 879 979 442 939 969 773 953 901 229 994 383 117 135 779 653 86 273 149 64 468 553 239 343 987 774 660 944 940 631 4 774 967 478 780 829 949 439 260 418 197 677 40 944 315 923 299 442 369 571 44 316 268 931 845 1 484 458 829 473 511 49 950 842 697 720 794 453 346 252 448 218 223 634 181 125 863 370 971 119 311 993 127 827 195 358 532 810 273 533 274 310 830 387 666 686 585 179 944 1000 988 745 134 441 42 103 874 568 60 550 192 541 977 591 516 819 114 270 422 19 548 727 897 884 454 71 121 577 82 886 44 733 248 957 261 1 482 37 969 996 222 739 2 893 700 871 221 98 407 809 775 708 270 722 992 708 954 729 924 111 901 321 797 496 15 628 909 640 137 345 705 207 677 417 78 686 79 790 141 45 969 818 992 784 166 152 245 370 920 193 322 217 23 421 800 709 694 204 300 930 366 887 712 79 773 269 740 762 975 761 66 618 213 842 617 982 729 604 730 535 954 497 207 148 695 574 536 371 204 832 797 270 295 478 11 568 870 180 949 288 519 649 676 356 67 132 331 864 215 620 914 949 677 880 108 487 428 620 383 58 981 365 903 886 814 885 12 707 346 239 305 761 105 772 545 374 974 640 957 822 649 692 652 435 722 783 197 145 1 855 607 925 977 357 260 835 579 828 518 609 592 740 49 7 393 900 132 367 894 23 461 76 821 268 193 894 741 849 286 360 455 27 365 706 658 64 655 999 14 981 722 463 19 177 63 178 310 259 792 607 300 639 946 672 284 747 174 305 400 927 825 701 100 335 706 711 7 448 11 90 304 970 205 538 48 251 870 755 46 525 767 944 185 550 658 487 359 484 623 725 379 65 909 61 510 435 567 830 522 172 394 648 405 374 943 181 121 862 633 547 59 828 191 806 53 522 982 224 133 784 960 289 378 519 271 664 525 433 779 530 217 603 10 40 33 728 300 814 692 116 156 692 71 754 89 199 926 23 446 414 456 906 993 212 108 745 285 61 251 888 61 857 621 811 206 463 675 516 30 942 232 322 883 656 72 337 376 709 341 225 715 419 947 64 925 784 298 402 966 133 58 816 23 434 780 568 470 941 579 178 279 144 228 989 900 231 314 69 858 498 352 2 599 426 988 422 345 375 694 353 969 86 585 681 167 464 254 353 429 325 762 106 584 80 181 834 932 540 319 892 231 306
0 0 0 2 0 0 0 0 0 0 1 0 0 2 0 0 0 0 0 3 0 0 0 0 1 0 0 0 2 0 2 0 0 0 0 0 0 0 0 1 0 0 1 3 0 0 0 3 0 0 0 3 0 0 0 0 3 0 3 0 0 0 0 2 0 0 0 0 0 0 0 0 0 0 3 0 0 0 0 0 0 0 0 0 0 0 0 0 0 0 0 0 0 0 0 0 0 0 0 1 0 0 3 0 0 0 0 1 0 2 0 0 0 1 0 0 0 0 0 0 3 0 0 0 0 1 0 0 1 0 0 1 3 0 0 1 0 0 0 0 0 0 0 0 0 0 0 0 2 0 0 0 0 0 0 0 0 0 0 0 0 3 0 0 1 0 1 1 2 0 1 0 1 0 0 3 0 2 0 0 0 0 0 0 0 0 0 0 0 0 0 0 0 1 0 0 0 0 0 0 0 0 0 3 2 0 0 2 0 2 2 0 0 0 0 0 0 0 0 0 0 0 0 0 0 1 0 0 0 0 3 0 0 0 0 0 0 3 0 0 0 0 0 1 0 0 0 0 0 0 1 0 0 0 0 0 0 0 0 0 2 2 0 0 0 3 0 1 2 0 0 3 0 2 0 0 0 2 0 0 0 0 2 0 0 0 2 0 0 0 0 0 0 0 0 0 0 0 0 0 0 0 1 0 0 0 0 0 0 0 0 0 0 0 2 0 0 0 28 0 0 0 0 0 0 0 0 0 0 3 0 2 0 2 0 0 0 0 0 0 2 2 1 0 3 0 0 0 0 0 0 3 0 1 0 0 0 0 0 0 1 2 0 0 0 3 2 0 3 0 0 0 2 0 2 0 0 2 2 0 0 0 0 0 0 0 0 1 0 3 0 0 0 0 2 0 1 0 0 0 0 0 2 0 0 0 0 2 0 0 2 2 0 0 0 0 0 0 0 0 0 0 0 0 0 0 0 0 0 0 1 0 0 0 0 0 0 1 3 0 0 0 0 0 0 3 2 0 0 0 0 0 3 0 0 3 0 1 0 0 0 0 0 2 2 0 0 0 0 0 0 0 0 0 0 0 0 0 0 0 0 0 3 0 0 0 0 0 0 0 0 0 0 0 0 0 2 0 3 0 0 0 0 0 0 0 0 0 0 0 0 0 0 0 3 0 0 0 0 0 0 2 2 0 0 0 0 0 2 0 0 0 0 3 0 0 3 3 0 0 0 0 0 3 0 0 0 2 0 0 0 0 0 0 0 0 0 0 0 0 0 0 0 0 0 0 0 0 0 1 0 1 0 0 1 0 0 0 0 0 0 0 0 0 0 0 0 0 0 0 0 3 3 0 0 2 0 0 0 0 2 0 0 1 1 2 0 0 0 2 0 0 0 0 0 0 3 0 0 0 3 0 2 1 0 1 2 0 0 2 0 0 0 0 0 1 0 0 1 1 0 0 0 0 0 0 0 0 0 0 0 0 0 0 0 0 0 3 3 0 0 0 0 0 0 2 0 0 0 0 0 0 2 1 0 3 2 0 0 0 0 0 0 3 0 0 1 0 0 0 0 2 0 0 0 0 1 0 2 0 0 0 0 0 0 0 0 0 0 0 0 1 0 0 0 3 0 0 0 2 0 0 0 0 0 0 0 0 2 0 0 0 1 0 3 0 3 0 0 0 0 0 0 3 0 0 1 0 0 0 0 0 0 0 0 1 0 0 0 0 0 0 0 0 0 3 0 0 0 2 0 0 1 0 2 1 0 2 2 0 0 0 0 3 0 0 0 3 0 0 0 0 0 0 0 0 1 0 0 0 0 0 0 0 0 2 0 0 0 0 0 0 1 0 0 0 0 0 0 0 0 0 0 0 0 0 0 0 0 0 0 0 0 0 0 0 0 0 0 1 0 0 0 0 0 0 0 0 0 0 0 0 2 0 0 0 0 0 0 1 0 2 0 3 1 0 0 0 0 0 0 0 0 0 0 0 0 0 2 0 0 0 3 2 0 0 0 0 0 0 0 0 0 0 2 0 0 1 0 0 0 0 0 0 0 0 0 0 0 3 0 0 0 0 3 0 0 0 3 0 0 0 1 0 0 0 0 0 0 0 0 2 0 2 0 0 0 0 0 0 0 3 0 1 0 0 0 0 0 0 0 0 0 0 0 0 0 0 0 0 0 0 1 0 0 0 0 0 0 0 0 1 0 0 0 0 1 0 0 0 3 1 0 0 0 0 0 0 0 2 0 0 2 2 0 0 0 0 1 0 0 0 0 0 1 0 0 0 0 0 0 2 0 0 0 0 0 0 0 0 1 0 0 0 2 0 0 3 1 3 0 0 0 0 0 0 0 0 1 0 0 0 0 0 0 0 0 0 2 0 3 2 0 0 0 0 2 0 2 0 0 2 0 0 0 1 0 0 0 1 3 0 0 0 0 0 0 0 0 0 0 0 0 0 0 0 0 0 0 0 2 0 2 0 0 0 0 0 0 0 0 0 0 0 0 2 0 0 0 2 0 0 0 0 2 0 0 0 3 2 0 0 0 0 0 0 2 3 0 0 0 0 2 0 0 0 0 2 0 0 0 0 0 0 0 0 0 0 1 0 0 0 1 0 0 0 0 0 0 0 0 0 0 0 0 0 0 0 0 0 0 0 2 2 0 0 0 3 3 0 0 0 0 0 0 0 0 0 0 0 2 0 0 0 1 0 2 3 0 0 0 0 0 0 0 2 0 3 0 1 0 0 0 0 0 0 0 0 0 0 0 0 3 0 0 0 0 0 0 0 1 0 0 3 0 0 0 0 0 0 0 3 0 0 0 2 3 0 3 1 0 0 1 0 0 0 0 0 0 3 0 0 0 0 0 0 0 0 0 1 2 0 0 0 1 0 0 0 2 0 0 0 0 0 0 0 0 1 1 0 0 0 0 0 0 0 3 0 0 0 0 0 0 0 3 1 0 0 0 0 0 0 0 0 0 0 1 0 0 3 0 0 1 0 0 0 0 0 0 0 0 0 0 0 0 0 0 0 0 0 2 0 1 0 0 0 0 2 0 1 0 0 0 0 1 3 0 0 0 1 0 0 0 1 0 0 0 0 0 0 0 3 0 0 1 0 0 0 0 0 0 0 0 0 0 1 0 3 0 0 0 0 2 0 0 0 0 0 0 0 0 0 0 0 0 0 1 0 0 0 0 0 0 1 2 0 0 0 0 0 0 0 3 3 0 0 0 0 0 0 0 0 0 0 1 0 3 0 0 1 3 1 0 0 0 0 0 0 2 0 0 0 0 0 0 1 0 0 0 0 0 0 3 0 0 0 1 0 0 0 0 0 0 0 0 0 0 2 0 1 0 0 0 0 0 0 0 0 1 0 0 2 0 1 3 0 0 0 0 0 3 0 0 0 0 0 0 0 0 0 0 1 0 0 0 0 0 0 0 0 0 0 0 0 0 0 0 3 0 0 0 1 3 0 0 0 0 2 0 3 0 0 2 0 2 0 3 1 0 0 0 0 0 0 0 0 0 1 0 0 0 3 0 0 0 2 0 0 0 0 0 0 0 0 0 0 2 0 2 0 0 0 0 0 2 0 0 0 0 2 0 0 3 0 0 0 2 0 0 0 0 0 0 0 0 0 0 0 0 0 0 0 0 2 0 0 3 1 0 0 0 0 0 0 0 0 0 0 3 0 0 0 1 0 0 0 1 1 0 0 0 0 0 0 0 0 0 0 0 0 0 0 0 1 0 0 0 0 0 0 0 0 0 0 0 0 0 0 3 0 1 1 0 0 0 0 0 0 0 1 0 1 0 0 0 0 0 0 0 0 0 0 0 0 0 0 2 0 0 0 0 0 0 2 0 1 3 1 0 1 0 0 0 0 0 0 2 2 0 3 0 0 3 0 1 0 0 0 1 0 0 0 1 0 0 2 0 0 0 0 0 3 0 0 3 0 0 0 1 0 0 0 0 0 0 0 0 0 0 0 0 0 0 2 0 0 0 2 0 0 0 0 0 0 0 1 274 0 0 0 0 2 0 0 0 0 0 0 0 2 0 2 2 0 0 0 2 0 0 0 2 0 0 0 0 0 0 0 0 0 0 0 0 0 2 0 1 0
279
988 317 300 973 295 221 924 792 281 413 421 887 810 756 44 480 928 157 52 132 479 139 805 296 651 2 135 26 212 545 395 935 466 535 820 738 180 390 94 930 10 769 256 468 178 28 347 490 435 745 431 441 548 761 883 151 861 449 82 715 662 159 907 240 395 40 666 797 975 699 356 148 714 391 394 78 637 707 206 419 199 944 323 76 662 625 857 653 651 872 520 492 833451086 786692398 782039013 606329527 774713905 781051965 639241778 538851305 586728649 623060546 973946778 877888182 944086502 702703824 701121667 661269199 732058655 550174769 776202320 783964894 782466668 949063342 775933887 970896134 504572365 934800090 737512647 857653115 668799755 529916167 826341134 593187010 726101485 692682242 527709037 503536776 670782333 580688824 682712403 980653617 579592218 855930488 813723595 885385601 584901257 882956514 809724553 878684938 664769336 796650425 666815819 720100413 757722728 541200934 604213862 697617469 835050233 606826802 501049164 977908455 688431353 815818090 724277600 791055525 815708996 634456331 543017600 988808696 912619213 612376102 949625583 640441558 603290463 675930499 832822179 955267148 667324918 627123026 573181735 945876469 646274286 824668382 756297594 871162175 837322678 648744660 823935661 623189912 806988996 975999454 608488745 846979808 682661359 516372360 643 415 210 977 377 683 695 468 119 324 481 1 850 597 300 481 851 189 804 811 68 385 308 673 492 759 702 959 415 953 41 538 734 373 583 340 665 884 286 934 527 829 38 72 483 954 124 883 365 63 704 696 994 479 319 667 626 649 684 685 406 459 281 248 989 99 536 266 700 544 574 995 895 989 824 554 383 810 3 727 87 884 224 3 301 342 256 64 204 85 202 160 518
0 0 0 0 1 0 0 0 3 0 0 0 0 0 0 1 0 0 0 0 0 0 0 0 0 0 0 1 0 0 0 3 0 0 0 0 0 0 0 0 0 0 2 0 0 0 0 0 0 0 0 0 3 0 0 0 3 0 10 0 0 1 2 0 0 0 2 0 0 0 0 0 0 0 2 1 3 0 0 0 0 2 2 0 0 0 1 0 0 0 0 0 0 0 0 0 0 0 0 0 0 0 0 0 0 0 0 0 0 0 0 2 2 0 0 0 3 0 0 0 0 0 0 0 0 0 2 0 0 0 0 0 0 0 0 0 0 0 0 3 0 0 0 1 0 0 0 0 0 0 0 0 0 0 0 0 0 0 0 0 1 0 0 0 0 0 0 0 2 0 0 0 0 0 0 1 0 0 0 1 0 0 0 0 0 0 0 0 1 0 0 1 0 0 0 42 0 0 0 0 0 0 0 0 0 3 0 0 0 0 2 0 3 0 0 0 0 0 0 0 0 0 3 0 3 0 0 2 0 0 0 0 0 0 0 0 0 0 0 0 0 0 1 0 0 0 0 0 0 0 0 1 0 0 0 0 0 0 0 0 0 2 0 0 0 0 2 0 3 0 0 3 1 2 3 0 0 0 0
193
293 174 928 137 56 256 277 25 261 322 60 338 126 108 887 766 380 612 496 681 792 608 704 984 314 835 814 315 325 781 43 119 647 174 808 352 304 587 952 837 231 800 224 533 367 795 608 234 856 535 319 468 294 924 537 604 230 567 232 436 384 246 629 883781868 631340472 617235826 581659485 872116345 577357087 924521035 993705332 984308269 838701624 937876913 686060713 826183182 678007999 882518537 785435211 662092094 960733392 866261769 989028289 929590439 642859651 579016663 829818600 922574056 698536125 961519157 791950952 775684713 714226383 788613537 565283423 507797649 500921355 737398198 853157141 507403663 700981371 635547171 772451210 967698217 991169609 710119939 509985302 904190079 608439443 782172035 524332403 512642004 550038214 977478914 707104208 750155934 924489888 648685616 542771679 647215234 555019126 829194703 931083262 983496460 561979271 664104981 961143250 585263158 775846725 778 103 255 915 97 987 893 853 571 134 2 651 253 18 465 744 718 519 428 142 344 29 177 991 793 509 880 711 568 82 681 429 790 971 945 641 587 879 636 324 728 132 124 939 407 157 912 34 303 137 68 402 315 906 359 988 610 421 376 7 879 391 136 977
1 0 0 0 0 0 0 3 0 0 0 0 0 1 0 0 0 0 0 0 0 0 0 0 0 0 0 0 0 0 0 0 2 0 0 2 0 0 0 0 1 0 0 0 0 0 0 3 0 3 0 0 0 0 2 0 0 0 59 0 3 0 0 0 0 0 1 0 0 0 0 3 0 2 0 0 0 0 0 0 0 0 0 3 0 0 0 0 0 3 0 0 3 0 0 0 3 0 0 3 0 0 0 0 3 0 0 0 1 0 0 0 0 0 0 0 0 3 0 0 3 0 2 3 0 0 0 0 0 0 0 3 0 0 1 2 0 0 3 0 0 0 0 0 0 0 0 0 0 0 0 0 1 0 0 0 0 1 0 0 0 0 2 0 3 1 0 0 0 0 0 2 0 1 0 0 0 0 0 0 0 0 3 0 3 40 0 0 0 0 0 0 0
20
548 977 489 644 706 979861582 716728621 826174454 650605268 851881394 995846555 603615959 973060968 924409035 132 872 913 245 848 477
1 0 1 0 1 0 2 1 0 0 0 0 0 0 3 0 0 0 0 0
3
97262573 219166205 863110973
1 0 2
590
28069930 335002532 324088400 479685396 568609043 201858087 67130963 402009846 673337902 7298700 103599042 430179165 210652553 676093057 31047081 877200949 144549166 936358386 177669937 286830012 960222187 71086334 215889304 378941928 547670289 123770411 179260451 738070627 246435147 698759992 710824274 10735056 4598015 746965883 621029658 627179898 855159125 977542451 83351153 313155361 162924889 786171316 45726962 907361025 345027924 840571605 685942245 250178749 18204880 713861765 989082726 159319650 775957088 206397945 775183625 758010131 48719011 246713939 755198892 671341983 750159521 512187686 443415762 856411545 662740977 160059338 4439613 81872925 765661119 309425889 362874146 322530285 958302777 164837367 153821871 584594192 882316389 922119588 342329909 927227023 795460334 847048470 589906106 696002442 700324076 167500915 696230455 233903934 181059122 669707249 694186840 585487401 651242789 139230226 426340082 959832824 965999791 37295592 680983303 967909984 601506627 53099221 215880605 899983250 855003792 422715797 247830056 558680424 768440798 155234076 236171988 413350652 728879002 556743698 38367616 91336395 948777253 692798564 765772960 471784469 279285349 679981786 917733084 897621138 59670304 947197181 622121648 271316274 956000434 857312341 60450768 50061583 992212249 329778267 405676196 405987889 226685162 354850552 850822806 67046480 777449005 540037141 556555395 604179519 149149363 79397642 595819796 180404518 64895722 786319213 223679303 27437870 256117418 80393995 50471414 165482452 913552415 69023121 946409875 131804279 752493882 114372281 755757047 733723230 895419589 526303849 148691583 91642835 25129113 271910577 188996412 487744117 511513860 842275851 445692045 785968507 465084893 667085500 726740183 438914817 920383582 717716182 762942649 347275269 602400057 189425322 420160618 87435601 979124476 403267619 267979176 272864221 553356112 318363105 582942179 64915433 596895246 295141785 114482428 98671720 780242871 189818 191672161 339450093 400933214 593322277 998918851 635597500 163624068 587507465 98731319 983200300 715069937 22267791 529681160 768332799 387102991 841182213 57684485 502469843 850746837 614115242 408728966 816688484 634588101 994797510 561171202 730283700 710530824 554382896 425729397 459423178 600058663 881607219 491296344 281466165 704129920 90173491 264697728 220571379 809830365 123988734 582520740 570218976 976908887 500877360 123138002 518271592 257320948 385396111 697051805 390199436 950904850 131375563 143683658 276094450 350315826 684813191 912734157 57098537 178342922 487743004 658238153 96870840 170733716 773706726 423440248 113719092 507651829 395451561 244615589 999020028 46892261 575479501 251960987 597553853 561979535 220073210 595681339 715377782 438273653 687423463 775396366 870863637 530208868 150483150 200992667 554524503 132790261 945172844 63046081 13255454 270473144 544562927 840939361 824613341 756550256 49657285 26800163 776760632 726171792 337403558 893384350 819698329 596123231 256554962 384029599 103412937 654485981 512008662 452804334 368562502 733305834 128245714 432976957 205326704 667394240 632497575 261930407 946046023 492387386 348264163 640647015 207274958 585188089 439808486 455888684 346874312 199915509 598252840 43197379 351767542 102487661 509901554 118840923 921986165 256961753 497415313 458829114 766629237 766757327 974462034 653125151 377361883 523887217 604469310 513177369 795077896 269321319 304103408 960896292 135351396 17608175 482099843 477201996 888302557 48879361 154070502 438266787 258502387 921361703 823912337 917578183 60541579 207522288 272442617 781947223 935888420 906971303 643885748 159587072 906660761 739247675 470836649 608386955 531937060 769612528 528325695 562506389 182231469 70975457 657610219 885414735 197758003 375078605 950317581 607501065 946108758 916063561 933564795 176379333 44971199 919546064 646679721 798013866 265509503 440323525 750148818 696790163 882034975 501840358 57416463 372656012 483590517 740536126 130160826 183457910 513074164 8201494 827671315 830597807 49526682 635467005 950952579 576135152 599208227 309549653 372180072 269459261 911089070 769382289 290132186 511656988 82379379 771250817 502223938 535700716 469723070 28064222 833767228 630581659 171680714 75382394 115082653 187513473 98126512 267326782 347087885 696331180 892184329 355498842 945987615 270210411 220327792 354031314 207690057 526831956 196269451 643897296 382575010 904116621 954264000 519602148 1238494 738655414 637450562 631383191 341838933 684960023 316859038 26042231 179669917 303658624 606705519 739535888 209584513 896761993 991601754 144448745 781896146 918124928 131303687 505474299 842381041 537227992 658624058 446028736 217007224 184404560 236134059 279122510 632015092 155638186 887279056 405614740 109974539 605055275 867533379 232975412 632443651 503238075 591219166 317680404 209853955 389482972 379614274 684364317 749247239 996129112 45974251 524856115 360488931 73082319 583093372 730222590 991583037 990659338 469029737 958944623 533713650 948877380 356619431 194351272 786638011 871313995 162404746 994436665 925056143 311662237 820601464 887184705 356582037 951106161 217730211 614526593 111941412 514641617 73536861 178056156 158021027 184467370 783827010 889627995 274394559 838571518 490839516 879963442 383950050 692638237 896784087 768389326 478243906 173399829 586167953 446834558 528206465 101559086 872536577 181209526 20824125 512406963 435253450 483293298 12423038 692260571 261943931 456253648 839179360 258846474 662228162 566924883 875481070 363754304 368368041 47968487 980766351 345085687 988453251 383041583 525463525 408423480 327751366 578098197 136657562 164246322 343847005 171948345 554108148 99913498 751195058 189199923 237244306 314345117 540712968 488708417 613760597 93522593 930037083 210659422 110439867
1 0 2 0 3 0 4 0 5 0 6 0 7 0 8 0 9 0 10 0 11 0 12 0 13 0 14 0 15 0 16 0 17 0 18 0 19 0 20 0 21 0 22 0 23 0 24 0 25 0 26 0 27 0 28 0 29 0 30 0 31 0 32 0 33 0 34 0 35 0 36 0 37 0 38 0 39 0 40 0 41 0 42 0 43 0 44 0 45 0 46 0 47 0 48 0 49 0 50 0 51 0 52 0 53 0 54 0 55 0 56 0 57 0 58 0 59 0 60 0 61 0 62 0 63 0 64 0 65 0 66 0 67 0 68 0 69 0 70 0 71 0 72 0 73 0 74 0 75 0 76 0 77 0 78 0 79 0 80 0 81 0 82 0 83 0 84 0 85 0 86 0 87 0 88 0 89 0 90 0 91 0 92 0 93 0 94 0 95 0 96 0 97 0 98 0 99 0 100 0 101 0 102 0 103 0 104 0 105 0 106 0 107 0 108 0 109 0 110 0 111 0 112 0 113 0 114 0 115 0 116 0 117 0 118 0 119 0 120 0 121 0 122 0 123 0 124 0 125 0 126 0 127 0 128 0 129 0 130 0 131 0 132 0 133 0 134 0 135 0 136 0 137 0 138 0 139 0 140 0 141 0 142 0 143 0 144 0 145 0 146 0 147 0 148 0 149 0 150 0 151 0 152 0 153 0 154 0 155 0 156 0 157 0 158 0 159 0 160 0 161 0 162 0 163 0 164 0 165 0 166 0 167 0 168 0 169 0 170 0 171 0 172 0 173 0 174 0 175 0 176 0 177 0 178 0 179 0 180 0 181 0 182 0 183 0 184 0 185 0 186 0 187 0 188 0 189 0 190 0 191 0 192 0 193 0 194 0 195 0 196 0 197 0 198 0 199 0 200 0 201 0 202 0 203 0 204 0 205 0 206 0 207 0 208 0 209 0 210 0 211 0 212 0 213 0 214 0 215 0 216 0 217 0 218 0 219 0 220 0 221 0 222 0 223 0 224 0 225 0 226 0 227 0 228 0 229 0 230 0 231 0 232 0 233 0 234 0 235 0 236 0 237 0 238 0 239 0 240 0 241 0 242 0 243 0 244 0 245 0 246 0 247 0 248 0 249 0 250 0 251 0 252 0 253 0 254 0 255 0 256 0 257 0 258 0 259 0 260 0 261 0 262 0 263 0 264 0 265 0 266 0 267 0 268 0 269 0 270 0 271 0 272 0 273 0 274 0 275 0 276 0 277 0 278 0 279 0 280 0 281 0 282 0 283 0 284 0 285 0 286 0 287 0 288 0 289 0 290 0 291 0 292 0 293 0 294 0 295 0
174
154934456 510068062 275408973 356827566 639092455 603430349 137206691 202382626 176242991 100470711 245926737 437729906 606398854 288420832 919931587 360639189 180816271 439348972 583193609 577355755 323042272 172525696 569799459 679907507 277657363 856828653 948962289 690013661 224838518 568811426 73666767 410220005 688867477 372061441 806071905 72885708 318709360 933471944 622796709 927646706 368786595 742053029 53213633 657980639 458073150 445906741 153874849 767498356 435634092 72991236 972196327 326586982 430735445 151299000 202524735 720029546 415649365 994074137 487712141 286226175 859279633 665693717 69323533 988641843 299732451 393838185 739602154 510105693 913957560 443575833 298317643 410586911 412584662 718986337 967621997 239072169 838080157 607948353 468038332 740169633 94349199 835716179 708707476 546064523 285908056 342910476 295017353 994451246 194751787 453548052 306740198 963067084 473042227 848735714 49802572 861452453 379741293 111653174 734813196 170562716 139314594 859450023 285473595 170856560 250630355 727681768 729996554 749485943 324178662 722909925 878657390 427212592 275736005 709091185 240603031 995676075 954600146 43380633 383043914 405638425 534520294 626974032 185953687 796830333 245447591 886614175 695401736 810023904 274230917 452386292 528643509 571956971 912382999 547427524 34093665 993733974 279041841 355175455 659307032 273328404 197252456 879780715 230092373 742811803 51693925 65308637 93883970 450934333 705976753 189354978 330496019 121681905 807635549 796700709 483384836 379434868 58942013 688630858 514543877 381353267 281663236 733542423 936156569 247613655 353890317 514466341 322131956 930122474 347062281 79128531 652648158 410330999 441310328 308174981
1 0 2 0 3 0 4 0 5 0 6 0 7 0 8 0 9 0 10 0 11 0 12 0 13 0 14 0 15 0 16 0 17 0 18 0 19 0 20 0 21 0 22 0 23 0 24 0 25 0 26 0 27 0 28 0 29 0 30 0 31 0 32 0 33 0 34 0 35 0 36 0 37 0 38 0 39 0 40 0 41 0 42 0 43 0 44 0 45 0 46 0 47 0 48 0 49 0 50 0 51 0 52 0 53 0 54 0 55 0 56 0 57 0 58 0 59 0 60 0 61 0 62 0 63 0 64 0 65 0 66 0 67 0 68 0 69 0 70 0 71 0 72 0 73 0 74 0 75 0 76 0 77 0 78 0 79 0 80 0 81 0 82 0 83 0 84 0 85 0 86 0 87 0
153
2 4 5 7 9 8 1 4 4 6 9 2 2 9 5 4 9 9 7 7 9 8 8 5 3 3 8 3 2 3 8 4 3 8 5 7 3 6 774534336 883761633 949934136 734413023 955126980 853787843 827827008 868484288 927304093 962705460 923886747 704199504 797414309 670134124 621554917 816570044 870378421 758342480 634452303 837585506 632263842 590091189 655213128 750433685 747019229 800557985 897385696 543583823 981431753 806157246 506961927 920045647 597369532 638066612 945098310 882116675 875371722 733273126 568590750 636930320 558648757 940951408 759665836 893117264 631555254 626986355 581650997 743892614 971598064 884452889 562086084 956881346 539041987 982865209 829838842 615994518 893175649 814008104 957786797 685668783 949300010 717162776 987628047 692781663 515502064 691539701 738383460 846555117 773276166 628731023 625152775 541759885 991055530 822994982 839687117 815533120 884716375 3 8 10 4 8 10 2 9 7 5 2 5 3 7 4 1 5 1 1 4 3 2 8 10 9 3 4 9 9 10 4 2 8 2 5 1 7 1
0 0 0 0 0 0 0 0 0 0 0 0 0 3 0 0 0 3 0 0 3 0 0 0 0 0 4 0 0 2 0 3 1 0 0 0 0 0 0 0 0 0 0 0 0 0 0 0 0 0 0 0 0 0 0 0 0 0 3 0 0 0 0 0 0 0 0 0 0 0 0 0 3 2 0 0 0 0 0 0 0 0 0 0 0 0 0 0 0 0 0 0 0 0 0 0 0 0 2 0 0 0 0 0 0 0 0 0 0 0 3 0 2 0 0 0 0 0 3 0 0 0 6 0 0 0 0 0 0 0 0 0 0 2 0 0 0 0 2 0 2 0 2 0 0 0 0 0 0 0 0 0 0
38
6 7 5 7 10 8 4 6 3 858100058 616570408 976394151 591820065 912777761 520076879 585551113 585574052 767820502 538820027 524873351 932767348 688182014 784373669 699349271 963373770 841390568 753147815 984611279 706793784 1 1 3 1 1 2 1 1 9
0 2 0 3 5 0 0 1 3 0 0 0 0 0 0 0 0 1 0 0 0 0 0 1 0 0 0 0 3 0 0 0 0 0 0 0 6 3
155
3 9 1 3 6 5 8 6 10 9 4 1 9 3 9 10 5 4 8 10 6 7 5 6 6 8 3 1 7 4 5 8 3 2 5 1 2 6 945662869 604127429 827692603 648419994 909010924 526581511 708436105 726375460 731436530 508733050 998223077 883794059 923198004 775676006 722090923 512019024 584147549 817810813 661678388 837234368 654372127 883550676 807282431 906579377 655556981 601422402 742044021 941938898 962134316 739374261 559825333 881721902 766279639 734103378 543340855 555940828 525818254 748215158 954104893 564904216 809104411 638027240 910757988 556835107 575935610 839830486 957334740 724727739 558564569 807419492 548035535 967755014 531871339 758705145 800064685 787539249 886758082 614221698 991097459 614598716 545829000 635340884 902938537 885282449 885417928 895005554 737934364 814505841 953026071 838795357 959701907 934599526 894232410 819136941 534736322 595584031 628139254 610471190 676460028 5 9 1 7 9 5 10 4 4 2 3 7 3 10 10 1 6 2 5 6 8 10 1 9 10 5 5 10 9 10 8 5 10 5 6 3 5 3
0 0 0 0 0 0 0 0 0 0 0 3 0 0 0 0 0 1 0 0 0 0 0 0 0 0 2 0 0 0 0 0 3 0 0 0 0 0 3 0 0 0 0 0 0 0 0 0 0 0 0 0 0 0 0 3 3 0 0 0 0 0 1 0 0 0 0 0 0 3 0 0 0 0 0 0 0 0 0 1 0 0 0 0 0 0 0 0 0 0 0 0 0 0 0 0 0 3 2 1 0 0 0 0 0 3 1 0 0 0 3 0 2 0 3 1 0 0 2 0 0 0 0 0 2 0 0 0 0 0 0 0 0 0 0 0 0 0 5 0 0 0 0 0 0 0 1 0 0 0 0 2 0 0 0
219
6 3 8 3 2 9 1 4 1 3 7 1 10 7 2 6 5 8 3 2 2 4 1 4 2 5 2 3 2 8 6 8 8 7 3 5 8 9 2 6 8 2 9 9 10 5 3 1 3 6 2 10 2 5 805257019 557980477 572860520 775447583 506225017 814482248 681757301 690215722 943403309 510717322 868633417 655408773 905700019 941736918 760597558 768447069 975924715 702803204 620899243 930761338 633357986 819668845 901937845 708785127 681028060 850047945 673759906 826294897 630506940 682840904 873357240 577160261 802038581 886675675 945078299 572566891 522811592 584327931 567465339 861774568 931188980 954582640 786829860 590472898 519707406 588099538 502878819 985797184 674658495 548845021 876704143 582066942 595064658 617652927 856448001 726309596 598861958 819476742 640956374 527631805 949102503 960895697 526733405 539500962 957988863 529437281 708509017 588999344 751553034 931278660 728732325 792113417 702792419 668889490 896303331 919120799 666075347 685178656 619855383 899137383 770628622 725707399 725900939 877887108 655919603 695531361 957153092 867756891 656745314 612234032 971335388 654199217 570841089 881714104 785792421 747544884 766821243 748289224 738213710 794288399 515264281 895678672 658783358 986908538 550755129 800427423 574067988 636286556 997696909 564334131 887955470 4 9 2 3 4 8 10 7 7 9 2 5 4 10 6 4 4 6 5 6 3 7 2 8 2 2 4 7 10 3 7 7 9 7 8 8 5 10 10 2 7 7 5 3 7 4 7 1 5 4 1 1 1 9
0 0 0 3 0 4 0 0 0 0 0 0 0 0 0 2 0 3 0 0 0 0 0 0 0 0 0 0 0 0 0 0 0 0 1 2 0 0 0 0 3 0 0 2 0 0 0 0 2 0 0 1 0 0 2 0 0 0 0 0 2 0 0 0 0 0 0 0 0 0 2 2 0 0 0 0 0 0 0 0 0 2 0 0 0 1 1 0 0 0 0 0 0 0 0 0 0 0 0 0 2 1 0 2 0 0 0 0 0 0 1 0 0 0 0 0 0 0 3 0 0 0 0 0 0 3 0 0 0 3 2 3 0 0 0 0 0 0 0 0 0 0 0 0 0 2 2 0 0 0 0 0 0 0 0 0 2 0 0 0 0 0 0 0 0 0 0 0 0 0 0 0 2 0 0 0 0 0 0 0 0 0 3 0 0 0 6 0 0 0 0 0 0 0 1 0 0 0 0 0 0 0 2 2 1 0 0 0 0 0 0 0 0 0 0 0 0 0 3
327
62 643 649 920 404 200 45 659 459 234 564 340 210 607 946 936 245 432 679 187 204 691 114 792 24 743 436 986 617 4 4 7 1 1 926917660 730 181 775 359 717 690 892 380 725 229 41 270 287 500 982 172 764 851 821 28 271 966 303 789 600 113 921 864 603 854 440 308 741 342 635 521 734 608 360 466 550 473 233 682 140 974 558 605 665 454 271 951 143 690 23 197 723 720 707 404 50 239 13 920 406 723 838 703 598 660 640 304 788 530 40 764 713 431 276 933 8 482 323 999 582 404 759 214 245 911 706 112 42 806 425 708 7 925 393 462 271 309 941 19 740 258 772 983 801 150 957 254 739 169 215 676 842 326 570 36 379 423 705 652 914 844 599 89 655 316 263 750 794 33 671 375 37 776 192 702 779 926 123 803 632 516 135 878 253 695 716 497 670 262 944 581 579 155 158 621 288 29 362 906 288 327 443 778 634 471 517 170 597 70 1 961 290 288 225 891 224 761 662 72 990 696 116 344 527 57 431 2 671 962 561 664 951 701 73 274 820 997 416 530 786 407 520 245 141 17 581 393 241 793 76 879 538 262 367 278 827 384 448 72 399 779 680 145 58 681 582 549 206 271 12 814 454 281 313 314 446 999 251 450 870 74 828 673 842 759 296 611 128 487 944 810 895 911 495 862 963 806 190 931 736 477 881 946 286 548 714 970 290 298 236 521 754 902 993 854 759 255 956 462 653 231 355 336 410 552 733 718
0 0 0 0 2 0 0 0 0 0 0 0 0 3 0 3 0 0 2 0 0 0 0 0 0 0 3 1 3 3 0 0 1 0 4 1 0 0 0 2 3 0 0 1 2 0 0 0 0 0 1 1 0 0 0 0 0 0 0 0 0 0 0 0 0 0 0 0 0 0 0 0 1 0 0 0 0 0 0 0 0 0 0 0 0 0 0 0 0 0 0 3 0 0 0 0 0 0 0 0 0 0 0 0 0 0 0 0 3 0 0 0 0 0 0 0 0 0 0 0 0 0 0 0 0 3 0 0 0 0 0 3 0 0 0 0 1 1 0 0 0 0 0 1 1 1 0 0 0 0 0 1 0 0 0 0 0 0 0 0 0 0 0 0 0 0 0 0 0 0 0 0 0 0 0 0 0 0 0 0 0 0 0 0 0 0 0 1 0 0 0 0 0 0 2 0 0 0 0 0 1 3 0 0 0 0 3 0 3 0 2 0 0 0 1 0 0 0 3 0 0 0 0 0 3 0 0 2 0 0 0 0 0 1 0 2 0 0 0 0 0 0 0 3 0 0 0 0 3 0 0 0 0 0 0 0 3 0 0 0 0 3 1 0 3 0 0 0 0 0 1 0 0 0 0 0 0 0 0 0 0 0 0 0 0 1 0 0 0 0 0 1 0 0 0 0 1 0 0 0 0 0 0 2 0 0 3 0 0 0 0 0 0 0 0 0 0 0 0 1 0 0 0 0 0 0 0
120
675 911 886 187 85 280 984 931 127 94 260 538 373 597 368 597 553 966 627 409 531 737 161 114 448 658 280 583 270 447 18 649 270 144 938 509 203 17 622 371 202 221 468 676 639 667 692 475 490 799 675 789 949 241 44 21 329 503 136 766 489 217 717 581 324 589 119 546 81 32 167 706 501 177 548 705 72 715 513 201 6 8 3 6 5 846868662 857 209 678 188 988 60 446 756 656 115 888 584 744 548 429 218 168 260 673 67 816 927 39 217 945 461 134 423 163 689 637 200 406 354
0 0 0 0 0 0 2 1 0 3 2 0 0 1 2 2 0 0 0 0 0 0 0 0 0 0 0 0 1 3 0 0 0 0 0 0 0 0 0 0 0 0 3 0 0 0 3 0 0 2 0 2 0 0 0 0 0 0 0 0 0 3 0 0 0 0 1 0 0 0 0 0 0 0 0 0 0 2 3 0 0 0 0 0 1 4 0 0 0 0 0 0 0 0 0 0 0 0 0 1 0 0 0 0 0 0 0 0 0 2 0 0 0 0 0 0 0 2 0 2
19
5 10 10 4 6 957384626 291 648 50 782 486 629 394 305 377 483 274 776 35
0 0 3 0 0 4 0 0 3 0 0 0 0 0 2 0 0 0 0
481
1 784597609 10 750616093 8 667633675 2 608275947 3 660156567 5 880273505 8 528404617 7 943577266 2 779737448 2 813325978 1 957832510 6 999792740 3 688369891 1 697868645 9 920517917 5 566878461 10 934532024 1 983540827 9 810779419 5 775885494 9 680502020 5 570940094 4 703630177 3 513998935 4 843959669 2 742286335 6 637004493 1 620826978 3 770837928 3 873335813 9 925234377 8 865939972 7 939424496 4 926545230 7 503776103 1 707659488 1 695713368 9 725485792 8 805186780 3 833097382 1 520006401 6 510507269 5 666350903 8 979444854 2 824764877 8 775652059 8 766956929 2 536511511 9 783711061 6 886819245 9 599223826 4 930514434 4 692179770 3 981178666 1 968877649 4 789117234 10 858719932 9 647834974 3 527378088 3 887719121 6 527946147 4 889741701 9 835395045 2 876993959 10 834640253 4 866865312 3 957535186 8 791679335 4 789102887 3 920599280 3 588318505 10 840615622 7 793755045 5 879428140 5 709404895 7 978035033 8 690989650 4 645841554 1 778070699 5 756100692 3 842273109 6 564498373 6 946935278 2 958695697 2 738496878 3 571640702 8 814937574 2 516462172 7 641579026 9 625757958 8 709562673 9 703090343 2 757315795 4 919500936 9 500318362 1 612857592 9 939483162 7 872845871 8 943461702 5 919417521 2 925188405 7 907508498 5 557975576 9 915839015 2 601471660 5 502608119 8 532795267 4 835895307 6 803157493 7 531581662 2 665285009 3 956603036 6 641956448 4 880347745 9 830964555 8 982011313 10 866816626 2 846720735 9 984485736 5 708240780 3 755525233 6 821074817 4 691859028 6 969772678 10 537560152 9 748258051 7 693930111 3 866987903 4 848191504 2 870756437 10 501106433 7 774956075 8 713833202 7 753107978 4 519333773 4 633474594 9 568644529 4 587566740 3 707322801 3 518357708 10 802381686 10 781016916 7 765025641 9 993975573 7 839499362 6 823136890 1 853362438 5 747043313 8 749502295 9 935813295 5 845197914 4 501660088 8 888546834 1 503805081 6 607567934 3 715598154 3 572292502 6 786657576 7 815156072 6 557841923 9 780003559 1 911866543 6 795020163 2 667377030 8 889900563 8 649292251 7 902568878 2 693229391 6 945761932 10 966823533 2 928788277 9 615754268 10 954775512 7 867291846 2 538718375 7 849175335 4 716640130 1 506635339 7 741179709 6 625373730 7 683917165 7 593312913 6 889749890 2 658927130 6 853632109 3 568968284 2 714990175 3 593398805 6 690126124 7 570344042 1 887922026 1 728876684 2 579157609 9 672445719 7 614753671 10 530762416 9 813253765 7 912955849 10 762856671 3 919810436 2 608312150 9 597898028 7 517992476 1 843417018 7 651452250 4 888550982 9 572788994 5 628159352 2 680117033 9 669612625 2 846467149 7 613584594 1 592424520 1 698614122 6 735817445 4 567248935 4 588769340 9 536583955 1 897426530 1 881006662 5 844674300 3 759961981 7 561153754 2 548549216 1 714891936 3 953763498 7 874857739 4 924194267 2 968756092 8 985993302 3 780372934 8 762924759 10 556783465 3 563309758 6 920736181 1 541677988 4 908525183 10 567938857 1 578663277 3 561884657 4
0 0 0 0 0 0 2 0 0 0 0 0 0 0 0 0 0 0 0 0 0 0 0 0 0 0 0 1 0 0 0 2 0 2 0 0 1 0 0 0 0 0 0 0 0 0 0 0 0 0 0 2 0 0 1 0 0 0 0 0 0 0 0 0 0 0 0 0 0 0 0 0 0 0 0 0 0 0 0 0 2 0 0 0 0 0 0 0 1 0 0 0 1 0 0 0 0 0 1 0 0 0 2 0 0 2 0 1 0 0 0 0 0 0 0 0 0 0 0 0 0 2 0 0 2 0 0 0 0 0 0 0 0 5 0 0 0 0 0 0 0 0 0 0 0 0 0 0 0 0 0 0 0 0 0 0 0 0 0 0 0 0 0 0 0 0 0 0 0 0 0 0 0 0 0 0 0 0 0 0 0 0 0 0 0 0 0 0 0 0 0 0 0 0 0 0 0 0 0 0 0 0 0 0 0 0 0 0 0 0 0 0 0 0 0 0 0 0 0 0 0 0 0 0 0 0 0 0 0 0 0 0 0 0 0 0 0 0 0 0 0 0 0 0 0 0 0 0 0 0 0 0 0 0 0 0 0 0 0 0 0 0 0 0 0 0 0 0 0 0 0 0 0 0 0 0 0 0 0 0 0 0 0 0 0 0 0 0 0 0 0 0 0 0 0 0 0 0 0 0 0 0 0 0 0 0 0 0 0 0 0 0 0 0 0 0 0 0 0 0 0 0 0 0 0 0 0 0 0 0 0 0 0 0 0 0 0 0 0 0 0 0 0 0 0 0 0 0 0 0 0 0 0 0 0 0 0 0 0 0 0 0 0 0 0 0 0 0 0 0 0 0 0 0 0 0 0 0 0 0 0 0 0 0 0 0 0 0 0 0 0 0 0 0 0 0 0 0 0 0 0 0 0 0 0 0 0 0 0 0 0 0 0 0 0 0 0 0 0 0 0 0 0 0 0 0 0 0 0 0 0 0 0 0 0 0 0 0 0 0 0 0 0 0 0 0 0 0 0 0 0 0 0 0 0 0 0 0 0 0 0 0 0 0 0 0 0 0 0 0 0 0 0 0 0 0 0 0 0 0 0
367
5 745611025 7 791963293 7 967298859 6 617758480 2 915431272 8 540896553 10 758381968 8 741509067 10 584257699 4 887346976 7 800953197 5 836814082 2 792553758 4 664754388 9 621147990 10 862555858 9 688113215 6 689133080 8 893936020 10 774351344 6 960630476 2 701454617 8 705816501 7 920059925 8 682520893 5 966280651 9 723763502 2 591541226 6 555991077 4 526645736 3 770421255 2 732662931 8 566359212 4 615190139 10 805549473 8 803558593 10 541625368 2 721542652 9 813718660 4 801135445 2 618291810 6 815953404 10 598255420 5 935832217 5 613433314 5 729176675 9 981437780 7 964626942 6 803017477 6 688603709 5 910940488 7 680294775 6 606475032 10 510645523 8 972530337 4 556915802 8 677520160 8 949365725 3 809011473 9 551632854 6 901220800 4 701363319 8 945420709 1 562659315 3 797318964 10 566905527 1 520472832 4 543536943 9 829801049 5 767310593 6 924255928 5 773643674 8 622718148 1 918580600 10 842176679 6 784951440 9 582256366 8 661284280 7 705155685 8 945033979 7 925057131 7 946689832 1 546072778 9 696324647 9 612787499 5 979147725 10 762462327 5 951624236 9 692960482 4 814723518 6 785458556 1 645858775 4 546005347 4 616080673 7 654990855 6 944087357 3 538587933 4 563613361 3 501229093 10 605759938 4 583180967 9 922829281 1 932278929 5 505225161 1 603884369 5 767982469 3 828127126 9 808488160 8 908495573 5 861956110 3 540836863 2 806218375 6 966829831 1 692395354 10 500993047 2 903007367 10 595290533 2 664090126 5 730397628 5 762876628 7 547689516 1 947607939 5 761014907 10 611035394 7 512317375 4 984176705 7 960166853 7 691888459 6 515263779 2 646817548 2 761978411 5 883293984 1 729987781 1 557727623 4 805072820 10 967071312 10 693138130 8 561912917 5 976516920 9 555758780 1 926623588 5 857071070 7 862016469 2 675621535 2 965933236 3 779724183 1 602361452 7 505909339 8 794706791 9 747601635 5 656121397 2 774364388 1 685554918 9 858272892 7 968590684 1 808979119 2 947129542 9 644030319 4 546983856 9 746004030 10 577444157 8 983021996 7 941880942 10 894205486 1 823444146 10 666634525 10 634922755 9 755373532 5 646827087 10 623125851 4 832756217 4 701079710 7 596113068 5 797508066 5 667229659 2 805684868 5 584965000 10 687680224 1 801838149 6 835596972 4 576758928 6 536811157 5 944418790 7
0 1 1 0 0 6 0 0 0 0 0 0 0 0 0 0 0 0 0 0 0 0 0 0 0 0 0 0 0 0 0 0 0 0 0 0 0 0 0 0 0 0 0 0 0 0 0 0 0 0 0 0 0 0 0 0 0 0 0 0 0 0 0 0 0 0 0 0 0 0 0 0 0 0 0 0 0 0 0 0 0 0 0 0 0 0 0 0 0 0 0 0 0 0 0 0 0 0 0 0 0 0 0 0 0 0 0 0 0 0 0 0 0 0 0 0 0 0 0 0 0 0 0 0 0 0 0 0 0 0 0 0 0 0 0 0 0 0 0 0 0 0 0 0 0 0 0 0 0 0 0 0 0 0 0 0 0 0 0 0 0 0 0 0 0 0 0 0 0 0 0 0 0 0 0 0 0 0 0 0 0 0 0 0 0 0 0 0 0 0 0 0 0 0 0 0 0 0 0 0 0 0 0 0 0 0 0 0 0 0 0 0 0 0 0 0 0 0 0 0 0 0 0 0 0 0 0 0 0 0 0 0 0 0 0 0 0 0 0 0 0 0 0 0 0 0 0 0 0 0 0 0 0 0 0 0 0 0 0 0 0 0 0 0 0 0 0 0 0 0 0 0 0 0 0 0 0 0 0 0 0 0 0 0 0 0 0 0 0 0 0 0 0 0 0 0 0 0 0 0 0 0 0 0 0 0 0 0 0 0 0 0 0 0 0 0 0 0 0 0 0 0 0 0 0 0 0 0 0 0 0 0 0 0 0 0 0 0 0 0 0 0 0 0 0 0 0 0 0 0 0 0 0 0 0 0 0 0 0 0 0 0 0 0 0 0 0
726
3 622414500 3 559020423 2 726477023 6 671375476 8 700226722 1 863730608 7 805096843 9 781560850 4 541772718 8 869178895 3 639113893 4 591323228 9 846298896 6 899375179 2 567255171 1 543767354 10 501436670 10 959146006 3 580011591 9 573849778 9 611522781 2 520267384 4 676083293 4 847636671 1 932169601 5 963847600 1 625074962 1 657811632 1 711085450 3 678960022 1 636441133 6 975433509 2 935144910 4 817525925 10 934681509 8 657944202 4 983709133 2 705447292 6 740786270 8 813426484 7 688196155 7 909989636 3 659931389 9 821111808 5 797901213 3 963414804 3 975423943 4 508138119 5 852067051 1 742863794 10 848897420 2 982557673 9 958204235 1 506489569 4 926757042 8 622594842 6 976661466 1 585839867 5 852875071 10 722153930 8 611445893 2 734490011 3 687536119 4 792576986 7 907293425 5 632925728 7 732632469 4 520651616 5 652989043 5 549675955 10 763109379 6 882868794 6 690937112 5 658695656 1 664660399 10 915930676 3 632981695 10 512998633 4 977672684 5 643508411 10 982476866 9 674540338 8 847422302 5 659249957 4 662607016 2 500350686 7 880519551 9 866037891 7 950957179 3 584916867 8 907604272 3 871497220 1 820333328 10 858816159 2 652291155 2 539753194 7 685832703 6 843598740 7 806365061 9 699439123 1 558164110 5 562920502 8 511226326 3 507954184 2 603218245 10 609925862 10 745586080 6 971971238 1 607887998 8 870880575 3 619411553 3 624194636 4 852138770 9 905054545 1 574121393 1 856368039 3 887328784 2 980854641 4 989030977 9 908532226 5 720779396 9 768207505 5 694047721 9 514532906 1 906595413 7 687192370 10 888616397 7 703778538 2 542735399 6 912923867 5 966914442 8 759248130 3 674331991 2 536684839 10 749297269 4 831749064 5 603262211 4 883309159 6 619993587 9 710424902 3 603967778 2 984814533 1 571050706 6 749513200 2 545525421 7 710285318 6 652529850 8 951353323 1 919967192 1 552005338 7 828951475 2 705644251 3 776850774 4 567840687 3 741990575 10 684952399 1 564079802 2 979872552 10 879422001 1 896469425 8 874974170 10 929280015 9 650315765 10 890020043 5 601590341 6 887472874 9 866482363 4 622319837 1 994291667 10 723474454 9 630168078 3 977483074 3 627568692 8 927554414 3 628000299 7 943780511 8 772109476 3 991111567 2 831182830 5 946647216 2 673119897 1 942806686 9 601941202 6 837940374 7 734893969 1 540945320 3 706217991 3 541447101 8 611634154 10 622110609 6 732618122 6 854642260 1 704521672 2 606046089 10 917604189 5 906696268 5 565036816 1 656788511 1 876941764 3 772732911 8 704529266 4 500050652 9 743394708 4 744337158 9 810038396 6 896854126 5 710670489 9 756312973 10 866363590 10 773412196 2 983615488 4 969691124 5 684384557 7 507262589 8 634660315 2 510986999 6 835631638 8 869650312 7 866515124 5 867708421 10 993106124 2 624160450 6 681114918 9 940113451 10 678350561 2 781600998 1 954814870 7 749218211 2 914769075 3 511135658 5 919835628 1 801054691 4 787197667 7 707666661 10 551958633 2 607178563 1 907724545 7 715467573 6 864471431 9 861426993 8 787760419 1 708066111 8 608362980 1 772926454 1 616358826 6 724376956 4 878768970 1 555350535 10 944786437 6 861084565 9 627667130 5 572427762 9 777343367 2 621275980 1 582822545 7 639699402 6 568433494 8 919323647 7 572982963 2 982527279 7 625884769 10 742018221 10 759324112 2 850351584 2 920519527 8 965951387 7 773145011 7 787198694 1 801974796 5 831148662 7 759813281 7 558438978 6 620772620 4 570952219 8 828960463 1 733794611 2 756640362 9 698153692 8 910927323 9 926597388 3 553081020 7 947376989 6 519459167 8 689296534 9 658193540 5 873711106 2 920651159 10 565216521 3 771743127 7 607592941 6 708143625 8 796564877 6 798481560 3 765940106 2 784567372 3 688689996 7 907717499 2 519533734 1 749238996 4 630588958 5 999136806 7 816651300 3 692106197 4 771665334 8 574872848 7 762949427 1 893943094 5 854737003 5 517826820 7 657596702 6 932795529 2 705293962 1 776238046 6 685656487 10 696676390 8 877006142 6 954504301 8 766719733 6 802510916 3 953481215 9 810252116 1 559787789 8 921332013 6 506272412 5 657657100 7 624405219 5 509725563 2 709136334 6 677014242 5 738042611 10 947525745 9 608540760 9 630558230 2 869729393 9 581760334 5 550422466 2 984533762 4 809936640 9 676846027 6 763195034 7 937515857 4 956709894 4 771033746 2 597006664 3 854980170 10 758051969 2 939103956 3 919247991 8 610123303 3 810555768 10 961311973 9 666309888 2 830933118 2 614287094 7 898583282 10 551591292 3 553509047 6 983917466 7 573958844 10 929757004 8 781632412 7 616106923 10 960290415
0 0 1 0 0 0 2 0 0 0 0 0 0 0 0 0 0 0 0 0 0 0 0 2 0 0 0 0 0 0 0 0 0 0 0 0 0 0 0 0 0 0 0 2 0 0 0 0 2 0 0 0 0 0 0 0 0 0 0 0 2 0 0 0 0 0 1 1 0 0 0 0 0 0 0 0 0 0 2 1 0 0 0 2 0 0 0 0 0 2 2 2 0 0 0 0 0 1 0 0 2 0 0 0 0 0 0 0 0 0 0 0 0 0 0 0 0 0 0 0 0 0 0 0 0 0 2 0 1 0 0 2 0 0 0 0 0 0 0 0 0 0 0 0 0 0 0 0 0 0 2 0 0 0 1 0 0 0 0 0 1 0 1 0 0 0 0 0 0 0 0 0 0 0 1 0 0 0 2 0 0 0 1 0 0 1 0 0 0 0 0 0 0 0 0 0 0 0 0 0 0 0 0 1 0 0 0 2 0 0 0 0 0 0 0 0 2 0 0 0 1 0 0 0 0 0 0 0 0 0 0 0 0 0 0 0 0 0 0 0 0 2 0 0 0 0 2 1 0 2 0 0 1 0 0 0 0 0 0 0 0 0 0 0 0 0 0 0 0 0 0 0 0 0 0 0 1 0 0 0 0 0 0 0 0 0 0 0 0 2 0 0 0 0 0 0 0 0 0 1 0 0 1 0 2 0 0 0 2 0 0 0 0 0 0 0 0 0 0 0 0 0 0 0 0 0 0 0 0 0 0 2 0 0 0 0 0 0 2 0 0 1 0 0 0 0 0 0 0 1 2 0 0 0 0 0 0 0 0 0 0 2 0 0 0 0 0 0 0 0 1 0 0 0 0 0 0 0 0 0 0 0 1 0 0 0 0 0 0 0 0 0 1 0 0 0 0 0 0 0 0 0 0 0 0 1 0 0 0 0 0 0 2 0 0 2 0 0 0 0 0 0 0 0 0 0 0 0 0 1 0 0 0 2 0 0 0 0 0 0 2 0 0 0 0 0 0 0 0 1 0 0 0 0 0 0 0 0 0 1 0 3 0 0 0 0 0 0 0 0 0 0 0 0 0 0 0 0 0 0 0 0 0 0 0 0 0 0 0 0 0 0 0 0 0 0 0 0 0 0 0 0 0 0 0 0 0 0 0 0 0 0 0 0 0 0 0 0 0 0 0 0 0 0 0 0 0 0 0 0 0 0 0 0 0 0 0 0 0 0 0 0 0 0 0 0 0 0 0 0 0 0 0 0 0 0 0 0 0 0 0 0 0 0 0 0 0 0 0 0 0 0 0 0 0 0 0 0 0 0 0 0 0 0 0 0 0 0 0 0 0 0 0 0 0 0 0 0 0 0 0 0 0 0 0 0 0 0 0 0 0 0 0 0 0 0 0 0 0 0 0 0 0 0 0 0 0 0 0 0 0 0 0 0 0 0 0 0 0 0 0 0 0 0 0 0 0 0 0 0 0 0 0 0 0 0 0 0 0 0 0 0 0 0 0 0 0 0 0 0 0 0 0 0 0 0 0 0 0 0 0 0 0 0 0 0 0 0 0 0 0 0 0 0 0 0 0 0 0 0 0 0 0 0 0 0 0 0 0 0 0 0 0 0 0 0 0 0 0 0 0 0 0 0 0 0
71
685498439 578203058 872481697 417745038 381677547 579363831 679627518 769661770 955319579 847283582 995249179 145731318 676644338 265905869 844479813 729000022 587905317 130368097 181712807 684997133 208467828 305204645 626929926 601187938 802387122 445049988 764529441 988926883 208486518 277841825 4654250 847910700 232935525 950524202 7020005 293131530 604327971 437250637 667243237 244330050 491260122 10087246 665669483 177948597 582408814 772215870 578701406 941584294 729109570 253637193 552626923 630942173 150434734 69373876 539947334 529288301 200771589 640173676 98205437 109402905 699900484 975712572 751313663 98033500 825572960 520297891 913382196 602848008 568589875 61071433 375047098
1 2 3 1 0 5 1 4 5 10 4 8 9 3 15 16 6 3 14 1 3 22 18 14 17 1 16 21 7 27 11 26 8 18 7 36 9 33 11 29 41 30 32 5 12 40 9 40 17 34 29 13 32 43 3 48 32 19 38 6 5 12 39 29 4 5 49 56 20 11 36
220
301887886 168570923 750379529 720164890 698712597 820652208 352298436 788680531 695521253 749598455 603075785 956868563 880641502 30793087 97808405 769947694 420896014 172164237 912096202 166161074 496722115 614489923 74759454 215851005 628892980 322523534 721220152 209166460 37465379 295064633 693172413 45528417 423579001 72100068 600166950 127977999 814732330 567140400 608734612 215532437 364160086 802876640 474673977 936673832 244937230 378282302 584128014 917095745 29434529 745285763 19074805 724832586 194750687 623137939 912857332 85896823 644746035 128600277 611377323 73549003 389302783 450078053 405578161 224325580 771436841 143823983 850841861 783949564 882886196 380337155 938925099 536248974 58800849 719082262 638059316 918208112 592159327 239654155 566839873 374276639 58536743 107512703 817529276 153061478 891849427 902412976 194399462 999526511 101701117 287655726 382738145 445825108 272955716 848283191 814144227 653890451 238161602 176345209 243737269 12908685 63452514 531360640 304906030 944799870 238549988 654099111 557221060 620831755 211492364 561808058 793136365 542491355 658715350 403010098 619105123 189739353 131109154 699995699 576734477 189772296 966677173 557136171 319604376 709417627 610421248 663141963 611375491 24286506 732078479 165391283 160811182 467809463 782334605 744454018 559338537 213279850 878138948 466935974 836773468 592030112 157745909 244768427 400834872 900865869 996108045 979067987 376072854 901882811 721245690 716691772 607836009 467791404 722218148 397612900 846902774 75874411 89321450 21241282 880401837 103702222 177137667 309814746 624646608 129731002 731060790 196985452 445508753 691908642 467924173 719726641 221955797 207413536 251354534 141684675 918377778 6651157 252477524 386101408 681327976 684633455 736599854 106431860 726302692 222866062 366492986 972782202 530185098 584868312 162903391 2293062 94978149 738451076 512914361 11593135 298451554 307877401 866784388 519448108 597327811 309030972 13887110 677729901 598632304 670717378 78377810 58831216 264832466 495223196 625211482 377650401 768390998 261257886 517137466 476271625 261358158 422403495 413295633 149465367 75628103 104197182
0 0 0 0 0 0 0 0 0 0 0 0 0 0 0 0 0 0 0 0 0 0 0 0 0 0 0 0 0 0 0 0 0 0 0 0 0 0 0 0 0 0 0 0 0 0 0 0 0 0 0 0 0 0 0 0 0 0 0 0 0 0 0 0 0 0 0 0 0 0 0 0 0 0 0 0 0 0 0 0 0 0 0 0 0 0 0 0 0 0 0 0 0 0 0 0 0 0 0 0 0 0 0 0 0 0 0 0 0 0 0 0 0 0 0 0 0 0 0 0 0 0 0 0 0 0 0 0 0 0 0 0 0 0 0 0 0 0 0 0 0 0 0 0 0 0 0 0 0 0 0 0 0 0 0 0 0 0 0 0 0 0 0 0 0 0 0 0 0 0 0 0 0 0 0 0 0 0 0 0 0 0 0 0 0 0 0 0 0 0 0 0 0 0 0 0 0 0 0 0 0 0 0 0 0 0 0 0 0 0 0 0 0 0 0 0 0 0 0 0
500
50039143 119484308 694608757 486059028 412283721 539331843 37634204 993292248 990500305 749891317 327322615 511407427 668449348 432851040 892045035 330033550 735225775 208925198 693046049 131927039 855962107 686681983 576396900 573049886 105031591 73871716 587448617 425147772 61751319 351254971 347785137 280828194 968585357 8930701 494676435 821138594 951847868 345164363 183031644 645644476 304906238 327716044 649852184 665007539 833884200 17668583 841184884 56063795 265864961 555755700 101575108 779401701 719594324 711190116 926019880 659440277 238683816 992991685 774421011 27007237 387313811 323815510 948538221 924417110 908436656 276280078 531442263 873049367 444479795 871795376 389468055 203426545 320548896 941891021 236667794 947792373 390130973 52044385 761764094 295189896 943297513 988008718 817603098 609039601 677407602 804641274 673107612 7217539 730311048 437231435 327730228 504633456 776051505 875328840 888406447 718308912 183069602 899071502 9007805 134955410 234906065 378013943 392294999 941052517 413404841 132455311 354371009 415425993 744416228 357267507 451634228 884325916 205999993 608223314 170231582 239004802 199128503 350824517 678011659 15795735 80889847 71630030 638977831 38690492 760190962 952084021 90241379 624417664 355960757 104844036 381474623 350020785 917853238 372609128 176864038 382936453 209450636 689447976 519563389 373572461 553966528 4627012 958646848 910385916 742448963 768938551 738562123 537461366 4483590 983528909 51083583 334588928 41396778 811226531 349765380 59842408 121958746 750370116 726894579 854657428 240586683 371136742 352944278 511409554 338047879 614369993 978526737 303492417 584662844 652908078 498846499 377895839 726008436 315411963 580653518 710283959 491120987 72693492 351696284 622573357 63199425 586543512 152674946 863011179 612808403 821060001 351694440 248753264 893581419 716476188 221217609 870942266 900423944 425488683 877518335 862285781 590216549 112085600 282634656 727134472 665018026 312874681 308821899 234060190 417768514 860911422 865505799 870934108 640492626 372027199 88735626 862504836 595002571 293657389 593137312 750476552 46101284 516169502 786366572 536087125 357285543 546691299 246062032 385186242 648949102 245438921 159298354 895813528 19085812 124545012 824539359 928276678 826492746 209386847 216091153 997729577 36473325 462414452 611055254 229250425 629040443 769478733 278781713 875419866 69619591 488659602 232822242 396399108 842251983 561594098 45383339 102508053 45297681 187304512 724279410 359303416 49638719 58526519 652385899 355156857 219382229 160537292 589592408 431333100 695063565 132483638 737255824 974568061 239349431 191210114 865153446 872146973 145241000 617587159 500936107 529482510 206777046 805339214 182081300 450192911 752237063 872372850 770346304 378680110 739844395 834604890 828721307 5207853 915969357 342290538 60882532 233479831 35832363 978851502 813145365 10717800 146707047 122204116 638917473 720239706 933623394 368587472 925651937 136537814 127570860 518891538 584300370 942856829 976201499 127485287 801266047 811272023 777033087 613544821 852857028 45267358 473152248 934881494 982239283 784813614 311417580 824270042 338889816 773946512 563162776 588276704 980549793 690844839 307399754 468587345 937677664 40408574 276521778 565835588 340402290 609337011 764506586 325930933 607976065 483706888 597619513 588886884 700728047 629050506 167616617 200149073 434517076 32933861 527447803 184423388 857684902 410034762 549459949 482004094 690509313 469720963 146100031 247601961 827157255 746128281 553118248 711672387 900137958 990738727 675271144 604243525 907256066 127458626 494524740 141244407 901064755 770196747 540757651 573333067 740818861 302942423 424964216 297224670 906928008 522343680 434957622 529519633 377909727 842785360 193573028 543031755 569842586 63967246 379370692 465616335 338319312 700982189 509839092 641498304 42899919 876894228 787098056 555100345 674064829 777816722 6101884 317371021 42668001 670490470 525342474 714612898 31890053 482361836 300052446 819810672 911691387 944160878 977908267 166459293 715765319 294979470 57233379 484892088 680991196 549849424 107701319 1108889 749387528 329820623 53538848 298104158 132565108 254539139 519229075 739695110 938680142 897325361 237714581 456849838 861887367 302752118 521100546 896515441 934293184 66722808 793857869 932946144 340408777 979049519 188526301 541531429 294103242 228531154 203917563 35124155 978056708 170531560 425818475 862868686 545713465 657057648 310194079 971529013 185735089 929337524 28890765 729316884 248953565 72898606 377839394 412219922 437824414 35145756 747758428 252829757 58379817 205439402 157357049 51670148 334681739 557673663 349038286 351025105 785775057 355354475 947102145 171267020 665140682 419177715 678448724 309684788 462648685 957107326 655781348 201811931 469011423 956953443 723309687 345254727 402736663 141450519 864952885 286020334 99580706 485835444
1 2 3 4 5 6 6 6 7 7 8 9 10 11 11 11 12 12 13 13 14 15 15 15 16 17 17 17 18 19 19 20 21 22 23 24 25 26 27 28 28 29 29 30 30 30 31 32 32 32 33 34 35 36 36 36 36 37 37 37 38 38 39 40 41 41 41 42 43 43 44 45 46 46 47 47 48 48 49 49 50 50 50 51 51 52 53 53 53 54 54 54 54 55 56 56 56 56 57 58 58 59 59 60 61 61 62 62 63 64 65 66 66 66 67 68 69 69 70 71 71 71 72 73 73 74 74 74 75 76 76 77 78 78 79 80 80 81 81 82 82 82 83 83 83 84 84 84 84 85 85 86 86 86 86 86 87 87 87 88 89 90 91 91 91 91 91 92 92 92 93 93 93 93 94 95 95 95 95 95 95 96 97 98 98 98 98 98 99 100 100 100 100 101 101 101 101 102 103 104 104 105 105 105 105 106 106 107 107 108 109 109 110 110 110 110 111 111 111 112 113 114 115 115 115 115 115 115 115 116 117 118 118 119 119 119 120 121 122 122 123 124 124 124 125 125 126 126 127 128 129 129 129 129 129 130 130 130 131 132 132 133 134 135 136 137 138 138 138 138 139 140 141 142 143 143 144 144 144 145 146 147 148 149 150 151 152 153 153 153 154 154 154 154 154 154 155 155 155 155 156 156 156 157 157 157 158 159 159 160 161 162 162 163 163 164 165 166 166 166 167 167 168 169 170 171 172 173 174 175 175 175 176 177 177 178 179 179 180 180 181 181 182 183 183 183 184 184 184 185 185 185 185 185 185 186 186 187 187 187 187 188 188 189 190 191 192 192 192 192 192 193 194 194 195 195 196 196 197 197 197 198 198 199 199 199 199 199 199 199 199 200 200 200 200 201 202 203 204 205 206 206 206 206 207 207 207 208 208 209 209 210 211 212 213 214 215 215 215 215 216 216 217 218 219 219 219 220 220 220 221 222 222 222 222 223 223 224 225 225 226 226 226 227 228 229 229 229 229 229 229 229 230 231 232 232 232 233 234 235 236 236 237 238 238 239 240 240 241 242 243 243 244 244 244 245 245 245 245 246 246 246 247 247 247 247 248 248 249 249 249 249 249 249 249 249 250 250 251 251
805
675042684 167344910 264501515 297925679 891526547 841021745 286111837 860697374 991670786 541229383 113632328 637363495 850263685 120859745 196344682 38951952 460318627 850346257 485544752 754383718 716277216 778991974 498995674 643050961 259712404 658797704 447880998 189895162 387531616 430790136 426257805 522985246 22679875 273849961 663009840 993595702 747342926 216039999 836300631 318784714 898650361 308433325 450526617 286472278 726878748 361441391 275770271 23018334 616154747 243642156 849753226 823300889 367658247 743108204 42289404 543294139 545325479 991234877 682238131 555146599 884052150 449068392 246957273 264759224 760396565 456133974 614256355 191863535 725782749 341763972 876849686 612599745 102203576 98925994 219309486 764594884 640423894 620551023 857519009 614540923 240683647 498361547 40625672 188272899 735901002 384199685 115494174 463347040 737375474 913855308 653659626 824118892 542991050 193394164 640780674 79321440 107919315 847986010 728592622 42143239 77822577 633232727 549360563 672806531 884556992 608996452 92832498 783645378 904375688 875727701 145692461 306683782 678631889 873293494 793513651 123713812 196982045 242305479 985211549 458873726 243088952 247948059 159997045 833726102 802824877 766306515 936829568 584835958 534974689 833195132 866370204 943848876 304438975 755485325 245434826 680069133 777937172 784933761 993947215 305537822 82210690 354510489 594392189 842610974 524726035 877227058 93768726 154037690 376877938 107464648 168043089 835538260 719692474 64802193 249101951 670882294 352030196 520344506 714205520 649466838 761289249 45550403 137940663 546394510 156608504 623560830 606674035 65051615 564570679 823026986 95505200 542186277 987405464 534438449 907719755 215486560 623692649 268951301 176742460 53658595 151565243 19716254 430590359 149004705 74412605 685706773 218825906 672501528 129083567 58047200 802010090 391378145 756589556 368840885 903655562 749194203 635307726 402498304 524679755 508418038 276684074 169565187 820358015 955504807 683436573 143050643 39776721 668474603 70258292 57255287 527786414 846990591 647020523 269099361 789454920 204937123 464475906 681950860 617020472 425497869 322461553 231953661 279344843 178733941 740602175 936855641 773866463 701662017 991513204 507336809 141053547 940832466 196503921 520837427 841357223 257407473 483780578 157886135 194664651 694739166 209149527 500928079 882252152 808447739 239220340 395653031 511238334 58999575 297108939 874823519 241537213 766785377 370640718 144602950 475311340 629698287 183053667 133383733 608924928 803212015 726201501 603115408 847396975 542958960 856256781 823132769 81354386 409808339 951914043 806483987 826485106 37444312 635092916 108758737 225491236 462444102 554141257 189416325 112542165 16856126 229538268 335613810 140227690 783278117 962097623 148534129 969011144 612435248 803670595 592214224 519182521 703258259 590349179 604873164 285311600 745461583 38169218 272740275 713201068 624621467 901313529 566383260 639339649 689754102 192815023 639536326 792855229 583393743 467759837 690428308 359967974 634170838 168990454 385610797 610943466 811890149 35308831 846286262 589545817 245108884 572179521 197136176 864990804 301214812 584932801 677649139 346398984 229004398 774467794 315949009 159748829 363760920 395455599 165123018 587329843 894832600 977042409 102049907 69695692 195710724 106052641 188728041 270117325 716607772 272692060 596103542 201536103 439535538 778750904 90398411 416016923 895883258 708307008 81938651 256701338 746495737 960928928 236482396 172260692 924251467 347379072 649048031 93849234 339140760 747816816 580242323 874557250 145843867 332501637 755088542 791364189 573809108 844996233 224354586 109591780 319830991 947869649 788381108 709857165 503128344 630900406 983409638 777526022 182922434 681779618 630410713 554665688 438515095 219314125 946411996 154498284 11866852 289129613 218326405 438353843 512675049 521873743 39280238 955123433 185951967 853919270 107441296 943212281 242102956 310567174 587347007 394992900 749504559 851749784 33732557 183758213 89582631 280233898 877859006 253174679 974390473 212323914 476341423 869235414 26686949 111064952 722477003 934713324 922514617 381945981 220073194 366114221 96277850 531102941 19775825 533129954 8320961 386021870 917897229 760591532 975006332 378742028 317744366 892922250 561292536 891559026 653446951 921090811 535812462 665227942 376285578 672064455 388451438 269666458 503519845 560762081 410425363 637157973 729716479 404507374 336858824 658054738 100577459 299981929 551863225 838980973 249268147 562678376 856114913 23535999 195245405 728853504 796933299 175497357 705585724 619981391 560858987 224523938 218813353 469706520 428731898 974359103 331228415 113296912 793269392 73533813 845735040 239597249 739144398 48569750 383169486 705481996 185563534 399682446 556128264 912808529 591345237 758984402 705296266 247870260 222497884 111188220 198274885 583349760 982297918 76809723 290910146 842771885 803867973 257871082 551120826 627456903 605255002 646103941 845226581 905973614 807008397 93652541 886776072 766092482 412258116 846276846 347875087 229238753 649292812 139055668 533014671 127445585 176637949 854589790 615399244 42807170 850633938 243705096 435774733 309431861 55514252 708655689 863756693 77895296 595983557 648827022 721658432 442193522 152295837 368939020 270819138 629196123 297832515 49749205 260432002 250599343 79180581 781255823 538872345 617379208 158710718 658400966 227525742 116744659 519655423 939273700 457116145 651590669 733687136 265813189 666534011 142451371 790996363 947011818 464164427 91953186 492869802 304618320 51715233 211767941 406768465 81340902 210545148 112066002 383905809 911550368 850491893 53469393 639325855 854483243 121200322 761504923 394481316 989944903 85950539 303557313 82311721 76512695 957986030 28322318 114821542 272239061 899341781 567759852 213158315 917854671 382172412 901547116 300190769 382471537 112580293 484031721 955586949 971786149 516943673 433684812 433392342 898782591 790744808 785054195 242108000 316935670 509898080 803217461 287268668 415914042 804578126 360735110 576520907 579783336 95547962 377103680 487201217 607709276 392987107 320708866 596414169 997160811 157819710 773278651 73610522 289613238 725542673 56836426 635665351 478751324 292553778 923154117 64456176 481172437 464979810 305705312 286941079 669589665 370004683 134118383 17736837 468534945 329697565 211129613 964197041 12562186 97341004 152036318 593990225 866950395 656259049 386649977 465177988 810906802 581145382 223749352 118793122 683269983 961891436 978033616 533917734 290712990 889914523 159575478 145261373 378446469 506985959 725774306 423239155 663421791 616559191 395809253 16549885 930034174 857597918 27592383 457254188 188325808 440904218 57221794 428352628 894688981 447946672 934745 593863835 235069204 692188493 19560782 991402633 470668337 142915644 545474856 987258160 346147709 911564971 972050459 793971997 560331250 800552320 405612740 550416289 299408611 414600669 479891633 964371875 832638292 834568248 232974983 517606409 170550764 853776666 46761670 233452488 785651597 776839037 648914735 6885772 395624582 780988104 177314502 497103117 809034860 839904361 307011708 582600692 833532043 210044185 439680622 378752108 246553341 479467955 955572176 817886544 828526687 179168179 527967085 791866869 458573861 956897617 500128976 857167767 272713617 313497412 324757510 502453867 884564804 901725207 65941508 978657862 668549497 387583277 963612077 691558637 105596116 874146648 60495734 156859392 191342555 887891228 891567529 517765771 906839306 927521926 236004177 625063984 751752582 575300782 931637173 679698929 340067445 170875088 751905925 437852325 58290929 47605517 345310875 978520829 786155166 331394245 237366627 33594167 679820512 302013076 895055068 880433254 17578667 316931569 853778496 796948323 108055808 297645162 906812744 79177048 260915706 778503296 357260305 621362669 820062857
1 1 2 3 3 4 5 6 6 6 6 7 7 7 8 9 9 10 11 12 13 14 14 15 15 15 15 15 15 15 15 15 15 15 16 16 16 16 17 17 17 17 17 18 18 18 19 20 20 21 22 22 23 23 23 24 24 24 25 26 26 27 28 29 29 30 30 31 32 33 33 34 35 35 35 36 37 38 38 39 39 39 40 40 41 41 41 42 42 42 42 43 43 44 45 46 47 47 48 49 50 51 52 53 53 53 53 54 54 55 56 56 57 57 58 59 60 61 61 61 62 63 63 63 63 64 64 64 65 65 65 65 66 66 67 67 67 67 67 68 69 70 71 71 72 73 74 75 76 77 77 78 78 78 79 80 80 81 81 81 81 81 82 83 83 84 84 84 84 84 84 85 85 85 85 85 85 85 85 85 85 85 86 86 87 87 87 88 88 88 88 89 89 89 90 91 92 93 94 95 96 97 98 99 99 100 101 102 103 103 104 104 104 105 106 106 107 107 107 107 108 109 110 110 110 111 111 111 112 112 112 112 113 113 113 113 113 114 114 115 116 117 118 119 119 120 120 121 121 122 123 124 125 125 126 127 128 129 129 130 131 132 133 134 134 134 135 135 136 137 137 137 137 138 138 138 138 138 138 139 139 140 141 141 142 142 143 143 143 144 145 145 145 146 147 148 149 149 149 149 149 149 149 149 150 150 151 152 152 152 153 153 153 153 154 155 156 157 158 158 158 158 158 159 160 160 160 161 161 161 161 161 162 163 163 163 164 165 165 166 167 168 168 169 170 170 170 170 171 172 173 173 174 174 174 174 174 174 174 175 175 176 177 178 178 178 179 180 181 182 183 184 185 185 185 186 187 187 187 188 189 189 190 190 190 191 191 192 192 193 193 194 195 196 196 197 197 197 197 198 198 199 200 201 201 201 202 202 202 203 203 204 205 205 206 207 208 208 208 208 209 209 210 211 212 213 214 214 214 215 215 216 216 216 217 218 219 220 221 222 223 223 224 224 225 226 226 226 227 228 229 230 231 232 233 233 234 235 236 236 236 236 236 237 237 237 237 238 239 239 240 240 241 242 242 242 242 242 243 244 244 244 245 246 247 247 248 248 249 250 251 251 252 253 253 254 255 256 256 257 258 258 258 259 259 260 261 261 261 261 262 263 263 263 263 263 263 263 264 264 265 265 266 267 267 268 269 270 270 270 270 270 270 271 272 273 273 274 274 274 274 274 275 276 276 277 277 277 277 278 278 278 278 279 280 281 282 282 282 283 284 285 285 285 285 286 287 287 287 288 288 289 289 290 291 291 292 292 292 292 293 293 293 293 293 293 294 294 295 296 296 297 298 298 299 300 300 301 302 302 303 304 304 305 306 307 307 308 308 309 310 310 311 311 312 312 313 314 315 316 316 316 317 318 319 319 319 320 320 320 321 322 323 323 324 324 325 325 325 325 326 327 327 328 329 329 330 331 331 331 332 332 332 333 333 334 335 336 337 338 339 339 340 340 340 341 342 343 343 343 344 344 345 345 346 346 346 346 347 348 348 348 348 348 348 348 348 349 349 350 350 350 351 351 352 353 353 354 355 355 356 357 358 358 359 360 361 362 362 362 363 363 363 364 365 365 365 366 366 367 368 368 368 369 369 369 370 371 372 372 373 374 374 374 375 376 376 377 377 378 379 379 380 380 381 381 381 381 382 383 383 383 383 383 384 385 386 386 387 388 389 389 390 391 392 392 393 393 394 395 395 396 396 397 398 398 399 399 399 399 400 401 402 403 403 403 404 405 405 406 407 407 407 408 409 410 411 411 412 412 413 413 414 415 415
49
518037542 332503458 58532119 259345604 672789723 161157391 471574144 340759263 533640045 812523329 654817436 335149246 824635212 398541655 946108749 305414189 564316562 738245038 619391031 452209076 489548185 984711557 839781547 522148364 41845049 314517827 181150000 278509105 916201127 679692122 706196664 34434077 172417520 622167503 609030500 248634903 908930586 150734938 420247288 183595181 499140057 680496433 774507750 626273604 390237172 34818153 740615671 671307091 464532799
1 2 2 2 3 4 4 5 5 6 6 7 7 8 9 10 10 11 11 12 12 12 13 13 13 13 14 15 16 17 17 18 19 20 21 21 22 22 22 22 22 23 24 24 25 26 27 28 29
103
698638863 963322273 130632041 2145332 579906935 872400853 661326613 622474688 885869483 973056921 915118960 194590557 118675544 192656842 179034156 180166717 243792808 474930076 354686648 813837541 986061500 29951049 219700838 646196959 725587145 953526301 167900238 942288639 75519074 262596276 648187046 590571741 477511545 576011150 748784026 394096637 390414350 995790033 626260576 900374970 888489800 921722971 739514838 154178418 767202944 830925077 89633746 5250549 465381912 287702197 911302884 881666137 396295245 691837467 538188002 154322304 508943093 543158147 365460119 476795891 158609154 220992105 144386025 768551397 612470238 559873320 39656106 701233892 777810310 731605787 162871345 846531256 966135914 194 532 874 786 730 663 434 478 837 239 620 291 990 571 156 702 527 796 685 575 198 19 817 586088547 619428193 842813103 812462248 485174282 160943695 13213975
0 0 2 2 2 6 1 0 0 0 2 3 2 1 0 1 3 2 0 0 0 1 0 2 1 1 2 0 3 2 2 3 3 0 1 3 0 2 0 3 0 2 1 0 2 0 0 1 3 3 3 1 3 3 3 2 0 0 1 2 1 0 3 1 1 1 0 3 3 3 0 2 0 1 2 1 3 1 0 0 3 2 3 1 0 3 3 1 0 2 1 2 1 2 1 2 1 0 2 0 0 0 3
76
553739510 938269332 141608373 669497813 403405132 122937579 557634032 957193724 796301897 251581700 257637208 891066234 754476595 301134301 366145752 871666014 279727247 120217840 951665281 353381624 394394795 178967799 615286779 457119624 736360841 992034579 322117449 301186840 905173320 856748480 814331671 303 17 788 177 977 172 808 379 996 785 962 879 514 982 719 622 46 523 629 992 388 941 400 568 369 862 759 745 436 705 760 563 339 212 422 306 438 518 832 713 396 709 109 872 260
0 0 1 0 2 6 2 2 2 3 1 0 3 0 0 2 0 1 0 3 3 2 1 1 2 3 0 2 1 1 0 3 1 2 1 0 0 1 3 0 2 1 3 0 3 1 1 2 0 0 3 3 2 3 3 1 3 1 3 2 1 1 0 2 3 3 0 2 1 2 2 2 0 1 2 3
81
762680684 881952359 296321654 575249389 509786238 384048274 896787163 916301761 967668089 91235603 5181288 62748512 64957458 590536267 370835010 73178151 835957410 916559627 621811788 368945553 875107627 663950919 218018338 280268337 679768538 395491038 729283189 270404296 302559143 423894578 457012377 42831754 937232928 293102979 646781677 977104731 339826241 535619675 829974718 608804780 207563511 540184105 43326384 85761398 930753663 599831463 944980859 827462841 341662129 476135072 109423688 830329262 347092824 52178247 980397253 312270022 606164445 903552521 296659005 665697060 622515492 873429122 953191856 917916182 901 961 614 143 62 122 549 538 43 800 491393827 112528955 799044687 263202369 514220792 199148854 112650960
0 1 1 2 1 3 7 1 3 3 2 3 0 1 0 3 3 3 0 2 0 2 2 3 1 2 1 2 1 2 0 2 1 1 0 2 3 1 0 3 1 1 0 1 1 2 2 1 0 1 3 2 1 3 3 0 3 0 2 0 1 1 1 2 2 2 1 3 2 3 0 0 3 0 0 1 2 1 0 0 2
304
448 393 68 84 90 850 349 6 371 647 463 733 693 767 97 795 210 911 559 188 704 229 677 240 23 865 938 928 974 915 360 364 814 612 879 386 719 820 260 480 884 170 791 458 143 407 291 616 234 781 187 324 130 568 678 235 38 28 247 586 997 403 46 281 177 766 916 713 306 805 52 531 832 869 587 800 742 860 601 262 148 785 334 644 55 63 605 228 945 903 710 124 56 339 317 953 512 740 111 902 687 886 224 333 445 930 696 430 146 822 500 552 559 33 878 275 75 646 25 310 856 153 368 752 815 520 966 367 562 372 791 870 718 350 915 393 219 991 855 596 524 690 600 136 844 589 91 423 802 455 151 899 152 891 152 257 452 445 925 334 836 451 671 613 266 683 906 542 915 142 688 126 561 566 655 491 143 470 634 373 862 828 831 743 474950081 686188862 881796140 6712683 658887934 316569446 267410759 496814270 605505948 721111010 857509730 203502559 218112742 575876032 616998159 941439089 561882628 929784454 711773886 424185062 459609445 253819918 557689827 921368043 362404750 648012376 558109084 485054691 898574709 309243930 557662214 914251438 736660067 559674803 271566012 942204958 646373598 41336289 207613196 323924330 910919373 880187587 848692367 791096745 472928247 923683353 111447615 81318643 451993931 351648894 335437152 473314164 935544027 261009840 342900335 562562768 174530391 45673186 306992473 200507917 570173221 642606577 463096779 818268681 113743213 984912708 921572838 588526154 139116197 227445719 100050983 113006546 557584591 578266463 532131946 606732833 947160079 823983497 90101143 775966831 144351868 856776712 855016998 834513581 223154914 797650442 185282656 374809910 16732469 538212945 712560478 36969049 550027355 778029125 319638672 185703178 46286312 890343371 327609461 44795778 376231818 187719390 439468140 988545660 115365735 417893903 185992407 956354551 573639170 576891089 895511353 173380113 462472920 351194640 460923456 647926258 68862885 778524315 400072996 147992648
1 1 2 3 2 0 0 2 3 3 0 3 3 3 3 3 1 0 1 2 2 2 1 0 0 2 2 28 3 1 1 1 0 3 2 0 1 0 3 2 0 3 2 2 0 0 2 0 2 1 3 0 3 2 1 2 0 0 0 0 0 3 3 2 2 0 2 1 2 3 1 2 2 1 3 2 1 0 3 1 0 2 1 3 0 1 3 1 2 0 3 0 0 2 2 0 1 0 2 2 1 0 1 1 2 2 0 2 2 0 3 2 2 2 2 3 0 2 0 3 0 2 1 0 0 0 2 2 3 0 2 3 3 3 2 0 3 1 1 0 2 0 0 0 2 0 3 2 3 0 2 3 0 2 3 3 2 3 0 2 2 3 1 2 0 1 1 2 1 1 0 3 1 1 1 0 1 1 1 2 1 0 3 0 3 2 2 2 2 3 2 1 1 3 0 3 2 1 0 0 2 3 2 1 1 1 0 0 0 1 2 2 2 0 2 1 2 3 0 3 1 1 2 0 2 2 0 2 2 2 3 0 0 3 2 0 0 0 2 1 0 2 2 0 1 2 1 0 3 3 3 3 1 3 3 0 2 3 0 0 0 1 1 3 3 0 1 3 0 3 1 0 2 0 2 1 3 0 2 0 2 2 1 1 1 3 2 3 0 2 3 3 0 0 3 0 1 0 2 1 3 3 1 2
136
783 647 310 321 315 959 262 375 495 502 623 519 737 21 564 816 78 854 635 84 892 734 312 168 313 199 867 47 928 111 285 908 582 70 162 578 365 719 798 959 113 214 941 358 997823447 690745898 934190717 920573376 516724916 659517744 890434745 510793578 798835468 725815611 847286062 949358830 623176008 662358047 647143907 830464614 729607666 817747469 723389959 789476538 552382823 637008483 664261621 692658110 858481294 694333259 685416723 889886807 954794163 870846410 737752126 975670919 753217775 935201925 602038726 628779675 607720395 909824622 946935377 725799159 962444009 730608632 951944207 548926484 974903781 832885420 721869852 67 807 843 689 249 345 616 134 880 312 642 392 116 681 855 882 753 324 632 126 222 844 658 586 267 667 504 265 926 695 184 510 724 127 197 730 206 249 841 979 211 292 788 599 510
1 1 2 0 0 0 0 0 0 2 0 0 0 0 2 0 1 0 3 3 0 0 0 0 0 0 0 0 0 18 0 0 0 0 0 0 0 3 0 3 0 0 0 0 0 0 0 0 0 0 0 1 0 0 1 1 0 0 0 0 0 0 0 3 0 2 3 0 1 0 0 0 0 0 1 3 0 0 0 0 0 0 0 0 0 0 0 0 0 0 0 2 0 3 0 0 0 0 0 0 33 1 0 0 3 0 0 0 0 0 0 1 0 0 0 0 2 0 0 0 0 0 0 0 0 0 0 0 0 0 0 0 0 0 0 0
19
135 522 298 86 843 802888674 888256067 548252249 693996912 827761823 866787699 911634530 584177446 163 958 606 482 967 243
1 1 3 0 0 2 0 2 0 0 0 1 0 0 3 0 6 3 0
340
548 247 284 783 696 885 913 429 151 514 61 910 613 175 905 640 392 849 42 190 25 65 250 409 384 436 582 539 46 47 196 379 938 922 567 838 521 999 961 460 27 339 317 736 519 505 929 290 793 327 562 269 375 493 901 506 138 681 470 294 306 180 408 840 856 199 748 735 582 330 87 14 345 849 793 633 265 830 125 451 875 252 922 22 506 574 754 806 412 467 648 604 406 658 822 302 17 98 27 252 442 893 416 877 798 711 68 307 450 622 555 150 712531900 778355678 602311310 851714435 588395675 930229556 968652608 599185047 609121336 810259560 912347866 949863822 695517792 871566520 879082593 570404033 890969716 983998328 934142589 810192493 777483680 639604797 792962048 770349793 607066334 707428921 742784932 707203204 531247110 714177037 650752131 809294735 936557958 752330401 878726901 511986843 518782610 742260664 550171082 638728307 853787887 899911760 739384608 783042748 847749519 886610691 778420782 970302313 574585016 742569732 501989844 763349013 633406054 830642530 875663317 601026218 783802901 641896613 577691633 783682807 741773372 939564808 729747542 644712471 644108815 842938063 596907799 572190682 814049630 577762175 702185639 669671809 586022815 744700925 925926527 970208891 572274050 582428120 785379688 742658573 879206806 826911039 714757926 554333691 906240985 893447785 791098218 879066020 985003599 733021047 976235591 664741667 741663971 839530769 570202779 899371636 690225975 509468213 696368166 839760035 689589800 580593950 763624502 691832447 522195751 501182233 975940908 656686958 977062579 706394297 584590657 881430334 945032839 903343047 703367243 958 319 983 265 811 675 939 518 218 224 612 472 987 501 751 499 698 613 368 663 114 898 480 553 929 731 90 737 965 466 605 464 119 801 154 499 663 75 508 258 704 255 540 595 894 640 456 923 720 540 219 520 934 447 892 193 984 472 848 675 484 46 37 392 89 167 784 503 323 705 806 343 209 521 403 670 768 431 37 340 719 263 736 322 955 546 35 178 628 565 414 399 919 833 419 252 819 215 933 9 501 240 294 713 111 355 219 870 58 145 726 692 125
1 0 0 0 0 0 2 0 0 0 0 1 0 0 0 2 0 1 0 0 0 0 0 0 2 0 0 0 0 0 0 0 3 0 0 3 3 0 0 0 0 0 0 0 0 0 0 2 1 0 0 2 0 0 0 0 0 1 0 0 0 0 0 0 3 0 0 0 0 3 2 0 0 0 2 0 0 0 0 0 0 0 0 0 0 0 87 1 2 3 0 0 0 0 3 0 2 0 3 0 0 0 0 0 0 1 0 0 0 0 3 0 3 0 0 0 1 2 0 0 0 0 3 0 0 0 0 0 0 0 0 0 0 0 0 0 0 0 0 0 2 0 0 0 0 0 0 0 3 0 0 1 0 0 0 0 0 1 0 0 0 0 0 0 0 0 1 0 0 0 0 0 2 0 1 0 1 0 0 0 0 1 0 0 0 0 0 1 1 0 0 0 3 0 0 1 0 3 0 3 0 0 1 3 0 0 0 0 0 0 2 0 3 0 0 2 0 0 0 2 2 0 1 0 0 0 0 0 0 0 0 0 0 0 0 0 2 0 0 2 0 0 0 0 0 0 0 0 0 3 3 0 0 0 0 1 3 0 0 0 0 0 0 0 0 0 0 0 1 0 0 0 1 0 0 0 3 0 0 1 0 0 0 0 0 112 0 0 0 0 0 1 2 0 0 0 0 0 0 2 0 0 0 0 2 0 0 0 0 0 0 0 0 1 1 0 0 0 0 0 3 0 0 1 0 0 1 0 0 0 1 1 0 0 0 0 3 0 0 0
574
35 589 81 104 743 50 740 199 771 388 566 969 726 851 847 385 493 466 988 229 134 839 569 535 964 457 309 372 585 242 897 367 1000 384 893 599 97 709 144 763 116 112 427 739 895 798 268 959 996 371 143 213 31 21 506 790 761 331 363 72 812 462 324 12 61 747 354 89 49 943 671 675 975 665 488 920 111 767 558 565 722 686 727 322 795 11 939 702 190 799 410 440 6 393 908 908 270 773 358 149 253 691 210 433 9 112 289 465 954 732 64 644 571 574 550 12 559 942 295 777 15 246 152 561 474 453 785 752 880 193 128 619 815 780 229 50 586 660 198 93 957 59 209 651 649 839 749 6 904 839 581 37 705 200 121 286 476 453 168 258 347 383 216 604 297 932 772 56 776 655 412 288 605 500 497 57 264 926 790 294 870 617 382 20 432 327 678 233 224 592 674668424 576987157 665528941 678111553 750529802 737381077 855652069 878143683 732299683 748129080 675585031 792219617 976112124 650533966 668794992 601562389 754065307 673705619 963795883 959213959 732645617 563448944 971566617 540846975 930155612 888202591 534629458 717158581 504708414 892340953 941851047 730658735 849351001 592151953 848028577 884665582 595878894 934803109 762323641 877320338 753904776 965608373 894606222 538434219 836743489 573908265 773771337 851979894 950675956 512875780 677090854 772039970 949154501 513560575 534662950 965025014 878512081 938483940 598021728 735973595 566737914 545097051 786969498 521746873 831882030 554415004 753694202 958930202 911651208 845139130 828234506 659254275 840758836 718580085 634355045 950348304 627591166 804694235 789894322 964637713 706752489 804545809 730647762 584198886 769051694 889507339 821848429 874383429 695492759 702510883 546307893 764024469 946831627 531662525 683279757 855037484 885262002 851532659 517108334 869228165 629792544 552434551 739724995 865119811 671877974 803003691 836054649 982612749 602866582 616390410 866394906 598288287 929826646 815378301 684830376 899169711 581314248 716740896 757744636 507752789 829645011 980149144 871492347 916118330 981232228 691942161 643294029 611939258 811553904 879073764 874415997 904194727 846311203 773547283 909697940 581403762 715340806 772651161 792490676 660190933 930843663 665307827 629066544 606996559 566492664 819848355 701564965 540743948 938981713 653525405 993535653 549276160 518578700 829076943 917141983 877374808 920244893 748653242 656087022 869173388 951883224 540419666 663324705 672777641 821277986 858147736 977618674 839905445 728288443 939106971 648011270 578358736 693858832 990570020 680265194 540139970 602407282 600243568 544340298 653025602 559156139 990937529 906968060 628409108 788966190 564785005 878386198 903226032 928237299 807325555 687295944 898773565 686437950 494 647 209 958 578 620 236 514 744 798 806 777 29 198 285 125 894 157 401 647 306 205 640 914 522 604 639 168 713 359 337 869 835 790 897 815 362 996 675 274 796 784 739 850 82 881 708 20 315 540 936 552 393 822 288 253 496 172 45 758 534 101 680 309 957 41 549 718 564 725 733 983 205 652 568 255 516 475 620 97 75 375 120 254 620 779 132 384 230 961 955 442 586 393 544 687 730 888 947 499 947 896 37 470 657 506 47 471 472 995 682 638 801 1 805 499 634 644 993 672 418 174 445 860 142 978 35 76 39 23 510 320 538 55 102 140 352 147 70 802 857 412 945 7 137 961 482 362 344 439 583 62 269 715 727 481 242 553 651 628 785 338 302 669 630 198 336 974 8 85 670 381 342 651 854 642 740 1 282 245 927 638 504 75 507 195 157 603 690 768 279
0 0 0 2 0 0 0 0 0 0 0 3 0 0 1 0 0 0 1 0 0 0 0 0 0 0 0 0 0 0 0 0 0 0 0 0 0 0 0 0 0 3 0 0 0 0 0 0 3 0 0 0 0 0 0 0 0 0 0 0 0 0 0 0 0 0 1 0 0 2 0 0 0 0 0 0 3 2 0 0 0 1 0 0 0 0 0 0 0 0 0 0 0 0 0 0 0 0 0 3 0 0 3 0 0 0 0 2 109 0 0 0 0 0 0 1 0 0 3 0 0 0 0 2 2 3 3 3 0 2 0 0 2 0 0 0 0 3 3 0 3 0 0 0 0 0 3 0 0 0 0 0 0 3 0 1 0 0 0 0 0 0 0 0 0 0 1 0 3 0 0 0 0 0 0 2 0 0 0 0 0 0 0 0 0 0 0 1 0 0 0 1 0 0 0 0 0 0 0 0 1 0 0 0 0 1 0 0 0 0 0 0 1 0 0 0 0 3 0 0 0 0 0 3 0 0 0 0 0 0 2 0 2 0 0 0 0 0 0 3 2 0 0 0 1 0 0 0 0 1 0 0 0 3 0 0 0 0 0 0 0 0 0 0 3 0 0 0 0 0 0 0 0 0 0 0 0 0 0 0 1 0 0 0 0 0 0 1 0 1 0 0 0 0 0 0 0 0 0 0 0 0 0 0 0 0 0 0 0 0 0 0 1 0 0 0 0 1 1 0 0 0 0 0 0 0 0 0 0 0 1 0 0 0 2 0 0 0 0 0 0 0 0 0 0 0 0 1 0 0 0 0 3 0 0 3 1 0 0 0 2 0 0 0 0 0 0 0 0 0 0 0 0 0 0 0 0 0 0 0 0 2 0 0 0 0 1 0 0 0 0 0 0 2 0 1 0 0 0 0 0 0 0 0 2 0 0 0 0 0 0 0 0 0 0 0 0 0 0 0 0 0 0 0 0 0 0 0 0 0 0 0 0 1 2 0 0 0 0 0 0 0 0 0 0 0 0 2 3 3 0 0 0 3 0 0 0 0 0 0 0 0 0 1 0 0 0 0 1 0 3 2 0 3 0 0 1 0 0 0 0 0 3 0 0 0 3 0 0 2 0 0 1 0 0 0 0 3 1 0 0 0 0 0 0 0 0 2 0 0 0 0 2 1 0 0 0 0 0 1 0 0 0 0 3 0 0 0 0 0 0 0 2 0 0 0 0 0 0 0 0 0 0 0 2 0 0 0 0 1 0 6 0 0 1 0 0 0 0 0 0 0 0 0 3 0 1 0 3 1 0 0 0 0
107
128271014 545586346 348560633 122391497 941866448 484898224 451996236 269425838 277550603 153189347 732929539 775314248 184610561 128569694 705203362 861883521 903606136 239366683 63221594 158801177 764135996 703834642 591922330 751976343 657799079 247403343 284758836 436062197 664476339 713090604 372813311 311684970 660057792 930703944 218168476 118024511 983739881 860456310 274661964 941371417 493018153 276620858 569148529 190285727 584500246 506849805 406395063 977982171 8664188 992782335 250733433 302566991 556687014 687566574 987596119 665751318 947468690 555920628 18059678 20666111 492976349 692357672 889521007 189403665 370033846 823200120 415631430 140910675 576681620 208007842 488613589 769857867 901231865 206045450 37086155 67111186 482144028 23413645 832521342 822429553 786845599 406469631 97460245 250014180 87623233 297161583 118610980 177534448 762709170 715902184 317954644 689255352 687975 387606224 484984082 363891501 736348593 876517257 123200470 497812686 896106703 245448328 113992712 954226008 281122404 505061754 151024643
1 0 2 0 3 0 4 0 5 0 6 0 7 0 8 0 9 0 10 0 11 0 12 0 13 0 14 0 15 0 16 0 17 0 18 0 19 0 20 0 21 0 22 0 23 0 24 0 25 0 26 0 27 0 28 0 29 0 30 0 31 0 32 0 33 0 34 0 35 0 36 0 37 0 38 0 39 0 40 0 41 0 42 0 43 0 44 0 45 0 46 0 47 0 48 0 49 0 50 0 51 0 52 0 53 0 54
211
528959572 666238196 368812972 648255051 973472737 942862284 79183454 74715508 65717937 383922191 320827674 919171015 369479055 359013683 486259145 737788461 572811368 77870008 809700517 987937887 546208050 190276445 134722738 601251574 511118238 320555171 331298277 499065934 959441660 864745433 627893404 503371220 214624829 628604040 374224545 346394040 774983794 134551157 303688 731937697 829878458 675686428 187397856 651605325 589363458 445000394 516527642 409030854 317940603 317906234 110129809 55242774 213037882 116216817 32508946 188285717 518840027 431692062 464703195 320224857 516095644 337281617 919389033 264658112 278525903 564187847 11450121 247861162 336459793 972874132 549835215 696690289 638320939 396143483 966330137 906368012 450590978 182412467 346868810 41276551 86874503 17305445 581008358 171884094 606690567 851694123 395193263 300928877 874615749 14307415 285433590 581986083 620403780 837036620 615022273 183542545 390706740 371060908 392916458 501704269 533022806 21918123 498407918 674661761 602495575 181645894 367707524 602038177 832189935 186118065 408068781 922245279 557469513 175701428 655075421 650972199 735100676 687357777 438718072 433932030 947708098 56316270 73884971 616991213 534206888 955441105 840891757 586806748 736836284 650419511 771675313 85096211 5419903 798895043 7276679 449665589 849477561 871671202 742238026 985319922 878813649 524110354 21538687 917781762 923207077 495852973 905695258 633742441 371827778 866982193 769650756 160171153 123004769 748758664 751077845 86006849 784970789 737050737 613721118 379357945 18208481 706584945 541403444 803334840 160023153 774141808 628321382 883640250 521967092 508821944 81254650 631042349 740441 717507496 399314661 471855729 893193643 383643869 46857124 89555171 56056444 587466785 385183698 130647221 801018459 485799639 878657721 977924591 165786302 679546180 840858989 44228363 451742276 547003500 236402610 289843008 168829628 371120331 304046909 916649220 778289364 338825660 16715403 442159558 873873631 740552655 644057837 606561906 692160654 948082905 933175279
1 0 2 0 3 0 4 0 5 0 6 0 7 0 8 0 9 0 10 0 11 0 12 0 13 0 14 0 15 0 16 0 17 0 18 0 19 0 20 0 21 0 22 0 23 0 24 0 25 0 26 0 27 0 28 0 29 0 30 0 31 0 32 0 33 0 34 0 35 0 36 0 37 0 38 0 39 0 40 0 41 0 42 0 43 0 44 0 45 0 46 0 47 0 48 0 49 0 50 0 51 0 52 0 53 0 54 0 55 0 56 0 57 0 58 0 59 0 60 0 61 0 62 0 63 0 64 0 65 0 66 0 67 0 68 0 69 0 70 0 71 0 72 0 73 0 74 0 75 0 76 0 77 0 78 0 79 0 80 0 81 0 82 0 83 0 84 0 85 0 86 0 87 0 88 0 89 0 90 0 91 0 92 0 93 0 94 0 95 0 96 0 97 0 98 0 99 0 100 0 101 0 102 0 103 0 104 0 105 0 106
473
815895740 92596244 998835967 673134281 74486212 397886862 864729231 658895105 609761043 735369249 733733098 320279003 642575230 769981615 882246465 531599568 6168567 969461397 966417526 367583143 566880976 792394572 810534889 821203295 649750652 439741539 20613997 749054347 922120019 60464557 1303870 559888979 438374501 551881749 204239153 411944887 798939103 345372674 685962481 934685506 626657805 818060449 303542155 740579792 813680771 221095442 126010127 242546076 241984368 265165530 889745307 542684967 930648995 753857912 575927170 407926332 813019733 905497486 438184685 598215324 596874795 254086796 58565553 62862484 410726805 269972530 259950758 770682900 189381869 90863590 953039428 189549431 1881479 3825723 246029015 680984990 774952214 568877704 395115778 325418891 115088262 524814099 423940589 943732264 182391753 867879578 490105042 330717522 819295900 743919792 326882883 966076900 387295961 44633816 338251744 718585050 14813003 848553155 175370195 309040702 209315488 97372306 872625111 547632389 36823666 148255891 871374342 611343228 321921784 92747345 509509705 877019772 571403102 982904174 804965285 75729917 574672726 355284767 611296045 784034874 884033258 693411777 473451755 517800209 627978243 719337064 761871230 944170935 360618447 654933196 913021878 977335675 900365935 843536516 854509568 773704886 361000969 372566773 942883800 892128140 828246709 587748311 992263198 134775476 384976738 639557824 221906309 834307807 438180392 452523672 200852716 602961395 550810906 758001762 117759465 809171383 231641367 81052984 954057802 297359397 386253488 822047223 388555222 116510204 382284188 823618916 511607839 273162432 932054988 63599190 676988053 774438360 245709214 364549547 69572546 476737762 157982022 260522120 816975576 505720819 181728227 411671491 723252596 263205092 691332946 207343066 952799178 286601555 689130060 448263022 242570248 476514695 857953478 248454806 470744641 458131670 852946223 547507202 659959963 92025533 35752325 873818962 743242766 399997518 104216527 249444998 670759037 421583386 320716806 377169132 685509999 766848835 292254706 500428417 846098224 881098974 505428480 576714011 124689057 287126859 69414049 655073623 658292357 320626085 370078769 598340515 981489548 124392456 588353017 540714068 318730978 916939698 285984582 721316910 264328602 801154249 511800874 584353610 428268962 628614107 131603942 286495932 875971493 685196738 334823308 2119647 440117138 213601049 521051610 667017916 232672266 38408425 19588060 51216233 935232919 809307826 345114712 301513922 695814357 628109946 942630546 344377210 710210925 75175434 624768360 789808853 816051225 900882185 154619481 226819328 677673608 897756683 677191280 51124588 389946972 718894410 952622508 215695375 579161877 658294324 594281437 544783103 329116969 658732389 764871820 502047296 510525722 62799176 33671659 553409595 341868483 872726521 348029786 515259323 259814842 534628250 322245261 528635612 427341300 512779959 296954575 550011098 457669266 169562870 872151673 499302171 182148350 716696734 866965783 455730797 540209981 253386806 909322063 542162890 919516332 157009882 108610056 388548258 524429556 341964392 514484961 315087106 600926341 152309566 314926715 625748103 596082768 903818652 976681887 652763007 580254491 341071204 781213384 442722864 510077223 525209429 459282972 224900753 160412540 917983594 877291610 52426108 803363988 677711505 978502589 256935599 962488516 432777037 432272493 607325564 820328210 48292732 694414970 313231025 107387343 151551462 431822309 263856245 550679741 431892149 514469838 142781860 209971461 980604552 27928132 309373572 279843770 186498115 9508029 587417402 185701457 952759872 861163465 351606504 51851438 250726428 642277116 552504549 869776688 276194987 695453859 570610660 944730472 723898453 308447037 40150922 448775903 945769592 365342544 33221443 158395803 8619249 190125717 244907989 704797874 916853637 35756047 70007167 915040195 515855687 921874695 711974189 72102015 841655451 774269824 714722180 172024870 932514582 69224747 557898062 506249010 368049864 435873881 206259991 147270132 51520815 919691515 753781367 165741437 906340 860238397 553106395 657145990 164395459 586291126 470982215 906164396 525917091 381479356 160292595 266862787 16333902 423555822 489318185 586826128 995925213 650424165 518848331 253361823 323783975 756049583 667769457 189898646 279752803 769377283 957755002 380705979 854524074 919383754 477681931 752058358 173529087 739385845 458398794 487970343 70241287 613732664 598470358 108626689 74518547 220005285 531523801 889632836 331609519 569849261 575821460 450210710 217449042 601564964 156685152 588464836 665867615 527580726
1 0 2 0 3 0 4 0 5 0 6 0 7 0 8 0 9 0 10 0 11 0 12 0 13 0 14 0 15 0 16 0 17 0 18 0 19 0 20 0 21 0 22 0 23 0 24 0 25 0 26 0 27 0 28 0 29 0 30 0 31 0 32 0 33 0 34 0 35 0 36 0 37 0 38 0 39 0 40 0 41 0 42 0 43 0 44 0 45 0 46 0 47 0 48 0 49 0 50 0 51 0 52 0 53 0 54 0 55 0 56 0 57 0 58 0 59 0 60 0 61 0 62 0 63 0 64 0 65 0 66 0 67 0 68 0 69 0 70 0 71 0 72 0 73 0 74 0 75 0 76 0 77 0 78 0 79 0 80 0 81 0 82 0 83 0 84 0 85 0 86 0 87 0 88 0 89 0 90 0 91 0 92 0 93 0 94 0 95 0 96 0 97 0 98 0 99 0 100 0 101 0 102 0 103 0 104 0 105 0 106 0 107 0 108 0 109 0 110 0 111 0 112 0 113 0 114 0 115 0 116 0 117 0 118 0 119 0 120 0 121 0 122 0 123 0 124 0 125 0 126 0 127 0 128 0 129 0 130 0 131 0 132 0 133 0 134 0 135 0 136 0 137 0 138 0 139 0 140 0 141 0 142 0 143 0 144 0 145 0 146 0 147 0 148 0 149 0 150 0 151 0 152 0 153 0 154 0 155 0 156 0 157 0 158 0 159 0 160 0 161 0 162 0 163 0 164 0 165 0 166 0 167 0 168 0 169 0 170 0 171 0 172 0 173 0 174 0 175 0 176 0 177 0 178 0 179 0 180 0 181 0 182 0 183 0 184 0 185 0 186 0 187 0 188 0 189 0 190 0 191 0 192 0 193 0 194 0 195 0 196 0 197 0 198 0 199 0 200 0 201 0 202 0 203 0 204 0 205 0 206 0 207 0 208 0 209 0 210 0 211 0 212 0 213 0 214 0 215 0 216 0 217 0 218 0 219 0 220 0 221 0 222 0 223 0 224 0 225 0 226 0 227 0 228 0 229 0 230 0 231 0 232 0 233 0 234 0 235 0 236 0 237
338
6 7 5 4 8 4 1 6 1 7 8 10 4 3 6 6 7 1 8 3 7 1 3 3 4 4 7 9 1 7 9 6 2 3 4 6 2 3 9 8 9 3 3 4 1 10 1 9 10 10 6 9 6 7 7 2 2 9 1 6 6 3 4 3 6 6 1 2 1 4 5 6 5 10 9 1 1 5 7 6 2 5 4 10 789103269 736857805 856181678 925628484 869191330 816285706 581859377 598082936 616918296 544635311 709854548 760289003 670987633 807754311 862571409 792747121 519347877 643981007 604753120 805856178 872025890 512851596 921051368 645193056 589135887 531092594 518302969 867983579 984376758 839960930 585326023 917327365 949330155 892994188 768048078 845739085 968871877 578233505 742778839 564568633 723009024 713981633 895439902 720862695 595455438 582158646 739564026 928230226 534257923 788317816 830876428 703274337 834785746 862384130 561270612 584153090 540395921 639177977 839991238 532831686 781086775 582786486 794836503 847588578 995452292 843845021 751192574 937337973 606249738 963791324 871712541 934331252 844893076 765154832 964452399 746799794 545184646 591943632 592276571 778101701 851597646 689191585 741345456 663934933 912421873 635728098 931497506 504179351 753085265 869233060 776338339 690930164 649963713 967639422 625849381 559285280 949991654 975945950 549328543 712449070 906385951 692502620 541475423 997715029 725795549 953831178 959433543 734889851 647189417 582043349 823602112 923721410 997795267 783919209 740029837 781893140 796401555 915708211 827203240 590147328 599335266 652715361 655042026 946099813 909427981 727735066 828913976 653308586 593282714 527395117 976481867 597158804 877154049 960473350 520194930 584126702 616754040 637249440 743237337 745984917 661296409 523954379 781746214 735511716 757091509 861380083 801111697 565266633 561004577 761711672 739171504 565995008 959089774 522644902 624112553 566223933 510712488 822851253 599892102 519612108 963472444 587853170 916990922 931616102 909240067 940371970 771311001 562035510 776618649 774210890 10 1 10 3 6 8 4 2 10 9 4 5 8 4 5 3 4 10 1 9 2 7 8 2 7 10 6 6 10 7 10 9 5 9 3 6 10 6 1 8 8 5 9 6 2 6 6 4 1 6 5 10 8 2 7 8 5 8 3 3 9 8 10 6 6 10 6 4 4 5 9 4 4 4 3 9 9 4 1 1 8 6 8 3
0 0 0 0 0 0 0 0 0 0 0 0 0 0 2 0 0 0 0 0 0 1 0 0 0 3 2 0 0 0 0 0 0 0 0 0 0 0 0 1 0 0 0 0 0 0 0 1 0 2 2 0 0 0 0 3 0 0 0 0 0 0 0 0 3 0 0 0 0 1 0 0 0 0 0 0 0 5 3 0 0 3 1 0 0 0 3 0 0 0 0 0 0 2 0 0 0 0 0 2 0 0 0 0 0 2 0 2 0 0 0 0 0 0 0 1 0 0 0 0 0 0 0 0 0 1 0 0 0 0 0 3 0 3 0 0 0 0 0 0 0 0 0 0 0 0 2 0 0 0 0 0 0 0 0 0 0 0 0 0 0 0 0 0 0 0 0 0 0 0 0 0 0 0 0 0 0 0 0 0 0 0 0 0 1 0 0 0 0 0 0 0 0 0 0 0 2 0 0 0 0 0 3 3 0 0 0 0 0 0 0 0 0 0 0 0 0 1 0 1 0 3 0 0 0 2 3 0 0 0 0 2 0 0 0 0 0 0 0 0 0 2 2 0 3 0 0 0 0 0 3 3 1 0 0 0 0 2 0 0 3 3 0 0 3 0 0 0 0 0 2 0 0 0 0 0 3 0 3 2 0 0 0 0 8 3 0 2 0 0 0 0 0 0 0 0 0 0 0 0 0 0 0 0 2 0 0 0 0 0 0 0 0 0 2 0 0 0 0 2 0 1 0 0 0 0 0 1 0 0 0 0 2 0 0 0 0 0
77
5 1 1 4 2 9 9 7 10 1 1 9 4 6 7 5 5 5 9 500039448 780847939 532863172 689995272 998301389 736859147 589258763 560723353 658256551 604586078 760436635 908099088 752298283 918001117 926453289 778508836 538173399 695476439 537023503 665888779 637674812 784663169 579324295 890051334 814259939 643405684 964255897 664952976 969907393 720753576 963972284 583465967 806524449 727133771 958493716 870216491 722217804 707745306 874213822 8 3 10 7 9 2 9 2 6 9 1 2 6 10 8 3 10 10 4
0 0 0 0 0 3 0 0 5 0 0 0 0 0 0 0 0 0 0 0 3 0 0 0 0 0 0 0 0 0 0 0 0 0 0 0 0 0 0 0 0 0 0 0 0 0 0 3 0 0 0 0 0 0 0 0 1 0 0 0 0 0 0 0 0 0 0 3 0 6 0 0 0 0 0 0 0
448
2 2 9 5 3 4 4 4 9 8 5 8 5 1 5 4 3 10 3 6 10 2 3 3 7 3 2 6 8 8 2 9 7 9 10 3 9 1 2 9 5 1 8 9 5 5 10 4 5 3 2 3 9 4 3 4 9 9 2 2 10 10 3 1 8 7 4 5 2 2 7 5 3 9 1 5 8 5 1 1 7 8 2 10 6 5 3 3 7 5 2 5 10 9 5 6 6 2 5 3 4 1 9 9 10 4 6 9 5 2 3 9 738503757 583461417 732974918 694154952 889435652 996393879 638608506 941980704 548529039 917872492 826602894 799778314 615493741 837276781 751116029 526764686 608525981 826301716 982305084 986826299 663362344 823534130 765194856 585683503 950790761 608970535 797784467 808152493 645431025 695038858 673704826 644567420 703597343 985686573 559739386 820425176 833055414 680097737 803520674 868315312 662486538 522601447 791715107 706197639 743471265 625334186 504008586 511089965 642805063 715218585 833205380 802228498 507958524 781821089 866752770 772763398 613494606 727651031 950004005 534051998 521255390 747463606 976532010 561612168 612130890 788129261 975806395 756798338 872222375 565631982 693546234 663262686 941212732 740758996 985061135 502263971 555756364 980044367 966893077 815886531 645701107 753529012 997071546 632231927 965954689 845899618 679294437 691645757 771808212 682568957 711347249 898042116 670529177 697260122 523073048 784388212 907036527 592657158 774205727 906411648 966470226 970684604 907379034 703592847 501467875 933978438 576623885 991505144 716960855 885110935 896666471 874565028 970302493 875131924 583339616 993255044 969540776 977988954 680419956 644881849 577648082 792388865 693203361 941931925 855520452 797663271 574131166 797087448 601558881 915200441 630779670 648964811 770645159 752006088 551525420 967638313 780324723 627955573 869198772 704011486 837009054 613300004 808038242 972098600 540010099 927988746 584258128 878278805 646219228 679370834 855541923 536585443 503243220 539837804 639773999 934093009 783809779 590970415 648322084 935464269 779255083 685751783 604183008 840720036 634905866 805409425 740304241 535294103 535168528 512448704 798393703 896435832 971137778 726440189 973530363 745022893 848537304 674123403 874888115 756846668 818804988 990389499 697885435 872432810 841135131 571705327 928073325 869459450 608290227 908541418 522074026 886835570 593994761 748366361 635883027 814502027 604723538 565770101 595846845 588017738 843697045 941278632 932629089 551993512 619896341 575422601 923477307 681436050 959909988 789622322 713103112 575064590 505425495 990451685 708488092 759662718 704177817 698843484 567927998 969527829 927167362 870798643 729627715 690080745 6 8 2 8 9 1 5 9 3 9 10 8 5 7 9 3 1 8 5 6 9 6 8 9 1 8 5 4 6 8 2 5 3 4 2 7 1 3 7 8 1 4 6 7 4 7 2 6 4 9 10 4 10 2 6 3 2 7 3 4 4 4 2 6 10 7 5 9 1 1 1 10 4 10 5 1 7 8 4 3 7 7 7 6 6 1 8 7 8 5 4 8 1 4 2 8 6 6 2 8 6 5 9 7 8 9 1 8 10 10 4 3
1 0 3 0 0 0 0 0 0 0 0 0 0 0 0 0 2 0 0 2 0 0 0 3 0 0 0 0 0 0 0 0 0 0 3 0 0 2 0 0 5 0 3 0 0 0 0 0 0 0 0 0 0 2 0 0 0 3 0 0 0 0 0 0 0 1 0 0 0 0 0 0 0 0 0 0 0 0 0 0 0 0 0 0 0 0 0 0 0 0 0 2 0 0 0 0 1 0 0 0 3 0 0 0 0 0 0 0 0 0 0 0 0 0 2 0 0 3 0 0 0 2 0 0 0 0 0 0 0 0 0 0 3 0 0 0 0 0 0 2 0 3 0 0 0 0 0 0 0 2 0 0 0 0 0 3 0 0 2 0 0 0 0 0 0 0 3 0 0 0 0 3 0 2 0 0 2 0 0 3 0 0 0 0 0 0 0 1 0 0 1 0 0 3 0 0 0 1 0 0 0 0 0 0 0 0 0 0 3 0 0 0 0 0 0 0 0 0 0 3 0 0 0 0 0 0 0 0 0 0 0 0 1 0 0 0 0 0 0 0 0 3 0 0 0 0 3 0 0 0 0 0 0 1 3 0 0 0 0 0 0 0 0 0 0 0 0 2 0 0 0 0 0 0 0 0 0 1 0 0 0 3 0 0 0 0 0 0 0 0 1 0 0 0 0 0 0 0 3 0 0 0 0 0 0 0 3 0 0 0 0 3 3 0 0 0 0 0 0 0 0 0 0 0 0 2 0 0 0 0 0 0 0 0 0 2 0 0 2 0 0 0 0 3 0 2 0 0 0 0 0 0 1 0 0 0 0 8 0 0 1 0 0 0 0 0 2 0 0 0 0 0 0 2 0 0 0 0 0 2 0 0 0 1 3 0 0 0 0 0 2 0 0 0 0 0 0 0 0 0 0 0 0 0 0 2 0 3 0 1 0 0 0 1 0 0 0 0 0 2 0 0 0 0 2 0 0 3 2 0 0 0 0 0 1 0 1 0 0 0 3 0 0 0 0 0 0 0
54
5 6 5 6 7 4 8 4 8 3 5 8 7 641904885 846848041 852403408 899627196 575521039 776186643 690253751 743310113 883440840 982525353 630993759 505746870 926935311 616672146 822077814 690453307 908875894 765357622 514477826 821477871 571518872 569307513 707000870 741405769 554934327 679694100 939532586 595398270 9 4 2 4 10 1 8 7 5 8 8 4 1
0 0 0 0 0 0 0 0 0 0 5 0 2 0 0 0 0 3 0 2 0 2 0 0 2 0 0 0 0 0 0 0 0 0 0 1 0 0 0 0 0 0 0 3 1 2 0 0 0 0 6 0 0 0
15
785 463 948 5 3 5 6 2 959480483 788 557 2 308 611 902
0 0 0 0 0 0 3 0 4 0 0 0 3 0 0
11
5 6 9 835933154 73 513 994 777 847 889 444
1 0 3 3 0 0 0 2 0 0 0
444
121 580 689 615 661 158 243 253 222 980 617 92 261 731 446 102 649 956 44 280 840 489 782 474 154 862 767 729 377 340 167 426 137 478 741 723 746 330 425 69 474 704 34 802 449 114 412 107 646 305 613 834 655 495 941 955 191 734 922 666 552 11 534 410 461 2 288 323 18 600 970 886 694 621 134 779 593 318 663 218 402 604 1000 285 775 121 837 16 64 533 387 263 623 713 523 596 138 680 401 761 671 454 364 460 385 203 223 468 156 330 238 351 501 392 377 300 561 984 683 858 62 988 822 535 470 817 148 595 793 558 854 524 730 141 46 936 128 935 814 955 932 404 624 311 105 719 618 686 201 468 643 71 557 842 91 136 300 960 875 909 625 196 122 240 48 678 408 850 580 321 621 965 43 60 765 795 955 156 301 393 710 721 837 636 995 857 259 364 649 44 624 929 417 671 384 678 304 844 795 129 480 877 562 863 939 83 58 390 371 786 707 509 934 657 336 927 903 807 596 155 381 238 767 938 525 574 523 747 7 189 507 91 641 137 757 658 399 525 351 574 249 208 820 263 544 956 166 706 885 483 574 85 688 976 130 108 886 14 125 498 494 23 793 443 958 650 530 997 527 702 948 715 65 539 327 27 42 64 304 126 624 693 869 373 89 956 992 503 14 613 479 121 928 426 860 285 402 980 409 168 758 195 602 72 3 5 7 9 9 912832313 683 731 879 258 358 878 434 143 85 77 2 509 575 946 304 240 865 106 21 708 123 100 854 853 524 794 302 965 787 765 843 314 186 456 489 17 123 98 899 769 594 676 519 358 109 447 442 77 919 786 945 430 605 362 907 789 374 921 563 868 630 183 287 176 650 627 370 823 450 174 988 329 158 34 816 330 480 234 991 310 86 595 377 757 992 165 334 382 268 385 445 298 647 497 903 285 867 959 518 545 827 885 534 585 868 777 717 110 788 62 428 81 383 195 603 315 624 359 882 277 774 7 312 947 41 781 331 913 581 558 6 69 943 653
0 0 0 0 0 0 1 0 0 0 0 0 0 0 1 0 0 0 0 0 0 0 0 0 0 0 2 2 1 0 0 0 0 0 0 1 0 0 0 0 0 0 3 0 0 0 2 0 0 0 0 0 0 0 0 0 0 0 0 0 1 0 3 1 0 1 0 0 0 0 1 3 0 0 3 0 2 0 0 0 0 0 0 0 0 2 3 0 0 0 0 0 0 0 0 0 0 0 0 0 2 0 2 2 0 0 0 0 2 0 0 0 0 1 0 0 0 3 0 0 0 0 0 2 0 0 0 0 0 0 0 0 0 0 0 0 0 0 0 0 1 3 0 0 0 0 0 0 0 0 0 1 0 0 2 2 0 2 0 0 0 0 0 2 0 0 0 0 0 2 0 0 0 0 0 0 3 0 0 0 0 0 1 0 0 0 1 0 0 0 0 0 0 0 0 0 0 0 3 0 0 0 3 0 0 0 0 0 0 3 0 0 0 0 2 0 3 0 0 0 0 0 0 0 3 0 0 0 0 0 0 0 0 0 0 0 3 0 0 0 2 2 0 0 0 0 0 1 0 0 0 0 0 0 0 0 0 3 0 3 0 0 0 0 0 2 0 0 0 0 0 0 2 0 0 0 0 0 0 0 2 0 0 2 1 0 0 0 0 0 2 0 0 0 0 0 0 0 0 0 1 0 0 0 3 0 0 0 0 4 1 0 0 0 0 3 0 0 3 0 0 0 0 0 0 0 3 0 0 2 0 0 0 0 0 0 0 0 0 0 0 0 0 0 0 1 0 0 0 0 0 0 0 0 0 0 0 0 3 0 0 2 0 0 0 0 0 0 2 1 0 0 0 0 0 1 0 0 0 0 0 0 0 0 0 1 0 0 0 0 0 1 0 0 0 0 0 0 0 0 2 0 0 0 0 2 0 0 0 0 0 0 0 1 0 0 0 0 0 0 0 0 1 0 0 0 0 0 0 0 0 0 0 0 0 0 2 0 0 0 0 3 0 0
133
1 968601307 5 713616573 5 837332366 6 826196571 10 983941777 7 862246478 9 975095308 3 637963807 7 769535220 5 916020150 2 637544378 4 513745984 4 912929893 5 607116277 7 835338794 9 800849356 8 865718239 6 659931567 5 982732745 7 522880219 7 592950957 7 542057303 2 812614451 4 521346488 8 503801058 2 746505915 8 572795230 2 628509248 10 663477931 5 605187534 8 503548559 6 871484321 2 786391405 6 633636564 1 596399133 8 707593825 5 510565808 4 906988235 5 634161933 1 790967746 5 953304037 1 967205169 7 512231282 8 770395487 4 548101611 10 761553946 5 841119916 5 618427440 2 662810744 4 612331662 10 830248037 5 991726549 6 999054397 3 717842494 8 952982384 3 622669862 4 772890347 9 684624261 7 892925288 2 742200109 6 676725250 5 590924985 1 771453743 4 533927250 8 622478698 10 581429459 10
0 0 0 0 0 0 0 0 0 0 0 2 0 0 0 0 0 2 1 0 0 0 0 0 0 0 0 0 0 0 0 0 0 0 2 0 0 0 0 0 0 0 0 0 0 0 0 0 0 0 0 0 0 1 1 0 1 0 0 0 0 0 2 0 0 0 0 0 0 0 0 0 0 0 0 0 0 0 0 0 0 0 0 0 0 0 0 0 0 0 0 0 0 0 0 0 4 0 0 0 0 0 0 0 0 0 0 0 0 0 0 0 0 0 0 0 0 0 0 0 0 0 0 0 0 0 0 0 0 0 0 0 0
890
6 551273795 3 633996964 9 634773487 10 618008580 7 769560389 3 947682409 4 588191060 7 684622594 1 590022367 2 760544743 8 688483212 3 809948048 8 526412667 4 806010060 1 536027022 10 538766625 3 845078222 9 599639465 10 755766226 8 661373928 2 647967767 4 967449384 7 783344018 7 570024785 3 611889661 6 980481878 5 807485871 1 521628567 9 884019694 10 795624953 5 868632343 8 806694499 6 633658896 4 902682880 7 613821895 1 824526969 8 760241359 8 777696496 8 707823700 8 564670846 8 757592042 1 942513529 9 900520455 9 994606791 10 734434584 7 930608899 8 750541196 5 853696565 8 591149120 3 659155038 4 505144109 3 853378348 5 852780093 9 707342202 8 636349345 1 783612047 10 658294060 1 500948778 8 533321827 3 525574611 4 906087516 9 903161604 4 851004068 4 970605343 10 555744695 2 711646275 3 514998981 6 845401209 2 586045392 7 561867459 2 882702692 7 943462157 10 609222767 3 736659209 6 560687351 5 762786424 4 641471164 9 882045277 1 878333949 9 549815851 7 529703921 1 629309420 8 517715123 8 749631196 10 534561183 2 623315724 5 799727979 7 862397444 5 569667712 6 957078904 8 626476891 2 706059122 4 597140705 6 512584623 1 579906326 4 585285610 3 679347600 4 707859808 10 676683651 10 866666455 2 686913893 10 650292954 10 779331944 3 960156680 9 662980948 10 696204442 7 663612808 5 706772102 10 843713815 8 916666851 1 742159188 3 672534640 7 835059031 6 969575269 8 944358176 9 848667629 3 945752446 5 877967606 3 752483825 6 758041133 1 676577025 10 714594907 5 894079968 2 967867257 8 865870668 10 692741666 9 690593023 10 508645458 5 991284016 3 663296134 3 562254810 7 699357863 6 627788268 8 518070636 3 689215361 7 878914573 8 561932993 3 999371882 2 828925732 5 543848981 7 562353940 7 915821277 1 789770820 8 892263087 7 806530855 8 764425238 1 560952169 1 774022803 9 963795286 10 758895504 4 598620789 8 547203269 3 934588404 8 764219447 10 768259964 1 840784172 8 745968809 8 637480389 4 943318066 3 723595044 4 603370349 3 974927911 10 760091366 4 779510591 10 598609924 7 765298164 1 528856849 2 588895992 5 574145306 7 949384186 7 801255028 3 616302220 2 643582949 1 885856212 9 593922749 8 504411349 9 868435799 5 723331985 6 768376013 5 774231873 9 591131109 3 678697074 8 567142779 10 931544011 9 924268254 5 721675179 10 806145787 9 979595023 1 896126537 3 665648449 3 723335360 9 838044523 4 752423006 1 664727793 3 983572224 4 668159794 6 914320268 2 617073191 8 839760317 4 604261093 7 592684296 9 974464010 7 950229604 1 891416973 10 558592246 8 958119311 4 852368884 9 929389584 7 570090270 3 680768167 6 592508611 1 722829997 5 955201324 3 674969973 1 512053700 7 737723511 7 851182983 10 827684760 2 689866341 8 664084965 3 600035255 7 721093502 6 540898811 5 584904051 1 800258393 5 879668438 5 571076290 8 551340628 8 514860704 3 923493377 9 788429669 1 564170033 5 635616367 10 627834010 1 770478364 3 961478396 9 903573240 8 888958231 7 887863130 10 712607945 8 585810675 3 596206439 3 684228872 4 618352331 1 808447335 9 910311858 10 912357460 9 917401929 2 545898997 3 947970845 6 726550534 3 799039157 6 766386373 8 872663204 7 531262327 1 822083785 3 733692917 7 891722502 1 985982472 2 740088250 1 965172641 3 659656374 3 666368811 4 732782968 4 846007926 10 587716843 10 881630216 4 543771644 3 899717333 3 559720628 2 648159392 3 524476590 1 714913419 8 554119457 7 819415701 1 584334030 5 528310548 5 672320383 5 872057962 8 547239419 7 963982703 9 573256089 5 848327271 2 914242754 1 928871295 3 814205211 1 954679814 1 532493880 10 664542983 1 597862639 9 816669674 5 670437816 3 955197484 5 925659842 2 890081650 6 999260054 10 991925379 5 657335165 9 528314064 2 980581878 4 893215934 8 976754159 7 706011579 1 660405675 8 881714910 3 763979879 5 898948004 1 869310252 6 617232371 7 873593206 7 620159114 10 828896140 10 686000504 3 819263152 3 612325459 4 664480911 5 746181427 6 864567180 7 696405176 9 824044495 6 829624999 4 520061509 1 776516804 6 903424483 6 799876638 6 946601434 8 501072092 3 877761447 10 966435132 2 764911632 4 580158818 10 739194249 9 855260449 1 771406479 10 759173595 1 540805357 4 635531551 6 560260360 10 948704688 6 846816152 6 702654209 3 551727982 3 510664823 10 589032244 1 917518811 3 926714688 8 700674004 1 829538787 4 502008175 6 967596766 3 766692322 4 929645783 6 590755368 4 805291766 8 703902767 8 625083405 2 939151511 6 572578808 8 665844044 4 507447303 7 787603592 10 963668901 2 531793381 10 911893917 7 882042283 1 700025246 3 630399347 2 711085791 4 650679751 7 902433557 7 619564657 10 515386886 10 537017468 3 869322369 9 522578994 9 779307891 2 989104026 10 761333353 1 920501813 8 814201536 9 605042947 5 692141626 4 800795157 4 707207902 8 934750501 4 725526066 8 562206470 7 646449741 8 937963508 7 778689621 10 675901411 9 652477779 4 598497164 3 931829627 7 502846661 10 715966036 10 694752844 2 643958114 10 767442741 5 841657135 10 726475916 9 874972125 2 687406821 10 998557613 5 997763556 1 613974022 5 759905534 8 976383236 9 856322558 9 813841804 3 703937791 4 648254314 3 588977148 7 732049417 4 558967587 3 639641008 2 973426800 8 677737066 9 939806821 2 903558645 2 986254037 3 665031528 5 947748101 1 702013031 8 667182256 4 972616467 1 737947564 6 993695764 2 639583537 9 609552741 8 743057684 5 727929542 1 787236451 8 687348721 5 553110083 4 544863484 1 587333876 1 698280597 3 951648350 2 881918435 9 599740811 4 699962697 1 608110844 7 986482280 1 612502185
1 0 0 2 1 0 0 0 0 0 2 0 1 0 0 0 0 0 1 0 0 0 0 0 0 0 0 0 0 1 0 0 0 2 0 0 0 0 0 0 0 2 0 0 1 0 0 2 0 0 0 0 0 0 0 0 0 0 0 0 0 0 0 0 0 0 0 0 0 0 0 0 0 0 0 0 0 0 0 0 0 0 0 0 0 0 0 0 0 0 0 0 0 0 0 0 0 0 0 0 0 0 0 0 0 0 0 1 0 0 0 0 0 0 0 1 0 0 1 0 0 0 1 0 0 0 0 0 0 0 0 0 0 0 0 0 0 0 0 0 0 0 0 0 0 0 1 0 2 0 0 0 0 0 0 2 0 0 0 0 0 0 0 0 0 0 0 0 0 0 0 0 0 0 0 0 2 0 0 0 0 0 0 0 0 0 1 0 0 0 0 0 0 0 0 0 0 0 0 0 0 0 0 0 0 2 0 0 0 1 1 2 0 0 0 0 0 0 0 0 0 0 0 0 2 0 0 0 0 0 0 0 0 0 0 1 0 0 0 0 0 0 0 0 0 0 0 0 0 0 0 0 0 0 0 0 0 0 0 0 2 2 0 2 0 0 0 0 0 0 0 0 0 0 0 0 0 0 0 1 0 2 0 0 0 0 0 0 2 0 0 0 0 0 0 2 0 2 0 0 0 0 0 0 0 0 0 0 0 1 0 0 0 0 1 0 0 0 0 0 0 0 0 0 0 0 0 0 0 0 0 0 0 0 0 0 0 2 0 0 0 0 0 0 0 0 0 1 0 0 0 0 0 0 0 0 0 0 0 0 0 0 0 0 0 0 0 0 0 0 2 0 2 0 0 0 0 0 0 0 0 0 0 0 0 2 2 1 0 2 0 0 0 1 0 0 0 0 0 2 0 0 0 0 0 0 0 0 0 0 0 0 0 0 0 2 0 0 0 0 0 0 1 0 0 0 0 0 0 0 0 2 0 0 0 0 1 0 0 0 0 0 0 0 0 0 0 0 0 0 0 0 0 0 0 0 0 0 1 0 0 0 0 0 0 2 0 0 0 0 0 0 0 0 0 0 0 0 0 0 0 0 2 0 0 0 2 0 0 2 0 0 0 0 0 0 0 0 0 0 0 0 2 0 0 0 0 0 0 0 0 0 0 0 0 2 0 0 0 0 0 0 1 0 0 0 0 0 0 0 0 1 0 0 0 0 0 0 2 0 0 0 2 0 0 0 0 0 0 0 0 0 0 0 0 0 0 0 0 1 0 0 0 0 0 0 0 1 0 0 0 0 0 2 2 0 0 0 0 0 0 0 0 0 0 0 0 0 2 0 0 0 0 0 0 0 0 0 0 2 0 0 0 0 1 1 0 0 0 0 0 0 0 0 0 0 0 0 0 0 0 0 0 0 0 0 2 0 0 0 0 0 0 0 0 0 0 0 1 0 1 0 0 0 0 0 0 0 0 0 0 1 0 1 1 2 0 0 2 0 0 0 0 1 2 0 0 0 0 0 2 0 2 0 0 0 0 0 2 0 0 0 0 0 0 0 0 0 0 0 0 0 0 0 0 0 0 0 0 0 2 0 0 0 0 0 0 0 0 0 0 0 0 0 0 0 0 0 0 1 0 0 0 6 0 0 0 0 0 0 0 0 0 0 0 0 0 0 0 0 0 0 0 0 0 0 0 0 0 0 0 0 0 0 0 0 0 0 0 0 0 0 0 0 0 0 0 0 0 0 0 0 0 0 0 0 0 0 0 0 0 0 0 0 0 0 0 0 0 0 0 0 0 0 0 0 0 0 0 0 0 0 0 0 0 0 0 0 0 0 0 0 0 0 0 0 0 0 0 0 0 0 0 0 0 0 0 0 0 0 0 0 0 0 0 0 0 0 0 0 0 0 0 0 0 0 0 0 0 0 0 0 0 0 0 0 0 0 0 0 0 0 0 0 0 0 0 0 0 0 0 0 0 0 0 0 0 0 0 0 0 0 0 0 0 0 0 0 0 0
195
5 564580993 6 587299673 3 679122476 10 691971629 4 533977138 9 855425157 4 930087521 1 673155598 9 549989867 1 524916187 5 957600504 2 507365749 2 934427996 8 722673440 3 972523586 9 555893013 9 869482418 7 698919120 10 995808037 10 803838137 6 929952672 2 773486029 10 781345802 5 822025743 1 646723501 2 563356627 7 770071063 4 510168393 4 601491414 3 991452096 9 575311799 10 621280653 6 552741253 6 576671398 2 999391353 1 567343152 10 592972750 2 505180343 9 581479988 2 506216645 8 837177094 7 982950651 1 676696457 6 709806078 2 642563488 3 869549008 4 566459559 5 713474648 1 859535722 7 593176136 3 600089708 9 746707867 1 613918720 4 846955854 7 867660488 4 945027624 5 620435118 8 566474136 10 904100221 1 843156246 6 527431816 2 688568180 2 924543527 9 649430564 1 792856546 4 691365464 5 590932888 4 801465973 6 591484429 5 915572815 10 809870212 7 803070493 1 753394547 4 667015464 1 561718389 9 842408837 4 733696495 6 600426116 8 760952861 4 691416467 3 613506948 6 884484011 8 647763179 3 886463660 1 632176226 6 648103978 8 710904571 1 690269571 2 750764854 10 707975511 2 641799498 9 835066294 7 746770121 4 577351821 4 819889222 5 547012923 7 840102652 10
0 0 0 0 5 0 0 0 0 0 0 0 0 0 0 0 0 0 0 0 0 0 0 0 0 0 0 0 0 0 0 0 0 0 0 0 0 0 0 0 0 0 0 0 0 0 0 0 0 0 0 0 0 0 0 0 0 0 0 0 0 0 0 0 0 0 0 0 0 0 0 0 0 0 0 0 0 0 0 0 0 0 0 0 0 0 0 0 0 0 0 0 0 0 0 0 0 0 0 0 0 0 0 0 0 0 0 0 0 0 0 0 0 0 0 0 0 0 0 0 0 0 0 0 0 0 0 0 0 0 0 0 0 0 0 0 0 0 0 0 0 0 0 0 0 0 0 0 0 0 0 0 0 0 0 0 0 0 0 0 0 0 0 0 0 0 0 0 0 0 0 0 0 0 0 0 0 0 0 0 0 0 0 0 0 0 0 0 0 0 0 0 0 0 0
125
700625916 603869200 12742950 323723347 770136020 366135316 38809166 287887114 119755590 823773596 956733542 738226001 498143758 920099547 153633464 486250094 736051944 909524865 529382667 436792233 373276978 312635565 904814355 574336136 348114223 433770101 492424334 511844528 749310705 441097496 429574129 602087258 630518233 9195462 374194114 611469433 887246526 524128528 162986636 956359538 196316340 851026166 532129141 501917560 17812590 664160913 900477294 923423118 659537477 339526497 215268111 630103581 403963610 409915963 860323079 251462201 697687135 582499798 626751283 686106232 403380859 318904055 746152532 713075056 114247372 977788478 986320479 165668309 530972175 519924627 809445754 667774009 901176804 775774006 592819082 932696675 521371956 275566181 912034411 624485454 301410613 641876913 886692038 781762251 391441166 544706279 588601731 804049845 871360542 219056796 512485856 600022 502767328 545011548 109182503 701721697 543414896 690312311 381348608 932609037 624164528 315437676 541663081 649669590 688438543 341181177 733529927 539352407 994173418 278729414 814281378 379476166 178272915 122240178 200881010 963057303 383561208 803920576 778126873 584638129 448236005 211605158 869354615 89114961 157821673
1 1 0 4 5 4 0 4 4 10 1 11 13 14 15 11 1 2 18 17 2 21 8 2 1 11 23 7 19 1 3 17 20 10 24 14 9 10 22 24 29 24 21 25 33 31 9 4 42 29 20 21 41 33 28 20 53 41 24 12 47 0 49 31 55 40 22 19 48 55 66 56 41 34 31 12 69 2 25 71 60 33 25 3 72 39 46 26 57 68 69 91 1 55 23 52 89 33 52 29 71 13 101 53 42 89 14 87 81 34 105 90 109 7 81 22 53 15 104 2 33 38 90 39 44
524
768834038 711518322 269640606 765210644 483066245 76334284 559622367 655965721 577431023 608665599 341505064 951831828 108580679 490670975 339675150 14535010 122581737 600878291 173115179 778909986 379585343 528649931 262203121 885041261 540411744 93530925 798988240 135599553 80673818 822604909 671568538 856498528 448064675 88982892 483194758 988996857 228434316 864549839 56725947 991370572 336280353 290094069 65061590 878280747 495277800 515944454 678175300 975961484 524472916 516240448 367375069 221353215 195766116 829959912 257415087 83306314 678308945 431829760 667084122 433980024 835440111 186244420 728895459 948561695 889785586 587317098 228503403 861431331 222147762 738188864 54471349 156896463 319808677 772720544 899016409 522622312 139872298 172692429 100355602 643882290 403270872 683636793 767278612 666753789 585060331 782428225 576572099 908384303 616629768 899756777 883920582 142452850 565449972 850608915 38908880 37951712 807986026 175881293 44751112 579413482 461398965 348252335 953371269 546708433 89661501 45436627 636460340 382537189 949712806 943947125 823135003 25743715 293277362 736490176 544822879 538573620 489972870 326118348 377999352 606002765 987332221 400266076 125400940 235261194 373364535 837793119 826340246 233677369 57280255 652160828 236747455 292967723 334005310 423866229 169563403 758096522 848109335 425258918 336109204 408831040 722772957 890865769 579057447 832117051 869419144 136348449 637629941 213399624 243633616 479218756 835647040 625014240 62999312 164436760 333053516 139773219 252469932 748016759 831546004 347872455 632907530 641766053 874927003 105243468 618409178 772281521 134810445 591475768 438047685 557329020 322303823 5434531 147651383 652730587 616291880 476698585 947247976 172884465 748946868 20943713 569797451 338042927 139090360 617396267 756839048 751472930 714031631 736482090 86677295 759624563 310507599 895795759 670732109 598432322 795349326 72515131 483677952 278874190 296500092 50386211 342997059 414913534 185010014 29403324 803571717 446948807 698632247 76309606 482940616 963896074 347645730 244042804 582844260 77029338 493529507 438251385 622684438 48703688 741113605 359005972 650522758 629086256 34831475 95831070 447243249 804019984 599698995 204182127 489504016 907145211 117645038 341492889 687102966 299404061 779818600 790918085 160382592 69052655 105497494 450896405 573298821 455306128 668223597 118658808 787778924 948741464 119789676 145807134 854993488 271583135 152702758 794088027 609167454 690996564 291749078 869487178 379555208 368514393 655285578 462768869 586204751 698720561 76882978 874585843 235135913 840317203 227945401 53284477 578557641 892699357 631931565 123530269 455749349 421162479 710802540 833878641 80231326 283867782 254321062 1416052 288849208 963690373 952827411 281596421 518397515 858075216 884116854 841397870 25407245 230025899 95043648 763924771 114722541 773351216 668476609 262580110 392491407 995294562 916231236 32933163 309195497 869671139 588603406 320407487 508343959 463637978 241129630 531914217 746456350 491221768 149198861 469555678 399959605 996729503 411140884 514524317 824624073 621166937 130416247 339321937 83163617 154789854 817532774 976424248 806624769 328913154 402313625 321515730 205189958 50102739 497141926 399419810 494019792 529875230 801806963 970849350 249759408 13030477 790576935 308102449 463333878 57741900 72123268 217828551 304657686 570529627 62921496 638989880 864883263 49241453 864753704 394143168 391813582 737166610 486937527 922166714 784103817 641407350 803906721 70557741 359877072 618633336 888768291 275425079 165379160 981343854 613461181 707302146 339297453 327762828 656141527 210905251 298368792 548491654 306419478 116962211 759901460 213044847 709072570 254236273 866836217 789393492 436860669 739870351 930971397 399641518 533067476 376176582 559977068 64959781 414393594 731996184 183823257 642902954 274826153 236754636 246247233 910234239 881110004 865337163 576884853 494382881 900445476 241909538 709690976 606659507 151037687 240809197 163273934 780354264 416122424 412631660 948769067 66842779 712093587 813637275 820876321 392824930 151357193 66603267 37686906 31821424 790536938 731246097 644924022 393053195 104656330 312339145 550222643 580828610 977922379 483650692 903073365 427563489 351735853 355827224 546055312 953558934 920553089 866347047 552983116 456661979 516224379 619669206 119592947 684934042 71433905 755702730 322392611 795452197 302866247 674721182 511300712 52368255 504724448 696847519 351699874 467350660 93224643 984234269 781529025 835534196 792692251 304064021 399039747 870102503 603884727 460495223 46841684 388628413 945165881 473678300 607862014 754297095 607156756 833967074 278843988 25137007 411488067 409450505 837009525 514383670 714279209 834929743 665510869 715101251 144968820 460465489 553296320 792186952 221121913 187620672 535015010 94883222 729838564 771523438 286585757 392922774 16389169 416875449 842054973 789431421 570701258 746030496 647368636 513713712 552322874 467268429 216683325 47046400 144487518 321389388 906841321 284604703 877905648 134753362 575634762 686646388 314907749 56890046 139483869 622078671 734563960 310804020
0 0 0 0 0 0 0 0 0 0 0 0 0 0 0 0 0 0 0 0 0 0 0 0 0 0 0 0 0 0 0 0 0 0 0 0 0 0 0 0 0 0 0 0 0 0 0 0 0 0 0 0 0 0 0 0 0 0 0 0 0 0 0 0 0 0 0 0 0 0 0 0 0 0 0 0 0 0 0 0 0 0 0 0 0 0 0 0 0 0 0 0 0 0 0 0 0 0 0 0 0 0 0 0 0 0 0 0 0 0 0 0 0 0 0 0 0 0 0 0 0 0 0 0 0 0 0 0 0 0 0 0 0 0 0 0 0 0 0 0 0 0 0 0 0 0 0 0 0 0 0 0 0 0 0 0 0 0 0 0 0 0 0 0 0 0 0 0 0 0 0 0 0 0 0 0 0 0 0 0 0 0 0 0 0 0 0 0 0 0 0 0 0 0 0 0 0 0 0 0 0 0 0 0 0 0 0 0 0 0 0 0 0 0 0 0 0 0 0 0 0 0 0 0 0 0 0 0 0 0 0 0 0 0 0 0 0 0 0 0 0 0 0 0 0 0 0 0 0 0 0 0 0 0 0 0 0 0 0 0 0 0 0 0 0 0 0 0 0 0 0 0 0 0 0 0 0 0 0 0 0 0 0 0 0 0 0 0 0 0 0 0 0 0 0 0 0 0 0 0 0 0 0 0 0 0 0 0 0 0 0 0 0 0 0 0 0 0 0 0 0 0 0 0 0 0 0 0 0 0 0 0 0 0 0 0 0 0 0 0 0 0 0 0 0 0 0 0 0 0 0 0 0 0 0 0 0 0 0 0 0 0 0 0 0 0 0 0 0 0 0 0 0 0 0 0 0 0 0 0 0 0 0 0 0 0 0 0 0 0 0 0 0 0 0 0 0 0 0 0 0 0 0 0 0 0 0 0 0 0 0 0 0 0 0 0 0 0 0 0 0 0 0 0 0 0 0 0 0 0 0 0 0 0 0 0 0 0 0 0 0 0 0 0 0 0 0 0 0 0 0 0 0 0 0 0 0 0 0 0 0 0 0 0 0 0 0 0 0 0 0 0 0 0 0 0 0 0 0 0 0 0 0 0 0 0 0 0 0 0 0 0 0 0 0 0 0 0 0 0 0 0 0 0 0 0 0 0 0 0 0 0 0 0 0 0 0 0 0 0 0 0 0 0
98
296154232 709405265 928138153 714371249 952325064 158609414 631585989 480751055 613897090 198288705 214627256 51680137 707614771 633803931 640658028 145391604 441045322 167061298 826748693 588578038 788906838 85965545 161222081 787094618 41896415 16373071 583731590 259162244 918018280 736545061 227839306 231070666 236411915 54100610 626094134 295381606 153680178 745469847 477609921 131631883 962717433 557847063 978143578 289536540 454037673 273643834 712673209 34691965 839602642 837442144 110476235 256779023 239149968 545447515 462707516 440266172 729021278 297442126 502477480 697612595 953490331 911237945 547430247 864971323 298591138 499629847 204821752 660392359 628446090 909848743 639097873 904525804 584094082 225514706 401972553 803824980 444818637 331090090 825005926 296249559 551976033 538832664 974682445 459468685 295323427 278248729 169989001 981564099 661846977 848046246 62493054 694233265 347089975 230587964 278920755 168492494 428980962 968844540
0 0 0 0 0 1 2 2 2 3 4 4 5 6 7 7 7 8 8 8 8 8 8 9 10 11 11 11 12 13 13 13 14 14 15 15 16 16 17 18 18 19 20 20 20 20 21 22 23 24 25 25 25 25 25 25 25 25 26 27 28 29 30 31 32 33 33 34 34 34 35 35 35 35 36 36 37 38 38 38 38 39 40 40 40 40 40 40 40 40 40 41 41 42 43 43 44 44
74
626235070 372880072 604161861 105847665 859213907 394159379 986816098 186643194 10528242 220522020 469996727 322744263 283320240 587290949 649454557 319084420 506281385 885123588 309966276 863470749 151230600 130714963 474162576 778536993 913192374 816 13856276 336196681 852974891 923860742 823870451 634596250 102248149 246321306 558366555 37568176 131122086 445259171 929672544 676584090 578224709 415604223 569611004 15207914 643280215 815042695 453327277 476048976 42187119 472220294 885617579 130215139 524596374 857445324 49757135 449265930 953989504 615891811 118828296 119665657 950256720 163302629 929548667 919736541 94775053 344192624 218599233 659111836 697986472 152551743 421452482 180688958 129476016 515048150
0 0 1 1 1 1 1 1 2 3 4 4 5 6 7 7 7 8 9 10 10 11 12 13 14 15 15 15 15 16 16 17 18 18 18 18 18 18 18 18 19 20 21 21 21 21 22 23 24 25 26 27 27 27 27 28 29 30 31 32 32 33 33 34 35 35 35 35 35 35 35 36 36 37
65
33700532 425082607 710549913 136731362 534883254 557577892 169313708 409235366 874816398 157583461 658250388 381481746 522419718 470584619 334298504 792882812 77045097 722596457 501430303 169044717 442304672 497116975 315729843 979970590 562398958 174580210 52971128 860763656 720944975 434309359 938696226 894830365 402304373 818969903 540793396 959583512 715411552 361522734 724575216 134645365 380101795 274677278 170356702 172550792 275939387 702844623 453533439 31950381 553545742 536590641 687159702 473313568 308427528 289589114 727026583 717131764 817304793 38074860 939240116 164621474 336939086 422796856 530299401 180927430 465461588
1 2 2 2 3 4 4 5 5 6 6 6 7 7 7 7 8 8 9 9 9 10 10 11 11 11 11 12 12 12 13 14 15 15 15 16 17 18 19 20 20 20 20 20 20 21 22 22 23 24 25 26 27 28 28 29 29 30 31 32 33 33 34 34 35
261
67 843 936 638 795 362 337 410 755 447 61 373 930 90 951 880 945 952 257 291 962 145 85 653 464 10 204 563 939 86 859 545 725 726 471 510 541 54 370 151 461 235 953743650 313020083 350607541 242773378 908942908 710965218 29195652 583921186 382121508 535696407 679020903 692403255 250066590 794846489 263948030 927440284 875313368 468220527 962895111 396534291 987696825 792874114 908632818 43015191 578488371 273296171 717442076 712246539 954601842 224993119 599489486 145662335 345103195 949521290 53529900 94556759 685008310 856764442 411295527 30298711 492103229 111003294 756680922 131393027 950271254 637073904 971583260 513560253 614561238 566661794 935007258 901756845 356981475 435528704 136794116 197807681 461753542 730218825 219083859 642072747 999510480 602541402 221370449 538319873 875673686 826876586 528759052 719725413 188992893 339101396 803784821 233674714 795983608 920682676 408902584 928784278 226746385 875233916 86506802 917317463 321402316 752582824 916091176 92915635 258129094 469146502 813907273 174316605 836532057 390161127 79231562 976482255 176834545 208062991 768100214 854307218 206121990 690067785 909121046 522830486 595624074 630745001 809722005 716621826 19769358 576134329 988945536 384764870 881496747 160700914 493648225 369608763 911058159 124176363 608715101 784210247 250296785 345082364 240647946 533138031 936135316 462483796 472637016 678061367 921758487 916268216 74975529 612294656 8724354 487998572 967426306 234220001 347988645 660136053 921899926 580259553 401576569 388179911 993553793 622819547 487386474 95021164 473171467 176377881 317359699 979557040 355431646 123637139 158001028 966363025 603426170 414414905 508984095 860969424 715536426 535693262 440326127 559039277 363527526 407999353 972366398 372494510 117469632 912038856 152532772 807387224 524845805 502254278 698630705 372062952 58955750 597729924 379139076 234912806 693474845 722615416 485747244 824761349 139777798 581989648 71117676 691687091 982386355 534837045 817608547 203822479 264650374 167557994 699440664 917430252 249521707 915185345 804543116 698303035 411030201 945228822 981062000 906283058 891821240 738819257 183266603 246448856 958864178 91574492 658337441 90265853 215191047 473358843 380270478 365747666 585274921 961857984 344881961 330425047 348407282 190641145 642648196 808669304 715183816
1 2 3 0 5 0 2 0 0 0 0 0 2 1 2 2 0 0 1 3 3 2 3 1 2 0 2 1 1 2 3 1 0 2 0 0 3 0 3 1 3 2 1 0 1 0 0 3 2 2 1 3 1 1 0 1 2 3 1 0 2 2 1 1 0 1 1 2 3 3 1 3 1 0 2 2 0 3 2 3 1 1 0 3 1 1 2 2 3 2 1 3 2 3 2 3 1 2 2 1 1 2 2 3 1 1 2 0 1 2 1 3 1 0 0 2 0 2 3 0 1 0 0 1 2 3 1 2 2 2 1 0 3 2 3 3 0 2 0 0 0 1 0 2 0 2 3 3 2 1 1 2 0 1 1 1 3 0 0 0 2 0 2 2 1 1 3 2 1 1 2 3 0 0 0 0 2 3 0 0 3 1 3 3 3 3 3 2 0 1 2 0 1 1 3 1 1 3 2 2 3 1 3 0 3 1 1 2 3 0 1 3 0 2 0 2 0 2 0 3 2 3 3 1 1 0 1 1 1 3 3 2 3 2 0 2 2 2 3 3 2 1 1 0 1 2 1 2 3 0 0 3 2 2 3 2 0 1 3 1 1
80
529456015 993558078 762170868 432203548 790118415 388748767 817137078 646623572 544201461 724923787 673274733 473833051 500722950 213607603 152399586 892844146 95823983 122351443 942185041 460445378 77888776 637822102 612222874 405772373 399120525 148319454 613157215 196330749 609495203 583707065 614688629 823830525 208765163 721490247 738995202 340941433 657934418 576525965 528867488 395828504 12377472 281598942 722604203 803077295 359 92848363 171465528 398368146 541778381 411779526 465230914 696008839 841104507 965344839 112158246 127185015 597433532 533328521 329391255 852537761 951830633 860019400 793612044 442427699 180084141 654906157 914485608 907994991 301141765 801879417 465193215 882874607 937565360 188175044 647101546 941176244 610926126 775043034 921364428 339088268
0 2 1 1 0 1 2 1 2 1 3 2 1 2 2 1 1 2 1 1 2 3 2 2 2 0 3 3 2 1 1 1 3 2 0 3 2 2 1 3 1 3 0 0 3 0 1 1 0 0 2 1 3 1 3 2 3 2 2 3 0 0 0 1 3 0 0 3 3 0 1 2 3 2 71 1 0 1 3 2
32
867434395 591977732 128418925 527861816 753256509 405624675 305748079 801 969 26 535 669 686 190 151394527 273225925 674714092 721639026 633135655 97534072 457454513 724668314 6508934 175072642 539176609 361994607 270994178 158136946 433157555 348854112 693077711 22890154
0 1 0 1 3 3 0 2 2 3 1 3 0 14 0 0 0 0 3 2 0 1 3 1 2 3 3 1 1 0 0 0
