50
2 3 3
1 1
2 2
1 3
3 3 1
2 1
5 5 0
2 3 2
1 1
2 2
3 3 2
2 3
3 3
1 1 0
1 1 1
1 1
1 5 0
1 5 1
1 3
5 1 0
5 1 1
3 1
4 9 16
2 7
3 8
3 5
1 1
2 2
4 4
4 6
4 7
3 7
2 5
2 3
4 1
2 6
2 8
4 8
3 3
9 3 10
9 3
5 2
1 2
4 1
3 2
6 2
5 1
8 1
6 3
1 3
10 3 24
9 2
6 2
9 3
4 3
6 3
2 1
5 2
7 1
5 1
1 2
9 1
10 2
1 1
3 1
8 3
6 1
2 3
10 3
5 3
1 3
7 2
8 2
4 1
4 2
9 10 26
4 3
3 2
4 5
4 7
5 8
8 4
4 10
5 3
2 3
2 10
9 6
5 10
2 2
6 3
3 10
9 3
7 7
1 7
7 9
2 1
1 9
8 8
1 1
9 2
6 1
3 1
1 9 1
1 5
4 1 3
4 1
3 1
1 1
7 5 33
7 2
4 1
6 5
1 5
2 3
1 1
3 4
7 5
4 4
6 3
1 4
3 2
2 1
7 3
1 3
5 2
6 1
7 4
1 2
4 3
6 4
5 1
4 2
5 5
2 4
4 5
7 1
2 2
3 5
5 3
3 1
6 2
5 4
8 1 1
5 1
4 7 9
3 7
1 3
4 7
4 4
4 6
3 1
2 5
2 2
1 5
2 7 12
1 7
1 4
1 5
2 5
2 7
2 3
2 2
1 1
1 3
2 6
1 6
2 4
260 452 282
232 133
154 378
114 331
136 84
23 428
77 406
9 365
44 57
38 182
57 344
260 35
154 111
28 385
76 257
249 167
110 99
229 355
234 36
239 83
6 256
35 222
107 228
25 432
50 230
126 282
131 405
258 194
164 174
4 372
87 46
213 17
69 295
26 186
124 130
59 179
97 191
136 65
188 6
91 371
128 263
244 9
169 397
40 422
49 209
166 73
8 325
25 141
153 32
155 342
14 176
33 99
202 408
230 24
84 35
248 170
249 129
92 194
191 95
171 371
117 145
166 237
21 405
160 363
130 162
129 188
146 432
185 345
234 20
112 398
4 221
232 165
110 426
166 320
11 13
4 266
14 316
70 36
229 110
5 401
16 353
3 451
36 87
102 186
223 353
247 363
77 80
254 134
177 121
206 327
17 53
15 451
25 99
94 232
139 231
205 318
77 1
109 61
32 432
241 365
56 421
209 233
95 99
221 201
123 166
231 163
128 405
245 34
31 180
81 12
219 270
60 72
43 34
21 211
15 331
99 389
258 96
245 103
34 374
256 382
130 335
19 235
57 192
41 52
30 292
28 152
81 242
123 418
156 200
115 294
180 297
41 337
173 100
229 300
53 161
174 138
106 125
151 53
88 184
137 306
141 118
80 306
41 225
125 199
124 422
4 164
253 227
259 410
43 206
188 28
232 136
10 179
208 113
186 38
41 84
49 263
78 194
15 358
75 363
11 411
161 350
105 132
12 307
246 23
225 134
39 82
56 135
12 204
61 150
225 167
46 336
162 417
194 104
17 430
85 409
202 134
212 262
72 65
72 110
105 67
158 8
107 132
231 56
121 260
57 263
128 423
26 319
162 25
181 286
165 420
152 182
34 154
208 161
100 288
56 402
20 198
174 356
91 82
87 314
238 287
57 203
36 344
218 153
84 271
105 227
165 11
24 14
98 245
68 224
147 231
164 430
3 192
207 299
96 69
177 31
215 118
169 351
110 379
132 245
47 200
154 264
135 20
149 302
161 73
220 355
188 233
124 183
151 398
47 264
122 10
195 201
123 385
228 359
11 82
110 393
256 333
112 237
83 144
119 152
204 107
37 183
219 189
242 392
126 378
122 177
55 58
19 74
245 260
58 56
202 367
27 226
219 406
140 385
166 310
228 87
164 253
182 416
259 2
94 269
195 269
198 368
195 143
231 316
41 162
251 353
123 349
70 121
51 278
258 449
173 228
174 242
195 314
6 130
83 33
88 220
191 327
158 212
209 432
34 307
228 406
85 75
19 54
220 287
419 425 321
108 71
273 156
338 235
407 241
360 15
183 272
33 51
23 5
363 288
387 188
359 284
274 211
32 246
388 409
300 346
322 217
358 204
214 92
247 121
202 314
155 191
388 106
231 390
287 186
169 109
259 69
59 403
358 257
290 36
117 405
106 254
378 422
366 226
414 70
252 5
37 382
400 396
163 148
303 201
410 337
155 423
399 145
238 402
205 314
248 320
119 149
269 396
411 279
127 346
211 364
297 271
172 154
55 400
287 137
22 191
236 188
398 398
148 309
135 308
133 400
311 353
24 379
381 381
6 359
8 174
416 273
382 378
354 168
340 5
289 324
270 360
140 88
89 294
320 328
306 76
362 86
208 273
309 221
305 383
118 148
330 411
381 246
149 136
228 92
124 321
125 195
100 421
189 152
50 194
270 269
105 11
175 201
253 248
198 161
172 293
136 178
112 308
91 180
136 133
182 1
117 366
176 174
90 225
143 262
220 2
406 72
206 345
13 276
85 59
180 346
380 137
400 320
2 210
168 270
102 34
83 374
354 42
409 345
250 191
292 68
72 290
96 400
83 389
221 250
344 367
330 161
339 84
102 216
183 280
192 161
284 282
122 393
195 133
380 29
20 24
198 264
291 180
180 92
107 229
206 40
158 167
314 350
149 17
223 124
376 82
377 221
139 395
390 74
2 182
71 334
366 421
374 36
258 310
39 409
289 303
115 394
76 187
219 45
174 382
178 68
253 271
318 268
24 243
44 260
300 191
307 327
7 91
187 35
148 292
106 361
280 127
416 339
392 339
142 165
212 65
333 268
278 50
243 418
351 50
235 75
105 193
244 13
26 9
371 259
87 407
196 108
210 419
224 158
304 142
186 13
327 218
326 284
35 143
178 235
335 389
341 323
268 256
303 335
99 15
97 45
160 334
336 107
265 122
227 115
16 424
39 254
16 6
325 293
315 242
362 8
91 64
62 89
131 56
71 193
170 87
322 199
402 419
353 266
274 233
181 28
312 346
237 367
299 7
192 243
189 289
417 325
207 352
255 138
36 152
401 278
32 344
20 19
385 407
287 365
123 401
161 119
45 378
63 338
371 92
318 272
359 43
178 372
77 333
4 363
70 285
57 88
166 193
372 272
54 288
398 58
178 201
144 168
326 172
65 243
113 269
367 285
221 361
116 59
409 291
388 214
66 232
321 61
64 31
154 217
145 295
320 150
23 409
10 356
336 263
378 242
95 260
115 382
387 219
78 20
294 10
295 395
18 225
391 295
325 394
350 153
93 61
326 42
141 31
376 423
257 371
306 158
316 354
287 3
161 114
130 339
139 51
191 317
86 106
306 123
140 259
380 151
124 312
63 285
236 122
88 87
16 247
416 325
206 127
44 57
62 365
133 122
411 52
21 218
174 176
112 241
227 15
192 45
419 320
234 30
69 390
406 321
123 102
24 311
302 146
333 371
143 261
228 101 898
3 14
172 85
184 68
84 75
104 65
157 67
15 21
228 73
25 96
204 100
96 32
107 37
143 29
61 99
100 25
134 49
134 11
213 2
65 10
167 95
101 86
140 48
26 79
196 95
188 69
186 11
177 16
83 99
32 37
186 98
186 9
162 27
111 15
109 91
181 69
206 75
206 79
197 56
211 54
175 68
198 49
152 6
8 101
5 78
44 9
106 12
184 65
45 93
39 20
173 83
79 62
77 45
14 37
196 91
22 18
121 93
196 42
127 60
1 29
54 59
100 80
142 10
11 17
104 27
212 96
26 51
11 8
155 97
109 81
111 39
184 100
151 83
59 32
123 92
130 46
4 90
193 6
34 50
173 44
139 26
201 88
187 5
14 29
180 83
10 58
18 79
186 75
88 65
78 80
142 56
158 98
129 84
164 76
79 79
168 71
109 100
221 21
27 100
148 45
165 25
222 43
96 78
103 71
141 82
51 21
176 47
96 31
67 17
156 98
224 32
80 79
132 71
222 96
44 20
31 81
169 6
185 35
171 90
143 70
225 89
191 70
206 1
197 98
185 29
160 13
63 36
128 99
33 78
111 87
42 97
212 62
71 74
97 62
174 60
192 2
187 56
217 15
201 91
52 46
215 26
13 87
203 4
202 12
22 73
216 50
45 98
120 14
23 39
4 77
138 23
35 53
34 67
37 24
120 26
179 30
159 77
83 10
217 39
101 55
17 20
138 12
62 29
110 66
222 79
27 60
200 101
50 56
161 19
203 39
142 61
204 4
69 12
129 1
9 34
209 12
94 2
127 82
93 36
100 48
3 31
132 18
143 5
59 99
212 25
89 81
203 85
224 24
42 30
211 6
40 71
129 20
34 11
163 41
130 5
29 91
111 1
134 84
84 37
17 17
218 11
167 44
3 27
127 46
221 92
12 96
193 18
54 70
5 57
186 49
150 60
77 28
202 58
149 18
11 87
11 3
144 17
189 1
143 56
50 29
112 21
197 68
225 36
80 101
110 60
99 41
122 62
217 95
201 30
141 5
20 33
33 99
115 99
95 3
72 79
142 34
179 8
141 47
225 75
207 3
154 57
222 31
4 14
212 26
84 16
149 61
80 44
205 93
187 21
12 76
142 43
118 23
19 5
205 85
156 70
109 23
103 99
149 7
198 59
67 60
99 76
57 22
34 77
97 33
123 70
31 19
10 33
166 59
190 30
140 58
85 48
51 54
83 49
122 35
185 74
38 35
85 32
54 57
59 78
95 14
70 39
200 14
5 76
35 6
154 63
2 73
183 27
200 44
153 87
113 58
118 81
154 75
175 56
206 82
33 85
112 40
76 16
218 33
176 33
104 50
146 59
40 9
169 91
77 3
58 94
140 36
60 78
10 55
73 40
174 13
106 42
34 97
85 56
47 7
146 7
52 100
93 74
33 91
163 44
5 7
79 37
156 38
23 31
87 90
161 54
219 87
183 37
11 49
160 43
16 43
205 98
57 86
123 1
186 53
60 4
31 61
58 23
153 99
180 59
15 70
20 2
38 73
149 49
194 63
186 18
172 76
221 46
133 52
171 68
98 26
142 70
189 13
186 66
109 28
132 6
195 87
40 54
31 3
32 63
41 77
147 55
115 15
11 81
95 64
219 98
191 12
87 12
100 20
184 83
24 68
60 42
200 30
164 20
200 32
87 72
201 22
168 11
117 91
81 57
56 100
208 91
157 20
193 8
188 82
141 25
47 69
125 38
56 53
149 73
29 18
218 70
220 15
45 87
53 77
217 3
140 50
120 88
175 58
45 34
152 76
135 88
119 82
83 31
88 69
48 69
33 68
64 48
24 16
43 51
24 14
87 31
40 16
97 83
71 81
107 59
8 1
196 60
187 20
39 74
172 56
6 43
212 87
114 87
111 78
224 94
66 46
168 88
157 94
137 7
179 54
130 61
43 37
28 59
56 73
138 8
16 72
9 54
1 64
28 76
72 86
68 86
42 22
46 88
77 27
185 93
204 71
31 91
61 3
63 35
39 16
36 96
19 43
71 65
171 52
108 38
120 96
205 7
151 28
196 10
34 53
146 67
36 31
97 52
85 46
73 43
135 19
1 83
108 89
60 14
163 70
228 101
141 45
184 12
43 35
100 29
64 54
163 88
105 44
176 68
123 52
143 10
228 92
112 96
166 93
78 31
189 46
131 32
85 82
207 91
88 55
162 57
104 13
118 96
156 68
84 81
224 14
52 40
181 50
199 95
110 96
144 16
11 63
37 5
101 40
14 65
176 56
114 98
33 65
72 15
55 54
223 95
107 17
21 3
61 64
204 14
173 9
35 3
13 5
25 3
84 67
37 78
188 29
93 86
150 77
80 96
205 57
201 90
199 8
181 52
195 22
109 9
157 29
136 3
47 70
184 86
181 92
202 64
92 78
185 61
191 21
144 48
41 69
51 72
144 18
55 80
38 40
192 15
161 56
4 52
192 92
142 58
37 94
88 43
128 7
188 91
216 96
78 97
99 40
168 30
83 37
66 43
69 84
217 46
7 76
61 65
196 55
140 56
130 35
38 74
131 59
92 6
31 60
222 9
153 37
57 16
124 63
207 5
199 76
83 33
42 42
199 82
6 74
142 88
181 48
47 22
108 59
44 65
223 2
173 78
65 66
125 75
139 83
65 56
61 71
168 28
227 58
27 40
187 79
226 24
198 78
49 92
130 69
147 40
48 23
102 73
191 99
82 27
195 15
55 73
209 60
154 17
209 67
193 27
13 10
17 10
203 61
5 81
119 64
197 70
20 67
164 25
3 65
46 87
214 49
141 64
85 55
178 75
36 11
148 87
18 22
52 60
37 23
100 15
127 1
211 43
228 69
1 46
64 26
35 78
36 57
189 7
165 43
117 51
29 86
42 16
23 77
162 74
185 58
186 45
206 53
141 70
170 67
208 93
151 81
26 19
93 66
68 95
119 70
134 34
129 60
169 26
29 34
222 82
209 51
27 77
228 28
158 85
107 96
41 9
200 81
8 84
61 30
85 11
150 34
59 42
53 84
19 14
152 79
110 23
74 89
159 68
51 98
8 11
105 65
120 13
39 72
38 32
196 51
16 54
218 83
21 95
201 27
104 92
23 61
114 60
158 8
66 22
35 1
208 68
53 78
157 35
198 38
31 26
33 81
192 81
98 20
171 19
92 51
127 69
166 31
32 98
114 85
57 40
164 60
208 83
111 75
53 44
140 47
131 70
188 100
69 23
195 68
126 44
158 5
217 90
116 97
5 26
57 100
16 68
225 50
155 5
7 98
110 15
77 93
144 47
24 87
185 13
1 11
72 65
174 66
17 90
17 42
148 78
220 64
128 45
40 12
126 89
34 71
119 41
154 4
72 26
75 71
147 45
41 14
161 40
114 88
84 22
82 21
220 50
89 22
5 97
22 64
129 57
111 16
165 60
208 21
185 6
87 4
33 38
168 99
50 8
104 87
13 17
225 25
175 16
194 92
215 51
198 55
171 63
8 46
101 56
59 16
228 42
128 60
206 60
142 100
3 55
71 44
145 43
11 16
227 13
86 101
110 71
74 46
113 17
81 12
171 26
3 53
59 64
135 64
113 47
83 55
87 62
58 10
19 67
2 51
184 58
39 11
15 72
112 2
22 60
122 13
89 50
142 75
125 77
91 96
141 31
139 52
221 65
39 93
136 20
167 17
145 13
172 51
88 40
228 48
192 4
135 15
133 86
20 49
126 49
112 94
188 14
177 55
1 22
34 70
152 74
167 82
115 24
152 23
66 40
142 31
101 41
47 58
137 18
186 44
209 49
182 21
11 29
227 50
225 14
217 11
63 30
101 24
47 93
20 34
13 50
30 5
109 39
179 23
128 22
138 64
50 28
191 13
209 36
164 29
193 70
31 72
25 81
124 43
71 80
38 1
165 42
93 25
63 81
153 67
135 72
187 38
114 74
136 36
38 15
31 71
94 30
211 68
9 41
219 10
221 22
61 38
25 20
49 9
102 94
203 6
143 43
73 29
171 96
227 9
196 17
1 40
126 73
64 171 608
8 49
23 110
56 72
29 26
13 9
38 96
46 76
25 4
3 69
13 16
14 89
49 111
6 48
11 89
38 120
14 133
7 73
48 121
31 95
25 125
30 104
49 3
39 54
10 74
51 41
8 3
4 63
49 52
21 38
16 1
9 7
11 163
47 29
45 58
47 119
27 107
37 155
48 103
18 29
61 96
18 51
9 94
19 83
9 15
41 63
49 155
25 150
55 94
2 133
33 158
1 33
63 11
63 92
12 138
39 86
7 13
30 22
21 158
21 21
18 121
44 148
23 139
31 150
48 166
28 100
36 6
20 123
52 127
2 115
13 143
33 108
48 98
49 63
50 97
16 150
50 54
64 71
13 4
46 89
5 92
50 3
10 80
17 47
58 134
60 9
32 98
9 121
48 108
59 121
38 21
49 114
33 92
1 53
61 92
33 20
56 95
17 96
45 34
9 35
34 136
55 3
15 107
47 121
47 130
7 161
59 73
14 126
41 75
4 71
53 9
30 138
56 44
33 135
36 73
57 27
14 138
50 79
8 52
44 74
8 73
56 158
57 89
39 114
35 91
21 29
33 168
18 98
42 144
33 61
9 92
3 22
48 56
41 150
26 104
34 89
6 11
11 103
42 111
36 61
59 138
59 102
17 74
51 34
33 79
42 170
55 24
53 74
12 52
13 54
49 43
61 74
36 7
21 170
26 45
23 5
46 116
55 51
51 37
2 53
32 38
45 86
10 5
5 122
55 23
12 72
31 110
48 78
16 117
3 33
20 3
58 44
9 6
64 78
24 145
7 63
30 30
55 133
29 35
18 163
22 118
10 70
21 156
57 122
40 50
30 63
38 130
48 158
41 35
9 140
48 93
20 112
1 56
42 132
35 75
33 45
38 13
36 148
30 26
58 14
6 134
30 95
6 40
62 166
59 125
16 39
3 47
33 112
3 90
63 77
42 139
31 108
54 137
63 5
47 91
7 44
52 130
11 114
50 128
9 100
59 16
42 89
56 29
6 10
24 29
12 94
64 4
41 1
10 90
58 108
2 81
64 163
62 94
18 56
26 125
36 70
17 130
32 17
41 70
25 153
22 168
41 62
41 9
44 135
10 103
58 67
7 45
5 21
6 150
44 30
21 95
13 126
61 165
54 92
12 167
63 132
16 76
24 154
30 118
5 98
1 95
46 42
23 96
55 89
51 139
43 114
4 125
3 150
41 50
7 36
19 133
43 23
10 35
4 21
26 158
33 151
10 8
58 152
15 114
36 95
63 18
34 18
17 105
26 160
16 38
41 28
39 123
60 85
22 157
9 128
22 129
55 96
17 134
32 27
34 28
32 43
18 40
14 65
52 33
27 46
55 93
26 12
27 54
22 84
25 31
21 45
61 2
64 61
28 86
6 163
33 145
1 16
24 122
23 77
39 144
63 125
55 26
8 97
28 26
33 162
37 158
38 102
53 23
21 123
56 134
2 24
50 103
29 131
38 64
50 125
28 89
33 148
51 135
19 41
45 155
2 154
51 68
12 23
31 18
49 134
29 92
25 65
11 27
57 68
41 15
62 132
60 158
22 3
10 109
45 53
33 101
35 31
40 124
18 87
48 71
11 74
16 154
46 37
35 60
55 47
21 142
52 122
45 146
22 40
49 42
18 33
39 78
1 34
44 113
31 86
15 27
10 15
5 164
38 37
63 110
49 141
31 126
25 6
48 54
49 110
57 88
45 78
61 24
1 115
26 118
17 139
44 46
47 147
22 65
12 99
56 90
29 36
4 6
5 1
37 114
44 52
5 144
14 84
64 31
7 2
41 129
6 123
51 81
16 136
6 97
42 120
30 155
15 67
7 83
10 166
23 16
42 100
63 19
6 96
4 105
22 48
37 37
60 28
26 78
48 134
19 91
49 12
62 124
30 161
40 153
63 170
12 121
46 8
19 120
17 103
60 34
62 103
58 114
16 166
51 31
36 150
9 152
41 127
49 138
31 46
42 41
8 34
44 117
8 83
22 9
28 13
63 82
6 92
20 26
35 36
18 144
11 96
25 26
20 104
17 71
6 18
5 130
33 65
30 20
19 79
23 108
15 59
4 18
29 49
57 112
24 79
52 47
12 152
41 71
42 159
5 147
48 113
58 95
32 168
9 18
51 50
50 23
22 170
35 131
51 49
52 134
44 153
34 71
5 132
48 110
36 152
28 95
22 109
36 87
19 97
50 171
27 113
38 166
28 75
47 158
27 133
1 141
5 54
62 90
39 106
24 161
7 153
28 62
63 145
52 138
54 99
41 18
7 80
60 23
57 85
37 95
19 87
15 128
1 49
13 167
49 81
6 146
11 124
33 125
58 106
31 94
30 28
9 37
38 7
60 116
22 132
34 98
26 3
42 98
31 2
49 89
26 128
59 60
62 37
6 25
60 39
39 52
27 2
45 7
53 20
33 91
31 22
50 44
46 135
5 66
57 103
10 50
36 8
61 91
1 149
9 141
43 31
31 157
3 43
16 60
29 53
22 89
37 116
33 9
7 150
59 136
34 87
32 88
53 56
14 128
4 154
60 133
5 10
20 72
4 157
39 75
19 26
17 109
25 27
30 124
32 20
50 42
32 141
29 136
62 123
50 60
6 16
27 86
3 76
36 165
13 61
18 113
27 77
36 32
17 50
50 102
41 42
41 112
33 122
52 11
38 38
56 63
6 47
14 73
64 171
61 132
31 160
15 28
12 96
12 30
58 52
35 118
39 41
58 84
404 370 719
201 280
191 260
101 112
78 153
251 315
164 346
403 347
80 368
143 290
111 370
369 68
61 293
146 15
255 31
333 87
336 333
17 257
151 184
191 293
223 199
94 182
229 207
55 327
57 357
90 353
43 25
216 294
311 362
25 217
72 111
25 13
224 353
88 45
215 222
132 131
401 171
200 309
233 195
1 320
87 163
130 340
107 204
403 64
12 344
124 344
332 120
378 230
324 137
50 104
106 189
380 209
50 172
288 301
297 68
300 261
131 226
322 158
268 284
38 192
309 322
279 278
289 212
204 262
386 197
177 341
234 320
108 280
202 81
111 140
221 188
335 184
334 206
147 274
372 63
179 296
304 155
358 282
87 37
62 98
344 266
170 119
81 162
36 11
254 289
258 180
290 47
26 221
214 91
127 237
143 134
196 278
296 213
263 253
356 221
242 196
312 35
366 99
221 54
7 94
395 222
142 44
65 113
232 230
283 199
213 157
399 27
202 324
159 273
327 92
190 149
358 3
187 264
122 21
300 18
197 23
386 192
13 101
397 352
332 172
21 69
183 332
222 69
237 161
153 256
112 78
384 182
155 173
46 193
245 190
250 128
310 315
378 285
151 353
204 224
239 100
306 308
48 144
188 265
273 172
113 227
14 125
197 177
321 350
149 132
154 359
284 138
384 292
97 361
64 70
99 169
401 172
175 3
54 274
352 306
213 281
261 27
61 152
183 230
58 275
134 350
314 103
94 226
388 296
57 55
96 8
373 124
191 268
66 50
277 115
242 302
294 326
397 10
311 86
169 303
319 157
223 336
210 295
57 251
221 216
351 255
220 187
188 261
323 1
190 195
217 360
77 46
279 59
299 304
44 228
67 224
168 305
14 278
368 153
28 126
117 222
244 146
35 265
2 250
29 191
137 145
13 42
359 123
265 255
134 74
191 145
271 61
14 14
98 325
337 194
147 183
240 28
194 165
386 273
350 369
289 274
82 304
37 236
256 60
283 121
45 108
94 150
48 116
398 159
33 213
301 14
27 68
281 370
237 157
128 250
238 21
196 158
385 296
85 358
31 177
291 259
161 228
343 191
362 190
379 233
371 9
277 142
376 220
266 51
390 108
168 240
368 329
188 216
375 77
190 13
229 104
178 73
185 31
345 224
238 320
359 197
232 111
109 187
164 16
150 2
244 150
232 293
312 60
25 181
373 299
211 109
66 264
170 362
206 370
347 208
402 40
66 110
128 133
280 320
264 370
225 332
184 189
78 96
127 70
8 255
76 95
243 264
249 23
17 356
294 19
225 109
44 231
167 130
352 21
293 160
213 25
307 320
169 278
304 78
359 340
162 365
170 40
209 285
159 278
209 310
97 121
288 270
51 162
251 142
168 50
290 259
238 366
145 270
139 240
327 308
18 351
244 171
314 294
267 173
264 128
357 21
51 110
70 299
182 78
38 131
235 85
242 249
44 242
224 29
17 47
404 119
216 189
142 167
349 240
404 117
108 205
4 311
169 306
349 177
278 92
190 178
181 320
353 323
20 31
153 97
108 182
14 329
127 177
280 208
300 328
31 129
323 82
239 64
41 64
318 265
261 182
289 96
225 169
254 126
35 167
280 147
297 165
286 282
221 136
4 246
373 231
8 40
213 124
63 297
46 362
9 188
135 197
50 163
362 114
213 231
240 23
76 136
45 30
360 71
239 123
3 331
151 318
213 242
173 8
21 91
142 104
295 317
393 218
128 15
366 229
326 294
262 134
151 305
6 325
213 159
7 62
293 243
207 179
355 208
71 204
186 291
265 188
59 287
393 197
98 130
197 175
117 162
13 349
243 66
6 262
261 281
239 116
212 229
87 104
378 344
64 124
157 173
335 176
237 112
387 321
73 339
398 314
150 240
92 198
15 225
259 309
142 172
116 313
40 264
325 341
53 133
185 340
274 38
250 145
180 179
304 275
298 207
83 228
12 17
170 2
277 23
148 337
332 317
114 178
188 52
25 360
194 361
349 369
399 101
296 317
77 143
154 351
343 132
163 197
328 281
205 136
151 93
253 363
131 95
384 214
394 136
89 328
233 154
351 148
328 118
334 318
151 32
31 336
312 244
115 91
346 161
30 285
307 241
324 177
77 1
353 51
123 44
388 2
238 310
269 36
191 130
207 289
252 253
110 257
41 30
5 111
351 88
170 189
132 187
94 86
340 166
340 296
185 147
171 211
108 336
63 76
49 91
144 144
260 107
243 7
304 184
82 46
55 312
221 6
158 304
85 168
311 356
339 311
309 170
81 260
378 301
380 360
295 238
352 313
88 11
366 85
395 21
372 15
213 164
63 319
36 137
394 279
222 344
22 69
360 309
136 157
203 95
129 294
43 351
215 260
85 16
93 118
139 62
279 96
264 283
160 257
294 46
336 278
359 147
332 118
132 235
182 168
123 77
357 124
306 335
226 184
329 340
308 188
197 327
13 366
60 212
42 36
249 355
140 313
377 249
354 358
51 52
339 51
244 327
211 274
375 291
114 206
45 112
185 6
297 336
310 333
182 107
340 240
301 12
363 237
400 318
282 39
55 231
124 206
255 237
128 321
150 24
193 154
313 141
401 333
127 80
351 272
31 16
25 69
68 191
151 216
25 163
105 120
87 247
30 175
205 160
153 68
150 318
128 104
264 263
102 234
227 215
38 100
100 43
19 115
362 358
297 52
145 198
350 176
271 274
378 61
19 132
265 343
66 250
23 137
328 179
183 353
105 248
314 292
356 341
367 144
361 126
11 292
116 338
58 254
108 75
106 160
313 241
374 35
378 150
10 340
206 199
57 321
264 13
335 37
244 7
234 205
29 359
149 9
187 363
20 125
90 112
4 215
371 257
318 167
336 125
255 68
84 128
74 238
175 47
301 190
301 40
336 261
122 219
386 131
282 289
352 32
83 70
285 163
164 2
271 197
383 55
146 158
234 10
316 301
301 104
239 323
134 9
103 188
165 121
26 112
6 370
91 314
137 328
185 130
351 90
337 234
133 336
316 347
198 125
188 67
75 269
6 192
40 277
111 144
66 256
20 154
256 358
19 300
80 120
385 64
261 76
148 301
396 26
216 4
7 249
36 301
328 214
98 120
197 149
57 202
118 216
140 91
397 240
247 154
328 116
184 101
312 309
73 335
346 179
139 355
177 27
339 16
52 314
30 246
256 92
377 348
195 111
186 136
277 243
209 142
268 206
326 203
401 79
8 185
348 145
2 44
93 80
91 172
37 160
453 248 381
309 138
134 91
237 244
167 144
106 171
315 170
295 107
179 186
253 113
435 213
191 99
377 19
191 22
428 29
57 165
28 70
114 185
49 131
151 144
386 173
125 94
270 67
36 80
335 48
108 220
184 165
270 119
209 215
295 148
277 16
274 228
207 143
288 17
287 127
87 247
199 69
141 43
270 63
100 15
7 43
341 133
332 11
146 70
173 171
228 62
389 63
201 192
31 55
299 225
405 200
434 13
345 188
231 244
215 232
155 198
79 61
338 116
270 178
184 227
448 207
100 215
157 113
47 228
389 218
130 122
309 215
398 162
214 195
311 11
124 15
271 67
309 165
1 138
189 88
18 142
312 198
310 151
1 223
424 158
135 223
282 214
250 22
267 193
107 51
131 230
137 206
17 195
236 98
203 129
173 147
365 129
410 70
190 235
8 63
85 191
173 86
413 222
372 204
54 119
334 18
187 130
62 224
272 59
87 25
66 222
203 248
306 26
37 46
265 174
384 163
448 186
277 245
244 74
262 95
403 223
303 157
358 14
278 93
52 22
319 35
138 12
149 28
7 186
303 153
447 248
99 171
165 144
4 72
15 148
305 5
321 60
338 87
361 21
381 203
136 96
268 147
121 45
232 104
264 239
63 219
32 78
52 96
105 210
52 106
27 39
329 235
352 201
317 219
203 119
85 59
348 188
406 57
239 77
113 89
235 79
443 122
417 108
359 60
179 177
443 68
193 41
54 84
310 239
123 23
180 111
133 26
9 99
82 129
321 73
250 79
164 119
312 40
119 120
349 48
249 228
78 101
37 158
452 75
188 39
100 11
426 132
27 84
202 24
236 162
262 200
93 162
18 44
358 200
209 227
378 159
130 195
351 26
52 103
127 228
153 227
147 3
8 147
296 76
149 50
230 126
23 90
342 161
393 59
368 137
238 124
16 108
36 51
177 87
343 43
291 52
98 208
169 114
91 204
231 208
382 162
113 165
78 74
232 141
252 134
140 178
47 86
313 216
135 164
61 208
170 103
242 37
94 152
79 17
322 184
148 54
23 239
168 104
61 191
252 152
92 17
381 207
218 221
172 177
91 49
287 236
218 116
74 167
386 247
249 178
185 49
32 42
410 57
3 189
122 194
332 232
134 214
447 156
267 222
432 41
425 113
18 195
330 120
230 166
38 206
153 120
357 91
440 218
115 29
369 96
21 36
294 162
325 14
158 9
451 111
238 221
249 157
5 35
412 112
140 240
105 7
177 163
449 186
238 245
376 218
437 171
36 128
308 205
335 212
241 47
412 240
213 248
438 131
330 127
432 46
34 90
4 146
263 180
362 47
224 146
118 85
63 191
55 91
439 117
8 133
75 108
84 51
198 17
4 124
400 26
424 81
36 149
236 144
358 93
287 208
410 55
29 225
247 110
30 1
190 140
276 117
405 77
142 58
152 28
177 123
310 204
32 84
164 92
122 39
417 125
252 46
24 220
292 139
405 51
430 140
320 6
432 23
169 139
191 112
154 150
324 10
389 68
323 131
330 82
63 135
402 52
120 13
224 9
137 213
191 67
427 2
119 181
401 228
127 34
131 147
404 118
214 56
292 192
161 4
339 20
185 14
282 196
49 144
24 142
101 235
396 137
165 30
134 126
284 137
136 47
146 179
317 27
22 183
362 84
289 187
343 44
338 18
33 185
30 61
372 211
222 134
234 166
303 130
351 35
360 164
64 19
263 54
381 198 716
317 118
260 67
200 170
49 42
21 41
302 152
322 31
260 14
356 26
358 90
252 86
141 78
381 104
134 150
304 48
165 128
129 162
87 72
359 181
152 52
210 197
318 93
195 133
126 164
1 1
147 91
308 152
335 162
153 37
297 36
194 141
59 175
257 152
39 155
168 112
154 144
68 86
375 17
268 52
197 101
75 189
281 111
27 10
120 169
294 174
123 166
275 183
262 77
316 53
50 156
110 40
195 167
241 106
213 30
78 15
153 150
208 61
160 153
142 60
102 134
38 72
58 67
51 181
258 195
141 129
322 142
221 197
16 47
264 64
30 171
50 106
235 21
252 178
217 52
181 66
111 170
171 86
242 186
296 194
86 81
170 151
183 11
89 173
105 181
81 167
101 9
352 63
88 194
276 19
7 64
367 139
336 70
367 175
133 106
2 136
336 54
298 193
370 83
2 104
165 56
46 29
16 33
134 75
296 136
192 152
116 79
97 145
190 102
329 104
25 134
191 173
250 18
260 33
366 113
180 84
267 27
165 60
205 66
195 184
89 86
129 59
257 14
225 102
208 15
171 38
293 104
106 124
1 52
10 145
301 82
15 156
81 130
89 81
33 59
318 89
15 63
57 118
26 12
16 183
147 34
38 145
245 181
258 64
317 15
105 116
193 195
359 120
22 84
263 112
85 88
28 136
31 64
167 16
52 45
194 113
128 63
103 198
27 59
140 115
196 141
178 31
327 93
94 128
103 79
18 176
261 160
118 130
267 64
107 136
88 115
273 168
251 85
187 174
245 154
132 59
330 47
82 76
115 38
320 84
324 187
240 102
156 11
363 125
264 18
125 172
154 51
84 182
219 160
144 52
58 19
357 126
59 124
273 145
377 122
169 47
283 159
319 118
208 100
284 31
116 55
312 117
158 108
154 139
100 29
236 10
227 125
301 4
41 142
282 33
297 68
231 26
323 22
57 59
168 21
286 8
91 86
213 67
276 173
184 175
321 105
375 35
65 81
340 28
344 52
243 38
91 25
267 184
7 79
47 158
244 89
140 71
246 197
359 21
188 158
187 182
151 84
122 114
106 19
209 189
64 177
130 159
240 167
356 44
23 116
150 60
344 152
121 89
51 59
355 81
225 6
113 4
366 139
209 40
201 196
151 137
377 27
134 103
351 104
128 70
279 194
257 3
69 186
248 182
291 109
29 54
223 83
229 36
196 121
256 6
275 7
153 164
343 81
288 77
298 66
291 89
286 57
288 34
244 94
285 126
19 174
190 50
286 188
352 30
1 159
295 8
334 163
328 26
341 1
82 190
225 115
347 77
296 118
195 2
243 106
120 147
365 53
344 79
25 148
235 87
121 62
4 48
77 113
150 121
158 26
371 59
161 142
111 162
164 76
337 157
282 181
149 126
345 123
215 58
79 17
329 65
114 112
237 129
46 30
361 110
135 173
323 196
23 65
95 30
109 104
344 158
275 8
129 196
293 142
131 5
212 74
255 173
286 75
350 58
95 14
306 102
24 42
89 27
376 29
364 113
329 56
256 63
209 1
323 145
332 45
257 41
76 31
332 173
161 191
114 45
157 94
216 61
132 1
42 69
149 7
158 5
247 62
143 129
152 102
359 12
378 142
219 189
353 25
52 182
7 182
88 102
244 30
65 3
174 4
10 151
61 3
172 43
25 130
102 25
249 185
369 89
138 127
242 181
88 23
364 70
75 45
101 46
60 105
335 195
40 179
45 4
338 45
277 125
191 148
264 16
339 51
229 124
255 67
11 46
115 19
247 55
216 55
10 95
153 135
108 164
171 40
34 57
333 193
275 100
112 82
24 172
341 26
322 115
19 11
190 116
16 36
140 113
266 165
86 73
3 62
113 85
41 66
89 48
43 135
286 168
279 172
334 170
250 165
14 115
37 180
143 31
20 124
33 173
39 12
245 5
311 154
66 184
56 125
158 15
119 183
364 86
24 143
269 86
138 55
318 30
325 182
215 128
243 162
233 118
96 101
53 117
331 13
184 146
34 59
29 98
334 83
116 158
183 192
77 197
157 7
86 17
311 196
208 54
306 58
221 179
217 24
251 44
156 161
49 106
346 88
91 144
348 4
227 50
52 198
35 191
153 61
201 88
358 183
147 152
99 145
170 147
165 46
82 19
339 56
131 51
11 12
192 102
91 142
174 172
51 116
71 151
49 184
148 109
238 82
273 76
160 187
193 160
65 111
347 80
366 79
261 22
128 6
20 23
138 129
129 93
201 180
140 168
229 78
296 197
278 5
290 173
154 176
333 113
25 45
348 69
181 141
16 114
61 25
243 58
192 19
200 133
125 102
228 134
8 162
381 125
215 48
120 105
12 130
190 53
135 145
182 30
189 81
240 76
110 4
226 68
224 93
47 165
190 72
352 144
305 192
260 115
340 82
285 28
314 98
58 177
87 193
357 9
107 66
378 108
367 51
318 12
91 66
28 18
363 156
176 99
210 51
299 46
354 159
6 3
3 153
166 44
314 47
266 57
113 190
380 63
334 58
325 152
298 75
55 67
214 104
156 99
34 143
225 47
132 107
245 195
195 3
298 155
93 40
94 29
79 80
324 50
65 91
272 60
95 89
352 49
55 139
17 50
166 10
273 102
101 131
284 77
369 175
170 171
202 184
57 178
338 83
29 28
171 196
26 2
142 104
320 48
182 162
275 59
310 113
38 49
99 18
1 17
272 33
198 107
262 175
19 168
156 81
203 10
291 197
53 149
226 144
54 104
110 156
332 39
245 51
6 175
138 128
259 88
300 161
348 125
255 181
255 61
20 81
153 62
235 96
279 182
19 61
345 9
100 179
1 103
213 140
23 28
20 4
237 71
354 179
141 146
146 50
307 121
111 19
75 104
370 73
85 80
222 135
16 107
11 168
269 170
148 35
61 198
101 163
95 46
223 131
176 42
264 106
129 20
310 156
289 110
90 84
220 121
283 75
109 99
68 138
247 160
64 110
217 139
150 104
213 194
345 88
225 37
156 155
84 27
192 90
97 105
106 67
126 95
297 18
75 35
95 181
219 197
52 74
332 151
104 101
49 9
281 150
372 108
115 80
186 20
173 136
70 167
157 135
229 89
244 126
64 119
280 71
117 10
279 158
372 191
76 10
43 74
243 49
260 188
34 41
97 75
363 144
140 31
157 182
30 94
376 195
160 110
33 55
284 124
230 128
47 67
351 57
94 87
329 137
223 161
170 74
367 222 498
169 214
143 112
146 8
14 39
85 222
220 155
113 194
142 132
134 195
74 143
105 186
79 84
8 89
123 222
180 25
199 176
150 100
273 80
134 73
45 60
230 173
20 206
176 165
6 168
19 31
47 3
358 173
75 186
110 149
170 72
197 183
106 162
270 141
246 25
349 83
88 8
205 104
2 18
77 109
78 76
161 28
351 31
68 118
155 137
270 168
336 213
321 57
30 93
90 146
328 77
68 42
150 208
202 132
110 92
113 73
252 179
330 88
291 130
234 33
145 173
246 190
66 87
94 204
143 38
140 218
148 22
359 79
61 33
99 115
206 32
359 123
62 181
165 182
2 80
347 55
62 23
219 221
184 12
304 87
257 110
83 89
166 191
51 8
208 121
193 96
62 96
296 118
148 50
273 136
86 207
221 8
112 14
51 6
331 76
47 74
189 23
187 9
205 127
133 215
65 157
98 76
100 89
286 158
54 24
28 67
141 50
3 64
322 185
25 139
57 134
30 106
129 204
219 77
186 139
87 106
30 202
213 23
288 27
97 137
66 161
142 169
227 134
161 81
177 68
107 69
299 29
3 142
273 12
181 22
129 196
88 101
323 31
256 86
143 136
10 190
106 124
92 40
136 200
26 46
83 13
316 90
70 40
225 159
89 187
311 89
150 140
270 83
253 18
362 152
193 191
80 25
104 61
326 16
126 86
355 71
267 86
355 19
133 212
367 151
150 178
348 154
95 141
363 66
51 29
352 75
150 177
142 31
361 168
57 65
184 179
30 178
48 61
345 75
63 136
239 128
302 149
266 162
275 23
54 188
138 84
98 109
6 67
170 173
85 20
202 3
27 74
95 71
32 94
92 219
85 58
166 119
31 84
274 135
365 154
91 53
23 137
258 30
32 47
284 211
322 122
79 165
204 135
87 27
281 50
188 151
335 216
246 168
294 13
81 165
137 117
82 58
139 79
73 19
49 71
12 143
290 140
342 70
261 162
234 9
315 175
176 198
131 169
355 119
221 13
367 195
195 36
330 60
5 175
304 218
156 82
129 207
315 5
43 196
208 52
360 106
205 202
16 206
174 131
146 49
47 202
212 22
138 139
360 49
65 182
296 65
1 13
82 216
359 137
307 209
152 27
247 92
216 23
88 206
342 87
148 59
15 81
30 177
32 88
27 140
219 15
178 69
246 8
197 220
25 115
290 68
300 187
4 92
65 128
90 188
63 9
299 39
4 83
106 157
38 87
247 134
188 186
133 38
366 200
210 65
22 4
117 28
218 68
68 137
28 54
137 106
144 81
315 123
267 20
223 198
49 222
59 180
249 33
27 182
119 49
366 58
330 138
151 192
307 191
100 164
200 160
29 97
208 32
54 17
330 191
35 163
55 11
298 113
135 159
144 10
275 110
319 81
202 10
253 74
331 71
90 17
135 72
352 38
157 27
251 110
90 55
164 212
143 185
290 120
135 214
88 100
51 42
235 32
365 41
153 146
151 211
354 111
308 19
277 211
174 218
319 141
184 3
365 131
131 19
57 70
359 3
246 106
48 159
57 49
81 36
183 65
92 104
65 103
281 161
125 197
358 81
179 91
154 28
263 4
302 222
311 182
8 154
325 87
43 100
235 64
89 65
177 6
210 9
194 221
175 150
271 200
352 194
262 179
283 166
84 207
302 50
260 140
304 120
81 64
98 158
264 27
31 20
204 217
291 64
203 157
298 15
38 167
82 11
43 197
122 55
289 82
241 190
171 197
93 173
59 20
186 171
148 129
289 63
199 129
220 64
245 174
49 163
271 7
122 88
241 178
334 45
106 150
327 100
270 70
241 79
117 122
196 192
37 132
150 176
335 135
345 127
69 219
114 49
30 34
225 82
249 169
114 88
101 121
132 3
11 50
338 200
170 53
297 36
221 38
7 166
285 36
10 26
118 147
269 169
263 80
59 83
339 16
137 177
338 218
58 222
273 109
164 170
179 126
206 180
34 90
260 108
323 147
127 81
59 162
111 68
134 159
305 172
191 25
344 132
18 73
238 72
63 128
51 221
162 172
286 198
54 102
213 119
225 193
235 45
253 153
163 111
326 29
93 197
364 74
317 38
42 57
171 78
180 115
158 75
185 204
81 98
268 128
277 141
3 191
337 214
289 136
34 155
106 72
300 216
91 61
13 27
83 169
183 199
285 206
97 55
367 198
151 102
75 19
134 161
270 12
170 101
80 35
255 211
261 189
248 57
217 120
125 52
43 37
334 51
100 200 50
20 20
37 37
6 6
36 36
10 10
47 47
11 11
43 43
24 24
41 41
35 35
40 40
31 31
28 28
26 26
15 15
9 9
46 46
2 2
27 27
44 44
4 4
12 12
17 17
21 21
33 33
25 25
34 34
3 3
14 14
49 49
8 8
45 45
22 22
32 32
30 30
7 7
48 48
38 38
23 23
16 16
13 13
39 39
29 29
19 19
18 18
42 42
5 5
1 1
50 50
500 500 500
77 77
409 409
217 217
290 290
255 255
148 148
300 300
301 301
259 259
194 194
264 264
256 256
355 355
288 288
191 191
261 261
435 435
88 88
100 100
182 182
455 455
453 453
134 134
33 33
418 418
485 485
293 293
413 413
1 1
426 426
104 104
333 333
70 70
452 452
466 466
497 497
398 398
190 190
311 311
478 478
66 66
96 96
400 400
321 321
97 97
249 249
381 381
46 46
157 157
433 433
442 442
239 239
99 99
360 360
448 448
429 429
127 127
312 312
73 73
122 122
64 64
103 103
4 4
153 153
221 221
116 116
365 365
5 5
57 57
229 229
163 163
309 309
63 63
479 479
68 68
219 219
339 339
126 126
34 34
193 193
147 147
322 322
446 446
29 29
39 39
262 262
499 499
292 292
468 468
469 469
141 141
391 391
47 47
12 12
335 335
19 19
428 428
144 144
156 156
439 439
327 327
414 414
296 296
169 169
318 318
246 246
408 408
195 195
170 170
280 280
118 118
232 232
456 456
313 313
275 275
214 214
177 177
325 325
287 287
53 53
486 486
272 272
52 52
299 299
40 40
248 248
341 341
449 449
378 378
423 423
45 45
359 359
458 458
84 84
149 149
244 244
471 471
133 133
317 317
492 492
477 477
405 405
263 263
363 363
251 251
247 247
56 56
211 211
3 3
338 338
358 358
205 205
389 389
13 13
123 123
366 366
37 37
407 407
379 379
362 362
136 136
274 274
392 392
203 203
473 473
27 27
463 463
243 243
369 369
240 240
427 427
303 303
289 289
184 184
35 35
465 465
131 131
159 159
319 319
208 208
393 393
90 90
270 270
31 31
291 291
6 6
24 24
320 320
401 401
351 351
143 143
22 22
441 441
488 488
150 150
2 2
21 21
417 417
23 23
450 450
178 178
65 65
268 268
307 307
353 353
395 395
183 183
129 129
277 277
166 166
146 146
451 451
172 172
87 87
38 38
329 329
220 220
151 151
424 424
432 432
226 226
498 498
342 342
422 422
462 462
258 258
36 36
105 105
113 113
167 167
467 467
198 198
55 55
457 457
308 308
188 188
250 250
464 464
111 111
216 216
72 72
59 59
75 75
337 337
434 434
227 227
108 108
200 200
236 236
121 121
276 276
98 98
344 344
115 115
390 390
117 117
350 350
295 295
162 162
472 472
343 343
231 231
332 332
101 101
415 415
257 257
314 314
106 106
436 436
482 482
357 357
380 380
223 223
207 207
242 242
74 74
496 496
225 225
152 152
371 371
15 15
431 431
334 334
16 16
403 403
120 120
54 54
282 282
388 388
475 475
14 14
474 474
110 110
135 135
397 397
32 32
238 238
58 58
269 269
222 222
179 179
331 331
209 209
30 30
161 161
164 164
85 85
82 82
187 187
315 315
95 95
83 83
137 137
44 44
394 394
201 201
495 495
67 67
119 119
352 352
235 235
80 80
376 376
294 294
79 79
440 440
399 399
140 140
494 494
284 284
168 168
145 145
445 445
132 132
411 411
173 173
298 298
387 387
305 305
271 271
348 348
11 11
267 267
349 349
8 8
297 297
476 476
461 461
367 367
107 107
165 165
253 253
410 410
382 382
283 283
373 373
285 285
48 48
273 273
20 20
51 51
124 124
346 346
374 374
218 218
185 185
114 114
192 192
174 174
459 459
404 404
372 372
364 364
62 62
487 487
260 260
139 139
154 154
266 266
76 76
425 425
430 430
25 25
160 160
336 336
489 489
438 438
252 252
370 370
383 383
328 328
18 18
43 43
483 483
412 412
278 278
206 206
17 17
481 481
377 377
10 10
490 490
384 384
241 241
228 228
112 112
189 189
128 128
279 279
92 92
316 316
86 86
286 286
26 26
421 421
155 155
50 50
142 142
460 460
41 41
213 213
323 323
354 354
330 330
324 324
125 125
130 130
375 375
233 233
49 49
7 7
181 181
443 443
93 93
326 326
386 386
493 493
171 171
60 60
215 215
356 356
419 419
180 180
81 81
340 340
197 197
416 416
484 484
500 500
91 91
420 420
385 385
71 71
224 224
454 454
437 437
234 234
245 245
102 102
281 281
9 9
361 361
42 42
199 199
306 306
480 480
230 230
347 347
254 254
470 470
210 210
396 396
109 109
196 196
186 186
158 158
175 175
265 265
94 94
61 61
202 202
212 212
89 89
402 402
237 237
304 304
406 406
302 302
204 204
69 69
491 491
444 444
345 345
28 28
368 368
138 138
447 447
176 176
78 78
310 310
100 200 200
12 42
12 135
12 147
12 155
12 43
12 132
12 176
12 190
12 133
12 56
12 130
12 162
12 157
12 140
12 105
12 85
12 154
12 48
12 199
12 111
12 197
12 35
12 62
12 37
12 7
12 161
12 91
12 145
12 19
12 170
12 58
12 47
12 97
12 128
12 21
12 129
12 131
12 39
12 136
12 118
12 70
12 116
12 23
12 78
12 52
12 24
12 148
12 99
12 95
12 108
12 87
12 94
12 55
12 193
12 183
12 12
12 76
12 103
12 6
12 16
12 153
12 32
12 11
12 28
12 177
12 181
12 173
12 15
12 8
12 172
12 107
12 175
12 82
12 114
12 67
12 142
12 192
12 152
12 115
12 164
12 71
12 50
12 68
12 198
12 22
12 57
12 80
12 165
12 112
12 187
12 124
12 20
12 104
12 185
12 93
12 81
12 184
12 171
12 83
12 36
12 137
12 166
12 10
12 151
12 120
12 200
12 88
12 144
12 113
12 180
12 169
12 33
12 146
12 168
12 119
12 18
12 123
12 127
12 92
12 167
12 160
12 74
12 66
12 59
12 29
12 159
12 45
12 65
12 17
12 178
12 31
12 182
12 188
12 34
12 44
12 27
12 125
12 158
12 69
12 1
12 63
12 14
12 110
12 49
12 138
12 163
12 186
12 72
12 79
12 13
12 9
12 5
12 156
12 2
12 149
12 101
12 86
12 96
12 30
12 126
12 196
12 73
12 84
12 61
12 60
12 64
12 25
12 26
12 51
12 174
12 109
12 89
12 54
12 98
12 77
12 121
12 53
12 189
12 3
12 143
12 191
12 100
12 102
12 38
12 90
12 40
12 122
12 179
12 194
12 141
12 117
12 75
12 139
12 106
12 41
12 46
12 150
12 4
12 195
12 134
200 100 200
155 45
69 45
28 45
90 45
184 45
44 45
80 45
34 45
48 45
19 45
109 45
87 45
172 45
164 45
120 45
53 45
64 45
54 45
96 45
85 45
176 45
88 45
47 45
137 45
106 45
191 45
7 45
12 45
4 45
39 45
122 45
46 45
75 45
147 45
55 45
121 45
38 45
138 45
97 45
107 45
111 45
199 45
71 45
60 45
77 45
124 45
86 45
30 45
188 45
58 45
187 45
82 45
21 45
165 45
93 45
35 45
149 45
140 45
157 45
83 45
195 45
162 45
50 45
183 45
101 45
127 45
114 45
78 45
196 45
31 45
158 45
182 45
40 45
123 45
61 45
72 45
18 45
108 45
57 45
99 45
3 45
100 45
105 45
156 45
167 45
73 45
2 45
185 45
112 45
175 45
136 45
13 45
76 45
200 45
194 45
193 45
180 45
117 45
37 45
197 45
131 45
41 45
56 45
14 45
15 45
135 45
125 45
32 45
24 45
17 45
160 45
25 45
23 45
163 45
79 45
36 45
59 45
166 45
27 45
52 45
144 45
89 45
8 45
26 45
84 45
1 45
130 45
169 45
5 45
11 45
33 45
10 45
198 45
179 45
173 45
49 45
148 45
92 45
43 45
168 45
143 45
22 45
95 45
171 45
192 45
102 45
74 45
132 45
126 45
68 45
81 45
98 45
170 45
110 45
115 45
104 45
67 45
134 45
66 45
63 45
150 45
141 45
190 45
91 45
174 45
113 45
62 45
154 45
65 45
177 45
186 45
159 45
51 45
129 45
9 45
119 45
6 45
128 45
189 45
20 45
133 45
152 45
116 45
70 45
151 45
142 45
45 45
146 45
42 45
29 45
161 45
139 45
181 45
178 45
153 45
118 45
145 45
94 45
16 45
103 45
100 100 15
8 5
7 21
19 1
12 8
12 13
21 9
10 22
25 19
12 11
15 24
9 14
12 10
12 20
23 6
22 17
500 500 70
14 54
17 16
43 11
4 14
54 1
14 50
70 64
60 52
47 58
21 3
14 38
68 44
14 45
78 42
50 8
75 40
24 10
20 78
35 61
77 15
36 20
5 51
46 37
14 53
64 19
32 25
14 74
37 26
14 62
73 36
14 21
25 35
26 2
56 76
58 7
14 24
66 9
74 33
28 70
1 79
3 17
12 72
76 63
14 60
14 47
8 6
7 4
14 48
14 43
14 32
63 71
13 75
16 31
45 73
34 80
22 34
38 56
2 29
14 23
14 41
61 22
59 18
14 68
29 49
14 77
40 69
14 28
14 46
15 12
44 55
1000 1000 0
500 1000 0
1000000 10 10
87169 6
475262 4
326508 3
471110 3
549784 8
684057 8
787161 2
54671 2
632118 2
860057 9
1000000 100 100
658256 21
842090 100
278488 40
98349 42
499740 49
313861 47
276286 93
161805 10
414833 30
951271 77
234500 13
850225 29
434794 89
261790 21
874728 36
181974 42
216188 67
616966 5
634692 78
388127 90
50650 21
902807 95
584258 20
719103 63
187153 56
982683 100
653947 11
63814 100
466770 38
972706 30
175951 70
381300 56
269944 34
329628 9
737652 93
944869 15
776248 46
751226 46
347634 69
398743 65
536657 56
889199 63
914204 7
627193 28
358310 75
874552 76
36398 59
436183 46
501774 2
655492 35
107507 55
47508 24
190815 84
147814 21
731087 49
405438 27
434658 86
197797 96
449474 58
295855 38
162756 65
357588 10
784805 23
277897 65
672055 55
473099 69
592525 62
428097 11
386759 51
84393 52
727413 43
897023 98
930595 4
638578 90
22088 49
278418 45
511581 22
515196 97
578031 60
790843 7
619289 76
864112 60
369098 37
271819 62
34612 12
255908 87
157536 13
984461 66
152031 70
144771 3
722499 91
236624 55
614377 12
143886 16
401063 44
812545 4
260099 50
113323 23
941742 28
216978 49
10 1000000 10
4 822069
1 853871
7 958003
8 572213
4 446814
9 563579
10 215903
3 577997
3 529344
8 603198
1268 2028 1336
356 1195
798 1438
440 291
147 720
458 525
414 1216
311 1508
78 318
495 1364
1159 207
442 1033
81 2013
485 1645
184 1047
482 441
425 1010
1145 1379
68 692
488 272
1162 468
944 136
1046 1372
1179 1383
434 464
203 1251
938 883
1109 846
454 770
844 435
221 748
887 651
895 1222
507 1384
842 1836
508 818
1227 1706
59 1603
43 1622
1195 1255
600 1768
411 1174
739 1212
348 194
349 1867
39 2011
431 1844
1163 1370
223 197
835 1676
478 1009
123 1557
1051 1293
718 2008
236 364
579 1047
1132 1951
908 153
149 1093
407 561
324 1100
1231 492
1121 913
668 825
399 1186
1215 849
158 850
1034 757
411 1063
624 1634
38 1480
1001 332
1018 669
709 1427
42 832
541 37
9 1270
1103 1310
713 15
210 950
580 1261
1227 1714
1082 351
686 1403
689 1738
1144 1935
1051 135
503 362
220 1537
594 280
44 1150
820 1437
636 10
4 928
819 605
772 1302
897 1456
946 1154
668 945
1137 1067
1068 908
973 1484
459 1036
1109 15
937 1991
568 265
1069 1152
854 127
1242 1959
678 1040
1169 1511
982 1091
1181 681
945 268
157 423
188 10
1068 1132
1202 23
1174 172
1219 1874
1266 1401
1134 1039
248 352
1070 252
1195 505
660 453
880 957
913 1205
966 1806
1020 312
809 1039
254 1189
546 1837
247 497
417 1045
677 61
277 1069
753 390
1069 708
168 537
205 96
1150 1179
989 622
817 156
758 1523
198 674
101 1409
759 112
962 1337
190 938
1141 469
777 521
545 174
916 319
702 530
199 375
853 13
674 314
651 1583
1123 164
766 486
535 900
601 556
673 1068
311 897
437 552
607 741
451 734
546 1858
1075 958
141 572
219 1849
983 458
155 185
946 259
1171 1070
899 1279
780 693
1094 1973
1044 896
728 670
258 1745
537 1527
80 1891
993 1053
1177 568
398 1996
99 1626
46 523
376 234
1067 577
481 342
772 310
177 1944
383 1453
1198 1159
880 1727
50 2009
771 1892
222 776
1033 709
397 1628
1239 294
521 1093
365 219
715 1078
863 1809
16 1182
969 2002
1000 619
1096 1284
4 27
1041 2006
71 12
534 299
347 1937
786 1653
940 688
1179 1510
445 276
796 477
409 446
838 594
920 357
510 544
947 953
809 112
948 393
551 360
443 1677
971 690
102 1464
73 562
434 542
24 1960
908 1892
533 1117
1097 1301
881 1083
710 373
654 169
748 1256
922 1048
721 1760
356 619
1146 1930
81 326
580 1178
956 100
809 87
134 398
1228 1213
372 851
469 1689
265 740
886 1358
1092 959
360 2023
317 1534
628 239
473 1447
756 928
317 1946
517 526
126 809
683 404
85 49
262 262
180 1339
1154 832
188 484
590 1063
1222 875
235 1883
433 1450
253 719
1252 401
245 2026
983 1604
95 635
317 1109
439 706
1009 493
220 1724
160 1101
566 1152
1231 630
410 947
142 1836
53 1648
194 1087
1259 643
846 9
445 1641
770 836
944 255
161 1350
956 366
254 1719
318 841
853 1607
1055 157
826 893
1114 92
456 1612
1255 261
1078 1151
1050 146
281 1693
785 1419
289 577
1064 1842
532 1790
1070 941
258 76
583 1628
598 1189
1028 587
863 385
1109 1288
671 1933
708 882
779 730
377 31
918 1710
553 120
807 1158
1175 1420
736 562
114 91
947 434
590 659
611 1125
20 268
82 1671
251 893
260 377
846 741
816 1351
804 1762
654 1291
165 1734
438 281
903 750
1050 1789
453 1719
994 1994
724 1252
1173 1585
1233 227
412 632
1110 998
937 514
794 1288
191 900
903 1390
255 557
1168 1285
488 1131
54 1243
187 1387
1142 1775
364 309
913 1310
367 1629
121 636
633 657
94 1321
316 1759
170 70
461 1727
60 1711
827 549
1167 1050
380 204
1148 1934
365 1259
463 422
305 1488
633 1429
419 1236
875 810
176 478
129 1228
784 1408
359 880
669 513
1008 105
7 1200
163 425
191 1509
543 1508
972 1187
999 9
823 1908
169 841
83 1306
1208 1239
398 252
515 1766
627 714
703 1583
1145 435
952 700
842 1333
554 2005
652 340
1116 333
1095 859
754 1019
670 389
619 1472
992 1627
1232 1554
770 1564
731 1605
371 838
1040 206
968 1023
445 177
374 688
797 1448
611 1527
850 452
793 1892
766 32
1156 218
90 1859
38 879
918 534
152 1339
435 1097
243 816
436 1014
509 193
853 1970
1055 1956
478 1664
839 1189
443 1534
1099 1755
30 1904
1077 1037
39 1202
793 691
98 156
591 1985
730 241
175 1619
987 322
157 330
551 34
603 631
309 655
223 924
769 871
208 1877
574 1505
514 874
195 1395
826 1579
1003 1542
986 1250
361 718
1067 64
212 686
320 173
1262 1159
875 1240
869 1651
842 1731
348 1490
1093 1565
1115 1979
837 194
1103 944
577 926
652 903
888 339
789 1833
989 987
1199 763
159 901
448 634
260 1117
57 941
356 1977
410 2015
89 29
868 541
899 1904
315 1045
825 1086
999 1706
503 1880
1116 513
247 1017
1191 1400
122 51
189 496
24 542
709 44
882 1455
1099 720
841 441
811 651
841 1212
1267 1533
147 1280
54 478
691 1817
623 1449
120 743
461 1570
678 1653
839 1418
496 715
448 1650
120 1383
200 1614
358 1823
1146 1870
825 1847
601 880
1264 1645
760 1004
430 1575
37 871
321 660
1047 409
1046 11
1032 686
1079 1726
564 1510
227 353
748 247
422 1071
39 1890
1031 1868
840 253
891 1209
850 127
617 1977
263 746
265 1166
408 1264
467 2009
210 305
242 528
938 605
209 405
884 1958
1253 1074
1220 591
393 1772
250 1482
1154 1949
455 1949
270 1217
1117 662
338 539
305 1558
736 746
1167 916
595 1078
48 1086
997 954
195 1601
235 566
40 36
398 444
446 980
710 675
833 1603
329 940
57 1889
631 1015
457 901
1133 1900
1168 1802
14 138
34 193
368 811
985 1790
796 217
1221 421
20 1231
48 1909
1090 1201
570 1478
1117 165
1059 1290
935 680
1078 1086
956 1424
825 880
515 1475
362 395
559 212
662 736
994 599
1103 72
786 1814
1027 2013
357 147
648 1081
1076 1362
669 1466
745 1582
341 14
793 1764
296 788
646 1662
360 1279
656 820
616 358
1127 163
327 1529
441 281
1094 1728
717 1138
641 1090
572 316
685 610
526 1616
721 1823
1252 1723
550 776
561 218
486 1573
399 1669
1148 198
1194 1322
28 1407
552 1219
40 130
905 603
1256 1328
622 322
546 627
448 612
112 673
422 517
834 758
752 1640
1057 1180
183 1188
203 1477
899 307
570 534
170 1514
1004 1013
1264 1975
522 762
362 16
1137 1041
382 331
711 1022
218 1828
1206 1313
776 1200
986 1174
1055 1262
972 1011
916 1367
274 1927
905 492
328 727
1205 1496
133 1561
850 1488
987 1029
1170 412
137 1400
38 1639
1 1658
531 1175
313 1775
913 1147
489 1352
353 545
495 647
577 1946
242 342
475 380
380 981
1261 145
68 1450
821 400
308 499
569 401
170 1676
248 706
210 318
843 1522
1036 648
557 1900
545 26
836 1971
1249 1596
427 762
144 1506
156 927
1071 783
851 1769
1101 1222
1249 1004
403 1914
499 1878
438 1395
52 438
1 754
43 1285
233 1528
811 1127
862 805
213 1638
704 710
554 64
521 1215
1210 1847
353 549
267 668
205 1558
922 1614
624 630
934 1428
24 1149
832 540
1130 689
921 389
1210 1036
592 898
665 1394
1057 1294
196 531
284 1919
201 1701
906 1079
1159 458
223 1810
254 905
197 1337
117 962
843 1411
230 1318
337 1143
161 1967
122 1403
1028 1448
919 1669
782 219
1233 1150
740 1974
125 280
590 1159
1251 1225
1210 188
278 466
740 1002
236 1493
97 1296
785 1129
200 1910
235 852
122 1964
48 1696
611 1423
580 636
25 851
1248 780
439 786
852 1566
167 1677
459 542
1263 1730
139 315
1251 692
207 530
823 1873
164 1917
1206 1147
275 1278
725 880
891 1377
410 2027
6 1447
921 1186
11 1402
1267 1631
680 660
1235 1231
118 1365
905 1762
370 1966
1066 1500
746 80
1063 405
281 1746
1079 1062
631 225
940 1248
1028 1559
531 816
50 222
904 1535
264 1343
381 1295
706 1953
572 834
522 359
780 1103
618 1877
139 290
666 1800
539 39
503 18
1156 497
88 806
1109 825
93 460
408 2022
457 483
1142 1338
875 1321
990 480
1202 1182
628 1656
24 571
12 498
151 1566
681 1613
913 1474
1095 1920
585 1318
238 1002
869 1416
968 838
622 1453
1066 427
564 646
859 1403
430 181
816 746
811 483
850 1899
645 567
729 1127
704 1156
19 1735
869 1582
116 1798
906 1277
1101 960
779 941
414 1335
685 1007
641 408
53 1624
1096 677
92 768
149 448
909 1782
82 1690
953 1619
224 374
574 495
1216 276
339 1181
451 451
328 1118
894 403
586 1363
24 541
667 54
763 366
388 1501
338 1388
354 1503
853 2001
1178 1266
695 458
626 1424
1023 248
905 1154
1061 577
597 1523
588 1737
582 575
462 952
352 561
1194 1423
753 1647
1169 992
316 1503
263 416
594 433
913 707
699 35
366 107
877 113
1028 1747
1027 1094
291 980
693 1468
99 950
1014 541
772 38
578 1091
992 763
248 926
782 1023
658 1389
856 4
489 518
889 939
131 1953
851 1486
448 195
980 1540
643 685
109 1
773 1853
1230 1180
860 635
548 1349
256 342
1255 1478
1262 223
995 1441
981 1390
1244 440
148 1344
887 520
878 615
3 393
1125 861
895 1786
306 686
40 341
393 2003
445 511
1102 1745
705 1117
731 1043
1029 160
639 1581
895 1027
210 1989
88 749
1185 1513
1226 249
1268 476
820 4
307 1754
561 1795
848 1751
1149 1242
394 447
870 955
898 1776
1153 1601
489 433
119 1729
1203 399
1070 1186
891 1447
1089 1441
1171 1975
9 681
226 41
621 336
427 1411
453 1623
202 1293
1129 1660
763 254
789 1222
304 1756
2 208
548 85
1239 2020
173 401
10 1927
635 1620
349 1889
797 1083
130 1567
205 1407
1081 905
711 418
1041 1520
297 300
1123 724
1147 1660
1180 878
1072 1423
398 554
1128 1812
1124 1344
433 1667
422 1860
241 689
1079 1616
326 1053
550 1542
225 1465
342 507
440 1583
29 1964
297 721
24 707
870 1652
749 1348
169 404
136 1009
1042 215
569 1009
601 1164
1197 1331
2 581
39 1075
237 1391
215 267
569 1652
954 878
123 1958
61 1383
906 957
549 2024
699 436
536 1888
104 1357
362 1942
135 1168
295 198
50 1143
590 246
359 607
752 75
1030 2014
226 1668
481 687
556 1205
1216 443
452 1373
439 1513
922 546
36 976
1135 1335
927 1801
265 398
358 755
570 970
856 951
957 882
606 27
1014 584
1243 751
319 1163
903 104
976 1391
298 608
69 1308
422 945
912 81
8 520
5 719
1148 378
743 249
111 1629
12 1263
316 1065
638 120
1035 318
242 887
676 856
1231 1187
570 176
734 41
548 1013
749 1260
767 1278
495 617
443 1892
466 315
964 1247
1081 1473
884 267
720 898
1039 2026
758 671
313 474
187 1043
937 41
783 374
674 836
931 2023
276 325
992 210
409 2014
226 515
571 1863
1166 1419
201 790
841 1673
1188 811
578 1475
1194 1712
482 387
464 1455
793 1532
759 2000
969 1712
697 412
295 286
1011 406
371 1370
543 878
1251 657
930 1638
1075 1355
167 136
495 868
1235 128
808 1845
140 1011
253 363
466 1943
869 1853
408 640
553 266
15 1705
1112 516
611 1175
1231 424
368 1722
726 1044
486 1845
844 1141
1224 313
989 1105
339 783
99 1480
430 33
1132 73
342 528
923 239
597 1328
1249 817
1159 980
1181 1611
586 1884
860 1996
868 83
237 1193
1018 1690
710 1112
822 215
175 1032
988 1630
220 244
185 2
106 959
1195 1694
716 228
688 1970
82 699
820 845
503 1570
58 1575
634 591
809 549
783 1927
733 180
505 908
911 1856
892 312
910 1430
152 1817
588 58
574 1931
891 1166
901 1937
11 1284
443 1341
626 1290
1005 1593
1127 180
617 726
1140 944
24 617
1210 1824
65 409
975 1508
119 842
425 677
478 139
309 1071
443 1111
606 1732
698 1012
86 692
1129 1039
305 736
747 1943
1229 148
379 1349
63 524
222 824
126 1401
1143 784
155 615
1211 379
672 1557
761 1772
951 624
510 446
1047 1659
332 492
813 1263
303 1043
839 911
862 1916
421 904
536 2008
662 656
105 1002
835 1911
883 1239
563 1895
284 1037
362 355
887 1692
1064 395
21 151
387 1723
811 750
463 1695
940 783
1136 1765
677 510
1100 1259
1035 1522
52 1440
1268 450
484 753
156 1760
395 1198
794 874
250 1629
1144 881
907 972
1126 902
1247 361
262 121
762 1810
810 1153
1245 1556
1168 1006
802 1049
199 972
324 254
430 361
1040 1302
961 357
3 360
392 155
781 811
1226 483
1189 252
1189 1755
91 1677
327 804
922 301
1086 810
81 1480
440 854
624 1917
69 1023
722 749
77 638
476 115
340 170
24 1932
957 1675
206 51
1189 1074
887 1906
383 548
1242 719
919 926
289 336
814 1344
47 577
752 1499
105 1556
1130 344
570 773
570 1757
257 1891
22 1752
140 1897
443 1234
811 918
94 1623
801 359
338 2015
362 193
6 809
441 606
531 1220
824 1586
1264 288
477 598
210 333
900 1190
522 1186
947 1242
582 983
1034 1092
338 1375
752 1243
1095 1344
840 493
363 813
507 1718
173 1294
412 637
653 1441
407 296
466 88
442 1250
616 1622
704 1048
874 750
1159 656
4845 3682 7859
4166 1982
2155 188
3810 852
94 2514
2382 1804
1092 3418
1046 3586
2095 1716
2343 2392
4359 715
848 2498
4349 1965
3933 2235
1471 1428
4300 2331
3027 557
1553 3514
3147 1501
1726 1743
885 750
2412 1351
2746 171
1426 1080
4573 33
302 901
2210 2159
4217 1175
4101 722
1767 3381
747 1682
1279 538
2254 2371
2908 1531
4429 3517
173 1976
1924 1780
4040 2920
3364 115
1496 2881
4640 598
4062 100
3701 481
3692 2311
927 2104
3611 1730
2991 387
2123 2781
941 863
2455 3191
988 672
1754 3080
3621 2061
829 3445
2267 3680
4707 522
1287 572
4708 1883
983 2570
1762 2630
273 755
1098 917
1052 305
1694 391
4324 3348
249 3284
3937 3104
1572 2500
4342 3626
4285 376
2789 3072
4595 1702
3573 853
3999 3141
2328 1566
3109 2136
693 581
3804 1413
1480 3335
4314 867
3482 2470
2175 2642
1753 3523
1775 957
409 3048
249 2729
2585 679
4158 830
1556 2398
4675 3123
3064 2634
75 431
3543 21
483 527
305 3149
4389 2097
4409 1975
566 773
3882 2978
1860 2456
634 2475
2195 1627
3325 1707
1320 1118
207 2540
775 3436
110 869
1733 394
3290 3095
2680 3446
2412 3602
941 3409
3786 1987
3274 3225
1983 3499
3518 3231
2097 2276
2778 3436
999 3138
3472 3532
29 2352
1854 684
1664 3391
4817 823
2048 995
1119 1151
2165 322
2459 1889
3518 2685
4601 3177
3835 727
947 2797
4678 1035
2904 317
455 1088
3240 3116
1907 2961
3916 1190
2978 3570
3411 111
4731 1538
4465 3546
2783 2802
2665 3422
1043 626
4678 3533
4275 2329
230 267
1367 2915
2043 3355
864 1856
2713 30
2256 1874
3951 2594
895 3119
3484 3610
4518 3394
568 2648
1809 1262
4747 606
3870 3469
4619 2188
4575 2222
4800 1714
2491 2933
3067 2061
562 3517
3754 3241
2717 335
4778 1210
3536 1044
3511 1547
2237 3450
61 2033
798 3470
1976 2204
502 520
1679 3080
2750 2664
905 1764
1799 1687
2571 1193
1900 3280
3153 1058
463 3328
507 3077
1233 1015
4162 2150
1514 490
2451 2116
473 1601
1928 6
4049 3236
3785 1460
3250 3210
1216 2002
684 1672
550 2346
1549 1175
2318 1641
2737 1167
771 1861
444 313
3457 2204
3933 2563
960 147
722 1698
2266 1972
3774 1039
470 2302
2425 710
1215 3612
3342 3602
411 264
195 50
2430 3541
2623 2632
1651 955
4369 881
1613 1768
4188 1205
1907 1258
603 1573
423 2768
3853 1818
1630 1891
3062 358
3429 11
2234 2722
4120 1261
2532 1890
4444 3066
3277 1835
210 2426
3265 1956
1040 503
4620 895
485 50
3184 1861
3296 2184
3996 2474
3612 2555
4689 959
2887 2622
2311 3543
2516 1117
2736 453
4241 1644
3385 308
4189 3338
3512 73
1500 1346
678 651
136 2693
1012 2332
3019 1446
4290 3648
3743 1614
3581 2298
1659 375
1636 1425
4376 3499
3837 3364
2320 2140
2013 3322
2929 3111
3392 108
106 3151
307 1384
2863 1141
334 1893
1189 3218
357 2356
339 2431
2448 1457
4013 206
1074 995
2510 1542
3189 2653
3801 1496
3452 1479
1293 3527
2775 551
1009 687
4559 2226
4388 2599
1722 2270
4022 558
2733 3035
2388 3364
744 175
1873 1286
4290 1411
2818 3627
2157 537
3882 1773
2680 166
283 1359
3121 871
868 3046
2754 524
3839 58
69 645
2972 2689
2951 2816
481 1447
4356 1172
3898 2381
3215 48
77 246
1274 2050
2383 2786
4742 1144
1883 3107
2635 1514
3380 512
1546 2886
3750 1757
3969 701
3799 1863
2612 2570
729 3436
1386 781
1559 1856
2271 3544
2157 815
241 318
3740 2111
530 2553
4219 2899
1111 222
4750 1371
703 3093
372 1724
1807 1574
2347 2817
3699 3226
539 37
899 3676
3058 1354
3836 2027
956 541
2769 2330
2472 2439
692 2586
1554 903
4781 3080
3377 2465
2791 504
3052 1868
510 1540
3923 677
3725 2086
3144 2724
3866 783
4259 2117
3400 2250
1470 2515
2049 3169
2561 540
1721 3180
3671 3331
2082 2421
4699 229
3490 62
319 935
1332 1692
3918 3057
583 194
3073 3238
3153 2414
3220 1300
4096 1817
2408 2979
126 735
2917 1983
486 2644
1957 342
2423 2605
1816 1746
1278 1241
3490 1871
4691 2260
2338 598
2234 2332
685 3044
2908 1450
195 3022
2173 234
1045 2375
3062 3112
2223 2731
3928 3029
3317 2863
2270 1604
4559 2645
2282 1734
3062 774
484 2613
3810 106
2483 2296
2165 2281
4024 2796
2477 3632
1521 2585
2905 1665
1546 2792
3780 185
4829 2760
1109 2088
4519 2051
729 1839
892 1131
2629 1625
2001 1254
3041 2464
358 1300
151 3450
4138 1289
177 2762
3990 1126
2384 2326
4818 2451
972 547
1196 320
4204 2618
3970 191
4545 1517
3991 920
4347 1559
2317 3189
4204 2626
111 618
2797 363
2478 109
133 3320
4538 1055
2129 2672
1904 220
1489 414
1102 1614
3084 364
1856 614
3355 3467
1882 809
4088 1911
3365 1516
1552 670
1527 1582
4708 236
4704 3412
1693 449
926 2109
3351 1536
377 730
3107 1500
3312 1558
3744 961
1000 1522
1236 1709
2205 2400
1131 851
1402 3195
3647 1790
4771 1896
1472 1599
3534 1605
1550 3617
3404 2237
975 1949
2132 386
3373 3277
2122 2490
3477 1357
969 2096
4458 909
866 1832
3007 748
1540 3280
4290 1576
694 3008
4197 1660
2963 802
3442 3480
801 1289
3024 97
3388 2094
4452 2974
1898 3122
559 858
2920 2495
2111 1644
1416 826
1274 808
3214 3325
1899 736
4752 2739
750 3665
3733 730
3609 1335
4124 1013
1548 46
4374 532
3437 2939
2539 2226
3939 1131
4757 172
12 410
517 2997
584 756
182 337
4354 1417
3709 2649
4207 2174
3329 2094
489 1761
2957 1373
1692 2699
4488 563
2040 3277
4321 2312
4173 2515
1125 925
1328 663
2479 2818
4155 832
4748 1510
4774 3523
4090 675
4402 1471
828 2895
4404 1569
4222 551
2320 2114
2294 2504
1743 1849
3057 2265
2489 350
2797 483
1734 1774
4721 337
4072 1796
4160 2126
895 1032
3104 2176
1845 834
1739 2112
3645 849
3105 2308
855 228
369 2125
3804 1636
4624 1029
1099 3375
2754 2917
3944 2711
2617 1188
676 1243
4211 286
4763 405
3187 1520
2875 1898
3473 3385
3238 2970
2437 1258
2974 3181
458 1701
4408 3376
747 1286
3199 600
412 2228
3178 2040
4036 1853
2556 966
174 594
3969 2178
2308 500
279 1295
184 286
709 3535
3007 1277
3224 2900
3471 2641
4357 1880
2906 2096
3282 1801
1623 763
1695 1607
265 715
2330 3280
1022 3109
414 963
3658 962
2363 1697
2152 2091
628 1428
3560 778
4404 2878
4643 1811
4227 762
3582 2574
1666 705
4137 1843
3950 2853
4771 1737
866 3649
361 3341
616 171
1117 1133
3883 770
1867 646
69 2490
796 69
3031 3441
3219 2575
4365 1394
478 1893
4500 761
2450 2406
2059 3136
4756 3416
2440 1741
654 3307
1176 973
3481 2975
579 2224
3098 3502
3146 1118
3906 1359
3871 1753
2458 74
49 2902
1366 2966
4384 411
2337 368
23 3093
4754 2467
199 1420
3533 475
3312 2292
540 1146
3711 1077
1514 778
1634 2348
658 1390
564 2859
4785 3311
862 2168
4706 1401
4589 458
1472 1983
4039 2959
2413 1183
387 3389
104 2497
3172 811
1847 1406
1296 2073
4063 1983
4039 3453
1001 2486
4691 1278
2102 2018
1626 1196
4494 224
4526 382
3967 3443
3118 2563
3024 76
2964 1502
23 1434
1521 2014
2795 2210
1717 1269
4749 2874
1682 1300
3148 1505
2169 3088
15 3472
1782 3428
4790 2521
4593 2020
986 1913
3002 1337
148 1556
1608 1180
2422 3212
3741 1777
4004 2070
4651 760
4010 187
2613 3402
3271 885
1703 161
3296 3043
541 2697
346 391
1323 2204
4662 2904
1940 1986
4678 2566
3091 995
756 1849
452 1097
1623 3236
1067 1320
3874 2680
2545 2140
340 1280
867 3295
1349 2601
1736 1640
827 714
1925 127
4496 1855
374 3136
1240 1950
3059 37
2182 1544
1429 2407
1874 655
2301 2400
3115 1681
4228 538
973 1563
645 1715
2126 3153
4124 648
1741 3068
57 1019
1265 2550
942 3005
1486 448
564 1598
3334 1954
1681 2217
1665 373
1291 2127
2094 543
2921 1219
55 2503
581 3572
3057 1162
1391 1553
3819 3404
52 1427
2184 2387
3633 3095
489 700
2910 2121
13 1870
839 2157
3129 1134
1652 986
2763 3595
921 2718
113 3086
3624 2808
737 3273
1533 259
3327 1413
2381 254
1522 3422
942 820
968 3562
1427 2251
1723 2903
3150 1612
3930 1736
3134 1823
3821 1416
2722 3170
1635 516
1597 1246
621 540
2626 1474
1753 526
3655 2445
4826 1327
2093 556
3597 743
541 3149
2601 2121
2942 1406
2113 1037
1629 2476
708 292
476 308
3061 1258
4265 1227
2484 1564
2521 297
964 549
1467 575
4699 114
3970 2596
2163 578
3242 2814
793 3090
4010 119
945 1634
3703 3144
147 124
3067 2505
789 2630
573 1929
423 3039
3685 630
3206 1346
4088 623
179 1094
810 3146
2941 2256
1389 3442
3307 1150
229 1451
4074 2497
2370 2702
759 1788
2196 3006
3708 167
2253 3047
2240 792
3515 449
1413 2839
1389 3566
1584 2871
3578 1693
476 3180
4784 385
1779 1826
4628 3177
987 2658
1320 2383
2754 3459
1446 2016
4128 2348
218 1111
368 838
4025 2851
3433 1324
3609 1690
1441 1347
1209 1002
1801 2653
2411 558
1549 2414
938 829
935 1203
379 2099
3090 607
1752 3020
2003 1140
3325 533
940 961
2155 1323
2958 520
2587 688
3556 766
4216 3436
2215 1877
1194 347
2281 3029
1733 2421
3852 958
360 436
310 725
1401 1736
91 1456
4456 2562
4415 1766
4312 1840
3745 521
841 1247
3638 2666
1081 3591
4665 270
1775 339
2803 2924
4826 2679
365 1126
3059 2023
4242 1239
872 843
3949 2742
4743 1599
726 2995
2136 765
245 1477
1868 2732
3827 2201
1860 3025
363 2830
3359 1639
1112 488
2958 1449
858 968
1567 2800
2075 554
2843 2618
2556 2662
3884 3611
3201 3525
1579 3267
1819 3599
463 3183
3009 2867
4272 2892
2701 1726
3708 2186
4063 612
3175 14
1557 3481
4492 1068
1969 1733
2494 1570
2227 778
134 352
108 1373
3519 1223
3672 3470
2093 2999
1661 1773
3383 261
3649 2072
3997 438
3141 3642
2609 1098
3913 676
2050 1166
3983 1454
2048 2852
2388 2231
2 2506
3109 1056
3762 2678
1387 1415
3520 1257
1849 688
1304 2848
2822 3516
3956 2736
3536 1696
3010 1497
67 3033
4816 2431
78 1056
1077 170
419 3017
3715 2864
3652 2544
2732 2385
618 1498
2491 3074
2383 2361
2338 3233
2635 240
1882 1208
4757 758
1053 3128
1914 2677
128 2873
3183 2854
1349 1552
1350 1028
368 2100
2043 1266
626 220
2549 475
2581 1199
3663 3152
3293 960
3460 3054
4321 3230
640 2267
2878 1982
2353 2837
533 2864
3591 2779
1982 3580
3318 3422
1845 1403
2599 2829
2259 1177
3901 2525
3504 1783
2835 402
3175 2535
3626 2573
1846 1967
3563 3116
4708 2853
4347 3118
180 1451
2877 1421
4290 2431
2419 841
4057 2481
3962 936
2528 643
1771 838
1113 2292
3479 3474
3183 3015
4262 2358
2972 2147
849 3019
2539 926
1550 3183
3893 42
4204 347
2091 1246
2393 558
1476 198
3939 3152
950 2808
3326 3390
1936 2551
1075 617
1869 734
4453 502
241 1654
3214 824
1828 190
2528 2752
2947 2399
2634 2105
1090 2761
92 696
1669 980
4349 1452
1657 2254
1575 3487
3794 1060
2381 3153
4822 990
1239 682
4135 2569
1159 1884
2962 2389
1694 1602
4133 3603
4513 2854
4342 1946
13 1276
1078 723
1335 1675
3712 2363
4441 1854
650 2361
1213 1285
449 1312
4153 1107
4320 129
3735 3321
1255 3342
3524 3250
693 1090
3236 3415
2561 732
4612 537
4394 3207
4741 1436
1102 596
847 2959
1982 2310
2663 926
3577 2511
1303 1886
3556 1133
4622 1397
1484 305
3187 225
1389 2018
3483 1903
3194 648
4607 2299
335 1684
4199 1165
2127 3212
4319 279
3720 2801
3727 1602
2157 1311
2978 1343
3167 1854
1516 2556
3353 3020
1073 3523
1430 1179
1829 1096
1346 2820
3210 1233
407 969
3043 431
320 3183
4534 2078
2778 724
2987 135
872 1398
2888 3384
3037 2762
966 1332
1496 574
2797 2105
1855 3085
1289 1065
4009 607
1587 1273
142 2713
3773 1623
3525 2280
1241 1948
1897 2692
616 1689
1754 2374
2390 2766
1613 1166
3847 2445
8 1903
4663 3402
4688 3562
1617 2862
989 1694
3707 888
3322 1720
3213 2584
4822 35
4256 904
4804 2950
3223 1359
4187 3436
795 3511
748 2253
510 2383
2758 2653
3350 170
3246 795
4162 1149
3668 2316
1803 445
2603 677
2199 293
1911 1096
4392 18
1676 1782
4471 2583
60 3382
217 490
856 686
4697 459
3697 3590
765 3638
1520 2691
2169 2617
1399 1989
599 2210
3736 2788
734 1914
1952 505
2533 419
3052 1830
4457 2414
2835 604
724 1522
913 2688
249 2483
1395 3238
4036 2996
4487 1107
164 203
264 3506
2778 2982
1345 729
2833 2700
2191 2107
4786 3295
1075 734
23 2563
3949 456
343 1595
3303 274
4089 2356
3883 1557
1290 2221
3571 1302
4265 2552
3698 1896
4132 1462
3150 2421
1989 726
4489 138
3101 2525
3410 2171
4137 2038
1874 526
4744 1277
4125 704
3236 483
4432 3627
413 1667
871 3535
2796 877
2793 2829
3252 1927
897 1577
551 565
793 1319
4340 3095
4168 1134
2286 826
2126 1682
3020 3036
2884 711
3258 86
930 1241
4823 1744
4315 3053
208 2095
528 527
1533 3193
4274 3472
36 2247
2199 2764
1212 2681
3291 2337
925 3573
2727 706
1598 190
2495 1225
4043 3523
728 2357
3783 2920
3436 1150
2541 3058
2079 3537
3170 2289
2152 2853
1129 1255
201 3023
1336 2702
1704 1806
3257 1174
3891 1340
19 2686
4431 14
4649 1245
1259 1641
1469 2038
3285 1474
2890 1595
280 1596
625 1827
1342 2348
3681 3257
595 2086
3022 948
1318 1611
4383 232
3184 3245
622 277
3883 2728
3300 1249
4576 2566
2437 3364
208 2672
786 193
4695 2443
3693 2633
2371 1423
1866 2011
4110 1381
113 2636
181 2496
994 964
370 1994
3704 3024
4294 806
2231 3305
2812 2674
1928 173
1223 2064
2192 2321
2861 2374
749 71
4331 60
3560 1459
1555 92
1364 1990
2171 201
1059 880
2249 122
2672 795
2824 932
2847 2640
2410 950
410 528
4646 3013
128 1375
3889 959
2346 2445
26 2441
1272 997
2892 2525
1376 658
2460 187
4451 2154
3283 3445
3424 84
38 2946
872 979
4741 1496
3572 1502
83 194
3738 2780
4550 1052
2460 1552
206 2220
1211 2840
3323 3375
4816 344
2049 2911
2939 572
132 2646
125 1920
4754 3521
891 2867
1258 2489
2949 226
2353 1688
4377 1890
3810 1419
2711 2131
4490 933
3912 977
2665 2460
2196 2811
2925 145
4418 263
1338 2735
4274 1866
126 3532
1807 942
2566 3546
143 1253
3031 3204
4677 2401
2833 425
2677 3456
1369 634
4228 3261
510 1034
3786 2516
3211 744
3838 2649
3105 954
1105 1066
1786 689
1695 1704
4511 2038
1979 1830
4368 2813
4017 1625
130 3395
4736 3018
2122 212
1028 1955
1068 1793
855 1334
2017 1196
2583 2771
3831 1506
2873 2563
4546 583
2637 3429
2708 458
1126 2941
4754 942
3365 1533
1254 525
4376 206
2052 2756
2036 3186
3474 1503
4431 1202
4279 346
3628 325
4111 830
413 251
1779 1961
1043 3527
2238 2736
323 1948
3561 380
435 1391
4264 15
4734 3671
4717 827
4454 1173
1795 2053
1693 429
1386 3083
1847 3354
1890 2323
1893 970
4803 403
2175 2229
3109 3195
2685 3634
1148 2590
4218 1445
4569 2304
2055 1873
2544 2232
4651 317
4403 3087
4427 1066
243 1924
3393 2465
2153 1617
3750 2413
4114 3055
776 2585
255 1278
2017 1792
3702 348
1073 2917
4617 58
232 3577
1058 567
3009 476
64 2006
570 1538
3896 2791
1476 290
2390 1305
374 486
3306 2851
444 3100
2920 1548
2193 1322
3858 3518
3171 645
4208 272
1112 1039
4344 993
3922 642
1541 1332
2662 328
1838 2920
583 441
2288 3578
3493 362
4535 608
3945 1415
742 2644
2620 3495
83 2230
50 1489
493 2173
4500 3140
517 1823
1260 2629
1992 1340
4245 3341
3929 1905
1948 141
3728 2858
3411 1747
3675 1343
3524 1672
2508 959
3082 2280
1515 20
2216 2243
2505 904
3312 2252
474 1890
2597 21
4035 66
4082 1811
1631 1699
3549 1276
1097 531
2922 2562
2 3226
280 3471
2246 1689
3743 2746
3743 2780
2386 678
2097 2252
2953 7
3988 543
138 271
373 662
1313 1757
1926 2931
108 3026
666 1261
2777 2627
1050 1263
4171 1862
3447 423
301 2657
3340 355
4556 2906
3004 552
1941 3619
4546 1332
4636 2601
2861 358
305 1894
3091 1227
2473 1868
1213 1944
1681 3663
3219 2023
98 2083
4527 1552
3367 3517
2707 3354
4622 1292
1467 786
1594 107
3888 959
1786 1691
3747 1501
957 991
4384 1932
3700 2620
3712 2758
1144 1923
1473 1548
1198 1142
3679 3541
4550 3204
385 2657
71 221
768 168
1186 482
2314 328
676 2402
4742 514
3545 1558
1206 1708
3283 33
1640 3477
628 2923
3874 81
395 2548
3710 2611
683 3338
745 2546
4512 1378
1540 2872
2793 2925
3532 859
4715 1369
2486 2622
3881 2483
4474 3255
2302 882
361 3472
2398 3032
2509 2060
4318 1586
2357 103
3513 1912
4296 2298
4076 60
1765 1625
1601 151
121 810
1945 1728
3080 3443
2999 2707
1867 587
3429 1874
2589 1711
1829 517
2561 1401
4224 38
1975 2481
938 659
2841 3551
1018 3588
1622 3479
443 1504
2604 2636
3800 2070
2708 32
2312 1231
1426 1122
1235 693
3544 441
1943 2908
2930 3579
231 2507
4691 2915
619 1372
3702 2936
4029 1852
3483 354
106 3494
681 1947
1502 123
2174 1929
3612 797
2487 3591
1572 3366
640 1509
3718 1224
1080 3543
1312 1688
2715 3381
901 2216
652 3124
4007 446
2227 2178
4181 852
1997 2235
4818 116
2052 1702
4223 520
524 1720
2191 2171
3178 2675
1243 3109
2724 441
1074 458
2566 3609
510 1416
2980 1783
3132 2262
4620 68
4522 1250
3069 147
3306 1733
2691 721
1849 3255
1688 2641
2430 1407
3274 1295
1097 3379
2448 1303
1979 830
844 1086
3395 936
1582 2620
328 124
239 3145
631 3217
3819 208
223 112
4212 1796
4262 870
3421 1114
3222 2673
83 1689
2970 2430
3087 2631
813 274
3614 2102
4194 2796
2873 655
955 2561
241 1720
4501 3493
2730 102
2840 577
1665 1808
232 16
4150 1623
2241 1179
4646 410
4510 2556
1197 1445
3220 2760
2177 3338
2767 1712
4559 632
2270 670
3440 428
1854 720
1694 1708
3059 223
4406 2762
3134 40
3287 3649
3597 478
1132 969
1319 586
1583 2645
4318 349
2143 2914
4200 3501
489 2289
3123 1256
1157 3502
596 2803
1164 61
1640 2644
2186 735
2495 346
1228 1664
3300 1419
126 2797
1491 2613
2766 606
3241 2649
4050 389
4265 2994
29 358
3952 1053
1444 44
1742 1133
152 1760
3356 3212
3906 607
2756 395
4198 3548
3794 2147
4721 1238
1386 1897
1831 1265
3133 3677
3362 440
3958 2442
3840 2978
1940 1457
12 844
4264 47
1081 2876
2457 113
3709 1331
3891 3386
25 1127
4267 1785
826 2278
163 965
4112 29
1462 270
165 1821
4655 472
3876 2233
704 1160
4458 1564
243 2099
86 3678
2048 1719
352 3301
1409 1533
1748 3316
655 435
769 456
4632 556
3816 189
4550 3128
4003 1040
3265 3132
2766 3616
607 3513
349 1142
3944 694
1558 1272
4405 810
2056 982
887 1833
4008 2978
171 2857
4538 954
173 3310
3403 1872
3355 3681
4816 3409
1920 1800
4124 248
3601 1801
4518 1798
3360 2184
3602 647
1277 350
2282 1327
3434 296
2433 2699
1927 62
4628 1187
4041 2721
3892 2040
2536 3539
2006 950
3129 2640
2856 2338
3539 1330
2078 1667
3824 89
2886 3624
2965 2439
3952 1677
848 351
3322 59
1783 2451
573 1849
2375 1542
20 1854
1073 3450
4438 1849
93 827
4544 361
707 1023
4563 2161
3775 874
4327 1501
4399 950
70 815
4689 1806
4271 2362
2032 2990
3794 3233
3497 745
4465 2995
1959 3301
1370 1006
923 2639
1219 1879
1827 779
1476 610
4457 1858
1718 817
4521 3623
2795 2642
2664 841
3858 859
1710 2989
3680 1545
3993 3199
4244 296
2510 2114
1212 2121
4422 3366
429 2086
675 1477
3896 1303
224 2258
1944 1268
1443 2603
4678 1453
2245 1062
1646 208
1447 1052
1507 3636
3252 2627
4312 153
4055 1729
2459 2969
79 2038
1020 2216
2308 1289
874 765
2764 3187
765 3066
2131 222
2887 344
1589 2445
3027 60
3458 445
746 1225
3461 2015
3343 2118
2242 3126
3376 2762
1986 1425
2817 2178
3681 3050
3035 2479
2344 297
2191 3260
3032 1629
4054 166
4076 1346
4687 2426
1861 1730
2220 356
4767 2562
3417 2578
1579 2738
2004 2152
392 670
1790 560
3340 3208
3818 2165
1721 2181
3950 3097
4601 64
49 3213
3777 1541
4297 628
2052 2764
4099 2991
424 6
330 2120
896 3500
999 3228
455 2658
4578 1991
1420 2870
3705 2500
1606 922
2330 662
1619 2634
1894 2165
4831 3181
512 1396
1329 2382
1905 3322
1025 3027
2977 1846
3034 119
2791 2154
2870 2966
4273 2411
4492 442
527 2079
669 1547
1872 1921
2567 853
1005 2192
2062 2793
2659 2769
3423 398
3048 2504
583 111
4277 3381
313 1167
4739 215
3864 913
4638 120
1335 2667
4000 2778
379 3618
832 2310
559 100
3105 2534
368 644
1672 1465
3964 1285
2594 1289
756 54
557 1499
3599 3309
3974 132
43 3237
732 3140
1700 2543
1812 2383
163 1231
875 1468
2411 1210
4000 190
176 740
4002 243
174 3131
2653 26
1160 2505
1239 2540
3546 2345
2244 2385
2925 2005
3133 3443
2391 1408
3225 1964
2246 1427
2225 3230
4418 473
4114 960
2294 3462
2551 538
554 1320
2682 2344
4211 1646
4620 2316
4509 577
1072 1526
185 391
4023 2722
1802 1578
316 2187
1966 2099
3670 907
2039 679
3644 1037
3063 1885
894 2462
657 3258
4337 422
590 922
2710 838
322 3125
1751 911
4098 1622
1413 1348
4762 2664
1895 3314
2308 3040
2559 3053
4438 75
2560 1733
4048 188
3590 1120
2476 2605
1777 766
3162 1995
617 2316
3365 3201
505 1651
3093 1624
3987 2052
3155 1576
4429 1524
4212 2258
4491 329
564 3407
605 2119
2345 2608
1648 1344
4745 1358
1046 2114
3364 1060
2012 435
960 518
3019 2613
515 56
2036 2557
144 3563
1737 3638
1727 3342
3938 2327
2761 3512
2139 2700
277 2392
1595 2957
2942 2497
696 2802
281 3577
4281 440
3823 1291
216 423
86 323
1368 2947
483 125
4369 1347
1395 732
3625 744
3159 3412
1606 1741
543 209
1252 778
3829 2612
1472 762
646 2175
3372 731
2456 3505
2172 506
1060 2201
3930 1981
825 2150
844 667
2871 1816
4835 2525
2744 1583
2912 2626
1376 468
4272 3030
1219 2956
1470 889
4300 2428
3485 227
1063 602
4202 2363
3071 1843
2964 778
4258 3096
1258 3529
3761 1150
2572 401
1671 3001
47 2813
1389 272
754 1888
206 2076
982 310
4195 762
2535 2046
3017 3572
1392 3251
1288 2823
2386 2816
924 1078
3366 416
4477 2552
88 2354
4106 735
1307 1199
4417 461
1162 2927
2629 3181
2494 3114
932 2866
1847 2460
1166 449
3138 1865
945 1411
2251 2885
1936 2554
2275 3500
3384 695
4044 2152
3694 1717
228 1801
139 1936
2409 3039
2226 3091
1000 1941
2756 1598
1305 1939
2061 495
4072 2021
2813 1295
3598 1815
616 233
129 2458
1650 3195
281 1445
2935 971
4652 2709
2838 1972
2393 1471
4016 3289
3377 74
1331 2765
4200 1474
1731 1064
3444 1608
3194 2542
3605 2798
1566 2529
1272 1292
3241 1156
2272 2403
3498 22
2816 3454
2949 1583
4841 3514
71 2553
4163 394
817 3020
2695 2571
216 2330
279 3637
3615 1590
435 335
1287 426
2550 3603
391 2310
2674 348
1374 3215
2109 1320
976 1840
4772 2089
3436 638
91 1697
3325 921
2050 3573
1571 3603
3062 1509
1136 2303
2924 2334
2717 610
3005 1541
2672 1558
2391 2166
1410 2984
1 2396
2649 192
3039 3520
4516 1962
4626 2377
4080 601
1240 3340
4170 3329
674 1112
2885 1237
1514 651
690 3385
3876 1582
3074 3064
894 533
2778 1948
3428 3162
4383 1508
1473 1764
155 870
4357 422
1107 732
2650 1252
710 2775
1146 2406
1834 2369
2163 547
1324 2667
3750 2437
2233 1846
1056 3371
3813 1862
4562 1537
2973 3349
2893 499
3319 55
2603 786
78 1881
2378 886
2437 2344
2593 3109
1024 2369
2126 2277
2634 715
3412 2412
3588 2182
4314 710
2022 3618
192 559
438 3336
1413 2082
4341 3183
34 653
4620 2834
4775 2656
383 1576
2904 2375
3874 1648
4486 1093
4225 765
996 3092
3687 2887
977 1507
3765 3563
1419 1024
4021 2829
1817 180
4832 173
4362 488
1780 592
3065 130
4127 2831
4584 800
4492 674
3620 1968
2448 3350
1675 1981
1882 991
4138 508
38 863
4576 1483
1961 3245
187 1867
3149 331
1267 351
789 1421
3566 2122
3036 240
222 414
2208 3654
4580 1187
88 2617
3130 3540
322 2787
1231 344
382 1186
929 1925
2257 2377
3277 1846
4082 2896
2850 3585
3987 2435
1470 3234
179 1801
1559 1006
1578 125
3711 1078
1519 1053
390 783
3960 1738
2473 478
3816 1972
895 97
3598 1756
4292 864
4323 718
4028 2080
1979 2651
220 2271
2637 3603
732 120
2688 1775
3188 2644
3017 2127
372 1050
1168 571
2108 893
3681 3481
127 2546
205 2973
2264 2022
2152 2357
1912 2055
2708 2982
1819 2234
2123 870
4180 422
1162 1935
1325 1883
2445 2919
2497 231
2502 228
2634 2089
2174 1426
3744 2532
1211 311
2056 3419
2286 2621
656 1961
2383 2559
1989 2962
4054 2693
3586 2333
2689 1363
2265 835
4103 1487
3535 1178
1936 3549
262 1403
663 1705
2102 2115
1596 2838
4668 1831
1338 978
1762 3526
13 2410
4703 1130
3321 2572
93 347
3648 872
1444 216
4189 550
2454 2658
1091 547
4304 370
4524 1989
4708 1112
1561 1271
2396 74
2360 1557
4084 715
2253 1781
2805 1294
3676 507
4306 1446
796 1331
129 3101
492 123
416 3036
4389 1541
3250 1043
3767 2766
1464 778
1686 1112
3055 3321
300 2099
3824 1816
4024 1816
2235 1164
3191 2999
2379 3000
958 3670
571 195
2081 1199
778 273
4519 341
3533 2313
2107 3665
1424 126
2930 557
909 697
1389 1325
4228 3669
3050 1875
2652 2650
3951 959
4465 138
1649 1509
1159 2972
234 2068
4248 2974
1814 17
459 3586
2420 3447
3725 3286
1785 1539
895 2093
3755 2616
1044 2710
4698 3216
2274 815
2363 2844
1107 473
762 3256
1266 3174
2353 1994
4040 932
4255 1858
2427 1106
1911 14
2433 1102
4812 2370
4090 1352
2274 2966
1907 2339
2603 1634
2727 2287
3690 1521
2005 2009
1413 2648
1251 2265
2897 1225
407 1945
3243 1685
1867 2678
1793 1449
1075 581
4415 1418
2866 2035
3098 348
2112 1869
2890 2185
4200 3164
2676 40
2093 507
2252 843
2456 385
2758 982
644 2366
2670 901
4302 1900
2447 245
2952 2806
3066 790
267 2703
4281 1075
3995 211
4796 777
595 64
2918 588
926 532
2306 2739
2360 33
4417 3467
4550 1823
4385 2807
4129 249
3423 2760
1448 2936
3618 2651
323 591
622 1395
2397 3237
668 2581
3759 1167
2338 805
2673 720
983 2244
4276 2386
2258 813
4429 3226
3346 1558
3995 3404
3436 3441
4254 1246
4455 1860
3204 2655
3043 2214
4045 1689
190 3620
4718 444
2869 1153
1590 1147
2914 691
2807 3615
1942 859
4472 1719
2159 569
266 2833
369 3240
4299 3134
4340 697
370 3487
4679 1735
3324 633
1311 1817
2754 3429
766 1229
1394 3329
3416 3149
3232 2250
1030 1376
1376 3086
1385 1475
2402 1567
963 2242
3977 708
2415 1500
3650 32
250 2820
1662 1052
4782 675
549 1447
1143 3450
729 2852
3032 19
2122 2861
3518 1112
3720 1666
4387 441
3892 3156
1437 3353
606 2243
3046 2981
1629 2645
605 1946
2682 3524
4464 1912
4198 1065
3436 2006
2859 427
2683 167
1881 1332
459 3478
2901 2438
2792 2898
1628 621
2019 1253
971 2723
1286 230
3258 1943
3647 249
2511 864
1865 1783
3820 2010
1400 1270
1130 1882
3669 1472
1050 3269
3872 1815
2202 2616
720 1446
758 2229
2107 802
1938 2252
2258 3121
3935 1951
4021 3527
4317 207
1294 2122
2628 839
2497 1070
3195 3439
2822 1872
3997 1908
3143 1487
2254 2694
247 1631
144 2036
266 2319
144 2374
1772 3175
44 1687
2809 144
3776 927
169 2979
2402 1994
3662 370
1945 2756
2199 3043
1542 210
3783 1475
1040 2761
1403 3533
2056 1981
3918 1574
1693 2388
863 3018
3487 2531
2684 1535
3599 1990
3558 2621
3480 3069
1001 954
4581 2615
4235 3035
25 3493
3201 1735
3583 2506
2177 1764
2479 839
272 842
2768 3032
944 1651
2927 853
3062 1703
3853 1964
4790 1216
4762 2179
4319 62
3539 3551
2052 3640
1921 1025
398 3202
2566 1213
3356 202
806 1583
4774 1530
4172 2798
3807 1814
2544 2749
102 2992
1952 2692
4844 826
3711 1634
3211 1433
720 176
3689 3025
1004 2840
808 426
2559 1447
3684 940
4682 342
2968 506
1637 1620
1930 2623
2657 1944
1247 1362
2350 1936
2654 1734
1195 583
973 581
2643 3264
3025 3095
1718 2925
1765 3663
635 1686
4708 605
931 1125
3790 1134
354 868
2709 3251
4572 1889
991 1113
2009 734
4800 2435
1490 2375
67 3201
1062 2940
4010 2133
4649 1304
2195 2054
910 9
1084 1407
4013 1095
808 2236
445 3351
4225 2930
887 1025
266 161
85 3406
1281 3327
2588 3511
2125 3080
2042 1812
1280 2160
1675 363
2610 446
2 1452
4804 86
2720 1616
1292 1770
1805 2269
92 947
4563 156
1591 1079
2775 2823
4279 3022
1042 1011
3099 507
1730 241
4388 1572
195 1162
270 983
1572 3286
1591 2650
3788 887
1990 513
4101 3307
3686 332
477 2443
4230 58
3934 2496
4553 2031
1659 3458
2955 2270
891 32
3882 2505
3747 3439
3712 3104
1787 2382
4196 2273
2826 1306
3663 2062
1927 2544
4534 487
3560 2358
4195 1629
4460 1856
506 2763
2959 1543
824 3251
62 741
381 3473
2316 1928
3686 3544
3852 2568
3943 1395
3692 2108
1392 1784
4186 1177
2232 874
657 418
3928 253
2601 3610
3033 2163
2028 1204
4697 1147
4399 3365
4571 3043
1408 1082
2219 19
3479 3590
4649 669
3962 3046
3962 1551
174 1843
1600 1010
3822 3177
2620 2420
3645 2700
1604 2755
4199 1530
2350 160
4295 2975
3292 3526
2669 354
2929 2264
3420 1107
4618 708
4790 2370
3185 1251
2990 474
1867 1140
1048 865
539 1027
3027 1599
3680 2131
108 3626
4451 3444
3143 3604
3882 1552
1334 2586
3776 1425
4294 741
360 3244
1305 703
2059 1232
2289 2579
3971 1897
1582 349
2964 92
2373 1333
2930 3133
3462 2975
4496 2719
1411 2021
3814 1480
4230 1633
2002 3079
646 1296
3827 916
4637 3195
4792 1373
607 3336
914 671
3336 2931
3413 993
2363 2815
2968 1498
2535 3498
3834 186
606 1258
2219 2982
626 1029
2589 523
2473 1517
1998 2911
862 901
4615 2700
4278 2492
3841 2405
2167 599
1420 740
3670 1435
3377 2070
1153 2263
1638 351
3618 171
4678 216
497 3380
2537 2533
3372 505
4635 524
4288 2422
4225 312
635 3537
659 3358
368 1048
3561 3309
81 1846
2301 2846
2311 2837
1701 1793
4024 1357
3220 744
876 1219
1039 2756
4586 2942
686 295
4171 769
1242 1792
1612 2652
4479 2145
1822 1906
4070 1224
2718 3236
1288 2342
3323 560
2744 850
626 107
551 3442
383 2791
4329 1801
467 680
1881 1920
3465 2817
2755 1436
144 3441
331 3423
2312 1778
4224 1336
1277 3010
451 3273
672 956
3261 2659
2293 2814
360 2178
4075 2585
1458 3555
2707 2200
3980 1930
4292 3531
1086 2338
4078 2199
3296 3162
4055 247
2649 2727
2794 470
3309 1508
4543 1321
1519 2753
3738 1201
2474 546
4063 3437
3049 457
1569 3150
1303 1054
3098 699
2868 1670
2262 2647
371 3373
1168 1558
166 397
2568 500
2252 797
63 1771
401 1781
54 1777
2860 814
3738 1794
2545 2953
4656 1079
1268 541
339 2289
4814 1723
3299 1195
3761 1059
3892 3566
4637 3670
3545 2518
2765 1729
598 1559
2565 1835
1245 61
3315 248
3235 2445
425 2675
2991 2797
163 2157
486 677
3413 2544
1637 1678
2430 2951
4680 1426
1894 3058
1781 476
4053 1723
4143 2755
751 2759
3160 2679
1774 2151
4278 113
4210 1901
87 2286
2528 821
2330 2107
4614 1936
1794 621
862 3405
2418 2315
4190 3396
981 1271
3881 2404
3018 2887
2007 2156
2026 1582
2000 1142
494 1545
4238 2504
2259 2790
1777 3017
3830 912
4451 2824
3820 1975
4525 2823
2426 3343
1749 1755
2803 2653
3419 2229
3244 2300
3465 2747
4139 3510
3899 1561
1632 3417
2731 2273
4088 2086
4416 1019
2111 1609
3576 2204
3299 2380
491 280
1926 2597
1522 2166
2016 588
2403 172
320 477
2028 1331
1639 531
3513 2743
4496 3386
4105 2277
2955 3534
982 2345
3159 487
2411 2196
1037 2218
1041 893
4573 2824
2970 894
1037 305
3970 3093
3447 3401
4062 3505
1578 3182
2713 2700
2635 86
438 3182
3889 1344
4797 304
2432 338
1155 2674
3067 1929
59 1093
1077 387
2902 1164
238 1565
133 3637
1613 1465
1174 1580
1698 3644
4355 1803
879 493
540 1567
182 2674
3519 3451
4251 3089
4622 1269
1261 2009
2106 3349
3120 3671
322 2118
2792 2351
846 2335
2353 2610
4119 347
118 1524
2590 2782
802 1515
877 977
2465 1848
2748 2449
2409 2440
2865 732
2408 3012
3035 1446
4590 3630
1275 2493
137 2538
87 233
2680 2865
4048 2358
181 166
2242 3361
721 1039
115 867
4789 2458
1802 3205
4404 2276
244 1570
3984 1868
4528 2572
968 3240
4311 626
1050 223
89 2577
3619 1081
1575 555
766 2971
4275 3623
546 1611
3957 293
4005 2624
3404 1099
2366 1936
893 2048
3845 2929
4407 1545
3858 2777
487 1814
2571 2762
1644 403
517 2609
1932 363
1126 2353
945 2329
1775 3072
924 1589
4611 2371
3994 3075
2128 3576
3873 1868
223 3239
1478 2908
2228 3491
2434 3586
4541 1002
4107 3677
2423 889
431 1284
897 1830
31 596
2649 2561
1110 3004
4217 3618
3419 1867
3843 1129
3173 2168
1420 3582
377 2516
1174 250
752 3070
4760 2414
550 788
3020 3230
1850 574
89 1294
601 1902
3003 1877
2271 2385
3231 2820
87 1772
1988 2390
2247 1847
1582 1118
1877 2262
2534 3623
2775 673
3826 1641
1985 2735
2 1348
1049 610
3940 694
2713 1038
4258 114
4358 857
20 2013
659 242
4743 3247
4318 1239
79 429
2891 2721
46 3070
3494 81
295 2589
3453 2626
4764 822
2351 1527
3529 40
2559 2517
4581 1026
4672 2827
595 1449
666 2608
73 2404
2695 2117
1501 2471
1318 3140
3574 71
98 895
367 16
3399 1451
3645 2690
161 1213
3 3077
2163 2164
3729 1982
2710 1250
4080 3280
3891 3676
4181 1387
148 329
1131 895
883 1446
345 770
1659 2314
3355 1624
3677 716
1532 3442
3193 2679
4580 2564
4533 1846
3050 1327
164 3408
2709 507
2991 2450
3369 859
4067 523
4317 456
1453 1605
3403 1240
66 3134
1683 2286
4701 2447
2476 2388
554 3009
4629 2364
3969 2106
634 2069
921 1452
1206 2761
3715 2134
2484 618
2233 1425
2253 2281
3877 2578
3156 2214
3937 1748
263 2455
603 1821
9 1658
502 726
2433 2715
604 2166
1008 828
1374 1859
2252 3160
688 2768
697 3282
1580 3197
1046 195
300 2003
1289 1724
4708 3510
1966 803
3454 1899
1363 2517
1380 3155
655 230
396 3602
598 2566
113 3337
1640 403
1630 1229
1190 3243
3972 74
2334 2806
3229 3560
1082 2458
852 2326
2774 1578
4511 2578
3247 1687
1302 649
2335 2625
599 2991
2264 2178
2764 513
2807 2452
3132 2273
1468 1392
1352 2460
3293 370
1932 2239
2555 722
2731 2745
1469 3567
3278 589
1540 2390
3003 3409
1203 2947
4297 2945
767 2901
2617 2336
2302 755
347 131
3047 1441
4820 105
1473 1611
1195 2755
2475 1160
3518 1550
4480 89
2669 546
976 3304
4143 983
1056 1664
1022 1074
2147 1585
3 2625
4321 3390
1526 594
1768 2557
1022 2604
4496 582
1944 1136
4043 2034
3431 2483
1654 1090
4159 217
610 2241
2155 2767
1224 2983
671 1029
4345 3422
2289 2162
1325 1921
3789 2611
2326 3042
601 2584
981 2439
1243 3131
2362 2582
36 1523
178 5
2937 1569
3512 3519
3937 1186
1419 123
4433 1454
2045 3539
4508 1323
3109 858
2820 1963
3741 337
4284 1474
4150 1351
1988 2122
3811 3018
2784 1606
348 3213
2448 3404
2229 3224
1622 1147
1727 1089
4794 3353
1211 1718
3883 86
2893 2927
2554 2315
4198 2065
2882 2138
3379 2590
3209 1211
1826 857
3942 1587
417 581
4694 1363
3008 265
1654 1635
2615 2897
67 2724
4553 2406
4682 1703
1541 1706
642 486
1052 258
1511 1518
2958 438
80 2179
1123 1952
2817 3597
1437 2287
554 2647
1576 50
558 3069
84 2620
4086 1606
1836 3660
3676 1663
2717 37
2987 1175
511 815
218 1675
2711 284
3293 1801
3163 2089
913 2004
2418 1995
3688 249
2515 3442
4321 3628
202 1072
2597 716
3793 836
4676 2415
3199 2659
4364 2237
3111 1404
3665 2425
2838 206
296 2893
1304 1715
1928 1816
325 2631
2096 2407
4731 3078
4171 2927
4571 2804
1712 3128
3367 1312
3999 2324
2562 1482
2955 2043
3704 2517
1754 1342
3920 2025
3751 3266
188 2254
2065 277
4615 1659
1719 3149
1452 1776
796 2020
638 1382
3681 3230
4782 2399
159 3033
3185 1360
346 3163
1160 96
3540 1119
2071 254
3075 3089
1197 2426
4569 1588
3321 2121
2216 703
4451 1495
4347 3400
450 1472
2049 1450
4162 2386
3552 2101
558 1684
1534 1325
3203 271
3314 2207
3473 510
3207 1208
2463 1930
343 2189
1810 1593
1804 1179
446 3326
525 3632
1902 437
1034 575
4064 541
2548 366
2659 59
383 133
2189 941
4832 2811
152 1104
378 2511
3703 1443
1867 1795
3406 3233
2109 157
4392 138
3873 722
3264 3058
995 2070
3791 789
2246 1946
892 3352
3858 32
4177 2826
1930 2576
3891 404
1495 3197
1383 2618
4437 3401
4547 1051
3321 1101
1340 2343
4481 1477
3186 3130
3272 2392
4235 672
248 3192
3992 1921
2947 1981
4705 2100
2756 2585
2630 517
4757 1824
3244 724
699 2238
4467 2002
4186 628
4578 1082
1902 3097
697 1869
503 359
3033 2392
1200 52
4118 2749
1737 95
3321 1440
693 1677
4063 3608
4505 2993
4086 3054
27 495
359 210
2017 3237
2339 1360
309 536
47 548
842 831
4258 1762
2252 2799
1075 3672
2875 52
3586 2657
3431 130
1731 854
907 2615
296 3151
4304 3641
1908 2746
2375 2897
1400 3639
3644 1235
1023 498
3740 3658
3882 2941
2749 2893
2312 742
2727 684
3384 3020
3902 3340
4088 1899
4806 2643
4389 2898
3071 2015
2217 167
4539 1461
2861 152
1090 3027
3789 3107
4783 8
4311 17
4231 2440
3546 2956
1063 1341
4609 2616
4496 3415
584 1716
3803 24
1395 1477
2601 282
2036 3340
1506 1300
2147 680
983 1499
4040 2458
546 1815
4695 2785
746 3139
3293 2800
1061 1889
3480 668
2535 1266
431 2702
1019 1430
2164 2728
1670 2703
74 2938
4213 1618
3537 3095
1740 1043
2700 53
3119 1281
932 3609
3068 2608
2873 2021
4460 2714
226 2900
4801 2924
3527 3626
560 1162
4596 424
1253 2090
2681 2578
2778 2140
789 723
1552 123
1066 1136
1354 328
197 3193
4790 1742
1560 584
1872 1037
3936 3130
3316 1129
459 3316
2670 3243
3339 362
4516 1900
4477 415
417 3107
1361 756
3228 2325
816 3643
4466 3242
1566 3222
1699 1034
1429 352
1848 1961
3483 1673
4407 1105
1574 660
3732 3011
4320 1952
2289 1503
2881 179
3753 1596
2192 2160
4504 1627
4008 1887
3274 1934
858 2674
1469 575
2511 1405
1814 60
1444 1666
4488 2153
3061 1963
1114 1842
520 1902
2131 3550
2958 138
3434 2566
4231 3036
2890 808
3386 1282
4116 1724
330 1506
4276 52
2794 2038
2601 1473
4409 1699
4588 1328
1487 2545
2857 3475
1046 1577
4106 2925
2886 459
3206 447
2748 623
514 405
1764 3621
4626 2925
3826 654
2804 2433
3066 2447
3601 1809
3599 3183
664 805
3490 1464
3452 2956
2057 3323
784 1472
3643 3205
531 1235
1874 2343
4119 2392
2333 3387
3419 845
2246 2032
1623 2916
2072 1042
2767 879
3938 2982
2982 517
1549 1518
3220 1377
1306 3099
1465 635
4160 1293
1123 395
58 27
845 2818
3818 2487
96 514
2613 1166
2650 3665
1356 1815
1462 2692
4671 781
2200 1835
3058 1880
3463 2187
2978 1524
3111 1453
1329 586
4412 1276
4609 3054
1828 2853
480 2884
88 1959
3853 1927
312 2755
421 3293
4453 730
4213 2764
3284 202
1254 1782
1627 146
3158 194
31 881
4531 1478
3545 379
2623 1527
3442 1420
1490 2918
118 200
1635 1797
917 1543
1568 2218
533 38
142 3208
1284 3548
4286 512
982 3421
4366 1684
3269 2834
1721 2583
4767 2087
4588 3100
1833 2567
1864 985
2739 3662
2906 2920
3282 981
211 913
1284 2496
3742 2890
711 2831
1305 1098
941 445
1022 2185
1834 3462
3037 729
3192 257
778 3516
2611 731
1842 2905
1800 1037
1671 1054
3572 1621
4256 3600
2313 3141
1238 1723
1006 1491
1218 2943
1899 421
3670 2544
1470 2195
2038 2008
2187 308
16 1336
1469 2833
2043 3506
1820 1785
3212 297
147 3611
181 1671
2634 1205
2248 2442
1381 727
3620 1827
391 180
221 906
424 1740
4775 3364
3682 812
602 1624
3562 2507
3461 1358
3462 2999
4713 2047
3256 3013
1494 3146
4667 124
1020 3234
822 3174
3642 950
3625 2596
4397 77
3984 720
717 3640
3321 860
3 1216
4128 2188
2629 2451
3525 446
102 1312
1113 2852
277 3214
4551 168
662 1424
2933 1861
1636 3571
416 1855
2444 158
253 1038
1516 3576
156 61
4542 3449
3025 2065
1298 1790
4637 3300
4276 1443
3513 2068
1104 2644
1830 2124
3447 840
1399 2301
3179 1958
4785 1866
1575 2229
3756 511
2246 2132
1492 2223
332 3434
4726 88
1602 1796
722 1000
4652 3090
3063 2879
1660 423
4298 3617
1127 762
4217 398
4537 3168
2669 1534
902 981
2140 238
780 162
3503 625
1720 2782
3788 3004
1206 1270
1222 74
4772 512
4255 3420
2429 1119
3778 2787
4001 3290
4616 861
2352 3267
367 2120
1130 3133
4632 912
2638 422
925 113
2843 2241
4231 593
2998 2751
2029 2042
79 3679
4088 1423
1853 150
344 1977
2153 2298
449 2469
3337 2061
321 3563
4552 1651
3271 2825
1605 200
1593 2365
1849 1697
158 2479
558 1471
17 3421
2139 1444
1756 1580
1176 2199
2322 362
4219 1842
3872 1762
48 3096
1108 799
515 1528
1982 2184
3959 2367
2212 2216
899 172
4825 1319
2375 84
2736 3085
4728 2048
3494 818
4440 2800
2064 1321
3462 1434
2593 397
4799 2612
2291 2165
4181 1368
2040 2157
4242 646
2893 2379
1320 3189
2190 2249
2785 1303
4186 2269
3212 3666
3195 3024
3955 3068
174 1382
2005 3404
3468 1471
1212 588
4418 3632
3233 754
2073 1828
4644 1702
2311 2407
3608 682
210 802
1346 531
4193 884
4238 1767
1796 636
4522 2336
662 1278
1139 1856
3441 2153
2358 741
4175 3528
1478 249
2901 3560
464 3055
2544 2368
2579 129
1769 1311
2839 596
3571 1197
1506 163
2426 418
4053 1833
1255 2256
1320 1076
4071 1054
2309 3165
4076 2540
4313 1391
2696 1948
4338 442
4235 2848
1908 783
4680 2182
2735 701
4115 475
4841 3645
721 1369
3260 1005
3087 2399
2173 805
1846 1902
355 649
2778 33
4189 3016
1826 2233
2633 2542
1741 1270
4437 1034
1682 3263
1727 104
3760 2021
1434 3252
4203 2082
812 1199
1009 311
2490 3605
2715 2501
1016 765
4762 1410
4838 1255
2853 1886
3897 1526
2519 2938
2486 2090
4669 2155
888 1805
1426 452
4289 2047
3208 749
3023 1976
2967 2473
230 127
2712 2092
4339 98
963 3389
1890 583
846 1660
99 2505
2894 2627
2075 615
1082 1580
1669 1497
1862 111
3777 392
4804 2523
4475 1114
936 1160
2208 2252
2489 1356
1066 2653
2676 1366
2257 2767
2757 1904
544 1447
2600 2997
3548 3455
2360 2017
1053 2294
1110 331
1547 3306
3716 1109
2549 1973
4830 208
4719 2587
2469 2410
1692 1449
2804 457
4750 3193
3201 2565
2803 3580
4777 3539
1571 1867
334 1702
1249 4
1043 2808
838 2060
1715 854
2272 2444
3747 291
3223 241
2849 1449
2559 606
76 773
78 1903
3832 3186
2402 1303
1437 583
4512 971
1145 307
4843 1538
4515 547
1634 3629
2761 2021
1785 2321
4725 2599
2039 824
3599 3465
385 622
3896 1105
4767 3601
3655 2909
2516 3642
2531 2023
527 1343
1013 2625
265 2819
833 3642
663 1239
3325 789
2025 3294
3674 1476
4650 1718
4462 165
1960 2050
428 2598
3016 2924
3869 471
4273 3110
2041 1541
1163 2695
781 162
548 3511
4511 2454
1091 141
2070 296
1890 1588
4757 2831
4021 3125
108 3102
4758 1819
1045 1396
4842 2847
3025 1572
1913 1486
2198 701
2600 196
1061 586
4569 3332
1977 748
2824 2881
4700 3280
3076 2690
1006 2043
1971 703
4362 3176
1791 601
3568 3363
2466 3646
1868 464
2167 2443
3795 1586
186 2877
2240 1960
1893 2060
23 965
2516 1937
4580 1029
390 2940
3398 2375
4331 291
1748 88
981 2802
1959 1995
4241 2890
3341 2040
32 510
1341 3114
2969 500
4476 104
1845 3213
1582 543
3255 1811
2116 2838
1133 577
2089 241
1567 3184
793 2343
940 1843
852 511
723 2809
2889 3429
2997 3159
2444 1040
4632 371
2857 3319
4436 3000
880 2959
28 621
4752 2872
867 3102
332 3622
2690 2450
102 1474
659 2249
1021 807
3442 2929
2999 1354
1970 1351
3580 2680
2869 1570
1932 2936
368 1373
2815 3003
3948 1141
2750 2256
2806 1504
4787 2603
1344 1339
2901 1497
4352 1237
4226 3454
1292 71
3509 3184
352 2673
4636 1142
4231 2315
1179 2773
100 2020
3583 1506
3492 3444
3101 1715
3269 3400
1297 2519
30 2240
2497 504
2076 3445
3517 337
4135 3081
1607 1156
4343 1884
4056 1098
4746 3639
4695 717
4780 1325
361 1659
3262 1218
457 1567
1381 3577
3334 1856
416 2997
1663 1705
3647 2524
2623 428
4045 3374
1521 1833
3567 3003
3694 372
4455 2037
1812 3462
1400 3092
1003 1645
4605 172
1354 1732
3909 2401
3554 3300
3339 588
2941 2387
4724 3227
1408 330
4374 705
4828 328
135 904
3965 990
2567 498
1016 727
1554 138
4655 2008
766 3312
4836 1723
1045 2138
2863 2692
3955 2177
3802 1274
1347 3004
722 2686
376 3172
769 2399
3808 3404
3845 1811
2302 1152
878 2081
2682 65
1757 1969
1118 3578
2450 654
314 3271
729 70
1436 3019
1493 2210
4465 3040
2401 1451
3427 1441
157 2354
2920 1809
871 2215
1201 1584
4585 122
2599 3167
3114 3106
2086 2249
2474 916
2353 816
28 3359
3809 1185
2719 3113
1185 897
4416 306
2270 1884
1467 1464
3143 370
834 2098
821 2196
561 3611
4347 2434
1135 1993
1686 1584
847 815
910 2735
2196 2585
3733 1252
4272 3340
3214 1561
880 1605
1771 806
525 594
3259 1553
3239 1873
1883 2529
1229 660
1655 1958
3749 1244
4368 1139
549 1939
2224 478
2387 3026
2726 3247
2715 5
3260 2709
1424 2699
3543 2852
195 210
6 2361
1309 2472
4277 1260
4251 2907
3165 2207
487 2151
1638 1445
1907 1788
799 2120
4005 3111
1472 2654
4073 2704
4099 2075
2130 3296
1096 2601
694 372
2614 1694
1364 1663
2215 3567
2215 1338
3364 25
1247 1001
1126 331
2603 1143
3633 2910
4171 1785
4667 1460
4455 382
4039 1135
61 1784
4067 2972
4433 740
3732 350
3439 1413
3609 2719
2018 3106
1960 3357
2373 119
2362 285
2512 382
1142 3674
3414 2197
1641 787
4589 1829
1768 1421
2957 2589
4301 500
1483 570
3658 1027
1288 525
1007 2170
640 2074
3888 1799
1195 509
1620 1093
3703 3163
1079 3456
824 645
268 894
129 2550
1197 841
161 1450
80 62
3492 2398
643 956
1760 2002
657 825
4522 906
4768 3413
872 1853
1609 3518
754 1694
4308 3199
3742 1314
2749 1176
1038 3165
1772 1041
1379 147
964 146
76 991
585 2950
575 2001
3130 413
501 23
601 1590
703 2506
1784 1935
125 2508
4805 2063
3536 1537
758 169
2516 2055
3314 45
2769 2821
3568 223
2430 1762
2495 673
1707 878
3318 1795
4254 1285
2301 826
969 3186
3188 2746
784 691
4190 1103
4671 2853
4518 2905
4383 2717
1181 3297
1470 1240
1252 737
4560 2357
3338 734
2844 3189
128 1290
2163 626
1780 1991
2936 3284
3611 2284
3891 1972
2041 3278
483 3631
4039 2511
1383 2725
798 1570
453 579
3501 3113
2672 17
2879 597
238 2963
1321 1719
4606 2781
1018 2330
4010 871
2430 1541
3116 630
735 2394
2250 2762
3034 2295
2572 1091
3124 425
3670 1008
2009 2391
7 2629
3686 3302
3236 2108
4137 1355
2356 2878
2374 2831
2580 57
615 2489
4011 1587
607 1524
432 3334
4382 1021
2241 1947
4650 1797
1525 1373
4596 1949
2007 2948
1439 2746
368 3053
138 1292
492 1168
3743 853
2866 3628
721 712
4634 2001
4792 1956
3430 1591
441 271
4145 3499
2248 313
4785 2879
1291 2465
1771 689
4305 2085
2949 1379
4280 1760
3868 3017
3393 1181
379 2004
2053 137
393 2307
4692 3193
3672 1657
2114 764
2123 1710
2857 1705
975 1726
3093 1910
4283 2532
3876 2694
1476 549
1612 2128
2572 506
4821 1289
1307 2688
658 1988
3429 2537
4197 2956
1838 811
93 2358
4320 1343
4105 718
2832 154
3210 2919
2190 22
4233 480
4390 862
580 899
1005 1879
2210 2394
3131 815
3863 1100
3851 2322
313 864
2013 531
3617 364
4120 1239
3997 3198
4694 2763
1285 1736
23 2714
2568 616
4154 3134
3948 3080
3338 2093
4657 2087
4317 1245
1206 654
3652 889
2532 2118
2001 2813
1712 277
4369 1675
919 322
1885 1783
3398 2951
4507 1349
3721 2807
1488 1337
3962 1767
3824 1223
2256 1699
4312 149
3192 1125
2180 745
3771 2770
3011 2807
1951 3046
2842 683
3324 1734
403 2848
2680 1084
340 995
795 1292
515 1003
1720 240
1336 783
17 2619
3552 3419
2538 283
974 311
4589 770
4814 3544
1384 1394
1931 1419
664 2408
2385 2907
3544 2680
3483 2633
4231 3257
3921 822
2337 916
4209 45
3327 2610
3454 899
3241 560
3771 1290
3506 3332
898 1211
1075 1909
3801 1110
2150 1056
1261 1266
2303 534
3025 3161
3046 3057
3262 3681
402 1666
1170 3398
3416 3175
1574 3199
1197 1682
1966 1296
1839 1158
2693 3555
1253 2951
701 2104
2834 132
1137 3272
1704 3145
4783 2755
3591 627
3194 1940
4208 3181
101 1945
1585 2195
1299 1199
3582 673
3687 1227
3706 1577
808 435
1316 2020
4031 825
2995 2146
2257 1904
1239 1584
2235 1190
487 1483
2086 3204
1835 1608
3811 2952
4356 1286
2153 2863
4625 2899
4722 1575
1495 2770
3798 635
4674 3112
741 2497
3288 2301
1005 3543
1989 2624
745 1518
842 1996
1716 868
4754 3274
345 396
4095 2126
4646 105
149 3657
3052 2430
80 1133
4241 2411
4212 2002
1776 2738
4748 3223
4437 2204
1782 2973
3027 2707
31 431
2423 3573
4225 2601
1749 741
3238 2766
581 1925
2096 2903
3701 3481
2295 2327
2969 855
1676 960
3323 2285
3942 231
1216 1623
33 315
4301 3325
1077 636
3107 2068
364 508
459 840
4598 1315
2126 1272
4624 1573
4196 329
4083 2866
4218 2625
2822 1398
1338 3314
2663 3430
367 532
2593 677
1982 1533
113 995
1231 2347
2145 736
3222 2667
1676 3303
3052 819
3475 1581
4263 2904
4187 1159
1099 165
2883 179
1242 2075
3080 888
2211 19
2369 18
524 2456
916 1788
2508 3558
3174 2480
2020 2272
2889 3273
2960 1915
831 2136
975 2321
4154 1199
4661 1168
1105 672
3383 3621
2896 2825
3206 3535
3545 2639
1733 3452
377 1512
1524 1687
1070 390
3144 823
2495 3189
2435 903
459 3425
3291 338
3485 1512
294 2796
747 1695
3037 3397
194 1109
796 2157
2208 2773
4766 1476
3030 563
1115 597
2307 2981
2968 928
4822 1390
3046 167
2874 2932
2987 1993
4483 2522
1015 2731
4234 1208
99 1966
3124 2392
3098 372
876 2994
1283 443
1679 1237
2681 992
2840 3177
2484 2951
40 3635
2501 768
489 2801
3724 877
2560 2871
3870 2855
3469 3669
3926 1333
835 2338
4679 1339
3661 3175
4522 186
1615 361
1337 408
2632 403
2457 1329
2925 1017
4338 2445
1843 2470
1665 1220
777 3099
4467 1883
4056 1629
4267 1258
2235 351
1089 3215
1726 481
845 132
1243 346
450 583
817 586
3424 2984
4404 3093
3388 3613
2530 2357
19 3172
148 1962
1821 2732
1079 1503
336 2937
2075 3255
3398 2832
2361 422
3035 2990
1766 1817
1949 89
538 1424
851 1549
629 1067
312 1363
4576 177
4187 2796
4491 115
3196 1474
3320 1479
808 1643
328 3205
4281 3064
4756 2122
1843 20
2347 3618
1478 1700
4109 3436
4511 3141
2666 931
1599 2508
1911 1984
2384 3115
1042 110
4731 2059
4198 2565
4441 1450
2194 3460
2239 1779
4843 1998
4755 487
101 2807
2935 1342
3317 2595
4571 586
2576 1370
188 1495
4587 85
4405 3070
4066 2720
1123 1594
1142 1222
77 508
3559 3653
1606 2885
148 1131
2068 2210
4636 2024
3934 2822
3655 1376
659 2878
2493 1125
4538 2491
20 2490
2855 1197
1557 3246
170 1384
437 414
556 2085
688 3475
2853 1605
4317 1577
811 2604
4136 2126
649 3104
91 1389
1868 2039
83 2677
4711 977
1443 3462
2230 2995
3690 2576
3382 3253
2692 2241
3955 3523
4760 2675
2590 2884
3520 2690
520 2363
4122 2184
2353 3349
1296 3383
2528 2575
3079 1203
1443 2156
4298 1922
4371 2514
4062 3491
1145 2179
2838 576
3278 3606
3107 1060
3257 2977
49 1119
2924 1779
3223 3171
2343 1554
574 3562
1587 3065
214 2979
1299 2544
771 1452
3628 764
3916 3311
1783 1019
4664 3159
995 2552
2819 2174
3432 503
2632 1855
2258 741
2872 592
2171 3600
84 948
2609 3528
4825 3297
2139 1017
4019 2931
1390 2035
2450 1251
2494 3152
1434 2137
4190 2019
1675 2259
2680 116
2207 3504
4644 2417
2457 2898
1948 1155
1155 1064
4090 1738
1555 1186
2807 2490
4564 849
1242 2851
1664 2110
3881 1425
116 3521
343 1423
2679 1291
1546 1470
991 1966
3862 2209
4166 2027
347 1135
4281 1207
4295 592
4498 3098
3131 3192
4205 1722
4119 3015
1513 1536
266 251
2000 1415
930 1615
4367 2991
1562 2893
2791 1486
734 2479
3299 2863
4293 3607
4280 1492
1263 739
3902 811
3922 1710
1488 1999
3462 1926
4755 760
3910 878
2698 107
2667 1204
808 87
398 1389
3314 3603
3121 1506
2803 1142
4739 1795
4827 1172
2498 588
80 894
2132 2672
1394 2788
4595 2263
2412 2910
1412 1391
1836 3019
2039 239
985 95
1554 5
4701 3470
1701 847
3579 1862
887 485
3918 2318
740 3666
3418 2606
542 2019
804 2492
506 2622
2842 1968
2158 390
3048 1666
154 203
4571 3224
4669 464
993 900
3882 1656
4484 874
192 1299
3563 2458
3035 212
451 1582
2915 1733
3032 493
910 1194
2670 1177
4404 678
4295 1428
2734 339
1925 2378
675 3165
2358 368
4731 1005
2335 3292
3826 2695
92 1936
1671 312
2321 878
4311 2473
3292 834
3186 3132
1322 1998
124 1891
2703 3140
740 1327
3167 1560
868 3502
1170 3642
1513 2923
1589 1400
1833 3649
3540 235
3241 762
1168 3610
771 3573
3235 1170
2060 2141
1025 426
4079 502
4255 3090
4286 1604
4258 1155
2996 2911
1085 2425
3376 3676
4663 426
2197 3654
3726 3340
4423 3480
4043 1903
3858 3045
1254 136
4145 2567
1962 1718
520 868
4412 388
3880 1043
1540 1600
944 1504
2504 441
2284 2806
2239 134
1775 2721
4176 1642
1664 774
3844 2668
1894 1261
2180 1026
3715 993
2270 1983
1331 495
2646 644
4336 958
1421 3392
4115 1751
2572 2395
2086 3138
2335 2186
829 1380
2733 3082
879 1121
3535 1828
3562 949
2739 747
2082 960
2891 2913
2423 1093
2444 1240
552 418
1001 3403
3518 1118
23 2922
3984 3410
1236 2776
3031 677
1255 8
2908 3388
1614 2728
3998 3517
1252 868
2757 1926
2719 733
3112 1206
1613 2378
1733 3612
2599 2245
837 3110
28 1318
1681 1957
2871 1
920 2176
768 2316
3518 517
1804 1406
4164 1683
2471 253
1752 2945
3452 929
1277 3577
1973 3397
2323 1440
4071 588
3581 2548
4501 1539
770 394
4281 1218
136 597
1464 629
3097 1616
3360 1321
1164 1572
3049 2427
2124 2670
4743 3523
3049 423
4510 2773
1384 969
3650 2840
869 291
2411 1153
4191 3616
463 953
33 2220
2701 3118
1802 2505
1070 2309
2774 620
1230 845
4276 3032
4199 3073
3427 2886
4534 1801
2594 3338
4794 2421
2179 3239
3697 2392
2546 1386
3751 2999
3373 2801
3008 2360
4412 440
4638 579
3221 2304
1690 989
1121 1878
2232 3398
822 538
1367 912
4562 79
1647 173
3440 2242
508 1099
3166 1474
208 1996
1788 2293
78 1117
941 1480
4763 3446
2558 1415
1008 1952
2297 333
2052 2850
1894 1873
3188 3358
821 2575
3269 678
1567 1554
1118 1459
1045 202
2926 1852
8 1167
461 1290
557 2077
2216 3554
1825 2466
2195 124
263 2803
4826 1683
2174 1180
2807 481
4060 1551
4562 1211
4146 424
854 1273
3060 855
3569 1005
1325 413
188 231
2510 120
2990 968
3045 1283
164 239
4204 2244
4832 2047
600 626
1894 1169
2515 220
807 2786
369 460
1480 3000
3748 2631
1450 3476
2746 1538
4143 1796
979 2302
3765 3174
4382 3414
1106 642
1277 2256
3993 627
4363 2899
1283 2403
3574 3230
2198 2792
4637 1946
1503 2716
4689 643
3527 457
4686 2884
1844 1613
4451 2026
1603 2989
135 2039
3112 658
216 2353
2191 3370
4679 157
979 299
4710 1943
4774 2360
3264 161
1022 1152
4812 648
180 3446
1276 3312
1358 1811
1804 1494
3631 651
127 60
1019 589
2258 1649
2104 3396
1016 3485
150 1159
3166 202
106 2676
2931 109
1723 22
395 638
3968 68
4590 2201
226 3656
1071 669
2821 136
627 2738
943 1716
1145 2535
4372 3084
1095 2396
1980 3055
805 3289
4369 1304
1609 1784
2039 2015
4448 1882
1183 1937
1036 3128
4 187
368 950
2214 1798
3734 2965
899 2616
2508 3318
2741 3033
1507 1646
3974 3197
4107 3199
202 3226
3102 180
1991 3436
3108 1564
298 474
4656 2826
1413 1991
2427 1492
385 2365
2841 3354
493 2843
4479 1901
3451 2056
2250 2830
2803 1614
4792 725
4536 2440
2505 10
3191 1567
4083 150
2894 46
3828 2226
4343 381
63 2889
1130 2305
2015 1517
921 2930
2544 3151
1006 866
1884 694
3996 1155
4038 1783
768 361
745 984
3997 2031
2745 1382
3668 3233
26 2778
3005 534
402 3490
3781 2144
1463 1102
122 705
4072 484
2403 2072
2376 1550
2561 123
2802 2680
1741 2147
4575 1487
4352 386
1505 1238
113 3472
2976 2768
470 3085
648 3085
3202 2463
2375 754
2471 2339
4093 1642
2903 2822
4254 1179
2360 3323
1809 1164
1298 1966
2356 2265
950 528
126 2656
2216 3458
1585 997
3817 439
2628 2900
4327 222
2081 1477
4242 253
4678 2918
571 2159
1762 3247
1581 3649
1559 99
3350 1407
2809 2739
1760 3653
563 807
3386 425
2704 470
4760 2551
3094 1917
2776 3483
3740 2952
3301 2573
403 203
1114 1025
2243 890
2421 498
2325 109
2497 2118
1108 1007
1808 886
2124 1506
4674 865
2054 1025
3870 99
3415 558
4242 1956
1805 3536
3946 3677
2574 30
3353 2261
1908 2489
1401 3449
4153 3254
3406 2122
3097 1209
2554 2743
1467 2801
245 2126
3606 3018
885 1313
4735 682
256 134
1403 262
2376 2601
469 1168
4065 3244
378 2217
3899 2810
2015 1987
1436 3180
1074 2477
2203 2304
2291 2336
1600 3454
205 3641
4400 2509
3126 1905
2111 2572
3800 3570
1225 3041
93 1980
2825 3247
679 2128
4771 2750
349 1246
2010 3432
2852 2624
550 996
799 1038
3660 2310
2637 604
2799 2827
4120 1599
2098 2833
1556 483
4715 2309
4806 427
2013 3442
4400 1109
2882 2898
3363 42
1243 1072
2695 1818
3824 1219
234 3109
4147 1737
870 3182
3009 539
3336 2257
2576 1902
2752 2475
4126 2376
779 1434
1962 3220
1999 2252
1114 2016
505 2508
471 1717
695 2588
465 2672
1192 1304
3585 2993
2812 2756
1439 422
1008 444
1438 824
1915 1288
2015 2509
606 2155
963 185
1878 1798
1513 1687
374 3166
1411 3678
2776 2456
4727 2350
1617 2705
453 1872
400 2270
3353 2707
1988 1529
1800 699
4249 2067
2531 2952
4541 3027
107 1207
1310 191
448 2630
1653 1663
1312 1640
1308 1305
3384 1908
1650 2942
877 3430
3512 1507
3493 3078
1213 1274
2312 2684
1405 1272
1719 1246
497 401
3286 323
975 2072
3146 1020
2799 2762
2646 1394
4181 1375
4179 295
3625 927
4094 3576
1205 764
612 41
3080 560
2002 632
555 1401
2063 3275
2810 1271
2658 835
113 1557
4311 3215
2040 1621
3420 1422
889 3583
1911 1123
2384 2531
2449 116
482 860
2322 2284
2071 1707
276 3181
164 3631
2790 1172
3785 1181
2873 579
1373 640
2658 3664
2222 2198
2018 265
1292 160
2657 1615
4653 2179
783 120
2059 3127
865 2902
2130 1109
1766 614
4526 450
4716 2775
2766 2639
1690 2971
1119 1837
916 3315
1119 2529
2050 203
1697 422
4396 3657
4819 1255
1890 1511
371 2055
2188 1494
2130 280
1790 1685
4385 1436
558 2174
1294 384
4517 2280
3967 815
980 2257
1125 2083
2656 3574
4241 1317
1850 2747
4309 742
1675 427
2947 14
1713 476
715 2172
890 475
1158 111
4002 1800
3105 3482
180 2038
3404 1123
3913 3394
4405 1772
3357 1726
2355 2152
1022 2726
1900 1218
3689 2269
1346 3573
3721 1402
1149 130
4833 2170
2092 3407
1254 1381
4442 2185
4532 310
1171 3146
256 1406
3206 263
4053 795
143 910
4660 1048
3411 2860
4596 3292
222 1409
1969 1282
1622 3666
382 966
884 2200
4336 1620
3740 1072
2313 744
2414 423
3940 1154
4084 1341
174 3291
2696 1614
2564 3510
2320 1760
3859 1646
2790 1129
3917 3624
97 1636
3751 2165
1903 773
2632 520
1631 634
444 1519
1149 1739
3840 2955
3679 2867
2068 735
1551 3284
661 2160
3989 972
3742 1065
1137 3491
1657 30
4002 2747
2460 79
813 2087
1653 742
945 963
3800 2716
4492 1669
2533 2582
3247 460
1079 3118
3767 3616
1624 1067
1445 3145
4466 3499
447 2408
982 3330
1156 2414
3790 122
3953 414
3654 2243
1857 1746
679 2631
3583 2668
1763 2306
3818 2221
3464 2075
2849 2663
23 1598
4440 3164
4208 1749
4466 3357
2010 3399
3377 1174
865 404
4111 3431
2791 2276
1898 2268
1560 1458
2659 348
2442 3539
1349 2961
1325 347
2979 2839
1710 2417
700 2874
3945 1561
966 1286
4025 294
2874 1001
1720 2774
4747 2765
4497 2755
790 1411
341 1290
4521 1882
4648 3144
1262 2612
1677 732
4476 1552
4434 3164
4370 34
2611 3217
506 2709
632 575
1320 1625
238 1773
619 3445
1262 2890
454 1336
3414 2438
839 233
2782 807
3904 2546
2223 2404
3800 2250
2693 777
2721 3050
1941 1532
2515 3608
3984 2573
163 534
366 3048
1999 1816
1701 2867
158 121
589 3427
1226 3610
102 2711
4551 1888
1046 911
3240 3378
2261 533
4598 1510
1625 584
142 485
1178 76
620 336
1587 1256
769 263
1482 170
1367 2804
3859 1000
4165 2332
3879 3134
3098 1204
1451 2906
1221 2055
812 1327
1664 3014
4155 2667
4475 1407
2701 737
3684 1393
3762 2158
4326 3527
2709 625
2897 2973
3792 1162
1857 1962
1171 2852
4056 2497
2277 372
2001 1442
2458 3029
2309 30
288 928
940 228
3673 297
429 1826
2286 525
1672 302
4230 3670
914 1179
3449 772
4446 1215
2427 1780
2022 1844
2742 74
1131 3377
3208 2805
2587 3031
2964 1460
2593 2368
3226 1001
1083 1193
2622 2234
2173 48
1639 2361
3468 1252
3843 2267
1254 3009
2729 2650
1051 444
2441 1476
4835 1012
660 2484
744 3680
3698 1206
1672 2718
4506 548
1111 490
920 2172
1646 3538
1809 1773
1427 2938
3948 2621
4393 3413
1173 3651
131 932
1349 412
943 900
3695 1189
2069 600
1649 2690
3515 368
134 3140
598 2152
3403 2647
1736 2859
3512 600
2387 1896
690 704
311 2699
865 2108
2864 19
4664 142
2492 911
3401 2701
4355 3058
3625 2973
2326 2291
1279 1066
4243 2688
2132 2345
225 3502
2267 2192
1605 749
3489 969
3085 1653
4079 1848
2938 3217
3428 299
4124 1272
2146 737
2746 1507
4698 1011
565 1250
3742 483
1986 45
4085 8
727 2270
25 3515
1380 1716
337 2402
1132 1582
2566 2151
3501 2749
3596 575
1466 886
3890 1036
4271 727
2743 1342
4098 1570
2494 3003
2920 974
2083 1798
2995 2010
328 2513
1359 2930
1412 2206
810 627
1781 1436
2631 3324
1812 717
819 1016
4490 2951
3619 1412
3278 3041
2815 731
1358 2009
1374 2615
3860 2891
2920 559
3464 1790
3386 2124
310 3165
2191 1129
1498 941
3023 39
4787 533
4622 1600
1394 3132
2521 172
91 3395
4551 413
3329 1070
1141 3549
2993 2201
2221 1798
1618 1245
1809 307
3117 2596
3911 2266
661 1039
2300 479
233 3568
1764 1256
3331 2887
56 578
4303 1593
1165 2813
877 2889
942 113
3129 2383
3605 920
3103 1756
2864 1771
4189 3399
3169 50
2225 1243
2703 2620
463 2380
1498 958
1237 821
2346 2116
766 2403
2460 3282
175 1945
4116 1127
3447 2465
1069 2841
3284 1498
444 3039
679 3007
567 2057
3469 200
1400 2195
3636 629
4371 358
2175 201
3172 187
1360 1446
2263 1372
1718 2897
4083 2122
3506 1536
4131 107
3963 3303
330 231
2233 750
116 1655
836 3061
179 55
3442 2033
2223 1466
263 1587
3355 837
1384 3606
2655 834
323 2179
3729 67
3242 2422
3914 2352
3684 3620
807 111
1918 1542
4389 91
4474 3065
599 2175
3641 3006
2417 1288
896 2838
1066 2343
3785 935
4278 2253
4510 2726
866 734
2971 642
2213 3158
2585 3556
2356 1677
447 1147
4828 2813
4318 3637
3993 1236
3526 15
3605 2869
1371 2788
1519 2582
4619 2116
1489 3052
2585 2927
2768 287
3386 2822
1809 2148
2388 1517
2808 3522
1333 909
1130 1059
4004 3654
1776 2407
2770 635
582 568
575 1250
2431 2707
2744 2998
1745 1171
1403 308
1950 10
714 913
1622 1303
1566 565
2189 158
1200 392
1241 1313
1491 1133
4515 1247
1422 1450
3660 2149
3828 2699
3715 3470
4665 1331
1371 2433
2140 2581
386 2625
1251 1655
1554 1282
176 1060
2723 419
4321 1056
1981 3211
3595 590
3174 2119
4757 2783
4757 3006
3508 1540
2635 1539
306 446
101 2130
295 1862
4671 1247
1982 799
2495 1420
4715 660
3981 1691
3230 2576
3573 3227
1766 1997
3019 3458
3891 1335
1618 893
3268 521
3493 543
1773 1889
1074 3439
223 454
1792 1475
270 1515
1470 3411
3886 1679
2886 959
2957 2847
4807 2034
1153 780
4249 1457
10 1226
2664 3285
3511 3367
3101 25
4593 1741
1148 2688
602 3478
2733 2982
3545 3352
1335 263
2517 48
3401 2166
1639 1660
3029 822
1229 2550
1988 1112
4369 2954
2763 1606
1380 53
461 2807
2249 1664
585 406
4124 463
3717 3198
238 2232
1086 2068
2184 39
1994 1491
217 706
3841 1300
636 1007
824 1491
4375 3390
2615 688
456 3626
1619 266
716 1536
3055 1323
2956 2168
738 990
3381 1500
703 2868
1205 3220
2176 2074
2432 3574
1714 2011
2025 35
273 3101
2351 3146
3902 352
1063 2335
281 1781
3923 3134
1100 3321
2967 79
4102 347
2163 876
1147 2748
4332 1092
4804 2970
290 1023
4217 2019
2372 2654
4468 525
995 2891
4446 2784
271 135
2038 1605
4067 2768
357 1118
4350 3228
4502 3012
682 137
4368 467
3374 860
3244 2830
3133 439
2945 901
2663 3659
2780 829
3386 3352
3053 1478
1585 1962
140 949
988 2332
182 996
1620 1377
2100 1124
3419 2800
3607 826
1419 3346
2746 3586
3727 61
2590 2440
3053 662
3734 1470
3292 1632
4357 3335
407 2679
4569 622
2177 1932
3336 2392
2992 1831
1671 2983
695 1394
2779 3620
3144 2982
1066 3084
2481 27
1559 3566
2864 1460
1092 1345
4547 2254
4288 2886
3422 1814
3277 1032
3386 3576
1452 1576
1317 3670
2921 3605
2592 3233
1941 3639
282 2547
2999 2451
2605 2370
1669 1732
584 1940
2924 790
1675 2436
4604 705
4369 3552
947 2183
3172 124
4105 2703
3146 1430
483 3121
188 961
2129 1715
690 2111
1001 2410
422 3663
3297 2271
3559 806
2538 1577
4115 3134
3203 3403
3421 2010
4455 3676
2889 1061
51 3080
4506 3511
3296 3105
4322 2007
524 1037
4125 2725
4260 3280
4744 2373
534 3668
3769 3267
2704 3236
2301 1681
3811 1542
2340 3332
3496 1027
1850 3043
832 532
594 2721
695 2884
1986 2811
133 3472
2244 2737
4777 1298
2961 2549
573 1247
2048 2621
1123 3052
1584 2831
1450 2771
4480 3590
4493 397
2169 945
2019 765
308 2053
1166 3224
4774 3554
102 2200
2827 1469
1595 3343
4642 2776
4318 1894
3245 2348
109 3431
2846 350
1813 2369
248 3519
1530 178
3914 2582
2588 2641
2023 3635
3278 2648
435 791
561 122
712 2907
797 1164
2778 3535
1549 1966
1684 1385
1753 854
2504 2788
1890 1657
1022 1149
576 2043
266 2943
76 1855
3282 1371
529 1116
1320 2183
2626 2500
2014 968
971 833
2852 3526
4830 2022
549 1487
3073 604
2198 344
4500 630
388 2851
105 3580
1741 2598
274 1986
795 3026
724 29
781 717
3551 2225
4750 1591
2900 657
3455 3346
1063 3138
2190 3545
858 2036
3946 1684
3753 1646
3214 1248
789 1973
2276 330
2686 3448
128 778
1750 2224
2237 486
1573 1912
3678 650
4719 2223
1138 1808
4781 3223
3277 226
1361 2264
456 805
4438 2053
1421 986
646 1370
3455 506
537 3490
1172 667
1269 929
4640 1957
761 2853
4840 2358
1913 3033
96 3307
10 708
4495 1742
919 3522
4193 2804
2634 1562
3055 326
4739 1832
4816 2025
145 3563
2982 508
1559 1860
2475 1976
1320 1332
1332 864
1850 184
2478 3090
3250 1904
852 2713
486 2117
3777 1792
252 2240
3219 2186
944 3016
3856 2005
1547 1951
3784 934
4673 1123
299 1123
4440 3359
2372 2336
4406 1420
3548 1985
495 2592
1055 580
789 3159
2739 2985
184 1150
3447 3102
3556 499
870 3142
3340 1139
967 1715
2743 3625
3043 40
2608 2575
4235 2879
1962 3032
1368 2717
524 2757
3291 2967
2326 2151
146 607
1464 1396
2020 585
4844 497
3801 2669
2684 448
781 1759
2214 987
1485 3107
3826 2340
4785 3254
3629 912
1648 2547
989 2897
68 1905
527 3396
288 3669
4110 1075
3654 490
4114 1460
4011 3397
144 3400
3796 2792
4456 993
1314 34
2548 1013
3477 1521
1333 1594
3208 634
2948 349
2443 3293
282 1591
2988 2832
4277 646
120 2286
2870 1437
511 2674
4539 2985
60 1996
921 1820
3755 2679
3900 2991
1355 398
3731 163
2823 1717
1176 331
1256 1118
1408 237
3602 3539
3952 2924
4156 2736
4810 1755
4801 3427
3867 79
3014 3052
2215 3085
720 866
4304 303
1052 3582
2295 2347
71 1389
3544 1214
1055 3234
3497 587
2711 245
1257 2037
1024 3265
1292 3339
2112 3117
4070 3438
1040 1417
4184 2159
3878 2889
1165 2065
1947 1021
382 2425
2174 823
1950 1888
706 1904
1069 1654
1273 2193
148 1837
1797 2593
405 3028
4702 1106
4805 243
1068 2729
2443 1534
1055 2369
2563 1341
162 2048
3546 1639
4623 3089
1389 1759
3089 3255
2951 206
626 271
717 1171
4605 418
2743 941
3403 2333
4291 286
4349 718
2072 1460
4679 349
3027 918
3101 2249
155 828
863 2111
572 754
560 1506
3207 1812
2486 154
4041 1243
4321 1100
1407 478
1541 2593
4154 2830
1614 2977
3080 3622
3329 1612
2914 2261
377 1869
152 425
1674 1076
1617 2996
4025 1058
521 2436
4101 209
2492 1935
2256 2610
1382 950
396 3260
4582 293
2138 1512
402 101
502 3633
3566 1827
2571 2130
1142 466
1258 1386
358 2082
4174 1767
3038 3159
3099 2545
3959 1805
1306 217
158 1271
4049 242
4323 336
4676 2189
3281 2823
70 266
2464 2116
2477 1553
2924 578
1464 2661
881 3172
557 2629
4142 2822
2332 1962
2781 1772
1116 1214
2266 3629
3 2391
689 96
2304 2652
1353 3063
1441 146
2919 623
4166 3315
2649 3673
2097 2736
991 899
1578 1772
1834 1701
184 683
3974 1428
2919 2825
4742 2448
2786 2051
4087 906
1800 3360
3408 895
4399 924
4380 882
3609 528
4506 1210
916 1345
1895 1457
278 148
3579 1512
265 988
3843 2728
4693 3253
1974 2796
657 824
4106 936
4264 230
3473 1517
4264 305
2435 1423
3214 2009
346 2657
3327 123
3365 516
3395 1524
2080 1726
1714 1532
4527 2618
1160 1678
233 1971
4059 2214
3431 2557
276 3042
193 516
1577 3417
3347 3136
2132 2826
3595 2352
3004 2599
3734 1624
2303 1442
4346 3255
4054 1030
4300 406
3168 1941
3141 554
2006 576
3310 1292
3804 2304
1676 2285
2105 718
4674 1902
1103 2704
804 1593
1264 3159
4741 1484
2078 1946
2625 1082
2338 1933
2424 1438
3773 1496
1983 2403
851 3209
3553 547
3761 2388
1268 1605
2302 1133
110 3329
2459 2351
101 1276
2226 1766
1843 1000
2115 533
3475 2676
1688 3070
3987 2375
2469 2460
4770 3610
58 902
2528 564
2763 3124
1777 2062
3845 2599
3716 654
430 3448
2118 1894
3121 283
3591 1592
981 1202
3532 2217
2760 3326
527 2235
336 559
2332 3547
1892 1070
2015 2101
2591 3475
941 1316
3947 3108
1466 517
527 1293
4837 3537
3981 2473
2566 1517
1251 3407
4055 2685
1743 1646
3948 2396
47 3547
2228 1181
1728 1979
2351 2753
4194 1543
1112 2146
198 714
4544 874
159 3208
3591 2212
2792 2949
4443 3230
4670 2056
1228 1135
52 711
2911 2912
1016 1746
4522 2443
2588 114
2437 633
2843 1932
4420 1408
254 888
892 2038
3172 2763
754 884
343 1905
3769 2343
2459 2243
699 3427
4320 3262
1597 2515
4252 1180
1784 1813
605 1221
4581 1736
2669 1017
3074 1074
2465 1798
3661 2999
465 1873
895 2118
224 1436
3345 2347
4387 831
3042 2128
2185 1052
326 2294
2658 1493
3315 734
4401 1900
4805 1528
2120 1675
3592 878
709 1668
2763 1423
3908 3428
1087 711
3979 1850
4531 3569
11 1187
3762 2290
1039 616
402 2016
421 3302
1229 245
1177 646
2542 3357
3662 2239
2576 1986
3781 2462
3627 1019
2735 252
601 2105
1420 1675
2404 3174
2277 2131
2980 3040
3810 1188
4112 125
3317 840
4374 984
314 1539
627 42
4080 178
1244 3325
1474 2518
2978 488
2304 874
901 291
4540 1333
293 2523
3921 1623
589 1261
4112 2054
195 1105
4174 364
4410 3184
4302 3191
459 3332
4170 3143
588 1576
3339 234
3368 892
4720 74
803 3587
3907 3150
91 3499
1692 439
1102 2639
785 2561
2598 753
2259 1746
39 2995
3901 2431
2000 3399
3899 3196
1373 2223
4769 1428
3491 1970
3986 973
1317 1497
2581 300
2248 1137
1194 2175
3958 3250
2737 2113
2025 907
3270 2152
1849 3528
2358 1668
3770 1982
2399 2581
4136 1142
1539 929
3021 2134
540 307
804 1533
1577 2587
934 2033
2355 2200
3526 612
4718 171
4701 2082
4807 3410
3241 127
878 1529
2854 1334
2814 2679
4343 3012
4334 989
2621 2160
1256 3154
4667 3440
4711 3300
3414 2260
4268 2385
3637 1040
1858 3617
3301 3468
1214 960
4660 2460
3468 856
4586 547
2612 326
2078 2903
4840 236
3935 1498
60 841
1122 2879
4067 1311
982 2087
352 55
3048 1248
4200 981
1173 2935
2961 2268
3898 1386
2398 391
3174 2911
3271 2542
2041 1007
4811 1034
4747 1956
2161 402
4806 2471
4217 1073
2871 2302
2569 2718
291 3063
2786 2943
2648 709
2725 1049
944 2084
2432 2773
1077 1188
593 755
3862 2635
1532 2127
3824 338
4666 2484
3482 753
2846 1572
2341 528
2671 2292
3361 2393
3571 1831
3354 3057
4465 3042
2828 1971
1443 1494
4159 3387
4082 258
2098 3490
2361 2314
920 3172
1427 1349
1643 3224
440 10
906 2272
1267 876
645 262
3198 1075
4745 197
4040 236
4238 1742
107 2991
2312 3305
3029 1800
769 714
496 451
1615 932
2421 3283
1133 252
285 2853
3483 2511
2978 3391
4528 2815
3534 481
4417 3114
3743 327
2060 1687
1899 872
3370 2622
426 1584
3668 251
4050 2818
2784 1180
4679 822
1145 210
3624 55
3864 420
1901 2846
2943 2908
1981 3595
947 3060
2610 941
220 1695
3406 1688
4038 3535
3279 2314
4670 2121
2134 1022
2288 2793
1978 2207
3069 25
4811 1880
4090 3060
992 2435
2975 2200
1163 2975
3590 1009
1270 684
4837 1254
4015 2843
4428 1397
3227 2150
2269 415
3618 1457
3816 3321
4219 1931
800 3585
1000 2077
4766 3279
2374 806
1795 105
4081 2282
3202 296
1940 2822
3 3128
1071 3641
3214 3120
764 2070
4421 1710
3214 3211
2349 2674
3513 2827
117 3329
1837 3661
213 1807
2492 3110
1188 1157
4428 1551
1314 2931
3582 552
1074 2316
4409 1601
2474 1411
397 2190
4322 2976
861 1745
3546 3124
3250 1342
4151 2337
388 498
2691 3575
1802 2586
2715 283
1118 877
442 2237
1903 2777
1378 779
2439 3505
2852 538
956 1763
4627 2621
1717 3626
4356 1932
3566 2268
3693 3290
2211 3080
3645 2984
4775 2658
2862 1212
3134 411
4085 1260
3889 969
1281 74
909 3305
3550 1606
438 2859
2924 489
1631 750
2717 2406
1342 326
1419 1100
1130 1707
2771 2318
512 2204
2735 1749
458 362
2192 1722
3582 2305
3346 1355
3521 534
2333 2553
852 3006
1413 1548
1677 3480
2391 2843
4736 2261
2200 1323
3459 3304
3170 697
1506 2923
3212 1134
2831 997
230 343
1457 212
2642 1693
2245 306
373 1839
3375 2550
2073 1155
3304 145
3284 221
4120 1071
3415 1748
3780 1968
1661 1439
40 1967
100 48
991 2640
4652 3561
4426 143
1277 1436
1540 2269
2248 2121
3504 972
1805 3472
3497 1223
1436 1238
1142 1774
4634 3443
4318 1058
3314 1019
2096 2989
3512 609
590 1990
3514 1766
1610 1163
3554 531
3822 605
1408 2892
750 574
2133 3051
4464 2523
3566 225
3886 3005
2780 3391
413 2149
2072 108
3136 1417
3956 2692
2814 3169
390 2433
3098 3315
1438 2205
4619 2442
4400 482
3483 2796
4351 3248
3946 3590
2839 1235
2647 695
1818 1857
4737 1351
128 3579
2632 2860
1400 245
4383 2991
4686 671
1191 257
3624 1915
2258 2078
1797 2784
4702 850
4680 1492
63 349
3096 3316
3844 2797
3061 2382
3695 354
3083 2096
4070 1018
434 3383
2394 2010
2564 1307
4313 1352
1621 2083
2713 3072
2113 3479
1420 1811
3963 332
1003 3508
4315 508
949 3516
327 741
1028 2747
562 1565
413 3458
573 1569
4014 839
552 485
3101 2215
3670 1044
225 3519
2736 452
4352 847
2811 76
799 1740
2616 261
3562 1715
4165 3354
3278 2972
135 1050
3169 2155
1105 430
2253 145
1317 387
4312 3119
826 413
1524 3413
4458 3149
4000 3310
1612 2467
3550 2188
4790 1333
3491 919
3097 1508
408 1051
3087 129
3637 2948
1091 3349
189 657
3666 1873
1761 1634
877 1402
1609 963
1789 3123
4569 2642
524 3323
4045 1004
4080 1161
3822 1948
2371 817
4561 2587
4420 2582
1970 3451
4211 422
1279 3159
2542 798
543 3671
4112 1139
3120 3641
2335 3492
4586 2467
4324 3585
2298 1763
4401 3224
4390 2919
4588 2809
1613 352
2542 1661
2336 412
4227 1591
4513 1127
3565 2740
2495 1393
3331 30
1814 2409
2574 528
1743 1865
3028 1947
3543 733
964 2310
1771 2926
10 1247
4464 63
4114 2181
3223 766
4364 3508
4415 2827
3648 905
1357 2667
3214 1762
1090 1172
2392 2067
2594 2736
958 2224
3705 1604
4497 2934
3822 2041
472 535
4591 1975
4666 2110
2287 3218
2776 582
734 1849
690 1908
2146 1612
949 2253
2303 2052
234 1734
3165 2433
2209 2307
3933 758
2489 921
611 1315
626 994
1117 872
3138 3618
1196 1929
2232 3390
3284 2892
3261 3674
1781 686
765 703
4767 1704
2799 1036
3499 1129
960 1523
907 2001
2792 1819
3174 2775
2164 2542
812 804
1874 2026
788 1243
431 1852
2880 3345
1537 2805
3615 3328
4241 3272
905 2367
810 1998
2803 1816
853 639
1378 1831
4553 2490
4757 2065
4129 1011
3554 355
1781 539
1063 959
4536 2058
406 655
1213 1945
2900 2909
614 987
475 812
2934 3480
4297 2942
457 1859
2784 486
3058 2155
197 3169
2913 2878
2335 7
2328 2879
1194 14
2101 486
1968 3374
4124 2414
1324 1139
700 2887
1503 3072
1865 1179
679 2091
2959 1463
2943 1942
4265 2392
455 4
1951 3171
2637 2141
1544 2239
4361 163
4678 2420
4360 1700
3397 526
2163 709
2973 2876
4816 2353
3391 2355
3195 3348
1629 849
49 2871
585 3457
3547 2191
2025 197
3053 3672
865 3378
3225 2297
4213 3534
4757 617
2834 2320
595 1606
3258 1822
4349 1121
2174 58
2875 2570
4045 2854
2367 1
4791 600
4232 1923
1269 2905
132 3415
292 524
4148 2765
2113 942
710 1485
2378 1464
3076 1111
4420 188
1688 60
1126 2583
4455 2118
3024 710
4005 1164
1569 2477
3707 3412
13 1433
2914 2081
3227 3153
2969 732
4405 559
4685 2039
2953 1349
3117 1165
1832 1720
1215 1752
1722 335
2146 3487
843 129
4293 3203
817 1692
4756 807
782 244
3860 2282
1947 2847
4385 1865
2353 2374
456 71
1624 361
665 1009
2748 2393
426 3314
3998 2644
3862 3629
4400 900
2941 3019
3724 571
2064 277
3451 3398
3076 1162
1827 2754
2570 3605
1529 451
1246 796
1286 2926
2101 857
2085 1463
4463 79
1707 949
2149 2314
985 568
37 1254
2775 119
1596 1607
401 3506
3472 1448
1954 2856
554 2529
2432 1340
1276 2122
971 1103
861 1904
1801 1466
1888 326
1699 1936
3256 2132
1884 1797
894 2286
1130 16
1216 1878
742 141
1066 401
4827 3652
536 1716
489 1979
4836 2014
697 353
1659 2640
1203 853
3444 3183
4538 1761
2908 1127
3623 1326
1510 3189
2931 2301
378 2831
1246 3518
4368 861
1812 2480
3881 3380
593 749
2058 2176
1464 1134
1112 2534
1794 1353
3295 2316
4508 781
844 162
2500 1016
3110 1095
3615 326
126 3503
880 1359
464 205
2221 875
1433 1511
2561 1147
2835 690
413 2579
2268 2031
2427 613
3252 653
4143 3551
814 2919
4276 481
2451 556
4449 848
3094 226
805 3073
3467 1387
4233 890
2582 280
1139 748
2901 3056
514 2500
79 2556
4150 3237
3082 3018
4538 418
890 1173
4796 776
1514 2500
2837 1936
3815 1357
4380 2942
1219 1900
4592 1414
1349 2996
536 2245
3215 107
876 1065
773 2830
518 2386
506 1410
508 656
3157 562
4521 711
2658 549
2016 336
3258 1503
2623 2205
3746 1131
3448 1856
615 1057
4735 2406
270 1141
1591 804
2480 2551
1815 1858
894 768
4805 3009
4022 2178
3686 534
3775 3110
1357 2519
3979 3614
3281 1701
4491 370
4357 2140
2427 3410
2956 3119
627 786
3736 2920
73 2395
1140 1371
2724 568
4520 3060
3905 2572
2299 1933
3137 238
1219 2583
438 570
1763 1865
4546 2801
4592 2708
3154 3412
3571 347
1533 1094
4527 3614
4553 335
3480 239
2431 2184
4687 589
2391 1110
140 668
4238 455
2944 670
3216 957
519 2730
2958 2464
4832 840
3177 918
192 2536
618 488
2166 1444
4281 2685
1479 1054
4099 1524
4054 3259
3081 3661
1608 1303
1262 1294
4013 2960
260 3296
4193 245
1576 2660
4318 1695
2045 2287
737 1161
733 1135
680 1010
3748 2010
4513 2325
73 79
4776 842
3894 503
1184 2476
3306 348
2892 3267
488 3401
245 1001
204 1225
855 3587
3319 1966
3207 182
262 1575
239 1905
4185 2898
4775 2156
37 1234
2727 2035
1920 3143
2812 580
465 2629
3874 1443
4717 1747
2555 140
1447 1575
494 1667
37 906
532 1315
2813 406
1995 2401
3570 3553
1494 1934
1942 2913
2031 1326
3104 131
520 812
2593 2161
2548 3381
817 3469
2974 3449
1021 1662
3009 2648
3785 2876
4795 348
2684 3647
3241 3128
1472 3154
945 2640
1692 1255
527 1087
2869 1250
2643 2442
541 391
332 2607
2476 3635
393 1581
2289 1334
1887 2715
1091 3417
3625 1876
4240 2649
2252 3392
3893 1860
1903 1171
2839 1659
4309 522
650 688
2753 2497
77 2503
4473 2368
743 1972
744 3201
1724 2339
3712 2254
1875 890
3805 880
2535 3545
3133 1175
3890 809
497 1386
2045 380
3495 3036
4740 2819
3886 3124
2499 2696
3821 907
2796 2866
2462 1840
3445 961
3940 2167
688 156
2203 1150
2690 1482
1284 503
955 2114
4741 3059
3620 2935
1301 1509
3218 106
4006 545
4641 2586
2747 2505
2865 637
1336 1673
4682 2744
1434 194
942 1534
301 545
518 2710
2777 394
1014 1504
618 1879
137 2009
4350 380
2711 2561
850 3465
3713 169
1759 2758
1615 1629
194 2789
622 403
3308 1954
366 794
4201 2047
1897 2489
137 2225
1895 3051
532 497
1508 3235
3289 926
4169 921
1617 3618
2150 860
2352 3304
1301 2116
4057 1196
3788 3281
703 2541
707 210
399 2711
3396 3503
1403 2369
3013 757
4547 1160
1063 3097
1865 1261
2862 3471
3590 1540
2767 2768
2158 774
923 3035
765 3541
432 526
2702 1246
2874 1191
4231 1031
1960 1129
1067 3240
529 648
389 2031
4626 3657
2385 14
2921 2905
3823 2889
3909 377
4638 1521
1071 2616
4576 1343
3834 1596
2415 1561
2102 603
1738 622
4605 1845
4295 2244
1885 2367
2203 872
1441 1517
872 17
2795 2100
3990 29
4303 2958
4548 3212
3923 68
2875 446
1005 3118
1200 132
2482 1811
2958 2854
4190 1144
2699 2832
1575 2849
2104 2402
2931 2536
1603 934
104 3071
693 1495
3052 1429
2473 2191
3561 2944
4621 2608
1135 3619
3828 1486
2426 3637
3168 3171
3640 1939
3414 3446
531 10
4093 3578
3942 3429
2569 2950
1322 3285
4839 2531
4485 1493
4827 843
496 1362
1589 1821
1683 3522
3936 3304
4361 357
2262 2139
1417 3517
22 1206
1271 106
4677 951
2122 2809
323 3085
2403 3033
2885 3498
3616 1546
4474 228
1679 1148
2285 2720
2906 1470
3415 104
189 111
4752 1760
1205 1544
1623 2956
3062 3009
2557 1717
2763 1186
4517 2558
3312 1737
442 2519
685 43
105 85
1112 1742
2874 2174
3020 1684
2718 1648
359 2815
388 1794
2221 2786
3770 3169
1912 2204
3477 1623
4269 970
3982 3105
3181 1644
2893 2831
1156 2860
1088 2510
4078 3561
1717 332
3039 2921
1708 4790 9907
72 2884
1596 4016
1403 2963
1096 264
1484 828
1567 2965
1293 640
1532 306
210 847
813 1167
558 3200
424 2884
296 4168
288 1914
999 256
787 2883
633 1617
914 1835
823 1648
1580 2135
667 4718
890 2926
834 4639
1037 1833
1095 4060
795 2109
492 3315
978 1231
1256 3394
1104 1465
897 1878
104 2628
41 145
675 794
1065 3093
226 3484
325 3346
1315 1252
1126 627
1484 4400
1551 2779
1349 911
519 4018
251 4222
964 4266
404 1390
1407 474
1643 1439
71 1806
22 1614
250 2001
555 1863
958 1492
121 2653
1684 616
1223 3854
1017 1426
1523 4473
55 4092
175 4207
1428 4266
924 4190
351 3753
884 742
388 135
471 605
1653 3629
351 1186
107 1313
1232 236
1197 822
553 12
241 4200
1031 906
252 3292
363 4687
1694 3046
91 765
1555 3628
383 1138
260 2809
790 4026
31 4625
199 2147
885 2351
1555 4249
945 834
12 1446
1279 705
257 2647
579 2345
1520 1157
1262 2429
269 3944
1186 174
1225 2405
261 2914
412 4145
419 2610
72 2223
31 1526
1225 3758
1376 3606
380 1536
660 4271
248 3346
533 2954
322 262
85 1617
219 586
1416 1621
1321 3498
564 2890
1149 3182
1047 971
1035 464
1569 2718
191 178
407 1089
968 2418
1347 4054
1015 1818
1344 3000
1371 638
279 1984
223 4268
174 408
528 2550
942 161
352 3731
169 4065
125 2280
1435 2398
1630 2485
249 2976
1328 613
779 3354
1524 2042
856 1343
115 2495
997 2284
376 2597
1393 1922
654 1658
769 1510
1168 3970
1192 2852
596 282
1144 3998
1701 3262
579 3163
1251 1402
1117 457
1410 3582
352 2600
1638 2822
136 3442
586 319
1347 549
329 2099
725 3913
574 2453
716 3637
1672 3025
957 3541
1501 2653
247 3708
770 4451
708 3006
976 1583
1143 2786
159 183
1174 3762
576 161
607 3620
132 4323
1091 4120
1342 2896
493 4117
257 1474
1587 4009
230 3570
690 455
155 3813
912 4046
1190 1150
1152 3676
1242 4291
1209 3720
1588 2825
624 2677
883 3171
38 3451
78 4600
594 2960
1179 2536
787 975
319 2115
810 2197
1629 2296
982 1192
274 2966
35 3228
1296 2481
1207 1171
1262 2207
314 2210
225 2236
464 2997
887 2452
1115 4601
114 320
178 1762
596 1948
393 1933
818 1889
1479 1410
531 3302
891 375
1239 2822
882 933
467 4549
1182 494
1165 4292
1446 3627
1708 1291
473 74
662 88
126 1495
1409 4711
100 822
425 3752
855 1864
1516 3593
14 4600
1378 581
402 411
1594 4493
489 3964
119 1707
1665 1195
1150 1541
524 548
688 3881
1453 2259
1212 441
1478 3391
1681 3437
578 4284
35 858
558 2413
1404 2180
386 3973
14 4241
1502 3264
576 397
1107 909
195 3999
1447 3795
857 943
310 3518
1689 1109
119 3163
935 459
9 593
392 2068
577 453
395 1242
202 3786
1161 3974
1534 1984
1138 664
1066 2966
494 259
29 3770
1221 1251
133 2117
920 2291
1038 1822
1609 3092
1522 1653
730 200
1569 1544
231 2539
1377 3770
31 1851
490 2292
651 1987
730 2544
946 1447
1625 190
1218 1982
1395 1863
215 2334
1590 4416
533 4416
260 3728
1562 2977
1644 4692
469 2840
769 432
1685 3592
862 146
1615 3022
591 4179
1120 4693
1367 3326
1381 1885
1608 3943
696 2355
9 205
1607 1476
1215 2858
657 4124
644 297
55 480
814 2031
747 3314
898 4450
1647 1601
744 2603
1252 2713
1247 471
1628 1282
445 2132
1591 1450
537 974
434 78
436 4441
1571 2529
148 3682
735 160
985 4628
193 2696
1436 3526
311 4314
882 1902
536 2966
1576 3841
1263 2064
1450 1958
233 1483
1462 2717
1396 410
406 4069
1699 2247
52 2402
226 3360
1208 1662
1108 1394
779 3436
829 2556
298 1149
542 3705
983 2677
686 2907
79 1539
601 2297
245 7
574 1839
1499 1898
808 2916
280 4146
755 3554
156 3114
970 1834
1524 4028
1538 1270
1300 3980
90 3559
1540 1560
1389 4057
782 1163
1362 1716
354 364
1123 2909
272 2651
1042 4548
782 3204
518 576
371 1975
489 4422
321 3728
1015 4575
673 4229
378 1528
221 1256
836 2541
1632 3290
997 332
1010 305
1314 1340
1423 1247
88 2740
1536 4422
516 621
1433 2986
187 2752
1528 4331
1494 1398
1632 294
1560 1779
859 3504
1000 1749
1154 2967
1216 1507
610 4507
1365 3609
707 1959
1423 3042
835 4036
1133 1879
1669 3479
400 2767
140 1420
324 3790
163 4719
1043 4063
482 1434
1533 1853
36 2206
126 1792
137 1854
27 999
315 4046
654 1800
420 4048
433 4109
1564 2957
1276 3600
569 3524
221 3823
387 1084
317 3713
1270 3521
1472 4595
1126 395
770 506
1457 3756
1415 3132
326 1754
883 522
346 2639
991 3851
351 3092
1069 2364
1278 3382
721 2321
905 1483
1537 1230
302 53
950 3711
896 3887
883 4529
484 1046
1345 4433
419 3471
759 1092
698 3757
1350 4010
1135 2938
1262 3729
1610 1891
1603 4077
1623 3417
698 2274
1520 1449
1193 4086
1393 2040
1427 4349
843 2289
996 3297
1584 2994
1304 978
1585 2741
1149 4270
638 3719
1444 767
81 3314
1178 3483
339 4161
1289 3305
350 4732
1104 2599
1705 758
1471 2803
211 263
80 2084
991 3474
793 2810
1437 692
1119 1098
1163 4039
1015 3686
1212 915
1413 3682
1283 768
638 1153
784 3110
683 2490
1371 3323
1602 709
558 690
256 2331
535 3047
1581 16
416 4477
1381 2111
341 4672
899 1517
154 904
1098 2210
1455 4432
153 2604
12 340
1023 3780
384 816
515 1653
1321 3083
9 4753
2 4416
1570 766
423 2772
1438 2131
1383 3775
123 427
1483 3278
973 565
866 2178
204 448
371 1155
893 3273
900 860
133 2410
1109 741
1478 4450
488 477
1035 4024
1673 4390
181 2338
1118 1672
944 4563
403 1823
308 4215
838 4752
119 2218
811 1681
160 4135
403 3670
486 2524
1120 4702
213 489
978 3064
918 4338
994 4745
1012 696
248 860
308 1682
1544 3275
324 3432
585 3517
1601 1454
309 3805
1491 1520
249 2049
1414 4309
17 632
541 695
59 4624
1122 1422
366 223
1594 1531
1635 1215
99 1471
164 3366
773 2036
627 3983
188 1647
1283 808
106 1739
537 551
866 3268
758 1514
199 2488
1038 2172
507 153
84 2554
685 1159
55 4784
305 2013
944 1194
1645 3024
1084 1853
626 1874
1054 1314
863 3092
114 1112
16 2464
352 4541
581 2466
1703 2078
309 992
473 491
1552 2258
987 1416
728 4164
906 4020
1465 3779
1676 2187
1495 1587
387 551
1170 659
1695 3045
1562 2937
103 690
1612 1193
1145 905
724 4774
175 2921
17 4289
113 2287
983 1966
1366 3307
705 862
14 239
337 611
72 4298
1239 676
1617 3049
1183 3709
488 3471
41 3200
1473 4575
906 3130
1275 542
1537 3494
403 1588
498 1813
1108 3471
78 4380
143 621
481 3934
927 148
670 1367
88 4777
1202 1778
1158 1018
1397 2615
979 4413
677 2433
761 4186
706 2477
156 465
222 3286
1504 2714
536 4455
582 2929
802 2551
380 616
154 2530
1184 4478
341 1704
934 3995
1202 2322
971 1099
526 4642
773 1708
44 624
1540 2240
917 3947
1388 2605
1564 4758
1156 1743
842 2199
1010 32
1477 743
896 568
549 1236
1229 2484
342 4383
650 4671
1610 2509
58 1096
1458 3680
345 2822
1452 4126
478 3293
1180 3346
1292 1001
809 4200
299 3278
690 3737
792 3215
173 891
918 4304
1652 454
521 992
626 3530
809 1730
1117 4596
1356 290
507 2132
1079 3503
1056 2244
17 4414
1580 671
879 1838
58 1654
1185 808
791 3955
1466 1482
1373 531
692 4437
67 1208
120 3964
1408 2682
1270 4477
1700 3835
1252 539
1397 2650
1081 1102
1280 3263
284 2541
1235 579
1135 3063
375 2115
94 3783
1111 4205
869 422
1381 3785
238 4336
688 3610
654 3434
1630 3502
1650 4654
941 153
1000 3907
413 49
1201 3606
136 3376
156 2712
128 4195
28 392
1007 665
360 2873
1561 723
17 354
117 255
530 1751
127 2961
387 726
375 3886
1016 1497
149 3428
1218 4227
602 113
1629 4233
1067 2630
252 3019
1437 2223
1485 1546
1684 1015
48 82
240 1431
664 1402
246 2017
1582 954
623 3000
262 1478
615 2225
1365 4571
738 1590
852 4696
605 2204
628 2793
1315 1213
1044 339
77 4447
950 2974
990 3157
1276 1739
1444 3247
1698 1743
1145 192
886 1649
899 6
993 988
1450 1017
407 3342
1092 888
192 3792
1497 3513
556 2927
857 1603
1657 4670
1683 3022
1333 4286
1280 2416
1492 2867
1637 2126
1221 4374
757 712
1186 380
1321 2756
1621 1582
1275 4216
571 3881
1377 4596
1143 3182
272 2599
1133 1782
1025 187
254 3155
543 2848
893 2678
332 273
907 2216
611 3870
1346 1043
30 3163
1153 2996
1423 1329
852 4293
585 3905
110 4328
357 3554
75 1473
521 174
1329 4212
1544 1055
712 2896
822 4441
890 1879
1549 4590
905 2246
57 163
1237 3757
1619 3296
1006 50
702 59
1194 4578
400 963
914 2301
1065 498
1469 1120
1282 1112
933 3817
113 4453
12 266
206 3146
1025 4229
1560 2834
1147 2208
49 8
176 3909
131 431
898 1917
357 1276
987 3797
1227 244
1454 4085
1694 278
713 4318
569 3680
125 3633
712 186
1191 3417
670 2665
609 3650
1546 3284
94 3260
933 1994
451 3689
850 1736
1070 1674
672 71
812 1532
1114 3376
88 1853
1383 4671
978 3643
1034 1523
912 1999
1440 2297
1512 1188
507 3761
1664 3225
283 897
679 2641
1461 4748
260 2198
159 2209
1230 3218
1105 3626
1683 2032
279 4358
208 1314
1515 3764
1433 3133
481 1154
1073 4465
1391 4427
1546 2719
723 2044
303 876
730 3516
1095 3029
1541 878
1434 1908
1335 1806
465 4255
343 3644
178 2229
1456 3889
608 1373
619 230
381 1345
1638 1458
699 4023
1617 4728
1056 273
1281 1195
1017 2800
934 1451
604 2120
1285 1467
822 1711
1487 2607
1142 2168
825 4045
1445 1827
652 2091
977 1022
209 3381
960 3205
862 2626
858 2487
1282 1315
910 1115
672 1293
81 962
251 4134
1187 533
448 500
1243 1475
258 1961
142 992
471 1295
1439 493
1001 2330
1633 4492
10 2965
643 4156
1274 2989
1686 3343
767 4131
1660 2500
756 4527
879 645
1034 544
1645 269
1058 531
1468 1132
1064 3552
801 3713
895 2789
1193 1110
857 2567
944 1695
759 917
865 1455
616 892
758 3393
13 130
94 550
461 349
1400 3236
72 3021
1677 691
1093 1774
257 2437
1708 2431
706 4020
309 2220
188 877
1614 4541
1120 2765
712 3237
77 2471
173 779
1617 2116
1309 1488
867 467
1643 3496
465 3879
318 23
1455 172
1652 1701
407 3605
643 1889
1524 2456
1259 4517
26 1191
933 446
1065 732
1490 4710
576 1000
1275 4713
8 988
538 1181
971 1505
1299 3936
1374 2595
463 3808
1414 3192
955 718
869 2173
1197 1458
308 1203
545 2534
500 1346
618 3346
1517 1019
5 371
90 4021
726 467
1238 4514
858 1557
860 3185
1106 365
603 4689
583 1814
571 337
181 1137
1304 3453
1613 1925
736 74
854 460
1327 4564
800 1939
273 3773
17 1328
1042 874
329 1666
1215 2377
1233 121
851 3790
813 2674
871 1819
1050 124
667 4778
467 2197
1168 4426
185 2595
1192 3028
368 2906
1024 3806
298 4115
186 3473
430 243
778 2783
19 227
796 4347
1464 4760
1609 1688
476 154
1205 2988
1361 3706
1642 133
1536 4692
1469 749
783 732
701 2670
712 4759
209 2226
1268 4419
49 4389
1576 600
1661 4003
887 3922
516 4366
923 3334
625 1653
1107 3594
750 3837
811 4463
1687 644
943 1631
680 3476
1067 4359
968 2389
624 3738
1691 4565
1289 3929
427 3764
1089 4763
49 4472
397 2566
78 529
1022 572
954 820
561 2386
549 4210
1693 1416
227 4326
130 4386
637 610
794 3686
279 2851
1187 1301
81 3218
899 1489
554 1192
989 706
742 344
105 4505
47 2484
1443 1712
1054 1938
705 4653
1624 3092
752 1896
836 4091
41 1738
1092 959
1407 942
1073 530
1098 1847
271 3064
333 986
405 2799
155 2876
1397 3243
508 3669
251 2060
1012 720
1629 2215
1328 3900
1500 1848
1138 1735
1320 2767
189 4268
1318 2022
996 3183
453 4034
145 2219
300 988
652 3904
288 4470
1455 2675
1190 1805
764 2116
14 3911
918 3412
886 3027
1123 4296
318 4748
710 1094
1321 3014
146 2021
247 2613
1100 3595
1683 3348
458 3007
998 129
963 706
975 1770
60 1362
1277 591
959 3400
691 3381
1541 2033
1306 753
837 3164
757 2194
47 3640
107 1876
1125 4678
715 128
1241 1966
1423 725
649 2509
1003 1130
947 4522
974 3601
138 2417
932 4422
1618 3500
1131 1174
1667 1041
184 1621
731 2915
86 4677
524 613
415 1711
637 4132
1626 4561
234 1229
136 2428
588 2468
1095 112
1225 4181
1654 3848
1671 4453
505 4204
692 2427
1041 1927
761 3480
1546 4060
264 1294
414 294
794 60
411 2535
962 2361
1534 1994
1510 4408
1519 1023
828 3202
1218 329
1407 2219
597 626
343 3424
521 2325
651 3355
323 2430
274 2616
368 3414
1536 1035
454 2081
472 4588
698 4318
1356 4360
18 2635
1342 3946
1429 3086
1623 486
1321 2555
1156 2904
117 605
1153 4525
395 1964
1151 849
1668 424
366 755
1469 3226
1341 4574
838 2887
1426 303
795 1029
708 1673
703 3157
798 4517
1334 322
64 2505
492 2717
1550 3363
213 4617
741 2218
608 809
1006 4068
206 3377
836 1751
926 4134
1553 3768
822 1636
950 1597
898 2129
211 1982
1459 804
644 1849
1483 3605
1369 210
1246 2536
973 3740
341 655
1440 3026
703 2111
1160 3109
811 3494
98 1510
86 87
1342 4515
484 2564
528 1287
1262 3466
1164 3322
391 1585
375 4161
1146 2016
1030 2809
631 1814
745 830
617 1175
915 4041
1224 4556
792 3411
1588 1366
119 2021
1371 3207
92 2826
762 362
1411 2503
523 3129
279 4331
579 4337
760 1982
1266 2320
802 2256
1477 4488
222 2705
360 4700
770 4160
1100 653
1304 450
374 3775
51 3779
435 88
989 2530
941 3706
1329 3378
1521 976
677 4189
357 1178
1168 4069
141 3769
724 32
712 4672
824 2413
823 2484
1050 1724
1167 169
935 2893
1207 3832
1018 4517
1589 2156
593 3139
422 2341
258 3157
1162 3158
789 4606
751 2486
462 4508
528 3797
279 792
851 1590
1302 3347
617 3633
956 490
1044 579
728 2771
1583 683
505 4628
166 4251
1352 2565
135 4423
1410 3778
1073 1489
705 3442
646 4767
409 1098
877 2058
1252 3200
743 2432
1126 3252
72 648
868 3946
920 73
323 3245
1525 2297
1352 1676
590 2108
748 3064
1035 3799
828 1281
1076 4064
1018 4304
195 2959
764 4324
173 177
136 275
581 2155
291 3097
478 4477
1253 3146
1459 1425
27 130
741 3902
1030 729
1015 236
19 451
1001 1535
443 985
1112 3142
365 558
980 1450
1187 1384
188 600
1082 2836
306 2255
1326 2875
1648 1569
1228 2727
540 4097
454 1396
142 2950
695 1356
485 397
678 49
413 1229
1252 484
138 2226
34 3607
383 3231
12 3755
1336 4296
521 152
1666 2438
933 275
1670 2745
19 1681
1409 2313
1670 2381
472 2444
541 2
1315 408
165 3478
1481 4243
359 754
1398 307
500 4426
255 905
763 1454
686 3514
914 3114
720 876
110 4564
1436 448
1572 4680
1078 3260
797 3318
1508 3645
1342 4500
327 633
106 2576
505 3417
653 1401
1464 126
804 2855
896 4056
190 2799
1135 489
499 222
709 1647
549 2596
1594 1794
744 2065
1701 4097
1149 3675
564 4661
19 1236
553 2373
100 3578
1704 3792
1342 4394
668 3101
158 840
1265 4557
344 4359
169 2791
271 2821
482 365
1629 1860
492 4280
34 1501
981 1823
232 49
1428 3524
1696 3467
303 2732
1610 500
1391 4247
1175 3909
1193 2657
1605 716
1211 2936
514 446
501 4659
1521 2706
1205 1694
821 3642
394 2540
262 3901
56 1022
1283 1136
890 723
1079 3936
636 1290
845 4685
1029 4498
504 3349
559 3304
865 2911
166 4571
440 3783
1638 3196
171 1765
1062 3834
721 91
647 769
1342 4214
1138 122
1167 2691
698 2171
860 1009
911 1602
1189 3935
515 2501
726 1267
583 2943
352 3446
896 1045
533 2281
145 3703
1609 1438
1031 1255
755 3936
1311 1863
120 3095
57 237
160 677
1002 834
364 511
420 1300
1019 3702
319 1195
49 4020
1103 1650
1609 2395
1665 1115
602 3174
1204 3144
1632 3890
847 668
1545 1070
207 2980
62 2279
1492 453
949 2267
65 2646
773 2014
533 4115
268 2213
562 1612
351 4478
1127 802
1594 2103
1611 4479
773 850
61 4205
750 1296
534 3297
840 4781
891 4479
127 806
1407 2077
536 351
1556 700
282 3492
597 2098
1213 1694
897 3680
1036 1389
1447 683
1622 3940
153 4353
116 2843
25 3441
22 2730
1150 3537
1299 3670
21 2087
670 840
1182 2474
1309 2921
419 4053
772 1951
1659 2056
1593 979
357 3720
605 1105
1491 1147
555 3953
682 650
925 629
832 3593
421 815
479 2553
1351 3586
1504 379
1395 4319
549 3405
1400 3951
708 3582
196 2393
150 3775
792 2218
204 2782
1513 2048
689 1519
703 3356
233 2008
1374 2928
973 733
859 1885
369 3095
530 1103
1108 647
1010 1981
489 2511
1701 3929
1380 2781
1653 760
132 1658
965 3304
1249 2836
591 1792
1386 1904
594 3108
149 844
704 1380
1632 3510
654 237
107 840
1599 283
59 3650
101 670
1638 55
760 2563
871 3125
545 3497
1453 1167
785 1562
1225 2589
735 813
521 4484
501 905
1485 2671
533 3070
282 4028
706 3471
208 3200
732 3640
678 1872
624 1858
1189 1531
419 2366
1703 2431
439 3877
127 4339
421 1868
1643 1052
1386 2063
420 200
877 550
553 451
1664 2165
45 3123
1484 1484
415 2309
152 434
738 4172
992 3621
290 2745
1084 740
204 3618
1079 4085
107 1276
892 4436
1516 3881
933 1960
1146 4077
1637 1728
416 1566
1343 3579
1510 2402
1482 2850
48 2550
1202 565
231 2789
1500 3689
178 2650
104 2059
1496 3686
1490 795
193 914
184 1390
181 4696
169 3108
483 2436
385 1714
1660 568
1439 2066
529 1117
227 49
725 3021
1134 687
508 4633
1112 1539
1600 4192
340 1050
1291 1025
64 1687
499 1455
882 2838
1143 1036
1493 3620
727 2185
78 3387
1059 2903
900 3312
571 3672
103 4021
1676 4158
272 262
81 874
1245 3511
284 2942
538 85
1128 2856
1238 2613
1612 3220
102 4228
732 431
685 521
1393 4725
1172 1187
1584 4750
898 2402
778 1578
1678 2331
467 3563
993 4467
358 3967
103 2575
691 2808
1072 4504
1135 1447
1280 43
734 235
1232 4314
462 1979
942 2847
56 1248
1550 4073
58 3010
272 3836
1618 310
1307 2975
455 4773
912 4743
833 4573
885 1376
687 3517
942 3511
246 3906
1215 4431
1491 3007
348 2268
416 2304
763 3286
80 1175
629 2441
1139 498
306 863
400 4610
237 1353
1084 1611
139 837
1274 3833
1223 4698
944 1553
1650 2887
46 361
1477 2187
1569 2464
1319 4243
1436 4134
1587 2174
504 1308
1049 2728
895 1305
710 717
579 1525
671 1291
511 2563
226 34
1540 4616
1657 4464
1116 4330
1531 4514
315 835
1545 1942
1327 1763
1370 3841
1641 2094
1282 1565
110 845
81 740
1465 2116
1568 1515
1163 845
565 1890
1200 2756
171 2345
321 4622
1372 757
1591 1093
437 1336
396 4071
1003 241
102 4377
273 2719
511 3002
1465 3298
367 959
878 661
899 793
823 259
1252 2173
1064 2064
993 3892
388 761
1393 1899
1072 2959
1023 2880
900 115
429 2273
519 4723
319 1339
1385 4651
341 193
731 3044
830 703
681 1074
61 1660
1189 2340
513 3372
1629 3968
442 1688
362 2934
489 563
858 4197
789 1644
916 4092
345 2365
18 236
627 1736
508 3774
385 4631
909 2262
1572 2177
627 4664
561 2874
1550 4207
767 3461
1012 2543
1225 469
61 420
1507 947
169 109
573 1587
1201 3828
64 2489
258 3127
729 3241
1666 3320
1641 2067
981 3717
278 788
263 4061
579 416
1268 3447
568 2127
497 2240
1658 805
217 4403
160 2672
468 4427
506 3918
697 1749
1346 2536
790 529
1702 1843
252 1736
1397 3660
1536 504
1108 4685
46 2888
1001 1252
123 736
767 4014
1101 2638
849 3073
426 4582
1701 2477
1499 665
36 4704
628 1318
228 4189
1377 3730
1406 2244
837 4053
1471 4226
342 3273
1622 4110
1406 2926
523 1171
967 2403
142 3612
506 1226
1287 3974
1298 1270
1461 3325
1203 321
1269 4378
276 3106
381 245
707 454
389 1141
698 2595
1553 3570
1075 3032
1360 4201
1193 4476
1547 3687
381 50
1625 4411
1105 545
59 2533
221 3323
788 4643
1219 831
988 4734
511 3368
1305 2099
321 4008
1652 3054
369 1638
748 3253
1259 2828
909 1277
1670 1133
1263 4359
887 637
545 2644
1603 3309
328 4601
1460 641
1650 2198
1562 1684
428 3966
795 1463
1095 2169
1622 897
31 222
461 3776
81 2517
1109 3729
52 4160
1280 4065
827 158
116 4419
175 1245
1482 4250
1669 1656
288 2628
401 3379
953 3653
793 1491
1431 4536
1001 3967
1323 2037
86 2540
798 1478
862 3936
172 4142
549 2126
162 2781
1070 3322
1579 1773
1230 1121
191 3022
51 1545
297 488
1683 2572
901 3483
785 1567
1056 4677
1123 4637
1370 1570
1039 3581
1239 4137
1088 2204
406 887
791 2588
152 463
1396 1977
1596 3654
1218 4234
705 1410
1315 3147
524 4608
375 1429
104 2372
851 1099
281 788
942 2766
288 2901
433 4599
606 2801
987 2549
539 763
696 4185
1654 4490
220 2621
1303 1865
678 1923
179 1983
1222 4554
430 2936
1231 1952
352 4673
532 938
623 4451
15 124
1614 4577
344 4092
767 1094
250 1493
1169 4672
1515 2029
179 2464
790 3370
839 831
101 4532
394 2584
1685 1431
1228 3575
1076 2109
1091 3598
1293 4513
254 3842
1416 695
385 2648
346 599
1188 2518
618 2765
1211 4194
989 3351
1154 3156
1076 1911
1587 298
809 1931
1085 1388
26 484
1208 316
627 941
1273 4584
382 2376
461 4595
447 1986
1289 316
1187 120
405 3622
636 3492
869 2956
126 4204
287 2622
1494 4421
50 1182
1266 4418
1155 4536
1236 2301
268 2783
704 2163
171 4085
899 4718
1291 4317
1353 3534
1264 2484
830 1602
825 589
511 1931
1127 4496
684 3661
196 418
1445 2878
74 2609
1242 3294
759 782
1174 44
209 1035
1217 1646
1252 790
556 3058
1130 2887
987 1253
1245 2775
825 2154
11 3631
1322 2569
421 519
232 3768
1188 423
503 4386
531 2493
1040 2970
1085 2925
90 3357
1471 3920
1251 2893
1424 2523
550 2201
33 3437
114 4525
1198 509
404 2640
1569 2087
308 397
1559 4241
610 2227
168 3821
1708 900
1413 841
505 4648
779 3122
370 2221
821 4248
697 382
1312 2857
1293 1286
221 3167
930 3945
1312 110
539 220
619 1537
1472 4019
1350 2245
1625 335
1329 3010
1204 3685
1662 1353
1276 4
371 1713
925 2289
49 2890
901 1221
963 3254
1654 348
976 3124
1099 886
180 4113
1319 3566
20 1602
1399 365
780 1267
101 2000
17 750
99 4557
82 3312
756 1015
847 2175
1051 912
292 4768
506 3446
419 4471
53 4611
1010 193
114 436
46 2513
381 2251
1237 4587
1118 4492
519 2625
1109 19
629 3446
1449 207
861 919
898 3905
9 107
1418 4257
1447 1459
190 3807
1130 2325
1264 4751
1266 2380
87 4636
567 764
514 272
1251 2678
1344 3838
1648 1676
871 4485
50 904
48 1544
25 3595
665 1955
984 153
483 239
935 4272
1369 3654
1196 177
777 3541
1572 4312
556 974
538 575
858 4495
25 2731
335 281
1175 690
269 1712
60 3589
526 3874
1317 1005
1213 239
1488 171
473 4422
156 1239
1458 1948
40 3772
972 2444
360 4739
1012 4617
145 2131
1178 3741
1259 413
367 97
1357 793
743 1555
1556 3644
551 335
1104 3694
354 934
1267 2893
1588 222
107 37
666 3894
1228 3609
1059 1817
228 564
1349 3245
127 1778
1309 4132
1556 3471
233 4275
1053 2086
1394 1619
470 145
1109 2414
204 4039
1083 896
603 1557
1129 3114
479 3962
1560 3062
871 3878
531 2514
406 3272
1102 4266
1527 3495
501 733
1107 3892
1112 170
943 3945
1153 4686
567 357
307 3883
167 393
1317 1262
815 2170
966 727
1627 3929
141 1452
694 164
1619 2695
244 299
515 2153
1551 1432
93 1422
1131 1148
638 4551
221 3470
84 1689
669 954
1067 2865
51 3364
747 1330
1012 2525
1626 937
682 3666
66 3785
1619 873
127 3968
749 620
32 1004
308 2131
1448 4569
1540 2622
1686 3357
378 839
1096 1448
1369 2269
261 1586
1621 1848
1331 2821
1155 2608
932 4495
836 609
66 188
719 1760
516 3901
124 3278
370 3485
1159 2998
11 945
788 415
1295 3482
1358 2370
176 2774
1597 4455
756 345
579 1767
623 3953
1433 2456
237 2562
308 4331
730 502
1188 1344
1052 1016
224 1777
656 3047
1502 2819
726 4437
263 1535
759 1161
1454 3699
1425 2098
219 2697
1120 3457
1637 2553
1422 2257
306 2197
1169 134
1361 3040
334 2644
975 2497
1133 1270
227 4377
1040 3152
279 1602
170 2367
667 2883
1472 3268
728 3736
1442 1687
1198 4598
164 3388
39 2772
218 2317
878 1081
208 451
1624 690
1115 3760
1314 4186
1355 1833
422 3584
1289 2208
1086 899
770 18
436 4
1062 4282
1384 690
716 3857
780 3064
986 1558
641 2928
984 1865
1475 3037
729 1676
389 4109
1666 1264
1659 2880
1476 1067
105 1798
921 3854
476 2562
1616 4682
1569 65
1380 144
626 4050
1059 1720
512 2042
1292 914
926 3425
556 2715
1429 3991
1144 807
72 3648
1105 3890
907 431
142 3304
1366 92
67 3288
943 358
1339 1679
1330 1092
1037 1649
1020 1842
1495 2181
1471 2098
1629 2375
1395 1654
1546 3192
522 4431
148 1030
513 1598
91 2239
1305 2010
666 2671
214 1976
656 2098
1470 3100
1121 4759
1653 1330
276 1642
573 875
314 3115
475 2481
388 148
1282 2949
1596 1776
24 897
744 713
1291 140
1285 2782
1612 3302
275 3195
1570 3789
1110 4658
859 4672
1468 1034
205 3146
260 4775
378 254
1188 1139
861 890
1204 821
1211 3878
398 4545
2 2252
249 954
348 700
315 553
689 843
405 4310
1167 2037
392 3070
19 4291
446 4573
921 1103
1517 4630
1427 3906
1163 2214
1388 2096
790 1365
625 3315
1462 1478
1697 2884
64 2702
1541 701
1420 1665
653 3131
932 1853
761 1264
306 1900
23 4348
1529 2873
262 2458
1550 200
241 1850
269 3724
611 4661
741 1237
494 2174
1400 2381
249 4188
1047 4027
1472 3663
172 2040
855 2169
1434 3106
542 2498
556 1068
14 553
340 3170
1544 234
628 1201
212 4402
1187 4075
1640 3243
252 486
5 1728
901 4107
1325 4505
342 4473
1526 2313
754 2344
23 412
516 2993
154 1375
227 128
1193 4295
267 3504
773 2223
1234 1636
1307 3951
257 1281
830 2081
488 3970
287 2114
286 1383
1680 3364
769 723
952 928
791 1423
393 2494
91 3806
881 2295
1033 2156
1319 4171
1476 2104
603 138
814 2818
1273 3603
622 668
808 2903
581 349
1314 3773
1019 1527
502 72
1645 2082
685 659
119 2760
1254 2030
1381 4021
261 3494
1252 1463
452 4782
491 1729
127 3827
10 607
882 4076
122 337
1522 3560
1496 627
781 1430
807 4483
1220 1371
97 4482
214 2090
1501 2567
520 4592
355 2659
1589 102
445 2801
1544 4253
372 391
879 3213
1249 1291
1074 4319
942 857
298 1778
301 1924
723 4523
1121 1870
1452 1440
1610 1817
987 3858
741 1228
1148 4616
1007 4610
1382 767
1322 1185
125 3060
1203 4126
1544 4425
255 2430
789 660
1327 654
1574 4392
467 1966
787 4208
245 1973
1646 4043
1403 4456
1198 1289
1681 4311
860 2803
366 3934
324 1943
667 1149
475 3825
792 2940
389 390
838 708
1270 4011
138 2009
1536 528
1091 4213
162 4684
78 2638
207 4598
1142 2425
1436 4600
1438 4567
431 3355
353 12
1627 4038
943 2152
459 1261
85 700
964 802
27 3803
853 66
1029 1107
415 2097
83 2614
1579 3048
655 2844
1396 4366
1245 3576
67 1583
999 4549
1318 3363
1264 2000
468 1545
1200 2611
341 942
1335 4137
1681 3284
384 567
550 3752
64 3809
1701 2282
656 3244
971 4273
1213 1233
1229 869
1659 407
373 1673
1054 1799
1406 2283
364 2211
1033 205
1448 4366
800 1437
1214 1901
1513 4317
828 3032
186 1135
757 4672
634 881
663 2371
1456 1037
1418 2945
711 411
66 3035
658 2496
1470 3427
1498 3123
765 830
780 526
480 596
219 35
221 4052
1587 1210
1447 1963
1096 4299
222 2021
665 2286
1092 4546
223 2592
215 4575
550 3973
752 3976
435 3822
996 4015
1444 2134
293 2695
1512 3091
1665 3228
22 2087
681 2897
1603 4648
116 4570
1145 400
1526 3357
1310 3225
454 2665
1508 1695
449 150
195 398
31 232
1572 3428
1085 842
1078 3289
497 3878
1376 1329
712 4255
1639 810
173 4599
730 1118
175 3286
634 3677
189 512
360 2989
263 1191
1666 4492
486 4308
612 1953
1605 3025
826 1587
1048 1913
1102 4055
1257 1395
930 421
1528 1254
1336 971
1352 4426
1076 2099
989 3494
577 3582
780 548
849 2970
1162 2105
388 414
628 3835
340 513
1268 203
1297 3786
1204 2623
1147 715
1497 3038
423 1654
858 3049
1487 3003
1459 4789
319 1971
47 4620
818 1039
456 3210
1682 1893
374 3626
300 4168
1272 3790
453 1600
324 453
790 2893
416 3859
1243 450
1351 1196
104 2894
659 4536
976 4213
410 4010
1473 3079
1491 2617
819 264
1379 3725
769 3855
1628 724
296 1344
975 346
303 2541
1633 2190
882 4593
394 1875
1382 4637
1518 254
334 4761
1679 2273
1243 3068
158 4673
1626 4146
791 1640
1201 2027
1647 386
652 57
1273 1553
372 4003
1266 1070
509 2530
697 4282
623 3089
586 1212
1118 842
1129 1539
508 3741
486 3924
52 3374
910 646
432 2711
1097 4751
1164 2335
214 1901
215 1221
155 3313
253 2247
1586 3792
1054 4260
1701 4480
741 2027
331 2518
1595 2219
982 4268
1259 2525
644 197
102 1923
199 3589
1286 1173
1091 2585
999 1681
449 1929
910 2519
700 1545
166 1361
612 4508
1553 1501
29 4498
238 4381
1458 4591
824 1761
637 721
1238 2044
1333 3215
286 1917
1245 3380
713 2468
481 4073
526 2499
833 4444
1667 3543
355 2709
594 4
140 553
954 911
1329 3553
117 1617
1561 3622
835 2233
505 2532
662 3100
606 2638
1004 4631
1598 2305
1232 1712
1388 1204
111 2372
1005 2662
1548 1049
1463 1497
1665 832
1314 4380
1174 3006
696 1693
400 3224
1003 2614
1308 1236
1693 2077
342 3609
1331 3333
702 58
86 673
1394 562
1380 540
1082 1336
549 2350
536 2760
26 492
1576 2421
476 3071
825 2531
1446 1915
931 397
1074 1996
855 3596
229 4057
691 2602
1507 3095
551 2403
753 4265
799 333
1668 1502
1095 4492
801 4248
1279 1520
1649 2498
682 4030
908 1061
1469 2635
1321 1270
1494 3173
146 1154
208 412
12 101
543 4174
559 4770
406 281
1426 710
277 2999
1451 3829
903 2338
1579 476
1343 3589
623 2848
1254 3191
763 2142
1449 96
829 657
636 4091
234 3461
302 3725
978 4739
1133 1397
727 309
383 4009
1096 1563
31 2491
1069 3272
151 3437
571 2661
142 75
317 645
153 881
1624 3584
608 665
1 1965
1559 480
937 4234
608 1879
1357 4002
538 2849
162 4343
619 4761
951 3755
668 2586
1185 2846
1218 3648
73 967
692 1639
1478 1148
1134 1486
584 4535
311 223
1522 701
1394 2693
857 4490
106 3599
386 4468
168 2723
372 558
717 1618
1647 3131
547 3086
1003 1087
1272 2448
643 3499
475 3909
1574 1909
479 730
860 3333
744 2785
1065 2632
400 4728
1392 3592
261 4698
219 2867
924 2689
1588 624
839 4709
1543 2349
335 2561
682 1401
975 874
879 165
247 1350
946 4336
848 3870
1285 2655
1265 3882
700 3145
1439 220
1402 1678
1301 4735
1096 4181
1202 3233
1008 4678
1689 410
1047 4553
519 64
1558 1566
602 3002
812 2876
293 851
1699 2573
1079 2672
551 4332
1497 3146
1441 3334
1245 3473
711 881
558 935
1304 1783
844 3183
792 3271
1079 4747
1573 4558
206 3388
1652 289
898 983
1665 3770
167 1888
1080 3343
603 3760
1303 779
1250 984
1428 3924
1056 2860
92 325
380 2875
276 2016
167 4195
622 3767
527 1780
1700 80
874 4709
1420 1416
803 1495
311 935
1300 2299
269 2300
1193 919
1278 4728
1245 2453
1039 752
1410 237
1169 234
1088 2426
134 4376
709 3815
1348 3138
1665 869
373 3630
376 636
993 2428
1677 4163
1066 2787
339 3711
456 1673
1192 717
152 2087
161 4777
1321 1936
982 3829
1568 2958
990 2328
1445 2940
1112 235
522 2740
1640 2418
352 3341
486 758
1321 2893
755 1786
1317 100
779 1427
1150 1936
1645 1229
1601 1331
1072 3589
1286 1851
997 1308
1584 4713
283 1978
1331 4018
758 4338
335 3754
566 3023
398 4244
478 3510
1545 2729
1410 1544
95 1267
861 2247
767 1980
1538 2056
797 4365
1447 1525
102 1487
62 3246
1436 1740
965 3068
783 3528
298 3112
1102 4650
348 4452
988 80
884 800
759 4422
1592 496
595 2432
1524 4743
1641 413
738 531
918 2829
1144 3959
353 3124
610 4038
1136 2293
436 3132
1143 2893
588 1751
1654 4007
231 1696
964 4737
1026 2194
751 1010
836 3167
259 40
70 2239
1570 1320
622 2015
187 4390
1700 2273
432 4251
696 777
1670 3517
812 3700
881 4581
294 4712
1120 3707
11 3150
502 604
1659 3590
1656 4687
28 2554
48 1288
525 2870
509 334
1359 1555
727 3794
1461 3691
446 2460
17 1003
1585 3624
20 3517
812 1406
1339 3145
421 3878
12 3068
621 2394
585 3743
1632 4446
991 381
60 3491
365 54
260 4672
363 737
384 1424
3 303
304 340
1585 4130
502 1274
1214 1132
682 3692
1120 3821
504 1336
1097 66
96 302
258 754
172 1024
1447 4696
286 832
826 308
1006 3082
248 240
860 891
149 968
1535 540
1202 33
1059 2262
628 3654
1271 1083
310 1722
1625 4489
1505 3383
1349 2622
739 2424
1658 363
112 1593
154 1501
1323 1020
699 4033
930 798
1013 4592
1400 1948
925 1578
1682 745
1204 2174
1477 1324
903 1278
890 853
1559 2185
1449 3306
1415 1552
1271 4157
821 1301
1481 4426
1135 1109
421 3577
334 3023
441 3361
960 3407
1259 3226
318 1333
408 2635
1605 1061
1218 2886
1360 1768
193 2220
1317 2461
1188 3145
902 3285
65 4228
520 4
52 2450
68 3169
611 4725
1444 4500
424 446
366 1047
837 1411
1029 2032
1689 2816
482 2007
659 2797
1019 926
833 3661
27 4439
931 561
1077 1194
1065 2911
1667 1358
1021 878
551 1387
906 1285
1418 4776
761 4559
344 4552
1319 1534
1244 2113
1651 3058
1482 4140
135 1599
1269 2721
487 4710
356 2535
1100 3644
630 2081
1023 205
1175 4738
1685 629
155 2583
979 1399
1171 1576
643 2700
13 4668
507 199
1557 4702
1397 2810
894 1853
1361 794
1488 4053
1027 1313
170 3613
208 689
688 1052
703 3317
116 4663
1677 1980
461 2598
9 3165
868 1248
1634 172
1406 4564
759 3938
322 1739
442 3240
1223 3154
1528 139
965 2810
116 4278
1185 554
1691 194
1452 3025
719 3555
743 122
1288 2549
231 1171
1141 3318
787 667
149 2002
996 3259
837 4100
182 4206
1391 2324
1157 4684
818 2519
946 3662
507 1637
924 231
477 159
1584 3193
1039 3239
527 2751
502 4363
770 4093
458 3974
971 3471
1626 1786
1148 4166
924 3258
1477 3247
920 503
1265 991
510 4029
444 4605
1004 1767
1295 3867
759 814
1647 2881
1429 2000
314 1754
1534 2831
39 410
1271 1072
523 2164
249 1102
120 667
973 2499
1327 2091
599 4127
242 1495
30 767
350 1159
48 3201
944 1819
752 3679
1393 4284
476 1506
1432 2662
1038 3514
291 4287
1010 1575
1286 2480
62 2374
1628 1919
344 3850
575 1171
1503 698
1386 1046
29 1936
72 3195
665 1656
458 2935
175 3302
1576 628
1581 2661
1179 4424
1247 3584
1516 3222
927 2749
552 4784
1688 705
18 507
218 1881
659 2096
1639 904
1560 4424
185 1735
391 3103
774 2319
343 48
1230 3210
951 3426
521 4019
1647 794
1425 634
1209 404
410 2151
591 2140
603 1419
5 254
503 1970
284 1502
279 4106
260 380
1373 2613
1045 2849
1117 1854
1243 4312
1623 2534
1691 1258
1362 1794
1183 2220
1494 1650
922 98
1350 2776
3 3219
599 188
535 3368
444 3346
438 4502
33 3819
189 2349
54 1645
726 2693
326 1557
829 4462
783 1593
1076 4291
347 2621
1376 3755
535 1409
1689 1700
594 2961
658 3175
419 2788
897 1034
605 1162
1142 2420
1361 2418
237 1139
753 1492
833 4043
1680 4150
1088 449
1580 4066
634 4295
745 3925
1427 2944
677 1301
1581 2230
182 152
1212 4052
776 4606
465 3116
915 789
1061 4393
12 724
940 1794
1164 3180
1019 3463
224 570
822 3457
538 4134
1158 2001
850 3360
1701 418
1661 1916
556 3461
608 544
1576 674
808 4525
1525 206
146 406
1267 2879
1 1156
269 1926
519 1464
677 3953
1274 2207
1569 882
928 898
295 994
189 4152
1116 3310
831 4480
1091 1885
811 3808
407 2450
1303 4462
1102 1459
904 4519
1253 3368
538 2082
667 4676
282 4678
386 3765
540 2816
935 1000
1590 2111
1266 2633
1131 3552
774 141
84 4757
358 3219
30 424
618 4640
1704 4514
862 724
729 2924
1291 704
1111 490
912 2632
834 1623
1243 845
1680 4591
684 241
158 4435
709 4180
586 696
1063 1566
1225 2542
863 3740
471 1143
711 1074
501 72
1365 2458
1569 4112
70 1213
1066 2177
1429 4308
1637 405
360 4299
641 4597
1006 4551
248 890
955 3504
1061 3888
355 3024
639 3168
306 1694
1637 4354
1439 2170
563 2840
364 621
303 2526
877 4164
1174 1493
879 3588
854 1878
94 2355
1509 1806
628 2848
647 300
198 542
760 4153
462 4426
1464 3020
382 2626
1506 4704
1333 4137
842 3486
1558 1347
242 4603
722 1035
1447 4075
1553 4457
1073 1482
1130 373
906 4759
669 2507
1332 1633
1593 1305
1391 2857
508 2796
367 147
1262 2844
1378 3854
1200 159
741 869
1383 4131
320 198
449 4327
151 4317
545 3814
865 4272
1217 4125
1386 1896
295 3305
78 1444
737 2622
1041 342
599 4364
417 405
121 3479
1396 4551
539 985
1164 3581
415 1194
1053 1914
830 3916
1073 2986
465 3973
195 830
1308 2012
271 1525
20 3019
1685 3663
245 4121
1405 2264
1227 3186
1171 346
594 3429
1505 3984
1695 54
345 1815
976 3176
185 3029
1333 3996
684 3078
426 3161
256 1429
749 1084
1551 478
1553 4500
766 2163
1472 4104
978 870
134 3911
1246 1119
1143 2082
817 3557
430 1470
84 4506
787 4715
898 2879
1587 2679
696 4649
219 4470
983 1885
1210 473
1573 397
398 58
263 3542
759 4235
955 4654
765 4640
1225 3456
801 846
758 711
93 441
829 3231
1495 1061
1212 680
874 2639
1422 1394
1476 3557
1585 28
139 2609
417 171
254 1191
162 679
884 1270
1421 4190
733 730
302 2081
1396 3221
708 1516
1579 3366
385 3344
64 400
278 3667
1651 3486
83 2096
291 2737
1367 899
1129 923
768 4400
142 858
643 430
1036 2722
37 2657
889 4522
1009 3875
1157 59
879 2887
286 3531
1177 568
1489 1746
1287 832
1330 4369
1570 680
368 4562
221 2657
626 3682
931 2787
1261 1009
1101 4042
772 3968
735 1255
858 542
900 4297
651 4416
304 4693
1196 1994
687 2816
1200 431
1431 3219
1388 3433
50 1825
1030 1416
296 4287
1416 1531
1026 1029
707 4551
839 2939
908 4409
1033 3357
295 1201
57 1467
1433 476
420 3028
429 1586
1596 1822
371 3008
744 3860
77 1073
1259 4313
253 2816
575 759
1239 3050
806 3018
1134 1452
817 1017
88 2584
516 1841
1607 399
729 4005
431 2705
1243 3339
1643 3743
44 1516
1641 1061
600 3824
395 776
324 3562
375 4404
361 4338
962 398
461 3388
929 3867
1146 3965
1578 2352
1669 1475
80 2029
1498 4219
585 1080
1480 2290
1082 762
1323 557
1501 3069
661 2957
423 2548
1177 4133
1127 170
843 2586
324 1325
797 2770
1660 4301
1401 3514
842 1165
311 86
721 4608
711 4471
617 529
689 3405
270 368
80 24
1151 4367
43 3603
254 4255
87 681
934 1786
1123 4342
911 1596
1313 1809
1645 297
997 111
50 4528
896 1936
785 1688
473 3669
683 4673
305 3400
1502 953
821 3127
1693 1547
406 119
320 3471
1454 1965
554 1335
901 395
593 2979
278 3063
1294 400
734 3304
441 1750
125 3802
347 1416
1165 543
1300 1134
781 2256
1561 4664
1260 3719
1195 782
509 77
555 3209
1180 1286
83 1763
241 2095
1651 1137
1301 3197
176 3987
191 3042
737 2150
592 838
1248 2739
849 4514
699 2051
1070 302
1172 3467
1516 4688
1335 4287
1273 4475
1687 2147
1505 3910
1335 1060
926 1405
607 3064
602 2195
364 1436
1457 2073
1224 2174
482 3015
1255 1087
632 3018
1311 3086
255 4217
351 3810
113 3145
1025 3420
1514 16
158 3842
310 2878
671 4201
678 3641
1610 799
1321 11
277 4002
1088 4425
1562 4137
1408 1437
987 1751
436 3029
640 3188
1571 2829
1430 3445
1366 257
951 3355
823 3363
1038 4009
830 1750
480 3932
972 2767
46 1785
896 214
1259 3763
406 4665
1311 2547
28 2266
567 1213
794 2247
283 3457
694 4075
1018 2824
1086 3770
697 72
856 2045
262 2329
1013 2065
1340 2032
85 190
1295 1880
421 3022
6 4743
1512 4645
660 3637
1277 2891
972 3266
1077 509
679 461
387 595
373 528
1650 2041
1285 4025
152 1976
728 252
783 3757
508 180
1504 1573
1652 3790
1631 83
192 4012
1210 4229
930 1262
919 1723
1563 3832
388 285
816 117
73 824
912 64
325 4552
781 110
231 4706
754 129
954 965
607 904
1638 4021
597 2851
299 3710
180 3992
573 4689
1481 1120
5 85
1096 4134
915 3841
378 2823
1574 245
1537 3849
1038 793
71 2972
153 2222
1506 3061
463 4729
347 2837
1483 1553
1337 2210
630 766
1261 4233
527 2400
310 4473
1519 3742
1372 2897
338 1434
497 2711
927 3325
1221 144
1152 1951
469 3842
1548 1630
78 4035
680 746
1059 4410
215 4439
1330 903
494 434
995 3585
322 4329
911 2632
1410 4110
1168 886
1278 3621
1444 2021
1544 1922
475 2590
888 509
875 3887
455 2253
306 3292
401 630
7 2589
823 2130
594 102
272 1393
1591 1756
855 2240
1104 1140
293 1760
991 4380
1298 4281
1115 4411
696 3932
865 2009
1475 232
914 4507
793 2177
335 1366
1389 1441
1698 3209
286 1881
1337 2167
1383 2143
450 30
1542 1786
1425 2776
1050 1967
297 1015
866 1667
336 186
808 1187
480 2699
1236 1936
1539 3454
1025 2268
95 3905
377 4728
236 3141
394 3326
229 2268
293 2129
491 2120
393 2665
1079 4244
674 4214
26 2374
456 23
895 676
107 1518
739 476
942 4102
139 3740
1650 862
537 1338
227 3274
638 1567
593 399
658 2306
1299 61
1425 2964
493 4485
1132 328
529 3992
1515 4608
1147 1713
1482 2995
1308 2013
1084 450
1182 1943
1526 375
1321 2244
1047 4585
1607 2960
578 3005
1281 2589
1030 1382
81 1752
178 2345
948 3958
869 88
1507 2487
88 2186
1251 1031
508 2321
559 2043
1235 1253
518 3261
1708 2190
1033 983
211 3664
226 4685
1327 4679
290 1650
972 4523
1449 3132
76 23
283 2980
1013 3369
566 1764
1134 4243
753 1596
1565 2351
1302 2537
334 2987
223 3976
825 3504
400 1159
356 4641
1360 1806
947 338
1579 2706
1133 1531
231 1513
1480 2064
1423 409
592 2079
417 2605
1457 4220
138 3847
645 4579
770 1464
1581 1522
1315 1567
1311 3603
1207 1419
1404 4599
699 1849
87 306
928 371
24 3141
1536 3115
1661 2246
1001 3858
303 4789
138 4152
410 3147
1091 1309
1236 1282
1448 1467
579 86
551 1259
682 754
1401 2502
699 202
485 1016
1608 1669
993 2036
314 2553
1639 923
1365 4161
809 3186
1695 3032
1552 968
1566 1331
1646 1582
1407 3164
1204 3667
989 3162
964 4582
777 3648
668 4087
548 2071
550 4070
1092 1782
846 521
1529 4607
1473 3447
612 2359
1051 1867
530 4782
10 3011
234 3721
951 2976
1572 4403
1606 1198
718 2074
68 4611
1007 3756
1630 2118
21 4477
1652 1363
1549 988
1264 626
989 2624
434 4607
809 156
433 2434
361 3198
376 4673
423 4015
231 2597
92 4646
932 1579
1624 1119
1199 3827
1696 1787
1345 3733
924 4708
839 2763
700 3900
786 4177
1271 4486
639 1698
1697 4005
1160 1443
1111 3710
392 2636
1058 4738
623 2741
639 2698
307 2848
490 203
17 4696
1316 600
666 1506
210 48
18 4322
380 1053
732 3024
764 4739
953 1917
828 2578
329 2730
1530 3883
161 653
1013 2440
670 2785
1048 2398
563 2889
1423 4406
1027 853
864 2667
1404 3174
1325 1652
1481 4214
941 176
206 1923
634 1880
1512 2273
305 2192
805 1418
185 3645
1256 2828
1214 2439
138 3310
400 512
310 2781
1470 2774
1627 2831
65 3484
906 3449
509 438
467 3655
337 259
99 3430
476 3143
638 735
317 4599
1700 2540
563 157
410 2952
1268 4211
130 2455
10 4335
1026 4568
695 3525
1110 4070
1195 2249
960 1295
197 3316
603 1555
891 4003
1401 3060
1463 3365
596 1857
408 1144
724 374
672 4228
211 2601
471 311
179 4048
81 3317
1448 216
1333 3305
296 180
928 4454
517 4348
1281 616
1658 2446
1567 2568
621 1092
377 2385
1517 503
833 1039
85 3925
889 1405
1614 899
1517 4179
234 766
994 2276
1596 2427
281 4036
563 3124
548 1774
213 1703
1590 4612
1703 931
128 1840
907 252
1012 2079
810 319
179 2524
1266 3507
1069 2412
1574 607
275 3595
534 2145
1587 4595
1277 1541
184 477
1235 2816
387 2095
1023 2433
1051 3231
1521 2899
921 2585
1547 2816
1554 1946
436 274
1231 3674
1698 4579
1007 3087
712 4594
88 1256
1300 1241
853 2675
591 2160
1531 1760
1551 2244
1149 1671
250 3715
728 4754
1270 1269
568 1315
661 2728
683 3820
924 3525
1633 2342
1703 2237
22 894
793 1842
683 3313
1224 73
1369 546
94 2171
158 2830
199 4328
1053 3373
475 2670
487 854
307 2415
1120 3270
233 3033
621 3920
755 3477
954 2972
1441 943
392 706
1189 862
966 4748
956 4397
1259 3766
448 3152
1263 189
1178 2408
333 4155
1394 4428
419 2216
1276 4275
1592 1777
1336 3922
1197 4338
1323 3703
1578 1325
493 3220
992 1276
570 1900
824 2515
1168 171
1177 3911
86 3435
10 3805
1058 3456
1184 631
1244 4009
1360 421
1177 748
1225 4005
41 3677
1597 641
1088 227
4 765
1159 2400
378 2872
210 1731
1070 1468
549 1888
302 551
91 2943
492 3049
1416 4156
182 540
810 2285
258 3162
425 1983
390 2283
44 3300
1286 4046
491 4412
1474 27
1641 1379
1669 1118
608 1467
1166 3299
1234 724
145 4201
317 2219
49 3800
153 4064
1384 375
1704 2506
491 3666
1504 3872
888 2146
415 2037
564 4512
376 3815
739 3711
1533 3848
23 370
636 3386
1544 3384
559 869
1272 3257
219 3187
1315 1170
1211 2319
189 784
1308 2133
1292 235
32 4119
963 3883
965 940
1623 2688
990 3899
300 2615
1518 2326
567 4461
295 3148
773 2519
1407 3119
632 3667
1216 1268
361 2580
663 2239
1165 3262
820 715
884 1039
510 597
1286 3238
1583 4046
1179 303
509 2487
1229 1488
54 2895
623 1380
85 4106
368 3363
386 1966
1057 2204
1016 2735
478 1580
1505 1417
279 4641
624 2621
561 3143
606 4694
1017 1441
1310 3197
315 2669
1033 3901
1212 605
550 3176
304 2716
619 214
1500 963
637 1340
515 4475
1482 1823
833 373
599 3626
736 2354
287 4226
757 3032
1032 2963
1042 1612
1678 753
1251 1932
1359 3719
674 1567
208 4164
86 3533
1452 4532
447 1853
813 2692
840 3632
819 1803
138 2994
964 3798
517 659
440 4258
1101 1282
1105 2781
1182 3283
454 1115
457 1925
676 787
1215 3589
505 3593
756 2553
227 371
332 2050
1058 1699
961 4564
1077 2542
1293 2853
541 3940
1199 4416
803 528
1476 3552
290 1899
793 3179
1651 3773
1628 2963
203 3355
1521 818
1121 1157
1073 3388
472 4647
730 3947
587 2359
1549 2353
871 2837
1643 3951
1220 4075
922 2606
1000 4594
1571 2101
867 841
655 2063
1484 3034
715 249
433 2144
1438 2014
1021 3970
839 197
977 3132
628 53
1210 951
634 2177
57 4714
45 1285
392 4507
1422 2422
995 1640
214 4669
405 1025
1032 4222
896 801
1538 2846
637 4142
1431 4118
129 2720
460 220
1576 2252
1091 1159
806 3693
1104 1403
788 3306
1140 463
1101 4217
1397 3556
93 4477
1354 1518
781 4548
1510 2198
51 1631
1389 4734
858 1754
443 904
520 306
415 2739
792 2632
1258 955
477 4232
266 4296
69 4599
1050 4448
500 558
157 4642
740 2022
1518 2143
1090 4053
54 2819
672 3632
854 3527
249 2226
727 3743
1425 3527
1113 3702
553 2516
501 214
6 1581
319 2066
109 4351
646 1928
379 1393
44 940
1551 1441
635 1319
307 152
1142 3297
1502 4723
332 774
1366 3959
1300 5
1495 4541
583 630
1130 1521
1229 4080
1062 1378
499 643
1682 1625
721 2611
325 4554
1672 560
311 253
1638 3580
134 3681
552 4579
1652 1880
766 358
1460 3892
1415 966
52 3961
1561 2368
614 286
409 3039
468 2058
376 2569
812 1777
449 3037
1047 1270
137 1529
781 3746
600 1732
569 411
198 1861
1406 517
934 3607
30 1635
1685 1756
1386 4109
670 1565
55 2403
989 1991
678 2224
1536 3838
982 3309
439 2458
1487 3946
995 2531
487 3042
305 2584
1680 723
949 3528
719 4418
1146 858
1115 688
1177 2814
1012 2749
1148 3028
386 2213
1418 219
104 4456
392 676
534 2489
151 2680
1029 4062
116 1572
306 2811
306 2663
1588 999
367 1654
1194 990
1421 3577
1158 3556
1176 4012
1497 4422
449 1188
1632 775
434 3441
1572 1548
1204 2449
775 2920
397 3630
1524 1863
13 327
209 2002
652 4704
1548 789
497 418
689 870
1426 4249
1541 3521
1143 3553
56 679
174 2220
1657 2472
57 1883
681 4232
229 170
423 4112
1530 2797
801 1657
771 4356
634 4617
512 4046
468 691
565 4018
849 543
1347 1502
1636 981
104 1427
1501 1000
754 802
662 3407
431 2733
17 2994
1649 4148
564 1753
373 3116
566 1811
1466 999
316 4603
706 4571
849 2881
1067 975
489 1262
1593 4053
348 1623
105 3592
1301 1019
138 4676
999 3096
1031 627
1634 2060
1698 2067
282 46
1252 1536
723 194
571 3343
645 341
763 501
795 3875
64 2088
1100 3223
1353 45
430 2806
221 328
32 997
790 231
839 325
1032 871
667 1382
777 1326
1136 4167
617 3532
435 3460
1350 780
1420 4359
355 471
65 3857
509 3678
1675 510
1579 4151
1703 4427
786 3548
1648 1857
668 2556
1140 2268
548 599
1671 68
1328 4518
1512 396
780 4682
1046 1024
1356 2717
625 758
15 3832
788 617
11 2838
1448 3529
1333 3756
514 361
363 3940
1358 3118
673 4153
1402 557
1508 1866
1139 41
875 2878
1582 4529
1130 1340
1277 4707
205 3997
1020 407
1591 3219
921 4386
1491 994
536 1895
752 419
1221 3524
858 2192
71 4301
1692 1691
1090 3276
493 2579
1336 4351
327 1802
759 1710
1012 2644
1164 2326
467 3513
1160 285
772 2361
1207 912
1648 336
866 2253
409 3854
1503 758
738 1504
817 2977
656 3587
136 2319
479 3353
1464 903
261 2813
683 4402
1058 2915
883 452
851 2756
128 4218
324 1032
673 2040
1648 3683
1650 3713
943 4578
863 3167
1130 3085
1040 3028
581 3821
902 1014
502 2529
1413 248
979 1590
1610 1317
441 4039
1544 2225
60 3217
1262 7
1374 789
547 3371
1218 787
1163 4656
429 425
87 4264
510 4401
239 4742
466 4380
734 3012
1288 679
831 881
417 660
974 2488
1600 1387
74 2031
1107 3636
604 4687
498 141
1033 242
933 1920
1668 1792
1025 76
883 4381
194 1152
108 2265
1361 2295
546 3506
397 3611
580 957
1445 2988
1625 3588
260 1305
1483 3406
1162 4040
885 3456
355 1684
1449 3726
346 3570
1062 981
1034 4566
1667 2323
601 4732
432 757
457 2103
633 1144
392 4463
424 4120
1262 1811
97 437
491 491
519 661
276 791
31 1790
993 2231
956 4349
518 2167
1375 3086
147 2469
1264 139
1122 1888
1212 4539
120 833
1465 2243
1019 3367
858 1857
917 2420
826 3741
1023 2486
1248 56
1242 1147
984 4311
901 438
990 38
1162 538
1490 1150
1666 1308
507 1032
1479 68
1445 545
1157 3959
305 4533
1484 4567
378 2203
1670 2603
202 575
248 3984
97 4237
621 845
1226 3408
1422 153
657 70
108 876
1641 2443
1077 3924
715 785
1197 1349
769 919
1261 2646
547 1493
34 3939
353 3380
1464 3404
901 1884
1134 4631
51 4639
436 3502
1111 4330
44 3275
719 4198
1526 3156
1577 3904
258 2655
122 3002
1051 2924
385 3842
1219 1879
1555 1689
685 231
1121 3766
78 3235
1222 336
1157 4165
1169 3772
399 3779
492 4496
1195 1468
1447 435
476 400
322 3984
1687 3059
36 3471
537 3560
61 1073
1416 3442
428 1206
1523 2238
627 1853
1441 1486
243 4182
555 4622
109 4302
1042 1141
1397 4042
169 1253
577 2230
608 1685
741 963
581 3918
475 290
1212 1437
442 3860
598 2211
1647 1753
876 570
547 3336
343 629
238 2563
1197 3032
1033 3611
672 2078
762 1270
409 3196
1417 3262
986 61
386 868
217 349
1315 1403
574 3497
1505 2556
788 2707
264 582
52 3165
1361 994
963 1790
199 1580
1211 4305
290 3381
367 4515
130 847
608 2314
1164 103
23 1847
903 1427
1501 2366
820 579
379 1628
422 1815
359 4078
524 219
688 4350
612 4349
340 3354
1191 3791
407 440
263 2935
62 2114
833 3989
615 2799
637 686
191 4451
643 2212
1267 4178
939 2706
754 4700
944 4492
1119 3129
717 3190
1112 959
659 2160
320 2697
670 363
899 525
302 4298
546 1043
139 945
212 2873
1659 2233
976 2714
1544 4554
763 3301
752 200
349 2673
1260 1584
1155 2850
1394 1986
1693 568
1091 3710
1667 569
1529 1476
930 2122
1075 1649
1452 1649
178 1035
359 2871
923 3457
118 3094
1066 251
891 2125
1572 63
262 58
996 2948
374 4065
12 1776
725 3253
522 4129
1412 1173
1297 2022
1051 380
1072 4770
1363 2276
1630 2471
77 480
469 1763
376 4593
587 3725
605 3148
511 910
138 823
1497 4691
1372 2768
1000 280
168 2092
1674 1059
232 3829
703 1407
197 127
1552 2034
1 4209
130 430
90 2784
254 3070
1604 3900
1009 2288
730 4000
1522 807
1594 867
732 480
741 3159
964 2324
884 2767
581 3835
996 1984
735 4756
772 1851
396 105
1559 2948
412 2748
1641 4048
173 101
1282 4374
1642 4593
900 2072
75 4279
79 1832
942 4365
441 2706
538 1967
449 609
1388 1045
1379 2903
780 3218
1426 936
501 2391
1471 910
834 2711
310 3875
451 3953
319 4093
267 223
496 4328
1276 715
419 4744
430 1059
1464 4705
1048 2640
622 475
1682 1199
1698 1354
1268 1409
809 1757
728 292
843 1215
408 3327
694 2622
10 4178
1130 1667
1230 3843
1294 773
140 2551
1211 599
1125 4291
531 23
963 3213
1205 3193
1354 3776
37 4655
1032 3154
170 1467
1016 4539
972 906
596 1847
1360 3208
1380 2045
793 2219
1286 4064
1369 135
63 2918
1241 194
781 2635
727 4623
703 3661
205 3257
1243 3416
91 1697
519 2001
1622 174
780 1460
803 3116
190 2549
725 1721
390 4193
1296 2364
179 2403
994 2404
760 999
1283 2991
572 4591
1321 1165
884 3753
84 542
1032 1878
1218 4425
199 247
1026 4312
851 2782
152 1875
830 2507
1444 3116
825 4006
1259 1256
1403 3203
717 4398
107 284
646 2360
1214 3022
721 3000
1708 2922
1564 1264
1078 3596
419 4106
1027 4735
510 858
889 4335
1653 4582
99 1579
1610 3706
680 3148
528 4544
1468 3399
1229 1615
99 1052
254 1272
446 1269
860 229
1400 1100
1030 3773
1399 593
486 2014
584 1612
1146 947
1678 724
1436 316
855 2889
749 3096
1294 2416
1665 3656
561 3437
1442 3500
723 12
536 4044
27 92
20 3764
539 1479
1144 4270
1666 1614
242 2336
1153 4425
1646 3579
1659 3060
1650 3685
946 4752
1216 4006
520 2371
1308 238
1343 4419
126 3835
118 1695
1627 3709
36 3921
797 2137
790 3012
355 1287
1399 3463
1254 17
286 2875
330 4333
1386 3231
1517 3350
1342 605
1387 2772
1567 2764
687 3074
589 816
76 2412
1077 4220
134 81
1469 658
576 1487
622 373
797 2870
1643 123
955 2234
1465 30
1456 2749
1001 1859
888 9
1107 4654
1380 3215
1237 522
83 2646
1034 3246
512 2940
410 4748
1089 3409
896 4649
622 4199
1271 752
1103 3343
1343 1893
589 3637
916 1248
118 1588
132 2706
1179 3691
1032 2458
1481 1570
294 1642
537 1560
1179 2500
1466 4305
1335 4005
892 3623
714 4500
299 3208
782 968
846 3032
822 4440
475 4350
969 1286
580 1912
1531 2058
924 310
552 4617
1193 1528
538 1267
666 2998
1505 2696
1583 3531
691 100
15 1346
849 3551
1407 3118
485 3706
1038 1917
1278 2143
1599 2849
49 2911
434 3957
1395 2787
714 4016
398 4582
448 4674
1426 2357
773 4290
1090 3605
257 1240
502 1341
413 1660
1401 1869
272 3854
877 4405
943 4663
1614 2396
562 2410
300 910
1416 992
990 2583
249 1722
1573 2006
1482 4247
975 905
1270 761
10 184
87 1591
1680 2725
1149 2136
41 4580
255 3492
178 1261
393 3906
1178 3524
1160 3956
863 751
604 2469
1164 2827
1415 4519
289 417
124 1744
947 910
1614 1425
1164 1465
906 4682
1206 1348
991 3035
822 3619
960 1487
706 568
180 832
300 750
1429 2449
1582 3388
1509 4201
1564 4348
960 414
1071 4126
9 53
1432 3831
1291 1819
428 348
1004 179
967 2584
120 1742
285 920
1088 3871
1320 425
321 3552
1245 4426
805 368
1382 3903
1329 1749
1157 633
1207 1528
673 2167
19 4611
1050 4600
1378 4161
624 4215
1092 856
917 3652
330 1746
844 3387
1097 4454
733 4058
1573 2443
620 3233
729 328
1578 170
1560 698
518 4164
1026 1738
37 135
1300 3037
683 3573
508 3773
1495 2821
142 2664
944 4638
123 610
1082 2575
773 3460
1036 278
606 4273
600 2668
1504 2365
918 4111
801 2617
1639 3894
1479 2002
1208 3872
360 242
510 1840
12 837
303 152
1696 3419
363 2433
301 4011
145 1136
938 1724
1212 3047
432 2127
140 2064
342 3863
312 1457
730 4230
1435 2117
1174 3139
1178 3897
97 431
1045 1249
958 1900
517 3472
159 2667
1466 904
237 3949
879 789
116 743
1606 3840
37 3664
1213 4528
1096 1296
1482 3472
299 567
1192 2377
1217 1197
199 1060
975 1015
525 2912
163 770
861 2835
668 2231
82 4733
1285 4139
220 1859
1364 1780
1414 3029
1017 1912
637 2096
450 3755
1258 20
1448 3259
1651 3269
786 2506
1528 143
1647 2429
193 3971
1224 1400
609 4335
209 4244
1164 3884
65 4332
147 3422
456 3191
780 308
1165 3949
1685 4128
1237 2326
774 2954
522 109
1703 1515
639 153
501 4722
1135 673
431 3195
662 2941
1106 4282
1516 4643
515 4761
896 223
1253 3794
515 1152
670 2624
1702 4061
1508 954
1409 3499
1392 1180
1517 3592
287 4076
1582 3235
537 4688
250 2488
155 3182
232 2398
951 3479
217 448
572 2449
225 4124
1136 2363
1209 132
989 3873
645 4765
1389 249
1640 1212
643 4389
566 1866
1514 2385
662 726
158 1685
361 3644
341 2971
1236 4498
1549 3905
554 1642
482 397
500 1738
1500 127
1643 2357
1234 2004
1597 3410
123 1804
1458 2893
133 4003
840 662
1276 1868
313 1629
1440 4012
1460 1400
1045 2
294 818
829 3131
986 1297
231 3055
373 1087
920 2318
83 4192
1580 623
1032 2239
1304 2663
391 885
286 1989
1302 753
625 4756
1624 2114
219 318
183 3152
482 2378
1327 1178
1228 3019
728 2547
894 4024
729 335
208 3727
1428 4586
998 843
1300 361
819 1277
511 2198
1560 740
570 1205
1109 3429
1202 4530
764 4096
851 4126
25 935
867 324
350 2545
147 961
620 2992
1612 4212
1617 797
1093 3218
1412 4729
1340 3927
1530 4040
368 802
1510 1701
1152 17
887 4438
1262 3677
720 3480
41 3943
642 264
1595 3596
1479 3244
787 4149
39 4551
1380 4379
627 3940
1453 685
1688 162
1192 1009
97 444
1495 3011
1371 4123
1513 3326
610 3936
303 553
161 1737
1313 3741
619 3098
107 1819
1281 4331
1021 3931
469 1060
1315 3159
228 733
1325 4702
1551 3550
514 2140
629 3645
1227 2148
432 1346
1384 2825
1172 4108
476 4460
174 4534
964 3399
1421 1716
1253 2335
1262 4003
779 4448
918 392
567 3155
1186 3905
148 4367
89 3272
692 4385
950 517
695 1050
1263 1902
74 2003
1446 3322
1576 4664
1259 2850
564 428
1649 2494
791 4012
1150 735
241 4782
320 2557
871 1462
778 3052
864 281
1246 2440
155 1463
191 1396
909 180
1498 3390
399 565
1195 4073
1523 4208
298 1603
1682 2884
479 742
1483 1605
1150 3919
1686 3532
1617 2802
1658 4407
430 4287
1072 2288
1576 1455
181 783
1688 2453
1256 4389
1231 1502
536 889
1029 2581
1462 3665
617 1561
119 2786
1632 1403
131 700
1123 2121
241 2966
1055 4204
720 3322
956 3116
26 3580
838 1595
1376 4650
965 607
1510 2011
857 2863
945 954
318 1722
327 1097
603 1369
814 1427
832 379
1278 1695
575 1310
888 1145
1154 6
687 1529
359 477
1646 3411
1306 1846
474 325
240 857
329 495
497 1925
975 1657
1195 3966
44 3770
170 1512
1562 1917
1595 486
1039 3487
321 2293
512 4727
836 2128
1482 1908
1052 659
962 3328
1368 734
907 29
813 251
743 2777
588 3128
1202 172
1579 4445
260 538
1625 2798
24 489
480 3156
1076 2092
317 3367
544 556
312 1846
338 4520
1337 2847
1649 3656
1380 1739
1543 745
262 951
1077 1413
270 3083
624 4418
1615 703
1206 3028
689 2732
352 4468
1147 4378
437 3737
498 399
54 2568
685 3734
914 2678
1056 4021
1679 4199
867 2895
116 3082
1298 691
1449 1632
834 2002
499 4387
462 3330
1253 1523
1429 3924
1301 639
918 666
518 1300
1682 903
1569 4340
864 2110
983 596
519 3421
712 4731
783 308
486 4580
288 1099
36 4214
1474 4641
1378 59
145 4137
99 3575
478 1982
1098 130
1504 2418
742 3087
570 2767
802 4113
1628 356
374 302
1272 4746
1282 2083
1006 2950
1338 3728
729 3734
1556 70
575 937
865 89
1099 3455
120 3636
768 2944
75 4516
394 555
592 2955
657 4476
270 2072
1498 2228
1216 2500
631 3905
186 931
810 4639
721 4319
47 3190
1042 847
887 3972
1705 2399
118 2909
593 1427
1010 1787
1328 2468
71 1184
97 2334
1502 4696
43 192
247 1286
288 185
1336 3978
1037 3968
186 3972
23 1325
963 2192
388 1745
225 3716
1000 2561
130 577
384 1186
1507 3204
1501 2140
923 4713
1601 4265
966 2969
1324 2634
673 542
1065 2529
80 4515
853 964
340 1341
1624 2586
78 2949
1095 3861
1044 2789
70 411
653 2673
1246 1716
709 4194
148 249
508 3432
648 1414
1056 83
887 1491
1409 4631
1699 3173
1045 4421
1283 1416
401 3955
63 2840
662 2088
802 4217
908 4680
1459 468
1407 41
855 2788
39 2918
128 813
51 943
398 325
1607 2710
962 957
1292 4628
1030 4683
237 1475
1597 3375
1473 3889
1100 285
1429 3311
1089 1765
1456 3301
1024 2951
749 2640
1017 1900
800 3635
1014 1269
698 507
705 867
600 4515
1486 51
364 803
239 1334
1297 1407
1007 3016
544 808
1037 3367
603 846
329 1760
440 4786
538 2527
67 1261
548 4541
1294 3149
1517 3842
1504 1620
525 4297
1586 3414
164 3736
112 4398
377 840
879 2784
735 2206
1610 3275
819 612
358 2936
424 2116
194 3467
44 3549
56 4757
818 417
1016 2835
104 1042
1318 2178
1518 12
62 838
586 4118
816 3847
1561 3974
7 1800
89 1278
64 1224
86 1662
562 2906
357 4049
1358 2824
1386 4254
871 460
1138 3022
416 517
416 326
325 36
1117 2026
1326 1976
11 3958
1173 1782
1523 1114
857 4755
30 3732
1002 3983
449 197
206 2998
1119 4241
695 938
88 4187
1474 2828
899 2042
535 3887
1263 884
845 3306
1362 1414
1544 3563
632 2639
646 450
148 2882
96 3692
801 3289
1026 4716
1570 2815
1423 909
910 3652
278 107
1272 4097
779 2090
133 199
398 2970
881 4352
574 2475
428 3957
782 151
1426 34
291 1201
1 3437
587 1203
1117 1586
172 1579
1400 904
1183 3486
932 2208
1597 884
64 2246
180 4259
910 801
730 3201
1172 3545
934 2302
820 2469
1073 2633
1574 3106
1661 3422
84 1345
493 3927
16 597
27 1120
372 3245
568 3886
1498 2491
1270 4254
612 1915
667 624
378 257
800 1532
1504 4669
676 1917
317 2738
1069 1753
746 2055
410 3920
1012 2966
1219 1296
1179 1281
847 2517
1274 3959
503 3401
1100 3654
344 3770
1351 2899
103 3022
914 2690
1200 4729
1089 755
1636 4315
492 2860
964 2090
765 3833
651 3693
908 1538
921 4737
1169 2865
717 725
312 1159
1029 2280
1229 1490
300 3347
999 3738
78 4547
23 3138
238 3436
368 2079
1088 3533
1448 4184
1077 4176
1627 1231
1437 1514
1064 2980
508 3410
1548 3112
173 4731
1236 796
1168 53
1382 2222
319 1808
1604 4268
1461 4390
1661 1997
1024 3542
772 588
151 4369
1373 3937
79 360
655 1268
1061 2847
1518 3007
1660 316
1554 1167
804 1240
1074 3701
260 3912
1591 1293
526 1449
772 4076
610 1975
534 4358
679 2083
985 434
111 1377
1158 2249
1024 3375
586 3090
432 1954
1324 3325
744 1612
181 938
404 1266
679 3713
364 1834
1177 4166
994 3254
1491 3232
369 889
688 2234
126 2045
186 3636
1637 3121
1068 4787
1281 3177
354 3577
846 1634
1611 2636
1705 820
1086 4636
1372 1764
1466 2082
1216 2000
1649 4482
373 542
94 3256
876 2017
290 1118
1600 3581
392 3909
56 2085
828 3397
993 2746
825 4701
446 2115
1424 4728
1414 826
471 1608
1623 2186
1390 1386
160 1770
1617 3786
154 3116
417 2734
498 37
1353 236
748 1343
473 4629
1095 2570
1210 4609
197 2070
123 2636
939 1974
678 911
455 2772
56 1963
935 1484
225 888
1330 4544
1036 133
502 721
154 2302
114 3390
1098 4703
1089 4490
418 1408
1565 4566
545 4567
1278 1950
1398 2129
672 2494
1072 238
513 2358
519 2779
1395 2885
722 2102
1249 2861
67 3449
1343 863
57 1425
939 3284
607 510
488 1285
746 333
1227 865
476 1783
1423 4651
1696 190
152 3249
1364 88
1209 1683
1277 1039
1548 2265
1193 985
394 541
494 2552
635 4283
1617 4106
187 448
299 1681
464 2198
1119 364
1451 2741
1565 1382
1136 3987
1011 4176
379 1863
903 1689
1089 2897
453 976
1361 4192
1097 1848
193 4212
965 1591
925 2867
301 3962
1253 3215
1650 2327
812 4405
980 3753
1361 584
512 4025
674 1729
1029 1988
443 2511
135 3873
1110 3777
1221 3030
1366 766
676 3089
1706 1944
1661 509
1616 4550
635 1725
867 2689
910 2822
457 4397
306 4559
899 1756
1189 2641
1061 2228
1059 4516
1230 613
886 608
807 2196
456 1138
282 2834
1686 1794
457 626
293 1368
867 4788
1284 4067
1495 3804
219 2692
314 4591
731 2331
151 1746
866 1710
1198 584
783 3839
321 3354
1104 4217
1692 3280
910 1899
974 3604
1376 3243
1375 3298
989 3758
744 2526
1169 1703
340 680
526 2511
926 4131
858 3017
97 4558
559 3192
33 66
1098 3217
1177 3195
1392 2462
415 271
1461 3721
842 173
1289 3328
1329 469
46 1651
1144 1799
1255 2614
648 1450
866 806
19 3599
531 3880
92 3501
9 180
1267 4664
1585 3103
325 4733
74 3143
736 1933
697 4586
1280 3300
1665 4167
1640 2736
1706 50
873 3504
961 992
953 2915
1680 1913
675 1850
210 3510
1529 2363
1464 1422
1423 936
395 1025
418 501
103 136
359 3290
1689 2872
1193 449
479 4582
626 4305
1455 3878
776 2702
533 3252
278 3438
46 4023
275 2716
817 2575
181 141
722 851
553 1949
1063 2113
64 3262
289 2542
1331 3645
1114 4788
1518 1231
1194 4153
384 2930
1114 4655
840 3193
663 3687
1394 4740
955 120
786 2609
1299 490
1411 2540
677 3869
212 2223
440 4731
620 4044
128 1597
916 4609
970 472
269 3344
1284 3251
910 1804
884 1250
690 40
1291 4753
1475 2387
904 1779
1148 3106
128 3920
648 153
1086 2988
1497 325
686 3499
486 4183
106 248
526 3466
1278 1336
771 937
630 1825
1253 1554
1054 1200
1363 1682
264 941
941 4253
1264 1156
1239 2794
557 2013
16 2916
642 2590
1064 2646
1585 490
848 2591
290 1579
734 3226
911 2513
1501 440
993 904
447 1277
344 2957
1562 1574
1481 4419
177 2491
1695 3285
1231 469
1078 3318
955 1269
87 2174
528 4583
1599 2233
1135 2702
419 1990
308 4394
1670 3711
1313 536
642 2402
1678 15
546 3768
799 2143
1602 279
396 2963
1183 3318
1047 4690
781 663
166 3498
610 1927
632 3947
648 501
415 4125
45 2652
594 2188
896 2611
1262 4300
602 4006
1349 831
183 2408
55 3391
1665 2996
1405 1756
537 76
1671 2750
226 4452
1321 2936
768 4654
1602 2093
1431 3111
931 2751
1086 1303
1596 4555
1044 728
95 3400
146 1499
1495 1702
1339 735
1266 3841
1589 3709
1427 737
603 4394
206 1408
1044 3468
688 2925
704 3659
718 2111
1429 166
144 266
227 4276
456 1297
169 529
1334 19
540 2480
745 1738
1286 4454
542 423
856 1503
1144 2074
1129 1906
67 3842
1097 846
940 3522
678 63
803 272
587 1415
755 1312
22 4049
59 2635
1124 2574
842 3978
634 3962
1431 4548
765 695
1192 3829
60 1710
881 4235
530 3573
46 4025
1238 1035
237 3606
105 3233
1049 1629
572 3810
318 1643
1347 2918
17 3297
879 3058
985 1256
781 2467
845 1749
1385 1405
1308 872
152 4349
781 4032
633 2298
1543 4289
844 2035
1421 1404
363 2715
91 885
982 3394
1030 594
93 1746
820 2417
311 2903
629 1465
1206 1087
1690 2276
925 3242
1648 2529
43 2246
583 907
411 76
274 766
741 448
1226 1586
1326 1863
690 132
1708 3994
440 518
1138 3250
1094 4790
136 2425
1111 4769
210 3090
322 1872
887 3241
1361 1400
496 4781
1160 817
731 3057
901 2349
72 3743
99 4753
861 3370
662 2190
589 340
1108 140
1588 3869
821 2051
303 4709
483 2996
1409 2028
649 3906
39 4783
828 3633
451 3789
164 3951
1560 2855
1244 1509
1466 2197
190 4259
73 958
1277 855
1533 649
812 4367
1607 2107
1567 622
93 4113
1648 1545
357 3465
1175 2681
1114 2255
515 4545
1400 576
158 4766
846 1974
746 3327
1667 2683
523 2086
449 3940
1532 177
921 1637
475 2419
787 4595
330 1586
18 4580
711 1983
1611 4427
495 4457
141 1054
587 3522
1689 3377
235 563
1284 3471
1211 4749
1616 2537
466 4067
1690 2845
113 266
748 2542
804 1492
1671 2676
1388 1743
219 3477
803 1394
1563 1625
327 4510
89 1471
1287 1700
627 1648
609 1151
871 1175
676 4050
339 3255
852 3778
888 989
1657 3291
96 2257
59 3138
1434 3730
886 23
716 2395
1470 3463
923 74
1006 2666
357 709
1137 3735
266 1375
555 4680
1647 3158
526 1989
653 2145
1072 3996
984 3411
438 3527
597 1505
645 2389
1004 1449
156 4271
766 2184
1220 3954
97 4519
114 1962
1241 1436
656 3102
1667 828
1268 1669
1434 2609
253 397
448 1807
1141 1244
976 4269
433 3132
522 4432
238 4612
1560 395
1649 1046
135 2950
15 642
1207 1230
279 3421
1387 2096
966 3380
1450 2944
1707 3429
392 3072
811 385
101 1903
1058 3849
592 597
1326 742
358 845
1613 3565
1427 616
1629 763
375 2200
886 2334
1611 1192
98 1469
865 2893
711 4643
1677 3626
1531 1228
12 228
364 3518
643 1126
495 1864
1292 4062
31 1753
473 2507
650 4288
51 2573
975 3496
1245 4697
21 3230
85 1372
682 153
710 262
291 236
427 1849
67 3289
1624 812
824 1392
188 170
547 4785
1270 4407
1338 4573
928 2144
1208 3154
720 2798
1266 168
1463 1265
1219 221
1395 4519
937 4423
451 1360
628 1690
880 2005
1149 894
1655 2419
1278 2452
1652 2474
1148 738
1377 2284
991 4515
276 2826
120 1523
763 4635
1521 513
1473 4360
510 2617
283 4510
1252 4212
697 247
1187 519
295 4075
1652 3482
120 2819
978 2454
862 1142
183 3378
1678 506
584 746
817 3138
389 1263
1059 2490
1201 3779
1215 4246
1600 4146
1462 3426
1535 3783
1198 2373
695 2007
966 2348
44 1205
1650 3232
807 2499
1377 3915
705 4234
1284 1980
1345 2477
936 1991
106 3473
511 4670
76 1741
1670 3042
255 3200
1151 3303
448 1515
609 3133
1004 3820
270 265
214 2018
763 4741
1122 2592
355 751
679 3938
845 1528
1178 3026
1652 1875
666 4210
1336 2942
1414 4231
601 2452
844 478
1421 3729
1178 4690
1333 4243
1039 2227
1644 4163
1583 3010
1114 415
1194 140
1565 4736
673 3103
972 1774
288 164
1419 1336
234 4163
1418 1937
670 4252
591 126
1384 1782
716 4075
1513 3178
1254 1498
225 1911
1556 823
1353 2030
150 2297
1535 2800
763 1195
1584 4094
974 1924
975 2379
1302 3915
678 1018
1253 2757
698 2341
490 3373
1307 2798
1524 98
314 4156
511 4269
1355 2197
965 4745
756 1775
259 1826
1263 2938
1664 2399
574 4585
936 4211
371 1483
1048 3182
28 4368
1529 1377
1062 3849
1490 4039
1003 1253
1208 61
197 803
1239 2928
1068 2407
133 400
301 2041
831 2536
439 3075
361 401
1212 10
1062 3514
1372 2646
39 4289
1234 2283
1068 1606
1682 3047
1353 1227
955 3173
1643 3037
1176 3856
1513 612
1194 4727
113 685
506 3692
925 4206
207 913
696 2048
994 3108
1216 1320
384 1612
1056 3612
276 4189
1665 1414
541 638
1166 2657
878 2065
857 3534
1130 2719
320 3358
956 1871
158 3172
154 4092
1089 2843
1373 3681
464 3012
302 3327
1425 290
71 3298
758 3623
1661 4062
532 346
1067 4128
200 2832
523 89
1436 1271
499 1808
318 3780
1101 243
1697 1350
961 3863
471 2916
883 2106
1316 4397
1181 2959
259 1051
853 735
492 424
314 4342
323 3921
1311 3680
909 2881
1501 2082
1550 2707
349 4383
296 3573
1011 4723
965 1547
127 188
754 3321
540 144
1397 1040
448 2270
115 3394
1699 3364
752 16
119 3943
484 850
1447 453
185 1196
987 3165
1519 2121
452 4111
417 1587
972 2583
643 2187
450 580
1582 1128
27 1493
206 1153
858 3424
1468 873
219 3678
1080 790
1476 3433
693 266
1650 2777
1486 154
1020 1452
1170 3099
1044 2696
1060 4697
35 4383
1243 3418
1546 1187
1596 941
1352 3533
1195 4048
1279 3663
1077 2100
1259 2344
314 708
1640 198
1470 1804
416 2529
895 3529
1200 1495
1254 3554
367 1266
406 209
799 4506
17 1389
1004 4274
823 4480
1071 2658
1447 2759
707 2054
1007 3093
924 2365
1059 2598
855 329
1134 2491
400 2715
1356 4405
1052 4066
405 2735
1075 612
1479 2104
441 3011
1692 4064
600 2192
626 4111
1682 1818
920 2974
140 2217
1578 3826
520 3780
466 1769
834 3282
668 1898
226 850
468 2846
1210 2988
60 3662
1382 3472
473 2080
680 1769
1346 1291
1159 66
1212 472
589 2647
964 2959
398 4222
1340 530
1091 2889
1083 3628
1392 2808
1127 1746
704 1542
113 2826
1517 1374
1123 4764
233 3668
388 2378
1479 3986
937 272
825 2135
592 3234
860 4146
1534 109
1279 4000
249 1397
1457 1151
808 417
1435 927
896 2120
1338 3587
1220 1367
1409 3354
538 4453
98 784
455 2044
71 4321
161 4067
1665 2825
988 4014
1319 2268
111 4747
989 633
954 4404
822 1380
1691 250
725 4183
503 2467
1048 3850
337 3173
1544 790
1435 446
1629 3642
1102 1062
249 1104
97 3551
946 904
78 2635
793 396
896 4659
368 3512
99 1688
649 3595
876 1654
925 1372
918 2354
340 3932
20 4278
933 4490
1456 370
268 1401
1415 1777
1417 1099
442 1760
206 3550
1276 1489
536 3518
582 2296
1469 3827
1277 4268
923 4483
876 4388
1494 4526
493 2958
913 2048
1000 4330
1345 2913
1120 3921
386 2024
664 2605
516 2801
626 4556
747 2757
793 3700
1222 3667
1099 3450
737 564
1396 666
6 852
1615 48
42 1457
1246 1882
785 1620
967 3011
442 829
1090 4233
1540 4400
494 4139
1089 2964
124 3709
748 3474
188 4092
1583 3718
1126 318
1368 4740
36 3678
879 3438
316 2099
400 4654
1456 3826
573 2221
1235 4286
1629 4196
319 4660
610 1456
1405 1106
272 386
555 3674
1074 2075
1305 1472
1060 3244
546 2589
1523 4301
1482 656
1391 1559
127 3735
1289 4100
1496 3770
1082 2006
850 739
734 716
666 436
1114 2696
1243 1849
53 906
635 831
1636 1755
704 4462
742 725
1212 3784
926 2610
93 2278
1203 2341
1444 2275
437 1613
726 1139
135 3599
790 2425
563 1108
46 440
883 3459
406 3260
767 52
1084 2382
1387 4138
1124 4313
685 494
1511 1166
451 382
1530 2752
475 1184
1600 31
1569 3756
1275 3986
419 2267
333 3439
617 1383
1084 2619
1486 1881
151 3577
143 2390
1156 838
27 3839
1570 4279
690 4428
1375 1947
506 2857
1313 940
1630 2
1644 3003
160 20
803 2640
1247 3466
597 928
236 583
1096 683
1197 2865
1269 2508
1111 3686
1331 3298
1680 4294
1485 4758
82 3154
717 2376
992 1107
1446 3121
359 4156
609 1586
1158 2105
1170 3573
532 3046
1582 482
859 3741
1455 284
361 2227
603 1655
1289 2144
1536 294
702 2564
267 2626
1000 1842
259 4171
974 2085
1065 1204
259 2045
785 149
1004 966
583 4740
1235 3572
23 469
416 3226
1352 163
613 2910
377 192
691 754
17 4541
248 2146
1101 2166
1350 1949
525 4586
1688 1223
12 2779
524 4375
87 629
1677 1284
431 760
1596 2438
877 1803
562 4717
1154 296
320 1356
1327 1169
1411 2331
186 3672
218 3883
1208 2629
1563 343
303 3004
1618 3322
1683 3836
501 969
1043 4616
190 1981
346 2150
149 3665
1062 4609
102 2389
35 4492
1004 3081
588 1857
819 11
668 2769
942 2878
574 524
223 1401
1433 1084
104 2302
248 2101
412 753
1380 3736
1618 3415
1592 1341
789 1052
118 2319
1329 668
280 443
655 3192
326 241
693 702
622 3194
1053 1386
126 2821
133 543
1584 3411
740 4016
931 1685
194 818
1701 1230
1667 3295
27 1392
234 1316
682 4124
34 3904
348 2033
1498 2827
1124 3080
524 434
1565 111
905 905
78 553
746 4231
1527 2873
1163 282
1224 4012
550 4669
1231 3440
1356 2042
1530 4200
353 3778
1356 2932
437 1875
223 404
416 4462
612 2954
1693 4188
1032 880
1095 223
1026 1974
1085 4197
880 3212
622 4691
1381 389
461 241
879 2519
691 1226
1007 4686
1234 2815
356 3547
1042 4192
271 1963
731 1983
1233 3136
131 1968
1158 623
1455 3349
559 513
179 2053
1145 3099
813 3258
228 1905
1221 1023
831 1632
597 3808
1428 309
1246 3893
1435 1900
338 627
911 2249
709 1853
688 2627
167 877
1031 963
1174 4205
789 3043
1220 4445
1100 1366
1499 4725
1099 4649
167 994
806 1014
111 2220
1182 2510
80 2041
323 3699
1652 3418
543 4382
52 2686
533 3402
677 3405
182 1055
1157 2318
1632 881
471 1089
833 2837
1402 2860
155 200
380 1797
1314 3313
193 3729
1462 4361
1172 2193
397 4455
339 3082
1595 456
1122 664
496 2529
765 556
1694 1401
1592 4395
1213 1836
446 1503
314 556
1616 4421
1524 3607
1580 3571
1221 2079
280 72
377 3583
67 3929
799 2488
58 964
799 3058
854 3212
1182 64
869 1754
457 4664
91 1372
1292 3356
209 1490
1105 2464
687 4611
1647 464
1083 518
1063 4673
1507 282
731 4070
400 3671
1464 2798
1193 346
20 4556
530 1009
656 2143
1233 101
564 3656
1328 2735
659 3521
1458 685
1393 4098
1660 3778
74 3225
1619 4333
1440 3144
179 2539
757 1684
507 1549
1574 4381
480 1993
933 1634
1164 2886
1610 4674
134 2697
384 611
1674 377
852 4167
1180 2090
606 1697
592 2305
443 1016
1080 78
1666 4212
1610 2417
696 4381
10 1324
871 3088
406 3321
249 3414
570 4671
82 1712
1490 3061
440 2409
1617 3633
1185 4718
135 2349
1257 2363
1615 2764
1657 287
1146 3712
807 794
1215 1979
501 3837
1004 2561
16 248
1692 1549
860 210
21 3699
602 1536
916 3789
789 4717
64 1016
1453 859
534 1881
1210 3537
1552 1778
229 411
448 3718
311 3383
1398 4527
199 3707
1091 4562
9 3632
463 2415
99 440
1529 4301
561 1085
6 2416
1186 3125
244 2260
406 3419
809 2915
727 1414
285 3083
1243 3400
1550 1542
969 1740
13 165
1253 123
1559 4498
1137 3781
173 3694
386 173
1112 3848
1494 4782
1685 3118
632 3530
980 4215
675 2961
978 2976
1275 2941
1234 3067
1669 32
1652 2732
1083 1555
1008 1240
824 2818
1489 2063
606 922
927 591
880 27
912 2848
1169 2458
1380 3148
185 390
456 3083
547 3229
40 2173
814 2848
904 1862
712 413
593 3469
1419 4154
967 1077
306 4442
227 272
435 796
1053 3811
895 3353
283 2343
1102 4384
1161 4659
1361 2869
784 4280
1218 3450
1442 702
955 3328
1057 3226
83 996
313 3977
735 4437
1311 3708
423 3234
352 2754
1706 4351
45 18
173 2647
1502 954
1350 2636
973 3206
1449 3259
350 1574
518 2337
394 2507
836 1892
619 1203
178 1569
1163 115
279 2061
708 392
1679 3365
276 4342
1004 3019
985 1157
305 684
1342 330
957 2273
74 1189
1123 3622
680 3682
892 1995
656 3930
789 3459
1707 639
321 157
846 1404
203 2872
1250 4700
397 4729
209 1659
183 2130
734 4589
72 3858
1595 222
674 3561
1244 4705
910 2220
290 951
55 743
1264 33
40 3771
1439 68
1386 335
495 431
302 3192
866 425
1684 4680
1217 3739
5 379
1007 3317
93 3097
372 3904
1572 4454
479 1795
1037 594
1384 612
1512 3357
1690 4209
398 2573
1327 828
992 4375
621 1780
838 3420
1260 2677
1142 1936
1478 4715
1608 2948
435 4772
175 1980
1570 3189
421 2776
12 2669
867 2320
1045 1667
550 1808
900 1188
1055 848
1646 2040
962 397
851 4277
1329 2841
1293 2621
216 3609
1055 1595
871 3421
1586 3433
467 4435
35 4476
234 2641
897 3409
1334 4411
450 1971
814 524
378 3884
702 4619
1499 4604
1004 772
682 4000
760 560
812 3404
1008 4003
1352 2401
476 94
732 2284
920 90
1170 420
134 2157
173 4014
620 2709
1179 1982
865 3314
1111 2492
1485 1564
119 621
853 3424
662 445
1378 4717
1081 1534
200 821
1198 4693
1693 3383
323 2021
768 965
930 3737
850 2892
964 2156
1004 250
824 4332
1555 53
316 2590
1121 2444
521 2497
1089 2736
372 3849
1556 691
342 3914
495 658
468 2340
1528 1741
836 2723
201 2325
1160 2221
1126 1367
1587 128
877 4018
518 33
84 2004
971 554
987 995
1623 4353
79 741
299 4506
1273 2577
543 4260
305 377
380 2930
810 3232
872 1561
1691 404
746 1809
1702 662
208 1408
984 1476
1553 352
234 3404
1499 4415
300 4178
1313 4216
314 4011
1434 264
1423 2119
718 1902
1427 4022
297 1133
199 2850
585 127
333 4501
821 4773
1540 7
767 3215
1435 473
1172 2185
372 2011
21 3563
1619 3200
852 1168
266 2409
257 2345
827 4074
730 3468
1432 1997
1493 2971
781 4681
613 2572
778 1310
1199 1259
390 2849
1200 2175
607 1786
1418 1043
1527 1752
163 2598
356 1255
1487 2549
1231 3744
1141 3084
381 2885
256 1840
1109 3297
1498 795
739 4081
975 1344
1468 2988
1530 890
66 3643
59 2712
676 4641
972 4145
1400 3230
734 1180
1465 4357
1595 865
1029 3145
305 582
259 1020
505 4609
1358 2006
597 1124
521 3902
1491 1195
1677 310
565 3025
585 1052
4 4576
996 3102
115 2066
388 3424
1545 4054
980 2579
1468 1023
1472 1890
29 3988
459 2911
1234 3420
261 4784
1511 2737
284 1058
535 3996
235 2695
1051 1837
1467 206
707 4623
297 4217
1534 2308
2 3159
1679 2972
327 3735
994 2453
591 33
1308 1843
12 1010
1400 1946
1431 2956
798 829
1199 700
1319 2629
1318 3231
836 3846
101 1401
1496 1224
23 4238
393 4212
116 2960
1152 2700
488 749
1614 4751
832 3301
357 1612
868 454
288 1077
804 3933
1665 3250
362 1482
1204 4689
446 195
748 3181
9 2550
294 510
1598 4130
200 1815
188 2636
199 1717
388 4189
381 1308
1631 4544
1170 692
676 681
1481 3965
1429 3199
1474 2897
292 2002
1411 2549
1088 1788
463 4769
1287 806
1493 847
1040 3044
902 1845
1500 1969
1151 2179
378 4437
296 3185
1612 1756
399 4215
115 2029
266 4171
339 4404
1574 63
1424 3025
1502 3922
1701 4287
85 24
576 3889
1395 245
182 700
24 2150
1052 1094
1164 466
166 2179
1707 2619
157 972
285 216
1310 1171
423 2815
1346 4717
411 2043
1116 501
1521 3540
1050 2073
20 1983
1014 624
574 720
1218 2439
253 1585
604 340
392 1762
1475 2805
1484 2270
539 1411
1653 313
1634 2699
835 1182
396 2694
1333 397
903 3853
907 2915
63 2954
637 3746
603 4193
687 3992
1243 2785
222 3406
172 501
1071 2786
513 840
1511 2793
107 4556
1107 1371
1286 3530
423 2722
1588 892
317 4066
255 299
854 4292
1094 4251
281 3113
1279 270
83 3699
493 1178
336 4172
327 933
758 2906
161 884
1082 621
1287 3829
1636 2658
744 3786
299 2042
1127 608
1248 1779
1619 2675
75 1937
788 1288
806 2756
1156 2148
1234 4419
813 4139
1246 4452
521 3610
430 4500
491 2992
1230 1108
733 3751
155 3403
533 3226
1233 1992
1556 1701
927 1430
729 3329
49 4659
481 500
1267 1893
1119 4301
799 3225
367 2880
338 2187
1575 3785
823 2938
101 1354
1560 716
1480 3678
1312 2708
739 942
90 537
1231 2463
831 3087
1510 2680
308 124
423 1024
43 1380
1041 593
103 4790
1268 2765
568 2614
409 1730
28 1290
169 3253
1379 3274
1164 2184
1461 974
1598 2916
1291 475
53 535
609 3015
1342 4467
698 2642
921 815
540 2236
593 4644
857 3357
1110 210
276 3228
1365 4215
710 4611
155 4593
213 2435
306 2704
1513 3226
60 61
1670 476
1399 1810
454 2730
549 206
569 1592
1457 3135
613 2774
1257 1477
859 219
1325 218
1387 4419
614 4714
1577 2593
125 3208
115 2548
1665 2239
245 1949
1558 369
1511 3724
917 2383
633 3112
1520 106
711 2441
1210 414
997 694
1451 260
1459 1973
774 1264
352 1891
1295 4391
1079 3196
1185 3036
586 2881
1102 3639
331 4485
60 3557
988 242
1033 794
554 3108
931 1257
580 3881
1467 4733
71 2906
1028 4711
1397 3541
1516 1
86 4312
1369 2981
778 3882
1048 1722
1303 656
1585 2107
1702 3566
1127 4226
1496 4703
1686 3226
164 4590
1124 631
878 56
517 3741
843 3944
1079 1524
1599 4217
1150 2383
1286 1148
734 60
1370 3823
1016 3373
949 2487
398 3214
5 1542
927 530
970 2795
198 4660
88 2201
540 3583
1469 2270
1154 4656
71 405
769 1324
1529 829
1229 280
277 3192
1164 497
132 3547
30 3519
1330 1486
829 1521
1473 3636
201 972
129 530
1146 2054
740 458
379 3668
446 3918
64 4451
1597 4658
216 190
572 3912
165 3158
466 1688
381 4691
715 1993
1460 4747
814 3047
962 3428
1107 2177
1127 3935
1061 3218
1685 993
1073 1027
185 1818
537 373
527 3363
771 3123
29 4049
1274 4200
980 66
471 4488
778 3742
510 2123
630 2915
803 1473
1437 1804
1232 3657
346 2427
543 1126
171 2415
1481 36
1605 4764
485 4326
1511 2822
1690 1984
530 721
1445 4784
1465 1395
1036 2339
798 873
1514 3906
68 4781
1576 2443
1054 2769
1104 3208
368 634
1394 1714
1213 330
422 3015
692 1299
662 3079
322 1937
1307 2657
679 370
119 748
1374 4502
1501 2160
590 206
520 3011
846 182
119 653
724 227
1327 3847
553 1343
673 1046
944 3474
366 3924
820 2366
1384 1853
302 3108
1277 4362
588 2819
123 76
193 1540
1428 1988
1052 989
314 386
786 4718
1287 459
859 897
715 1846
966 1140
1084 3726
1660 4028
1532 505
107 2244
154 1405
111 180
1248 3063
1648 465
647 3558
468 511
1242 3720
1406 3038
242 321
1679 2637
1122 833
1617 2631
1204 4461
1653 2729
145 710
1176 4559
1604 4425
1641 1916
1300 3734
1345 412
1166 305
479 2226
986 1564
1332 3053
1243 2994
882 1605
144 4578
798 4081
635 1297
487 2433
975 3745
773 2239
898 2395
72 4753
1209 1063
1252 2193
666 1953
1642 3400
1286 3166
616 2825
1177 3627
1487 3393
541 2063
275 3795
806 1749
441 895
1186 480
886 1616
806 3823
571 1595
1296 384
375 4001
56 1834
271 4668
706 2576
620 191
1012 2532
1417 197
1044 3001
564 2249
1251 1731
1260 4024
1598 125
1395 4008
1351 3219
1500 694
1265 3815
1591 1409
60 839
392 452
1466 2606
598 2344
677 393
327 4345
1479 4309
923 2088
1320 4717
150 1940
1561 1485
73 928
1513 259
1248 1691
207 676
1396 1740
1211 2630
82 2913
903 451
1109 1882
768 3061
1318 399
1056 4474
1066 3340
172 2580
325 2500
667 2542
1123 2823
941 4574
1647 413
16 1016
157 119
444 4057
4 3629
10 2064
606 757
840 2391
682 2634
82 3555
1161 3409
199 4332
754 2558
456 455
1516 758
1659 2215
1139 3238
262 2089
405 3420
1336 4739
1703 2337
19 2995
557 700
1114 191
1574 2348
1663 3182
118 1875
188 2595
1287 2337
1000 1140
1239 4732
1232 3563
1610 3147
1613 2719
1704 1529
446 2275
772 2140
696 2761
322 3215
772 3433
339 1392
1462 1769
722 484
448 2339
946 638
903 109
1587 569
1311 209
1553 3677
704 3300
660 870
978 1822
517 4720
337 54
568 1
1370 306
185 2588
1358 4089
1084 3155
1101 1725
1344 4420
717 1631
37 2610
796 3279
1202 4543
388 1012
1162 459
828 1728
2 759
896 2325
1563 1695
9 3319
927 153
911 2118
1478 1606
374 1681
1556 59
1235 4362
500 1020
964 325
811 1647
1199 4182
722 1483
1116 3108
878 3463
1150 1830
1464 4336
1286 1408
702 3648
771 3775
923 4097
1431 1116
1540 1250
73 1343
1361 111
343 3222
665 1441
1347 3553
722 2510
1071 268
553 670
118 4373
1447 3742
219 3043
1087 4444
978 4177
601 1897
418 1707
425 1105
213 3955
605 3968
1543 268
1075 1774
135 1017
1287 4275
1442 4653
731 2744
473 562
577 294
1035 2698
272 4466
957 17
438 2815
125 3111
1636 896
1458 3594
942 2085
1009 4088
670 1463
1380 38
1291 107
1084 1737
583 4255
6 4136
937 3729
85 11
1595 1824
1226 3927
815 2464
1450 2964
941 470
440 411
1265 2889
979 3728
1521 302
1451 862
61 4664
371 3713
158 3145
162 4058
792 4400
1220 4574
1591 389
1691 1372
857 3413
1683 1672
112 3045
859 3316
65 212
941 2981
603 3846
1225 518
791 1245
1201 1592
388 722
921 2838
1422 2016
420 2403
237 215
1642 3338
146 825
1349 2408
93 834
1532 1236
558 2033
1049 1224
41 4252
970 2395
301 4059
160 3527
1377 1661
793 2162
294 850
1163 3840
952 2330
1466 3223
422 1610
782 1537
1001 3791
1517 1432
437 1736
420 2995
279 4234
336 1874
984 746
478 1279
691 4427
236 2894
1304 161
761 438
351 3943
935 786
464 483
131 2981
416 1285
113 765
409 2060
541 3630
80 2684
69 699
568 275
76 3747
198 1271
1659 286
1115 3774
611 3289
198 3239
913 2150
1215 3904
1066 3852
219 425
274 61
781 731
155 3628
1649 4260
302 2183
645 4208
103 3441
933 2183
876 3133
1117 919
1068 4694
577 4163
1653 636
651 1348
1654 4031
1460 2108
70 4112
1459 38
377 3861
385 223
552 1635
1557 1906
1522 428
1400 1361
774 250
587 4552
1448 2121
1598 2054
1086 721
622 3619
1482 1380
946 1017
1227 2518
243 2048
1283 787
256 1965
1432 721
682 4060
1693 2337
982 1161
1067 3577
115 3453
23 2993
1691 2805
1651 3660
14 4530
1662 1318
1489 4785
588 3217
1362 3811
199 817
131 2693
1232 2682
976 4372
1204 405
1650 2517
1704 281
1594 549
859 734
1018 3701
52 2702
1581 67
1406 2453
1660 463
361 3739
106 2155
242 1157
614 1376
1045 2749
724 3504
459 3007
1133 150
1170 656
1397 3333
148 3516
1479 3000
917 2247
1703 2755
1452 1374
908 2419
1284 797
1613 3262
74 4177
627 2746
1350 2516
373 4291
1379 2128
1455 1731
1606 4593
616 4701
1582 723
1583 4724
1429 3476
625 3340
639 2229
1271 4438
921 4645
372 3508
730 3040
828 2928
304 357
578 2104
400 3926
268 1580
1654 2116
979 1274
1572 4285
1573 4353
757 4317
1038 2354
544 3675
491 767
721 3839
498 865
193 3810
575 1011
18 4268
1314 459
45 1982
1485 4230
1389 2397
1657 91
10 2862
722 4414
1544 773
1117 1855
820 652
1453 2564
1470 181
40 1145
1141 3463
799 1204
1468 817
1534 2274
1641 4092
1284 384
1422 2558
769 2052
610 2604
1048 4764
1180 4335
864 3606
1654 4050
385 3451
1034 2609
685 2956
993 931
709 4027
605 3316
705 1032
488 2658
1060 1010
1246 4178
1260 2827
279 1844
695 3293
17 62
80 3673
68 1965
933 813
839 1813
1016 959
514 1021
1130 4563
145 1501
1524 2564
1308 3030
737 1882
1663 3822
1615 3253
1076 4678
609 4251
572 3920
89 888
797 236
154 789
206 2628
278 4560
493 4723
567 4255
1549 1647
1380 1102
1160 4344
481 2740
1365 2619
991 4540
1670 1806
1122 3879
689 519
318 1645
913 3274
469 3907
1470 84
96 4377
41 4421
325 1328
1609 2620
886 3225
1403 4317
697 2504
352 1477
916 3481
757 4058
245 4782
376 587
9 735
82 4493
1121 289
1442 3358
1052 985
2 3048
1098 369
985 667
473 3912
860 4031
323 4056
1639 1075
173 2034
476 4081
498 1556
93 2654
1633 510
554 673
1596 3186
1657 2239
979 121
1247 4516
1254 2748
791 3785
381 910
943 3149
245 4669
1011 1871
1624 2532
1283 280
372 4736
754 2630
641 1299
339 1541
1620 1075
1541 667
87 3107
1257 4125
261 1824
887 2983
667 4319
526 4700
1588 789
683 4097
261 2892
247 1619
1159 2483
311 3385
837 1412
33 1033
1156 770
120 2352
958 2059
957 2940
384 2111
1588 1017
1198 3054
1074 711
596 2412
762 2971
283 1404
1294 3659
123 3687
586 380
717 1929
1115 1243
411 3470
1144 1203
12 3839
1298 2999
1568 111
245 2817
1657 3171
1518 947
583 4339
953 3064
1431 1524
1545 2938
745 4439
438 826
295 1907
819 2843
1537 4765
1131 483
1168 1310
1548 2523
1437 3481
1495 1111
1538 3916
1667 4172
1686 548
565 3937
698 2290
1566 1756
769 2405
889 4525
1107 3174
678 292
98 4206
1321 3231
470 2082
1005 704
417 2288
180 380
150 2512
503 2937
870 3354
210 133
868 3117
237 3385
739 1610
1704 3870
1087 745
1394 1000
433 525
848 2681
1464 4558
700 2501
27 2542
138 2483
28 3744
1307 2742
461 297
103 341
269 3792
1593 2491
589 2862
1396 3002
1398 1987
1137 1370
295 1209
152 1423
1529 2724
1690 4263
1173 2242
534 1870
109 794
1406 2873
1319 2047
56 3446
1311 4478
1153 4293
1343 3749
640 3446
1309 2664
664 1178
1089 3342
982 1821
421 524
1643 3311
731 963
989 4743
847 3984
718 1197
1126 4077
1191 3319
239 919
1297 611
1706 3432
563 4105
1607 1311
1614 3564
1045 3185
1269 1227
268 2272
1671 2732
88 4637
1575 312
803 2455
39 3735
1222 1041
813 3187
799 3607
1014 3401
1477 2645
1038 1262
1187 4021
1381 668
342 965
253 1557
454 3078
1204 1794
15 1611
1113 3911
58 2489
1048 719
1480 1135
950 1259
569 4247
1027 1640
1548 3691
685 2954
466 497
1657 2369
1108 876
189 4502
1026 3217
1405 739
673 963
584 4300
218 3553
1180 119
303 2155
1523 313
1214 4497
380 4439
490 868
284 224
1379 2370
1597 2751
585 1500
1224 1950
992 3337
51 781
1605 3762
1421 1993
988 3098
458 3690
1459 1073
342 2901
1648 1600
1558 2720
1383 4411
1070 658
553 90
1239 4058
1380 593
1397 4722
28 4461
66 4108
34 3069
390 4464
183 1342
1495 2190
417 3618
1652 1771
1452 2753
242 2751
1571 2182
1316 4432
1258 1250
1501 2321
1217 4671
54 4257
183 3196
988 4300
1110 3098
1540 2195
555 1271
951 4109
1424 323
756 3816
876 1159
677 2191
1200 2771
1454 4313
1456 1837
765 1731
1475 264
1266 1348
758 1313
671 700
829 52
835 2211
1249 3853
1492 2150
431 62
1097 1335
834 4762
306 4462
1508 1971
665 27
626 611
1 264
358 1820
162 1355
15 957
414 3204
1403 1288
1525 4127
1228 3242
1541 1961
457 1303
592 772
1202 2723
14 4379
1414 1938
290 3053
1481 3889
1062 4057
1435 3804
11 4621
296 4647
1541 3523
1017 1365
480 148
974 1155
400 2980
1348 1691
178 3556
815 3735
710 2521
929 1606
415 3087
1420 1599
1555 3451
1681 4646
267 1687
1197 908
279 3918
656 1202
150 3810
783 2074
1669 3220
1481 2839
387 1314
882 2498
1624 439
1159 1485
1582 1579
1072 806
1678 1740
21 1955
1690 2028
1272 2587
1423 2834
693 3290
20 2078
762 3675
1289 4065
1182 745
1353 4605
1571 3664
305 657
889 3654
1369 2146
879 1767
800 792
744 2096
1225 524
1450 3747
1252 4480
886 2112
32 3249
834 1609
1204 687
1016 164
1102 4605
303 2679
1160 1882
1705 2185
1224 999
1096 2716
881 1054
1545 1029
540 1412
1620 3615
1199 4456
380 3304
578 3420
733 3877
825 1202
80 239
674 1845
288 155
83 3795
1164 2302
1339 1307
84 4656
1342 1551
363 3472
903 3914
629 1789
1013 4128
1121 4492
799 859
9 2092
441 2729
1130 4079
711 1424
281 1866
1533 2259
1332 1218
656 3620
1142 1782
780 4678
497 3742
1474 2237
1407 3037
471 1042
1026 85
288 793
1438 214
1224 963
328 4390
1452 3423
1410 4383
1458 3690
247 2511
275 1079
547 636
379 1825
366 118
1011 4733
722 2916
1084 3298
815 432
799 1041
779 181
102 4544
906 2633
1030 2910
350 4649
955 1106
455 1750
42 3366
1225 948
496 2121
335 4429
1290 371
1130 2150
974 809
592 3086
1125 1593
435 1914
7 1536
1218 4238
592 4309
1271 4772
1150 2870
475 863
258 3171
788 431
661 3694
1010 3731
270 1845
732 1836
1707 3622
1557 2379
513 4606
916 3308
1337 2525
1560 4231
886 2238
473 2444
1484 3947
1625 3354
1678 146
79 4354
1286 3248
1528 3415
631 2462
3 3447
1457 3594
880 3798
370 42
835 243
244 2309
764 1604
552 672
45 521
1429 275
1196 4716
384 906
1461 1596
244 857
1267 3259
1242 99
86 4037
135 3139
241 29
850 3979
329 944
596 3842
1317 4107
1243 3361
1038 2235
479 3135
987 2015
1455 4651
280 2966
1416 4752
1555 2218
566 1985
1083 1038
1094 851
706 4490
852 1140
1053 2036
309 3868
823 4295
799 4249
43 1609
1576 830
477 3466
174 3177
234 2881
1022 2581
540 3215
86 755
346 1834
881 1088
1018 3433
1438 2366
1061 2915
1593 2495
541 3481
73 1848
1152 2622
851 1798
237 4489
818 26
1418 3319
1288 4523
31 3558
883 3190
1022 4603
1194 4391
1017 3838
706 1507
1636 955
710 3203
262 2155
1228 4023
585 49
1299 1078
227 2075
1284 914
324 4236
196 171
365 4521
221 1478
88 3108
342 2694
1635 4681
625 4167
458 1089
1633 3258
19 4773
901 4047
351 3406
813 4264
1499 4365
1634 4145
90 3566
24 1649
414 1768
89 1949
316 1067
77 3273
1482 1716
200 3747
145 1439
675 3295
84 597
454 4546
1420 3425
733 3551
1076 1914
674 615
252 2015
515 497
996 4506
367 1131
19 2569
469 8
265 1851
600 612
1418 2897
157 2526
969 2018
847 3134
304 792
714 1687
491 1217
1078 2549
156 3057
587 1205
1464 1962
535 117
1595 2502
1615 2122
489 3985
30 2084
1398 4334
1568 3532
10 1441
933 1988
1014 1356
440 2395
663 761
853 394
672 3354
34 2049
1409 1697
1380 4566
1276 914
223 652
632 3799
565 3287
433 2600
449 2680
1616 29
872 3061
1399 1764
1330 789
190 606
165 1137
775 2338
1244 4674
661 870
1581 750
1085 3020
1567 1974
266 3334
1318 1517
393 2105
53 4497
188 2912
425 3293
1679 3822
1410 2537
471 2382
1343 4354
960 2212
649 4513
1003 606
1126 3460
297 37
699 3862
56 1416
147 1028
1254 447
1097 2507
616 27
658 4188
446 4699
584 4501
337 2214
1536 3155
689 367
1037 1209
1308 3310
562 2719
1240 269
55 3229
489 3455
1096 2783
55 3183
1195 4437
533 2237
1027 2835
1643 520
702 2159
384 3424
918 3328
1267 3984
1315 2157
1315 270
781 3031
4 493
1409 1162
1110 3025
1228 2671
1115 1995
464 4431
314 3284
458 489
1402 3375
382 1701
49 4494
747 3660
1460 1741
924 2106
1639 3666
521 2894
665 436
1233 3543
1229 924
1065 1228
803 2570
616 1846
1579 3370
514 1190
1273 3664
277 1464
60 4102
772 3058
1223 2543
894 3678
667 3438
19 4604
89 1759
1155 1114
519 508
1543 2338
1652 2326
669 2486
375 3102
1335 3828
1128 2340
425 1358
1597 3099
556 3202
1396 4292
791 3883
1508 3675
178 1250
296 2310
478 558
816 2515
1703 3076
243 2045
1589 1751
895 2862
315 2876
863 1328
251 2864
1172 4503
1180 3747
279 3469
420 3695
39 3447
857 664
1622 909
1310 549
992 274
400 3286
869 1091
1166 3797
96 2807
638 2763
402 3527
274 4245
874 3926
125 2329
472 4712
1534 3269
276 1601
880 1476
1015 2137
20 1333
374 3651
1425 791
164 2193
846 2377
1367 2869
1032 3501
1402 3228
400 546
1535 3939
1516 4144
330 1659
1002 1933
713 1552
1441 2686
574 1971
904 4728
449 736
1551 973
768 1869
608 3
865 2758
892 686
425 485
1626 2751
1029 4493
750 2786
798 893
1059 2984
1148 1698
989 3671
716 2147
809 4543
1452 949
779 2405
1076 5
671 3150
1180 1955
280 4660
890 1116
924 4261
1097 2921
1580 4199
284 2787
762 4103
982 212
345 4181
177 589
1097 951
653 1508
632 1636
364 4646
1493 3103
1084 4512
1632 2186
1119 2331
1481 44
517 3513
738 2725
1495 1501
1117 2151
922 4624
1000 4340
1136 980
805 483
902 1804
740 2777
497 3252
358 4692
657 4672
1221 4355
1170 2313
746 1011
232 3154
1602 267
1184 4144
1663 2744
1276 3079
1694 4648
673 3187
64 1665
377 3397
543 3127
806 1025
1621 2344
1287 1246
1110 3469
1125 219
680 486
1635 897
532 1496
403 2032
469 1094
241 2656
127 1187
1021 3260
101 4593
1127 439
1004 2754
1500 1741
1337 4032
546 2398
615 1787
1096 967
921 2944
1451 2755
530 4273
1084 4219
969 1172
741 633
1499 4785
1022 3013
1529 1356
531 3621
1190 4496
254 2967
926 2538
729 1701
1425 1939
1219 871
493 61
274 2543
999 4436
914 3969
8 1334
174 3640
1428 2693
1254 443
930 4773
1544 1855
1692 4380
749 846
340 4188
316 2080
772 2143
1658 2005
1223 4245
859 1036
1153 596
171 2700
1500 3902
662 3714
1324 1697
613 4097
1104 496
743 594
1202 1202
712 4471
1479 116
800 1448
1682 988
894 2627
908 736
1292 1178
20 3710
12 412
1060 797
509 2246
1555 4166
1437 4339
823 4489
284 2670
1645 1317
461 2351
1359 4583
1569 2282
1014 2229
854 1968
147 297
113 3296
1565 3556
769 470
1374 2275
1038 406
1450 3264
967 2082
1660 755
1068 3508
1341 4269
1194 733
652 2287
1608 2044
1417 414
73 233
633 891
1437 305
1026 2260
236 29
248 3400
1461 3925
1004 2111
1597 4007
1158 3613
1033 700
131 2793
1573 4443
272 1051
1211 2764
1087 46
530 3388
29 2052
1296 1662
287 4719
505 4401
848 3201
592 3944
879 4197
620 3392
1370 211
280 3591
1087 1971
1141 2516
1370 3087
272 1456
592 1213
813 4004
509 97
1297 4625
1044 4226
1132 3106
1458 4674
257 954
696 3811
482 4073
320 3218
1070 4537
260 76
322 1721
216 201
1700 4487
1168 4376
1246 413
217 2496
86 3831
1390 1638
848 3402
603 414
178 17
745 403
239 1276
542 2927
996 2851
349 2939
421 2620
151 2538
1171 3634
1303 790
471 1502
99 3918
179 878
941 576
969 1545
462 1351
1381 1177
274 3379
683 782
540 782
1518 21
447 4790
206 4350
1340 260
794 27
151 1245
575 2759
486 606
1129 4324
833 2644
279 1949
40 3221
1079 4255
905 3356
921 4552
1620 4588
1135 4493
1170 2629
1037 4626
773 1863
570 4150
950 2536
253 646
1098 4743
1234 949
306 2633
148 2817
290 937
1206 4057
1514 910
92 1154
1059 4562
509 2932
1240 1016
27 4531
803 652
98 2317
772 1829
1643 2179
1038 1345
956 3651
125 2896
1120 927
696 2961
1590 4743
1640 1779
773 4075
643 2072
754 3336
897 2488
296 3728
609 3479
286 4562
775 1459
78 974
506 948
1209 3551
863 3761
1205 1219
984 2559
1655 672
1494 2493
447 3828
1545 60
22 1504
198 2774
720 455
4083 2670 9604
1312 1676
3521 1824
1025 1241
1102 2581
3000 1879
3017 1562
2060 1748
1496 671
294 380
4048 57
1260 1419
2589 522
164 1124
314 1649
946 1369
1212 1334
2416 1157
2852 463
2744 1365
1439 1079
3245 2102
2821 428
1557 2039
1491 2599
2097 1779
886 771
3283 602
2318 1173
3691 677
1133 362
928 1396
1137 1637
2934 1918
2182 2217
3034 1264
2573 940
1742 2040
1815 2166
101 438
2487 255
598 1978
2886 1700
3734 1588
1679 1226
1582 850
94 2305
3361 2357
431 2388
2488 1929
692 2630
3855 82
2511 1089
2407 1426
1556 1163
1136 687
23 920
2469 135
204 1743
1924 2373
372 629
1740 560
2998 549
1897 2172
1424 1878
513 202
1964 2623
3916 1341
602 1161
2836 2369
1879 1188
2811 1563
1181 569
1943 1792
3727 2512
2079 2661
3520 39
1665 1105
1673 220
1224 1811
1663 440
331 2132
1735 493
2750 2265
1618 1502
2479 1348
898 2048
2061 2219
94 2561
1228 182
164 321
1088 1200
1253 823
712 818
2557 2483
733 2616
2075 454
991 808
144 2585
724 1787
3504 494
2633 2557
3167 2259
2778 2184
2444 1618
2341 263
1041 2204
750 1116
1371 2386
81 411
2199 1865
2688 965
2886 1001
1353 1040
1729 1939
3116 553
1461 2572
2364 1890
3355 1710
3555 1361
960 2518
3022 24
1870 1888
3697 1906
768 2175
2827 304
3593 2285
4057 1623
3620 537
83 672
3184 2315
3782 915
197 2196
2588 290
2572 1669
1776 29
4001 1402
823 1168
2566 1152
1139 2107
1759 1012
1604 626
3925 1026
597 1720
3100 2236
3821 1262
1522 2175
1495 1601
1677 2549
1988 1074
207 2110
1777 1514
2894 1794
1267 1102
3364 1817
1447 1968
3915 432
3163 1212
2745 2087
3182 1430
3528 630
2687 68
2238 21
4019 376
1037 2181
1095 1932
2091 1715
2600 1506
512 1257
1522 944
732 404
1574 777
4065 7
3859 1607
1959 166
1062 1304
2324 310
2939 735
2984 2411
3619 2056
2923 352
2294 259
86 541
2075 1410
3110 2062
2649 186
3709 1487
3384 2203
378 20
1897 1063
1755 2017
2689 2267
287 2569
2477 2608
1728 2590
1551 2487
1068 2370
1650 1168
661 22
901 338
3991 519
1430 2033
1237 1671
1405 946
527 1461
1414 1209
596 2418
3053 282
1600 65
3095 735
840 1858
3987 1898
2795 905
1165 1470
397 300
2650 446
3924 319
2627 52
2990 274
3244 1425
1277 690
231 714
3388 198
14 2366
1574 851
2312 1889
3012 1555
1596 2224
436 13
606 355
2320 222
1515 1596
2975 1860
2640 2206
2632 1995
1004 1761
734 118
2103 622
1066 900
2472 2559
2988 1672
1536 534
3085 393
2206 1776
3993 1792
1589 2060
3648 13
2725 1357
509 2243
1763 1476
2310 894
3950 1784
2423 193
385 1690
3259 765
1781 621
3834 1319
1987 188
305 2467
2229 571
311 1037
3499 2521
3962 1274
2133 340
3353 612
98 2571
408 1753
1762 366
3047 2073
2532 1707
1541 79
330 2025
1404 626
609 72
2402 1232
2985 338
2071 1263
3489 51
1118 1644
2543 2205
1304 826
1640 559
3794 1387
1280 759
645 2285
1518 844
2093 507
3383 1939
454 2473
2321 450
1092 866
2544 1846
2880 1355
559 682
3501 137
1467 306
3869 780
2024 2234
3325 1991
2009 2585
2765 736
330 1649
1210 2419
2739 1248
953 1103
3684 2627
660 247
3887 2237
1769 906
3727 2142
1440 2484
3368 1722
3523 411
779 2081
2423 463
198 1837
1960 712
3809 1037
1630 2222
1236 1212
2170 812
1068 945
1628 967
2658 360
3189 219
3446 1868
3957 2444
3333 558
204 1701
1324 968
749 1753
1093 1558
290 867
2310 973
285 371
499 794
2674 2603
2901 1464
752 1987
3497 2116
684 306
186 2347
2019 491
3402 1975
1316 667
2804 808
2364 170
2605 1161
1156 566
292 457
551 1366
942 2008
328 1512
1087 611
3273 2313
3707 1766
1385 218
348 431
1202 1147
319 828
1311 707
90 1884
3482 748
3470 1770
1130 2551
4060 870
4081 405
1766 1897
463 2628
3672 1195
2504 991
1420 623
1514 2386
4019 691
1279 2301
1867 358
2104 1929
112 185
637 551
3258 881
2209 2266
1355 629
2640 2071
959 554
3622 2405
2176 1727
242 2447
3764 1708
2718 1940
885 2066
297 547
2365 1513
828 1139
1438 750
2931 2025
2365 369
3646 1202
2184 529
2602 1646
3464 1117
1484 2013
179 1761
2684 473
2365 1745
3898 57
2900 534
2749 1867
3089 275
2079 2531
2451 1653
3452 2318
2018 1148
1950 1560
2073 1075
453 1128
763 1757
1356 1993
1068 1894
18 2247
1926 1837
1212 1298
3451 2460
3238 269
17 1012
1585 1663
1337 2011
3773 1290
190 505
3136 910
2478 2477
3205 1220
3541 1022
1676 2263
3957 1098
3162 1645
3896 2127
326 247
1858 566
2812 1820
166 456
2537 1475
176 1983
1705 1511
3849 106
2311 203
2625 1986
3898 1333
854 506
183 2114
3685 2055
2941 590
2389 1800
77 213
3376 633
795 610
1175 1057
3344 1614
857 101
3541 255
378 659
3 1095
3589 1898
2017 2256
963 2179
2079 211
3065 482
2746 1048
514 1751
643 2541
2859 141
2956 119
3550 298
1711 1100
995 1281
3645 176
2487 1910
2164 616
129 1550
3490 813
2750 373
3697 2603
636 1148
2204 2358
2209 1914
3543 1276
1095 1616
1091 2531
2508 1380
2809 997
2094 800
785 1301
3300 2648
3837 1843
1103 2654
272 546
3885 480
670 1365
2912 1855
1263 1229
4074 1265
3467 1852
722 1954
1606 729
214 2537
2940 1742
1386 321
2212 1027
854 700
1403 551
889 1292
3011 1031
826 254
178 1294
3967 1449
188 2423
3541 490
529 2402
2146 426
1019 2322
1707 2380
1786 479
4078 2547
3247 2136
2182 946
750 1236
3877 1264
220 554
1067 497
533 1222
1765 2488
3646 62
2953 1986
267 1770
3539 1355
2291 275
2649 2565
2414 1735
2934 545
3614 2108
2895 1966
939 1093
4062 736
3185 1446
2724 2384
3427 2027
2247 563
293 1663
1398 1850
1391 2177
840 758
2577 2280
1569 2454
3102 1400
2778 1777
3354 1136
3518 1378
2372 696
1371 254
1055 2075
2703 2127
1687 1288
2994 318
3600 1432
2879 559
3951 1214
4 2373
1394 1386
3954 1783
1429 80
75 1394
2830 2125
1323 1182
2707 1328
1664 71
1670 2186
778 1654
3767 1301
1396 2100
2860 1626
4062 302
1172 2521
673 1634
617 29
1826 665
2438 425
3349 933
2721 13
2577 2421
941 2312
401 148
2985 231
3679 597
1090 1064
2821 1960
4015 1876
2439 2305
3949 2438
251 1694
402 2021
2331 2257
2304 1787
517 303
4027 458
2125 2504
1495 1008
3059 155
1230 1377
590 1635
707 1621
192 2329
1080 1854
419 1500
20 683
2080 73
3262 1871
3232 2085
581 225
3802 456
3983 1149
3811 554
1963 829
635 2138
3162 1490
3982 2480
803 720
2574 1346
637 1274
1237 2534
2960 356
3182 2011
1823 806
1084 1385
208 1851
739 717
144 2490
57 72
1279 554
2304 2513
1565 481
616 1223
2943 821
2512 858
1419 2559
793 1088
3186 2591
2433 1774
3322 1428
3477 1772
3419 1471
3168 1454
2631 2252
447 931
3800 2341
2762 73
3836 2309
539 1667
3909 1092
520 1087
2480 169
3982 2562
621 1227
556 1345
1021 2375
458 2567
3582 1276
2324 1408
1472 922
3145 2044
2972 1051
2638 1329
3398 1629
335 2653
3861 72
1009 628
3193 1950
196 717
610 1489
126 2419
2795 994
1275 794
1530 161
1499 362
3343 1696
3062 1365
1749 260
328 1820
117 2482
3544 725
2261 1015
28 1790
3250 2444
72 1704
1673 1301
1483 1056
2545 1348
1716 1865
1475 1734
3793 1815
2991 2474
21 1227
341 1585
160 2133
305 2278
244 816
1950 1211
1604 2582
2660 1573
2826 35
3668 1968
2738 1033
616 866
440 884
2846 969
3950 2295
3649 1196
2841 336
298 2013
147 2563
382 2471
3799 222
984 2661
1404 2059
1753 1970
340 2611
3711 162
3847 497
3798 1024
3060 1345
285 223
604 2045
701 1184
754 1775
425 1909
152 442
3214 553
1862 1954
801 1404
3072 319
1178 971
1654 2026
258 1277
2538 2644
825 2005
1727 1774
4068 1229
365 2352
2102 461
154 2331
868 2347
1887 823
1779 734
1292 1389
2138 860
1893 1169
1902 1293
309 593
1270 734
2468 2364
3206 28
3712 1074
3350 2421
1486 204
3874 2434
100 498
3115 2442
751 452
3661 588
3648 2292
945 1155
1128 1454
1128 355
2921 2335
3799 4
981 2269
315 700
2826 1192
2920 1610
2026 1642
2360 2540
477 1824
1823 2016
2157 1129
2478 1738
1114 789
639 1788
3844 1728
462 958
604 2306
2152 1266
1353 2007
215 324
3916 1783
2779 1320
3938 402
2385 1598
2002 216
1158 1601
1118 1687
2368 1843
995 1395
3934 1634
671 921
1828 605
1637 2611
145 2071
543 935
1084 1920
2451 205
2228 780
817 1940
932 469
2138 1969
2543 2440
2665 668
1670 2608
1213 989
592 1610
2460 1675
3387 2179
2873 1724
2932 677
1447 785
3457 1874
853 2204
3950 1263
2398 2078
3464 54
3260 1743
572 1142
1430 1665
1077 1775
2567 2165
90 2009
3540 2333
3618 596
2001 2502
675 1392
639 331
2067 618
333 547
1759 744
1894 350
3517 1299
405 1246
3431 367
2061 2635
3649 1134
556 2555
3036 2498
2131 2283
1319 1495
1617 1500
1206 1222
632 723
2171 2634
890 1733
1015 1917
491 1
3111 2520
1691 1225
229 815
2889 1245
2552 1180
1718 162
1171 2117
345 1957
3773 2543
1067 2325
1451 555
1703 149
3221 427
1309 1950
2296 1505
3268 2652
502 2073
3814 1470
1828 1225
13 210
1481 1115
3213 1380
1866 1952
103 157
2251 1453
524 2282
3757 484
1896 1846
2947 1232
3249 436
1394 950
2862 284
2430 1029
218 812
19 1043
3632 1952
2409 1520
989 2293
3625 2461
3132 2070
591 1316
992 391
3643 146
1107 746
1440 307
3072 2142
1564 1063
3969 1944
3708 498
1508 2459
178 426
1295 593
1503 1679
2028 2035
166 808
2805 575
2951 2598
221 48
2054 2054
1080 2173
1149 2300
9 1715
1279 2035
2928 1700
3548 1633
2785 652
857 240
2818 640
1372 2256
3938 113
838 1540
468 275
1557 465
871 1022
1273 1420
1327 476
2803 2554
249 2189
2390 756
4050 2
1481 289
4065 2022
1946 2061
3534 970
2904 2619
3113 1749
2038 571
1359 1476
1205 803
2353 2121
840 2179
3211 394
1325 459
599 1631
1965 1503
3292 1016
1443 372
2107 1562
594 163
626 168
1182 845
2900 1862
3546 1195
2358 184
2926 1534
820 1195
1634 960
1778 1031
2164 2123
739 1156
454 2588
500 1939
3602 490
2669 1312
3452 210
1295 1866
1813 1726
1352 1087
356 742
155 1463
3988 618
1423 474
1793 444
2090 1204
880 1679
3220 2252
1687 1694
3496 1012
282 1963
87 2355
2183 564
2340 1395
519 753
3476 432
3093 1259
3495 736
1975 1399
1974 1227
791 1352
2893 2102
3562 2647
1214 1444
626 1222
3578 187
457 811
1775 2145
2036 298
2413 1802
3546 130
816 1283
1265 1493
520 2481
2961 1921
1118 1095
3529 2443
702 1957
2323 1914
3013 972
3781 274
19 2460
1171 1109
3728 2513
1434 1862
2015 505
3168 772
39 59
11 2237
3676 1537
1085 270
2409 2099
3995 516
2046 1375
3890 414
3448 782
629 2668
66 1192
3869 1631
2773 1665
142 408
3495 2637
2188 2298
2515 1567
3765 988
720 1799
3057 2585
2065 2631
1602 1087
3055 674
1015 458
220 1195
358 916
2610 1463
2151 1194
644 2185
3344 2475
2891 2362
1684 363
235 307
4015 2628
3717 191
3656 1696
1218 123
1186 2373
1712 2546
1063 393
2069 237
3290 254
2266 1390
2183 1325
3993 356
1235 1962
2169 1558
1014 12
311 1838
3792 733
42 24
2063 1154
1828 1727
754 632
1929 1383
1507 2612
189 1650
878 2623
1625 130
2285 925
3965 2185
1681 1488
1066 1815
1893 2324
477 1410
1345 1603
1375 309
1861 1883
2601 286
3739 838
1305 1965
2182 207
894 1542
207 1325
3084 555
1097 1605
702 2037
1636 1709
1166 1759
234 1745
1338 2661
2387 230
2875 1101
2870 2178
3073 1034
2663 665
3371 770
1202 995
1121 1735
3576 2392
686 1239
1658 2350
3342 1328
3480 1322
1823 2393
2475 2110
2286 1595
3761 1665
3590 829
1144 375
3610 235
3637 1167
1259 1994
3122 819
676 1759
333 544
530 1798
3245 2184
1437 516
2767 2403
155 1761
1082 616
1501 2600
1611 2319
2380 1633
1223 193
1324 1202
1863 1438
2202 1530
2609 2242
2238 1516
3622 560
357 223
1372 173
1700 1766
471 2398
3299 282
3131 1183
34 2431
3626 649
1994 1358
3884 53
2321 951
2048 1279
3032 319
774 1189
3189 1286
1390 1251
1801 886
37 768
3507 947
2990 2130
3909 754
1726 1092
1808 886
463 2496
908 1561
2055 1086
1289 877
2073 1202
2430 1682
1090 306
3784 1724
1293 802
2221 1194
3555 447
2981 976
1730 463
571 343
499 1673
1367 812
2492 2395
1488 2171
1234 1796
1911 1416
1160 2427
931 635
1222 944
3063 1191
2122 2113
2866 2266
231 1073
1157 1142
1686 2309
1888 1264
1358 295
207 87
3047 2265
1826 1491
3153 728
532 2044
3951 1544
917 2585
1195 489
2940 1091
1966 2118
714 923
3185 1879
3983 2445
1026 2611
1983 97
405 1040
2698 2309
2930 731
3908 1537
1698 1809
2495 1277
100 1193
2537 1964
3398 377
31 537
2294 2465
715 370
1360 2142
1904 2253
3342 2360
909 1145
188 1358
3831 769
2238 1129
1359 28
3324 999
1721 2013
1011 2051
3710 925
329 749
1990 1684
3875 1507
3546 2185
347 1178
2526 2316
1314 586
571 403
1529 77
1466 2483
367 833
3948 1066
2554 2308
1127 850
3099 166
120 1327
3177 453
3011 1725
2692 2310
1524 978
1975 1016
2036 755
1215 2368
639 1588
3532 70
418 1495
95 1928
835 1786
2398 1777
377 1436
35 305
1549 2066
998 2382
158 898
2192 1976
3111 415
227 1057
1533 70
2486 146
2637 115
3573 248
208 231
3499 534
1405 365
2099 832
4047 1119
3160 2603
3299 1749
1536 129
1530 2485
1039 2319
241 2530
1652 744
2944 1804
1831 418
1769 1784
1393 897
3226 1495
3786 157
2602 1364
1222 937
1210 1627
659 2566
2522 1359
2650 2011
1769 2135
1275 1858
993 2395
869 2229
863 1197
1373 2380
3258 1426
3174 1012
2486 457
1628 1006
1179 2376
3734 931
2184 1062
2470 1748
2302 1586
472 1703
2466 1213
161 1158
1001 1461
983 2369
2958 543
491 599
1926 1588
1128 964
2037 669
1080 2663
1863 2039
1668 2362
1784 1903
3541 2412
3492 161
1666 2267
4004 1457
2420 156
3878 2225
1335 732
1397 1172
3990 1031
2613 1857
2076 2498
633 723
1410 1416
1025 32
3714 1480
3820 329
158 2192
627 2531
3004 130
1468 2312
3908 833
794 214
1584 2267
1427 790
1680 2331
3841 1525
2949 731
3982 2252
1185 936
3009 2417
2544 2590
682 2243
2195 2100
2342 500
3619 1109
982 930
3861 1876
3143 11
1709 1284
956 1479
1044 1193
1902 2265
3041 161
250 1928
2353 1599
3802 280
3400 2025
1924 1905
453 1186
2791 1602
922 1713
3373 175
814 1346
1712 1899
2007 146
2806 1694
2738 360
3101 116
4005 1328
885 2137
2078 486
3284 1770
3677 1500
1594 628
3403 1881
2059 2398
2850 2501
91 620
768 2018
3431 1867
3095 1259
2461 1599
592 615
3346 1506
1688 804
3878 301
905 2060
1141 58
1089 104
2738 1434
441 1985
2082 1827
3368 70
1789 541
853 699
2788 2285
1825 1726
319 400
2026 779
394 1890
2465 1881
1920 2226
2759 2150
954 39
1834 2307
1063 1044
2719 6
2565 1207
2886 399
1575 1260
1583 1583
2244 1227
3535 1368
1690 1681
3549 383
2020 1773
2821 1217
2827 745
2700 1299
2025 2309
182 1938
1272 564
2311 503
978 1561
91 168
3594 1805
2768 227
4072 478
1633 42
463 59
3010 2339
1516 1364
1602 2185
951 2416
3249 2093
3470 500
2968 882
734 136
800 733
724 954
113 103
2614 1579
3518 2243
2185 198
2094 321
3607 2540
3681 2254
2189 585
16 1527
1681 822
2144 1154
127 2635
1018 1063
1727 1615
1107 1333
2975 2496
2277 2303
356 361
2241 1936
2555 1590
3046 2147
2588 1822
2009 1789
1031 1732
1629 31
1027 603
504 2487
2975 1759
1805 1777
3276 555
3409 978
2585 997
101 2240
1411 975
725 997
2795 1559
2936 165
1949 321
3944 640
967 1472
120 2530
1956 1432
2829 1461
2388 2643
873 2362
1154 2232
1058 1723
341 1652
1714 2097
994 1282
58 490
329 723
532 2411
2980 2166
446 1884
2690 1516
3778 1887
2138 690
669 830
796 419
2254 2198
128 281
995 993
2966 1357
1273 97
1271 2185
624 852
553 743
3085 944
3720 2515
146 1299
577 617
2834 349
2112 1473
1203 53
438 1941
2129 706
1711 728
3334 2261
2699 2056
3462 1179
3199 2295
2108 1897
509 1654
1832 1213
3033 906
766 710
3102 2574
2134 1541
1208 1909
2743 631
3364 1758
1084 21
81 630
1363 1699
1794 57
3077 978
2437 599
3490 141
1126 1862
581 699
615 1259
1368 2650
176 215
714 2454
1625 507
2899 771
3262 802
20 2315
2493 1423
1958 1530
275 2062
1355 1846
1600 1798
3051 2156
3147 818
3457 2267
1074 1194
2352 2355
3976 2094
4055 1457
267 1488
2663 723
1799 1046
163 1797
700 916
1086 2014
13 1125
1895 2173
2090 289
2452 536
3035 1686
2654 812
1682 41
1376 1108
4029 454
3667 963
993 1439
2325 113
448 168
3052 724
3616 1296
138 1451
649 693
2491 1723
13 1525
2653 602
1148 661
2937 1948
538 1510
1521 900
3961 598
1586 2095
2366 2663
1471 609
492 2227
2382 1397
569 1122
1844 1523
3671 1247
3298 1640
2514 652
3911 1706
1737 321
1222 657
656 343
3125 1763
1084 2194
2209 2010
1736 2497
3071 585
3022 1646
334 817
2133 662
2107 1945
172 308
2746 1772
3275 1206
1699 2577
691 1621
2910 2636
1795 1002
3782 1769
2726 1950
43 1915
3409 1326
1226 458
771 1903
3488 1368
3377 1896
2253 478
3507 446
1628 676
2933 1754
3038 1317
1877 1213
1473 279
460 1648
2425 2367
1731 1620
122 1720
2311 2578
1586 20
2613 2175
2413 136
201 503
865 928
301 1266
3096 953
912 1240
1996 741
805 2136
2949 2039
2153 2154
3412 377
960 2668
1677 44
323 2048
929 1107
900 14
246 2256
1583 1885
1950 2472
3527 2083
413 1244
3589 1656
107 372
957 462
1447 391
955 1433
189 1337
1043 924
2213 2221
2196 1247
3503 2259
40 2026
442 2228
998 2472
2686 2324
3510 1920
1455 1563
3883 25
2287 1773
1543 1314
4025 108
3876 815
375 2608
1597 1615
3302 2059
600 1390
167 2509
2693 2602
917 404
1593 1081
593 2177
121 634
1664 1760
498 543
1579 179
210 2372
3021 515
2433 428
3284 297
2056 972
1888 1406
3228 1130
1224 2142
2926 630
557 874
2613 45
1049 1292
841 1227
3757 1965
2337 2337
3976 1597
2535 1839
2678 1356
1494 2501
3701 2295
14 1750
3149 1923
1279 810
2961 2651
1470 1617
4047 104
2861 1230
754 83
2238 2146
3525 1462
2445 1500
3285 470
1926 257
395 377
3947 2060
1488 596
2417 1439
2907 1284
272 1808
856 1462
3057 227
13 1367
792 2019
1517 1743
1212 906
1286 1449
2931 2435
2033 755
2252 990
2566 2373
1772 181
2442 250
2242 1578
3934 205
944 2206
2444 2384
489 1848
2411 1635
286 504
2914 1165
1107 1735
228 829
1118 908
2555 2109
3618 2103
82 501
538 1316
1959 677
2994 2413
3710 2449
3329 2128
2818 2261
3217 1228
1525 2262
2477 824
2287 960
3543 2230
2328 1548
1794 68
2911 2566
2368 1703
997 305
3072 2619
1370 1003
2370 225
2583 1474
2678 1074
965 1648
599 1169
719 973
1673 2491
2914 775
255 1364
183 592
877 2441
970 1199
3328 610
1944 1034
1288 1951
3855 62
427 685
3774 1795
1703 589
3843 2144
2724 1843
104 2541
1689 384
1753 2637
1667 2157
1512 658
1751 1914
2577 797
3479 2354
384 975
692 555
2195 1739
3669 156
1126 290
2418 1590
1892 1050
3670 795
618 102
3596 771
1698 270
151 994
571 2152
3016 2430
1136 2519
119 2498
2777 124
4046 381
3273 1613
543 1723
3599 2224
2048 1700
1687 2051
1916 949
4032 1851
1639 2620
3410 457
2685 980
2655 513
2568 1967
2106 560
3116 1985
77 191
3202 1419
3568 314
2270 1832
2612 2557
1204 586
1450 1865
344 2603
693 1675
3651 268
1233 1677
2280 1255
3677 2237
1686 545
2592 836
2240 1803
401 1924
3601 1698
1412 847
2019 981
620 1966
3874 2627
3291 922
2153 758
2195 509
2474 2111
3611 2118
2470 2333
2425 844
947 231
3590 2297
3915 308
446 2442
3858 2626
1072 588
3486 1042
2947 1500
1097 900
967 695
2698 1133
547 1000
454 1236
423 2348
985 770
557 911
225 2462
1820 2264
2631 1241
1821 575
3928 982
495 1959
476 2594
1459 2587
3627 1203
287 1032
1734 1481
835 2166
1279 2115
3811 2640
1999 2505
2599 2050
2777 44
1977 1774
1366 371
2883 2203
1022 2261
3564 1751
1405 2253
3140 1689
1098 700
2790 152
3417 2268
808 2064
1808 1924
3273 306
3878 1505
3703 1578
2991 1175
400 235
3416 1522
2816 1566
1858 1989
3763 1802
717 681
1513 983
2859 1269
1657 2656
4058 1329
3129 463
243 1215
2403 375
3269 1123
1888 2528
2720 76
1402 769
146 549
1635 2625
2243 1743
507 989
3383 2588
1137 352
1226 1491
2124 841
286 1882
3122 1512
206 1251
2564 2247
3260 750
2130 298
3114 1024
939 2199
3658 1357
183 372
3407 1136
3228 567
402 710
1278 55
60 1992
1073 1395
1298 1846
1026 389
2576 1334
2884 2357
1133 1152
25 1342
539 2331
2939 1723
1871 2554
134 2189
3839 492
2796 1497
1465 2510
4072 726
2521 104
3359 1369
279 1853
1991 1995
1408 1473
260 2190
617 1802
2206 1808
2910 1680
2975 252
3441 121
3990 1147
3364 843
92 1780
2293 806
2275 704
2903 539
1396 1528
2981 2577
3830 2259
261 2389
1606 266
3714 883
1846 892
1105 1471
513 2409
1009 759
2834 41
3151 1263
1935 1796
967 476
3766 1373
2963 2048
3739 1008
3226 2061
1103 1493
4032 171
3433 156
2540 619
3153 834
1634 807
2990 509
3870 530
828 703
1621 1532
658 1629
2010 2432
2960 1825
3754 83
2420 2660
3321 1062
1448 1716
2629 2298
23 2467
3821 1946
960 1579
2139 837
1322 1263
1218 880
2962 1338
2623 2140
2696 1074
58 954
1228 1525
1549 152
1529 2367
1810 379
1084 1322
3631 937
3839 2176
310 1834
1133 778
3643 2081
2565 1742
2986 625
2807 1859
3175 1618
2 2305
274 2378
2811 314
81 1795
881 2396
1636 851
1141 411
3706 2316
612 1977
3453 1300
162 1798
2386 1766
1335 62
3091 1294
2929 1221
1637 1875
2709 1860
2013 1068
2572 1079
2384 1258
99 715
1983 690
3580 796
864 19
2424 1600
2558 67
1490 370
2069 1832
222 720
3936 1786
2640 89
1793 188
2386 1328
2909 772
2326 1742
2622 2172
2700 1677
2348 819
3025 660
2618 1693
2788 487
1544 1907
3267 613
1610 924
1625 1248
77 1043
2084 839
597 2555
619 2006
2958 1279
2680 601
2425 2200
3840 2667
2553 2204
3094 2567
1491 2341
1153 454
2607 1287
2429 1679
3309 2400
3668 220
2721 718
2232 2218
429 2332
844 2228
431 1080
3025 1670
2720 1051
2569 2112
2734 511
69 111
3595 349
2901 357
2135 2061
2864 426
598 983
202 2593
2978 2508
800 2012
925 1597
181 35
44 45
1542 1326
3733 477
1829 2154
3349 2129
3313 1945
47 147
3013 1430
2963 1449
3170 2098
2537 1450
1217 1016
445 138
420 2387
3060 462
1681 1188
707 2093
3364 1664
905 1605
286 636
1091 137
2598 2415
3722 1540
2406 1944
2119 720
727 1636
1155 2612
180 2534
3201 727
468 1882
983 2424
2083 475
3689 1835
165 2483
1224 2265
498 1787
1137 1009
780 247
252 2368
3846 2549
3074 2518
3957 2362
26 2656
2616 1881
3315 755
1150 745
2432 1005
4055 402
374 602
2821 1288
2811 2334
750 195
819 577
1541 1214
1106 1181
3781 933
3494 183
3734 2638
2025 1811
1610 177
1340 2086
3500 934
152 1117
3953 513
835 1101
580 1301
3085 1060
3217 2173
1871 57
1226 2125
2763 2580
512 2501
3405 1783
1971 1200
1156 2351
2305 2254
2230 1281
1218 777
479 374
4063 60
1176 2076
1894 776
2845 2407
1718 1728
2259 705
1094 1496
3040 1194
2356 1687
1111 743
3451 2498
2973 584
1483 636
3093 287
1080 316
2919 2436
356 673
3942 976
1754 1015
2190 1703
2127 1918
274 1152
3234 2223
1093 370
3145 641
1361 2544
3580 680
78 202
3906 2241
1356 1091
2526 1298
155 993
2904 1020
1792 1968
2103 1026
516 1660
1964 1506
2687 67
2397 905
1504 1497
2648 1224
3094 694
632 946
702 1603
1892 1681
2930 382
1744 1846
2541 1125
3211 2147
1994 2587
3675 190
600 1693
2638 295
259 1503
2328 1190
2025 1331
2481 2333
3532 756
3923 866
128 1886
3901 2618
1797 230
3916 1788
1354 611
2800 2138
1925 1743
1905 936
436 595
1285 1803
400 1544
3521 425
1750 8
2030 2572
2253 1664
1136 1052
1101 198
1868 1749
424 78
2802 2668
1461 609
958 1454
1325 2393
3268 726
1398 1868
3016 2582
2675 1654
3215 341
1113 1042
2528 257
1198 1053
3243 2493
1582 397
3870 2155
1596 2080
1163 2397
904 316
2908 266
2294 860
776 69
76 383
499 224
2882 673
3562 1707
1885 650
2978 1417
586 610
3673 1212
2914 378
1462 2618
252 422
2583 596
3146 2308
3474 1121
1127 186
2563 2520
521 1063
2547 1377
1225 148
3460 1662
3097 1093
147 1112
2993 726
2805 1619
1653 77
2336 293
3899 10
3315 1269
741 1862
3410 934
560 2117
3300 1329
2005 194
1444 381
2307 1671
2637 1728
1034 5
822 2119
1110 498
3893 489
1822 1477
1747 1389
4029 455
437 2119
3914 301
1241 1671
1610 1768
528 800
3093 1448
1538 627
2885 1535
1648 2465
1490 1067
1388 1583
2237 402
810 313
2657 594
2923 2478
623 1407
25 2560
3818 2331
1422 2331
3569 970
2828 274
1650 2532
2896 1211
34 1412
1880 804
3429 662
82 1699
3783 2289
2551 1286
2694 828
735 1174
2142 2559
817 1045
1107 15
2094 1626
4008 259
1233 2138
3008 524
1317 2272
3398 351
1466 727
3075 1219
1071 1696
1438 1378
564 1310
3849 2284
2110 1475
1038 975
2382 409
1862 2144
3247 642
2857 1550
1900 1142
3626 2560
569 2322
2526 108
3450 2588
2072 538
2211 514
1415 2273
1420 1331
3254 1771
1537 411
2330 1772
1033 2527
1251 2202
2640 175
2406 124
1605 425
3349 1798
149 914
3615 2483
3540 437
3406 2468
3203 2140
42 277
2310 2
1421 811
1479 1395
3188 2096
2080 306
3951 2388
3962 729
3226 649
4078 828
1317 1450
3445 1317
936 1306
2358 720
3235 887
1520 2258
87 78
3296 1690
2245 303
125 875
1104 1809
3496 1710
3729 273
506 2515
79 1159
3672 899
52 1433
1405 2500
1323 1131
1352 909
3140 1063
563 1603
2598 2401
3228 460
751 518
3636 1678
2052 810
4083 396
3855 2147
3746 113
2338 1064
1694 2233
1377 1039
1115 1806
3768 1213
2802 188
1961 961
1505 615
2817 1337
3828 1428
3515 1100
1652 2339
78 1713
3474 2412
776 1658
2507 1160
1321 1153
2320 1457
2326 1603
1307 294
3495 848
1651 2123
3957 1928
3283 2113
2428 366
1521 2081
74 1072
4037 2432
1796 1833
2128 2164
444 1174
3799 2321
2955 920
349 916
3317 1164
519 60
133 2043
1837 1309
2481 679
2602 613
1395 1673
3770 276
3766 1495
47 2575
1890 1195
1337 1111
1983 1103
146 2641
3280 1237
1618 661
4064 2476
1183 1579
1794 1509
4044 2061
390 2648
2101 1021
2040 811
494 2260
2727 139
3245 1759
3526 2539
3220 2420
1777 2559
2259 870
696 1681
2585 1116
3583 2327
1455 1025
578 1337
1619 2394
1881 628
2183 2610
882 46
814 1303
722 2157
2506 20
2028 633
2560 292
1628 2030
2279 808
44 536
2577 412
184 2220
3383 956
1152 990
990 2037
242 1472
1023 1691
880 356
391 1731
818 1395
2844 1103
1201 970
3136 1314
600 2049
2367 622
364 136
3795 2396
3727 360
657 2303
338 2644
1244 2425
2349 2061
2724 2291
3274 1423
1838 235
1294 1754
916 1790
1087 1073
1390 436
3176 520
2450 857
3052 1516
3142 609
2954 2338
3109 1701
3440 504
2301 1367
87 2657
994 138
3497 1635
2474 1893
3810 1170
1353 2573
2048 1177
2758 2330
2931 1398
221 1767
3703 1753
394 2319
2238 2440
4046 2167
3834 2169
826 1049
3012 1561
3639 1347
3424 758
2490 1477
1161 2291
431 2318
682 1558
1258 25
2946 1334
3390 642
267 1967
2281 1818
1166 2334
668 2421
3381 1929
2480 32
1605 451
3981 1061
3212 2605
864 2145
1771 1803
2398 935
2070 2535
3987 1614
3559 359
1103 2493
1226 1987
2069 1784
2707 393
2232 2225
178 2127
1503 1252
4018 1716
1279 2139
1289 1684
3526 2089
1111 1101
3146 2045
3448 1798
2538 876
2363 1886
686 1355
1087 348
4064 2601
964 2376
1471 2387
805 2475
1131 1351
3412 445
721 1811
2533 1891
2948 2550
2120 960
2458 2304
2371 2418
1581 1315
2375 2022
3151 1655
801 2302
3193 2358
1583 63
3178 2084
3998 58
1347 1347
2453 444
1183 2354
1928 490
2636 2471
2949 1524
4008 2079
794 2171
2535 133
3869 259
3193 2185
3680 1126
1335 2190
1347 632
3785 1539
644 15
2964 1302
1062 890
3387 411
906 1458
803 1173
1050 2315
3115 112
993 1540
3565 1583
293 2135
1441 1447
3149 2157
3243 936
417 2621
3617 2016
2365 2182
3539 315
504 1668
1743 346
3256 2143
2615 1019
1337 2227
3070 1525
1478 1052
3664 948
2764 546
374 319
3156 1425
206 483
2336 1275
2810 485
685 1102
1459 1868
3379 703
675 888
2881 1266
3861 2082
3940 2200
2890 1808
1081 1278
2656 563
3329 2451
236 2058
1847 1680
2718 420
1780 1893
1306 295
3782 2035
25 472
1382 1970
2374 478
126 1598
3197 2137
121 2546
1403 158
3033 156
1192 1802
3535 2164
3124 1620
3808 1706
3728 715
888 1138
2939 500
3819 2276
3367 361
3876 2142
2717 2599
1779 1944
2155 2007
857 283
1325 2159
2720 1010
754 2410
2189 53
735 1677
3740 1667
3138 1709
1098 387
3186 1197
1444 1830
111 2136
1151 1270
3511 2439
658 2487
1052 217
88 2483
1101 1086
4012 1863
3654 1842
3521 2530
2948 1941
2786 429
3722 1450
3147 391
1416 857
1708 744
127 100
1168 117
250 227
108 2117
3076 1011
3305 2242
3065 1940
2931 780
783 1264
849 701
1077 1829
365 910
2959 1031
2986 1276
888 1660
1813 1778
1868 948
980 153
2526 1246
1748 1100
2037 997
3044 39
1196 80
3987 1210
194 883
1083 2398
535 469
2341 2060
1197 1920
4031 2540
589 1495
3367 2392
531 2403
3060 890
1365 2473
1396 1079
2782 2498
3392 1069
1527 2592
3840 1301
2602 2614
221 143
419 2037
608 1539
1658 620
828 389
3395 1958
126 89
310 1230
3057 2545
1894 595
1310 2404
781 204
3650 1890
1738 1583
3553 1913
1389 2077
3770 517
1678 2403
1666 1053
2266 2021
3557 1080
3827 352
2501 422
2143 1244
2043 708
2923 16
2027 1461
2539 2528
2416 1105
3398 885
426 1280
3011 1937
2240 132
3025 2490
2129 1013
3818 708
1279 2236
297 361
804 978
3718 2629
2428 2356
1030 2177
2362 1353
1100 2241
1670 2032
3801 30
242 346
2508 1233
3818 1647
943 256
971 539
1813 2320
2769 853
3272 1373
2001 2054
3548 1943
3879 1827
2807 221
3489 1220
547 498
2691 2021
52 2266
939 96
3912 715
1694 422
1929 1377
3608 126
2791 2194
3849 1312
2617 1149
1124 1319
979 121
3321 2177
368 343
778 1580
3749 1501
1973 468
1312 1201
772 1558
3920 171
2650 534
2083 559
1488 1647
3909 1381
3726 2028
251 1161
1694 1825
267 2481
3100 1830
4005 441
124 1654
113 1815
3474 1482
219 2169
2401 462
59 1100
2558 1432
3435 224
664 342
1117 1306
902 790
1987 1257
3466 1323
2416 29
2822 2593
1364 789
1617 2044
2334 1052
2283 538
1468 864
634 588
2935 1373
2712 602
1703 2502
1386 835
1397 1103
1344 102
1197 2326
2431 280
1093 1504
3428 1638
2356 1369
3626 2056
1479 1869
955 492
1398 2036
2853 420
3565 571
1663 1579
2618 1222
2183 1120
2357 279
2154 1842
3308 960
3065 1870
3042 1334
3120 2189
2410 1870
2794 2373
3734 1960
1343 909
238 795
422 1152
1964 2654
3384 600
1514 601
3941 566
390 1386
3811 1921
1311 134
1998 1302
3589 997
1438 168
2889 1692
2212 2385
1826 2063
514 723
2110 1306
1359 1350
3059 2613
941 2619
3741 1893
1743 2588
2927 2014
2012 965
251 1198
260 1835
2971 1012
3343 216
2922 2609
3245 190
3600 620
3001 916
2778 767
1751 2293
358 2492
987 2619
165 721
1197 1301
3937 125
4001 1645
901 1202
3286 1430
2257 940
2890 2345
3487 766
1453 602
3440 1792
384 1843
1897 87
2086 2629
445 701
3349 1633
3921 424
2106 203
262 2070
4069 665
3841 911
495 761
3341 2051
3637 1934
3332 25
2925 1799
2685 2103
3959 562
3014 1221
3172 1050
2571 34
1028 1404
1408 1382
2551 1500
3861 1224
3974 2114
1295 2132
2041 543
785 1984
2318 413
3053 1285
3858 670
1459 1123
3903 1518
1320 1823
2054 1630
2729 2325
612 1712
1295 1011
2974 765
985 2016
688 1445
1626 2375
2065 1531
2226 92
1089 2589
1015 2485
2811 819
2762 1468
1942 518
4061 594
178 473
1827 437
1866 378
1850 1775
2092 288
1170 1243
2731 1495
759 193
3194 1855
3882 106
3443 632
1512 1270
705 1885
211 789
3180 753
1962 2615
3390 1736
1603 2294
1809 1272
3189 506
984 1066
491 1415
1587 1806
2590 523
207 2353
2802 2127
1969 766
2528 334
819 2217
2544 2451
3858 2120
1888 663
1527 1607
540 1511
2885 963
3200 1755
3091 131
1978 80
290 1293
2661 1334
451 1238
946 2628
2839 1919
3891 2079
627 1537
958 2188
3594 1219
2345 1904
1073 1655
2034 1424
709 2069
1616 1770
1964 1233
3362 500
1171 917
404 1638
3426 2103
1104 2463
1321 1056
3202 604
4048 947
1765 1447
1307 2034
1650 1200
669 824
2143 1738
403 2577
25 1847
1679 1490
1167 972
1777 1010
3226 1489
784 572
2811 1524
2186 1191
3991 398
1029 254
1902 2050
3378 2585
2010 2466
3353 766
1839 1199
265 1184
1860 320
509 2063
2951 170
3034 1282
2010 1987
831 324
2350 1416
3377 709
3473 316
208 642
1177 856
3239 263
1357 2647
239 506
2923 264
4011 2636
159 572
3169 152
2811 2481
1086 815
3781 2601
4023 2406
915 113
98 1371
714 1591
336 2002
2267 439
1787 2517
1518 2405
3169 1781
3942 1100
370 1708
2057 352
404 2346
1797 1992
3622 736
3123 1176
2970 2568
531 2639
1139 310
712 2495
2523 262
2555 1078
3296 146
42 771
3893 1030
189 2245
3904 1894
209 2459
1650 587
3833 1170
1299 1545
2593 1940
2851 1943
4051 2380
297 708
2151 1008
2076 735
2295 757
3178 2018
2453 493
2645 74
36 1276
1937 2057
1367 1389
2371 1544
3462 190
403 448
476 2151
995 1704
2909 2442
878 1114
1480 157
742 2103
528 508
222 352
1838 18
4060 773
436 152
3547 1771
1886 2026
393 2586
2181 2274
2436 2035
3030 113
3220 397
1616 2301
3441 790
1081 8
2632 1753
3250 1736
682 91
3337 1510
845 2362
3253 2542
2818 1318
4053 951
4068 2455
277 338
33 2258
4073 512
3410 1948
1433 473
1721 2374
1105 335
1967 1120
2995 882
1946 215
3735 162
2355 1447
3014 475
3341 1687
3839 2465
3694 1272
905 1022
1456 1786
1316 1066
3938 2317
362 2527
3042 1204
3553 618
3493 345
3335 103
699 1744
3709 222
1935 14
3244 1042
1883 1911
3148 2566
94 533
1928 664
2020 661
442 537
3410 174
1322 2389
3816 1337
24 47
2070 945
2544 1930
1089 2407
3743 1642
1413 92
129 2363
629 1727
1652 2300
535 443
4076 1316
419 969
2862 1400
752 2241
3975 1037
1799 2201
304 190
3083 476
1770 1263
2482 1974
49 75
2937 1083
2933 1598
3108 1586
873 2420
2397 2582
2788 65
2813 1500
1628 1833
3374 1932
650 1161
166 1261
3775 2321
2029 539
948 1382
3540 2260
894 228
807 2427
1337 289
1936 2646
99 718
1336 1897
454 2386
2408 419
1851 1057
2676 713
834 1819
3433 2033
3507 2085
848 1441
2883 608
2224 1784
2107 2510
1893 941
2180 1687
3322 1432
470 34
3535 51
2336 777
3962 606
282 2005
2622 91
2596 1111
1124 730
2584 173
3841 2197
1003 304
3959 1110
3406 364
1132 1488
885 76
2563 523
891 246
1204 86
235 1462
3360 1643
1651 643
3414 1616
751 1516
435 2287
1859 2323
1337 530
3855 2209
1221 176
236 1625
1949 967
1867 2127
378 533
2118 940
1166 1079
1070 360
3955 2487
2327 1992
1490 1538
3192 1885
1735 1665
4032 633
2358 876
2443 429
2112 963
101 1824
4003 1657
2206 204
2911 117
2676 1409
351 814
2385 1778
232 1470
2571 1434
1774 1491
2310 110
2651 2548
1407 258
1955 1040
2888 123
1789 2158
2146 200
3189 539
3895 1731
1313 1310
2936 655
2136 1121
509 2385
2304 1639
2453 734
1341 477
3574 1131
2147 1316
387 721
1621 206
1936 1489
2867 1821
1240 2378
3888 2646
1588 2491
322 1515
1039 58
8 2538
2809 1898
3251 72
1854 31
1668 214
1034 921
530 400
1057 1254
1127 1600
3286 2427
3182 57
230 1676
2634 2371
3020 2649
1935 1515
1059 705
2063 1639
3192 409
3620 1234
459 507
470 2458
1817 2501
3528 270
1270 796
2605 1817
1258 1214
3948 1685
1770 465
362 2161
423 1411
1322 131
754 722
2428 1715
2518 1054
3252 955
1849 1716
3945 1000
1632 2594
1876 2104
731 663
2381 1501
1210 1842
1594 218
157 2158
2410 1834
3187 2362
3158 2234
3814 613
1670 2094
433 2006
1289 2445
1245 1586
2280 350
1098 2305
3983 2450
993 1881
3225 2668
3204 669
15 1892
1744 530
2185 1249
1122 117
1210 54
3531 588
2719 810
3539 1813
253 283
1843 1756
2309 2392
1667 1775
3264 1236
1375 2513
2101 704
2008 2438
2402 1640
445 1083
1579 308
1194 1683
2833 2551
3214 568
2698 2614
894 2068
1966 1769
2565 2240
3025 1040
1533 191
2640 1768
3050 330
2416 381
3424 1588
3081 1777
2233 2347
2805 1623
3036 2428
389 704
3936 180
1092 283
757 2071
3462 229
2142 1425
3807 1116
2289 52
872 820
1774 2508
3880 943
3841 1323
637 1229
226 2510
3025 2098
3914 2220
458 1429
3828 1323
2012 1495
1077 1712
3196 1410
4066 1401
176 1815
3729 814
3795 1170
136 1260
2671 1033
1685 1343
1248 1016
775 324
2453 2152
283 2167
1637 689
2863 1264
2327 391
2691 961
4075 2667
3966 1832
3574 1264
1651 1476
2208 946
3908 199
1966 93
1081 2274
1296 700
3537 473
3438 417
2211 1660
1851 2051
678 2355
2244 1855
3236 106
2934 1371
3700 1644
3266 150
252 173
599 2091
1443 1594
2720 2074
1714 1259
1904 316
3834 398
764 1774
3336 2526
1408 1305
2117 210
1091 1345
1023 648
1823 80
3853 302
1595 868
987 1088
1224 914
3867 1081
593 621
2564 156
4003 939
1390 251
2292 2130
2719 1958
2468 1957
2135 2500
1068 40
1827 793
2597 2396
1245 2649
1733 2186
2565 1101
22 1446
169 1010
2283 435
1913 194
168 2021
328 223
381 1775
763 532
876 1883
2130 2253
3162 2161
2559 793
2839 2284
1182 222
3599 1911
954 475
2949 2082
2116 2443
1024 1255
1420 1980
3197 1384
1012 551
469 41
3291 2200
2490 1337
1776 1885
3065 1624
3506 272
4023 89
1123 620
3858 2231
1628 179
1478 928
3417 2474
1092 522
2046 153
1197 565
37 1511
655 637
1134 944
2772 279
3111 2517
3424 733
175 899
3348 2542
2929 803
4 1705
3232 1893
1181 1135
143 2245
1462 1394
4048 2076
2502 2143
2488 752
3953 975
2796 2136
3115 1049
2364 1306
1588 2166
3699 1047
1904 1396
612 443
2611 602
1672 2665
1317 226
2974 1606
3984 2066
2899 1138
3002 1729
1514 1303
1957 177
1789 1178
2682 354
2210 2129
1864 967
15 1134
593 127
754 1923
2665 900
2354 255
2992 768
455 1782
1128 1104
1537 780
2480 1319
2839 896
3420 1743
1128 2188
2482 2619
3600 2226
3261 564
2937 952
121 585
2090 2328
149 950
3864 1138
996 2368
3903 36
485 125
2196 1149
529 1281
250 2646
1594 208
1089 1987
1296 1296
1680 216
3576 2092
1079 2336
1007 320
3673 1455
4042 812
2040 1821
137 1670
2499 348
266 1117
2328 1766
632 355
107 1697
2811 2494
3283 773
3833 228
2123 1435
3477 1721
2770 1157
3574 599
794 1813
3735 2256
2229 2190
2990 368
34 63
1555 1106
2763 1524
1997 996
921 1247
1980 1214
2499 2123
325 293
712 1913
2421 1336
3386 670
3875 1058
1309 613
1698 755
2948 170
1730 2531
2659 573
140 162
3633 1364
3643 1361
1522 1864
3008 1373
3028 2315
3264 2079
3758 1730
2736 530
1687 832
1852 2379
1145 446
1233 1499
4058 2404
2631 1258
2552 1979
2845 1403
282 1598
313 648
1059 1488
2464 1675
2338 1004
2499 539
3599 2341
1452 1937
3894 977
1339 946
633 1276
2385 711
2674 226
1570 37
2420 417
3035 309
3686 1914
2890 1772
3084 772
1831 2534
3319 1226
1976 1017
3102 1238
2556 560
3281 2481
1896 2195
420 439
1946 1664
1334 1699
353 2060
3247 1409
1025 747
3705 1374
1653 678
3300 410
3418 737
2032 1386
3406 555
3409 2629
655 2456
582 756
2892 1926
1475 652
1623 1330
3916 2243
2642 2220
209 1175
6 1621
1743 1083
3018 2364
1814 1137
2201 119
4046 597
2188 1240
3940 1420
1394 708
3999 1268
3504 2322
1000 2005
3950 1063
3390 661
1695 458
3095 2650
1953 2208
2588 1522
964 2193
3134 1061
2149 886
4022 1353
3735 2200
2393 1903
1039 2125
615 846
2717 1268
601 1956
40 1258
2230 1802
789 1762
3637 2139
3547 2162
2160 2544
1526 1909
3921 1001
3979 2286
2042 1515
3060 2269
2909 1737
2811 540
1309 1034
3410 364
2202 681
2254 1348
167 545
966 149
12 2661
257 1512
3842 708
2382 1629
1156 1817
1070 2605
3609 2325
1113 2660
3825 2627
552 842
4012 80
101 2251
3964 1061
3365 2479
2356 489
1037 22
922 602
2672 662
2151 2628
1019 2515
302 1742
3964 1841
3321 394
689 1625
1754 2316
3223 287
1866 946
3452 2603
283 683
1059 2166
3041 601
1663 154
1098 1736
3837 392
3149 940
2897 1429
3063 1720
3615 1702
1196 1051
2354 2461
3834 2593
2242 1843
3648 630
3516 809
2206 2516
2017 2305
1889 560
1271 1695
1716 2532
3749 1858
4032 1004
1037 1620
3290 68
4057 267
2674 2327
357 166
3235 1284
65 848
1097 841
2405 2638
685 1557
1501 1163
3992 751
139 164
2228 837
1196 1250
1293 2218
518 2035
3324 482
1987 2666
2288 288
3046 123
3652 260
2016 1021
1585 2666
2041 1554
3321 858
3767 1386
3530 2269
394 1465
363 1214
1918 476
2975 680
2143 2668
1740 1362
3098 2387
4075 2393
203 2087
2973 102
4044 1121
3615 1222
68 73
1705 842
1653 1992
107 1579
1931 534
294 1593
2276 1816
82 2543
2443 1883
1514 1150
1662 2640
1164 789
3876 176
1448 95
883 277
905 1684
2107 1756
4076 1973
1074 1038
2832 1195
2412 23
390 1282
1504 2588
3337 2657
1838 1761
1860 998
948 337
271 1680
3467 1571
1688 902
2388 670
2804 590
1339 525
2662 2088
610 963
1739 1671
1349 2291
1378 963
1705 485
2343 584
557 81
2309 2100
969 2109
1288 1304
2474 2476
496 1891
870 2180
1628 1860
3001 2024
2258 1733
3752 575
453 1597
105 1397
2264 26
3772 1585
2333 599
2724 1008
2713 353
2570 276
1363 1944
2164 1478
1122 1140
3761 2397
1238 782
3974 2263
3895 1500
2572 394
3934 277
1891 1786
332 1910
3300 1661
3756 1014
17 1740
3241 2375
3341 2221
3065 1253
1570 2208
1008 770
947 1954
711 25
947 962
758 2019
2219 2649
2155 391
3604 2273
3390 746
2840 2204
2277 2183
260 517
300 1476
1701 1016
2138 264
1577 2666
4040 1612
1517 1862
2507 1635
2666 1556
2681 1293
508 601
2756 2658
3990 1380
1195 56
3731 2407
1025 1166
2915 1962
2863 1686
983 2124
3833 721
834 562
132 531
1101 834
216 1689
1356 513
3486 37
164 2570
2471 498
3647 5
2193 2067
2014 1840
2425 2406
3174 1061
3892 1739
1264 2038
2490 2403
3926 1321
1975 1111
2279 632
3060 981
1295 682
1399 1677
659 2567
3455 1389
938 1428
860 2372
688 450
38 1711
117 1854
748 410
3452 1632
1954 462
955 2068
122 300
2340 721
3226 2348
2492 616
3127 1672
2295 1654
1038 169
159 624
2200 612
1538 1227
3052 2273
801 1413
3364 1856
1118 821
3330 1437
204 2305
3816 1767
1441 941
365 2662
679 2583
3451 861
2119 2602
55 395
3374 287
1326 474
1052 2197
3624 1317
3923 523
1574 2264
911 1229
894 1897
3643 1243
167 2542
2612 1511
1594 838
3644 1880
1551 127
2092 1885
2598 993
2249 148
3880 1683
2674 1764
1371 783
3909 1013
1863 534
2145 851
2511 1791
2841 469
3139 1038
3585 352
1077 506
2654 190
1010 392
922 355
3932 1598
2548 2317
1529 2668
470 1373
3379 1987
3158 412
2871 950
878 2063
1055 1775
3465 1280
480 2378
883 1102
443 1999
1033 239
1648 2622
2225 575
663 2555
3719 603
552 567
3625 179
3781 277
3875 2636
3555 2492
2164 942
2987 547
786 2010
2708 2388
2064 2434
621 2358
1914 453
3602 2484
2286 1480
2984 2247
2977 1870
1423 1904
3780 378
91 1056
3996 1961
3193 1518
3722 613
3860 181
89 702
2291 937
1225 727
1836 663
72 305
3246 1025
2298 1044
2015 2437
3471 2012
2891 1231
3614 1877
1371 1091
1261 1717
1380 2434
15 574
567 794
344 445
2223 1942
3500 745
3612 711
2339 309
1357 2006
202 1621
2463 258
2033 1972
1986 2484
508 2282
3731 1863
1387 938
2113 1678
2669 2033
3588 540
2371 1367
3772 16
563 2286
688 335
3108 2020
3113 1220
2936 1937
2209 1561
1429 2397
2177 297
2882 2250
2582 1557
1733 2369
1544 1071
3723 2567
247 951
673 635
2405 1829
3289 187
3434 2077
664 29
1761 2509
1933 2428
474 2226
2193 977
1132 1363
1613 141
795 405
3548 1789
225 2474
131 1466
3703 1601
3855 462
30 2078
927 338
1102 2520
1263 650
3117 1749
1704 2570
1902 1513
2623 446
2960 398
2696 30
543 679
3810 1360
3112 2452
1922 2397
3961 102
1954 101
916 2177
1929 995
2659 284
2808 557
1069 198
3509 880
227 2062
2870 579
1881 1507
2747 1029
3295 1358
3386 1617
3228 280
3625 61
526 115
3190 1181
3525 2245
1285 789
37 1379
3009 140
2068 1823
1269 254
2773 1880
850 855
2643 2161
1255 2624
1654 794
2953 1468
2083 615
596 1547
2414 670
1302 2370
516 1111
939 1397
797 507
3466 830
640 2626
1985 2631
1870 2355
415 466
105 1207
580 2007
3852 2054
2995 863
1507 146
1272 2306
3646 1506
45 2045
3240 1646
1623 2201
3636 2424
1507 2433
3876 1320
1237 979
3438 244
3182 978
3735 1542
1867 2086
1087 2239
3806 797
3646 944
2668 2168
3665 403
940 960
909 93
2858 290
2462 580
2433 456
2856 1997
3601 655
2488 1023
369 996
864 2094
968 805
189 494
1404 635
2801 2451
2630 6
3257 1189
3275 2245
1428 2078
2952 1137
2732 1150
3189 2129
1225 783
2233 720
3536 196
1376 1505
1598 504
690 1820
3200 678
3868 789
1759 1480
3916 1740
462 390
25 731
2814 1255
3083 2579
1037 1673
528 2377
2951 1856
3368 1943
188 1989
1122 524
2072 1125
2625 1158
3298 685
2750 39
3623 229
1946 1652
2825 584
2343 1635
1362 665
3217 163
1430 1732
3260 2506
68 1426
1821 1463
3722 654
460 1124
782 1679
3072 556
1123 452
1661 883
3652 934
1137 1077
2903 2385
2820 1874
3892 2054
2110 487
3179 285
3671 2195
1264 1082
1403 802
2261 1835
2090 742
2665 1264
1199 2131
696 1962
4021 1518
1504 534
2651 386
2754 1779
4063 741
3254 537
1386 2516
768 1002
2025 2168
3295 2458
2669 519
1594 1203
2399 1863
2774 355
3131 362
1255 1230
810 1186
1242 1351
316 1664
1694 801
2360 2578
2824 615
1460 251
230 1590
2473 1519
3238 1888
2924 217
689 480
3707 1340
2600 803
1529 785
1334 1657
3229 172
3163 407
1035 694
382 2192
4019 754
170 155
1531 1419
2809 1800
812 388
2570 1088
299 1208
3934 2096
2015 1074
1916 497
91 1302
2851 678
1875 2472
3800 106
293 312
812 1397
865 1697
3392 1071
3671 771
886 754
812 2625
3088 1815
1923 1173
725 1180
3345 4
2853 1372
1304 189
2936 442
3486 2449
6 225
2571 2391
2237 2576
2904 863
2529 1314
575 1443
2469 2292
1970 2446
2824 529
3503 2175
2212 1583
3315 2118
1737 1399
2360 1439
2102 2471
2358 845
1202 581
930 2509
1168 2590
1577 1425
2235 212
57 1609
2617 1616
3590 447
131 1741
1577 2648
473 2521
3480 430
1338 2598
3320 1409
161 2323
763 2116
794 1034
1507 620
3619 1681
2426 925
1356 1139
550 2487
3851 1312
702 939
1844 1995
1679 66
1170 1252
3160 1014
2703 353
3036 2174
305 269
779 1082
676 1486
3105 1062
614 796
592 1952
1097 836
3363 329
3910 674
395 1266
2872 544
2003 1622
3143 1083
3526 1640
1075 2106
3228 840
942 1296
214 1615
3060 1878
1274 1870
847 1596
1234 1464
943 91
423 2445
3913 1034
1399 2484
2522 2025
1576 202
2487 690
3517 2457
2220 655
321 234
3859 1752
763 621
2308 2196
557 124
2105 1107
3194 1465
2740 1069
2861 500
193 434
2253 1351
423 436
254 1080
718 2127
3919 653
2018 857
1780 883
1980 33
3933 1387
1271 2466
2244 2619
3511 2407
3081 1000
2525 1970
181 2552
632 1627
1304 1011
603 497
2802 562
695 148
3288 1132
2794 933
1604 1024
3853 1916
2871 236
3118 87
290 1846
1449 1272
3437 1490
2782 2372
1090 1018
161 1400
793 308
3329 1628
2569 2004
2531 897
2029 497
1063 483
750 1937
998 1874
2784 2541
3169 508
1726 12
1805 2198
489 1395
187 561
834 2038
1175 1256
2767 1802
1019 625
1897 2463
3598 547
2398 399
3871 480
3044 2608
562 1764
521 1369
1148 1210
2165 1037
3642 2379
480 1550
1945 1537
1611 1449
1283 2072
917 1082
2742 2331
3960 706
2606 1320
334 2197
207 608
2935 2398
825 147
904 1511
1180 2388
2132 2541
3278 2389
3337 2503
1286 999
327 802
1478 1428
991 123
1557 952
510 2549
3688 805
1793 1616
1835 1926
1824 1044
3448 298
399 790
3627 1605
2980 1183
2454 842
2669 1836
1971 1361
839 2024
2048 1618
380 1942
3086 1419
462 2172
68 2645
2331 2104
2468 1529
3983 1330
1224 2197
3447 741
1004 1809
2811 676
167 2400
2105 2179
1951 1075
1712 2079
2581 1643
365 2590
1025 689
1308 803
2643 508
3437 1471
2257 560
226 1072
2577 2527
2047 1275
2474 648
554 1098
837 1754
3038 534
1541 2639
294 974
1964 2545
2040 1829
1636 1106
1374 1380
3232 2123
287 2578
3719 1538
566 1134
2981 17
258 672
1191 1152
52 1574
2060 2316
546 1616
3413 1918
892 1762
2464 2072
2218 465
3334 2382
3896 543
3163 2578
2152 2655
3561 348
1557 86
1289 778
1944 929
2876 1054
1893 263
2769 195
3807 1840
355 1494
2515 2534
1563 15
1611 348
772 1604
690 1982
1017 341
3824 1307
854 2263
2624 2211
3819 2287
2616 2412
1317 796
3412 2380
3237 221
3433 1
3843 2655
2961 1753
125 880
733 1699
1168 1237
734 416
802 2596
1944 520
1110 583
1978 1488
3940 1393
1673 1193
2874 864
2774 1496
994 2592
53 2608
3218 56
2898 930
2395 539
3993 443
3896 1121
1586 287
3778 1221
3169 1985
4037 663
702 285
2483 2333
2408 2396
1974 1785
3055 907
3078 206
228 2531
2431 410
1781 1950
3751 2244
3360 1558
481 1136
1634 2406
301 2150
3758 1764
3537 1226
2751 1340
3661 705
3838 1508
1532 1458
4078 274
1531 20
121 357
3707 1124
1939 1734
2950 615
2859 385
3181 1204
95 1285
2476 1347
1820 965
4037 2372
2701 2431
2819 2163
706 398
695 494
2413 974
1987 1690
1827 1721
3471 984
404 249
2132 325
2242 1318
78 1288
1099 1156
3338 825
1395 404
79 236
2080 1708
2768 1053
3897 1980
3016 2213
3625 750
3252 241
1127 1286
502 152
1160 505
2736 80
1068 1784
4070 1395
1438 2621
1342 637
210 606
811 341
1206 370
1532 1777
3687 2199
116 1971
1858 1729
1388 2088
3817 1432
29 166
2899 552
1414 632
2789 252
3874 1572
2816 2654
365 1544
1924 1803
1411 1578
3268 2659
516 102
2412 713
266 503
253 2405
1964 1004
1210 1579
1470 1273
3099 1481
2284 2106
2499 1575
776 1908
3687 2607
1542 2347
3879 1266
3501 1541
2076 2512
425 1847
2216 895
3892 1256
2781 316
3724 2154
2804 853
2524 2423
2109 2091
596 1332
3267 969
466 2533
3329 206
3266 2557
1185 1312
2896 1875
2478 2253
1262 1526
967 1820
3572 2380
1990 49
2666 728
3612 760
3249 1277
3151 1555
3146 2523
3887 32
785 949
1854 225
1185 2393
3053 1299
1855 259
4024 1912
2328 1039
426 934
369 2065
3511 2559
211 639
500 2511
1981 2209
65 2094
3780 1259
2962 1407
3975 42
201 1138
452 113
125 289
917 1089
971 1893
2221 1658
2164 2069
3831 1213
1551 2506
3206 1167
346 1688
3499 292
1815 961
3809 502
2986 767
351 66
139 462
3478 25
1229 2397
2976 2129
2697 305
2921 1359
3475 2088
3411 769
3398 1597
3502 2302
3717 1590
2694 2656
3900 1126
3841 2587
2180 171
960 1319
183 92
1766 1806
708 761
1044 2519
1034 975
1624 165
1463 1568
1128 1719
837 581
2458 2073
778 2552
901 1784
609 596
3784 1216
2656 48
835 1471
3761 964
405 503
2924 1580
2737 104
2934 92
2990 140
1207 2128
3404 2420
2814 1917
2770 1888
3960 1951
1813 2221
1352 422
2842 143
2251 1873
3497 903
2880 385
1742 2551
1839 80
1702 2119
1889 2234
2810 54
3509 1091
648 1272
2772 1764
312 1195
3047 2208
3320 1876
2074 2030
3601 2499
2693 152
535 37
2628 43
1299 1744
1429 1875
2114 1153
2425 1673
258 721
818 2162
4004 2056
3149 664
461 152
1919 114
1589 33
1596 1882
3863 106
1438 1114
188 2008
752 666
18 596
3441 1608
2338 1853
3778 1064
1971 2329
1719 2080
436 584
3132 865
1766 2293
2227 177
3313 26
1605 2155
727 182
3915 1352
2850 1982
4000 2021
183 2331
3302 1638
3104 2233
3967 772
1636 1771
2360 1296
1724 722
2734 990
38 1184
3386 1275
1214 1224
2579 64
2841 1310
3112 1171
1068 507
3612 247
1334 201
2376 1363
3418 1683
3883 1535
403 652
2779 1304
3636 1035
2799 1370
588 1779
2581 1991
2623 1704
3782 1205
1819 1444
4077 1920
4038 842
3911 1205
267 1517
3874 2560
561 969
3207 1795
2804 2624
2823 1972
2260 132
918 1376
1904 1732
2927 618
899 917
3268 874
819 586
3497 649
861 949
1879 1782
3285 950
610 1371
2345 2236
406 373
422 31
2147 1541
2167 2001
3675 2092
3814 2077
1226 496
4012 2364
1960 79
2301 780
1954 794
1374 1501
3496 580
1699 1890
3580 1660
2607 994
901 1803
466 612
217 1963
82 2666
2154 969
3401 1884
212 2005
1876 240
3652 205
3939 774
3920 1491
3481 542
3322 579
406 426
1131 1656
1628 2139
735 315
1282 802
387 894
1215 857
517 2512
3171 936
384 2559
3098 799
2760 343
2705 1362
1427 251
1323 1499
830 1131
1563 1367
3875 1967
2052 1266
2905 1194
511 1747
1739 2374
2930 691
3753 2254
2888 2392
12 1955
2314 991
655 2629
3036 41
2647 966
1609 2501
404 626
499 2221
3861 239
713 684
1030 2093
3260 1300
3164 806
2907 985
1350 109
3655 2113
3296 2363
603 1810
1578 1563
499 1693
3313 564
3202 1717
3174 1836
2050 1203
3152 1835
893 1412
3849 1036
1683 2025
3359 2313
3231 595
4042 372
3832 2008
4039 324
1405 292
391 33
2211 2562
3047 2353
1200 28
2936 1235
140 2581
1580 1148
67 504
2556 1767
3566 525
832 716
2222 1093
2974 1039
3118 2024
1976 97
2353 184
2994 1300
2337 940
1283 5
3268 1029
2478 2345
2285 649
825 286
2151 1729
3465 392
3746 783
2066 1553
2601 1419
2372 1815
2552 149
2775 307
3443 1275
1826 993
2507 2499
1344 1585
1059 344
1336 2390
1006 1092
337 1068
1175 2225
3514 1405
437 817
1100 730
3327 558
3207 1446
430 420
1706 1959
2945 2057
363 454
3647 1608
2280 182
2879 1650
3960 303
2416 2294
1412 2350
1696 507
2508 1664
3403 691
4035 534
3675 205
3197 388
471 2243
4054 425
1493 2400
867 1403
1900 20
2950 607
1018 655
3377 2068
1715 678
3117 25
2464 1804
3126 1072
1290 2512
446 1624
3243 2096
888 810
3650 392
624 1465
2080 881
307 593
874 1532
2018 703
334 1121
1612 2032
3611 1385
2285 374
508 2046
2750 2580
2460 2421
133 364
1944 2670
3825 1248
34 1032
401 2538
1892 123
2604 493
3474 1304
2045 2027
1924 1507
1518 1588
1903 2258
1681 1377
3380 1205
1636 1501
2320 1274
454 2169
13 1077
4045 1951
1443 356
1973 808
479 1457
2303 1280
3737 1881
1314 1840
3117 320
2695 1173
3977 1846
1837 723
582 633
2906 1537
3744 1970
2659 149
2084 1850
2586 2206
622 608
1693 1161
3830 2248
901 832
3165 2514
2000 1113
1564 1443
1489 264
2229 2080
1054 1145
305 388
307 1422
738 1444
3726 1805
865 1552
1310 344
3907 2068
1848 178
3967 1242
2767 77
2558 1825
2006 1864
3400 794
3241 45
2640 259
3565 2418
854 1904
2706 268
2938 1343
438 2332
1628 2128
2912 1743
2639 389
2494 2159
3436 1227
2892 316
2015 482
3122 1811
2830 2341
1874 746
287 2400
3204 1354
2894 2652
1425 232
2945 21
1639 638
1801 226
2750 144
1749 2610
1450 433
3060 1031
3219 555
930 1198
2869 2386
2543 2086
304 1633
3831 1882
3821 2481
1282 1480
2906 1176
826 543
3730 2014
3211 545
1092 1676
3425 461
2473 1384
1941 858
398 177
2083 719
2656 723
1466 1410
2279 1014
2861 801
2950 2027
1404 1282
129 668
28 11
2921 2113
3924 2485
3122 830
3027 2401
3000 428
1541 2288
2115 1610
3466 505
3701 340
2927 1738
124 1579
553 1963
4060 1267
2840 991
1195 1990
3297 240
3398 303
2323 148
2600 1819
1340 1578
2321 695
1599 268
2595 2317
2371 1391
2949 458
2406 1865
3329 2386
1422 874
217 1185
3448 913
745 791
429 2419
988 2332
1194 1029
2286 2553
488 2529
1574 2355
132 1802
3016 137
3551 915
1236 1341
3870 628
1796 1534
3159 1756
2674 2472
3445 63
370 1105
931 1771
3577 1644
3642 1984
1683 2655
3933 2491
3748 2617
1600 1921
3345 1294
2896 1331
3289 1625
3437 2247
2589 1505
710 1535
33 187
1327 1504
454 2001
1361 905
2528 734
841 2579
1124 788
148 2079
1433 1067
574 2372
2337 1708
3758 1597
1396 990
1628 303
1352 1147
2611 513
3162 2447
2032 1662
164 255
1657 1802
1259 471
616 2425
1773 2664
3441 2618
1319 2337
2155 939
1616 344
619 44
3983 158
3365 1768
2725 1022
2404 2371
281 1059
610 1014
1540 1027
1056 479
2998 96
2947 1171
1538 2358
880 802
3778 89
1550 2122
1597 1883
3594 2387
2955 896
1642 306
4012 732
3139 821
1875 884
2638 1410
1329 1843
2178 336
2618 2565
4048 1182
3241 993
1287 2045
2869 1044
413 1120
1480 700
1681 367
2274 671
2020 304
3344 1588
1038 964
3947 1154
3806 740
3228 604
2854 1477
2962 1193
452 2190
2367 1405
2576 1790
2664 948
2758 2516
3337 2228
3592 1118
1627 665
2212 849
3767 1273
1829 599
267 808
2160 937
1557 927
217 711
2603 1023
1260 1303
3397 128
3999 1527
922 598
2710 1591
3944 1593
1001 468
512 432
251 1070
988 1850
332 906
2789 1163
2194 2644
1675 1464
2945 2232
4002 126
3645 1007
3472 747
2065 788
1333 496
839 343
2950 2308
1218 1631
2314 570
2655 139
3795 1751
870 1101
816 575
2594 2539
3644 1243
2684 1596
1265 291
1014 1163
568 550
2791 2483
1272 855
72 2146
2873 251
2681 1852
2066 50
4011 2609
1387 1120
943 1113
1835 2445
324 1347
2230 2337
2626 1746
555 1675
3426 1672
1652 1201
1283 2222
4047 1594
1617 1072
936 2355
3128 423
2770 1554
3309 2394
128 1812
3472 1577
2934 1876
2875 1171
3239 1855
1178 2327
3761 142
842 2477
2272 739
2151 1663
2567 2340
874 577
1317 2580
3678 1350
3159 799
3942 1461
3126 2051
468 1171
3051 1686
3766 148
3095 2622
130 2358
330 607
3959 892
2890 1580
3182 504
3840 2430
3772 157
2897 599
665 1
1772 2554
1453 1817
2069 1773
1615 1948
2974 1732
2960 465
1095 2496
568 235
4017 1018
3378 2283
713 2513
3501 1823
393 905
2267 683
3346 1803
1971 1802
1038 1952
3955 173
1726 2623
1605 1333
1258 1578
2779 343
3491 2383
2878 1735
3888 366
2268 1380
1943 1366
3573 1395
2934 1858
2924 1732
3206 1277
2526 868
3197 508
3548 1289
3609 2617
552 130
2391 499
3825 2051
3071 893
2660 1331
1065 1355
31 961
1365 347
1120 1046
3606 1078
2420 1590
1804 2492
642 1374
2132 780
816 1960
1897 1482
3992 2520
463 144
893 1225
3662 2352
2978 880
564 2394
476 1179
2756 706
3369 640
486 2072
3875 2587
1341 1283
2095 1525
3782 1029
747 1689
3843 654
2471 47
3661 1873
3386 217
3795 783
2114 1612
3123 261
3643 2226
2559 63
2556 753
1667 46
523 422
2803 1873
3794 1572
1646 559
480 24
1202 612
121 980
1610 1412
2656 85
789 1261
1727 1464
1126 790
1730 1668
2126 417
421 2666
760 593
204 179
1883 850
1945 1140
1282 2388
1555 1893
2887 872
2416 950
2115 2205
578 596
2999 1230
2779 414
3097 177
3581 2451
3643 140
45 362
1391 1003
871 310
1228 515
219 1897
3970 2565
1752 1587
2309 2665
3919 1637
2583 2067
1389 221
1239 1177
1442 486
1034 1002
2030 2223
1956 1983
1765 1884
872 947
2838 644
2270 876
1585 2218
2637 854
3250 1445
1876 917
534 90
2271 1186
3522 1480
1439 1966
1356 408
3080 1545
2479 1346
907 2397
3177 2631
2446 2471
614 2385
1149 2318
144 2519
2265 730
380 1184
741 280
1754 2075
2285 2132
3684 260
153 2165
1376 953
850 1133
2482 220
1084 2215
3213 1384
3043 1990
3314 104
957 260
1545 2593
3562 1373
44 557
2969 1772
2078 722
1500 1842
947 1831
887 719
3736 2266
2103 133
3995 1960
3906 1308
2147 301
1440 968
2003 431
3575 1175
2568 1605
2963 334
1295 2031
1206 114
1429 545
640 2300
821 2164
1855 2288
1805 1199
2157 2626
1127 1710
3455 1260
1592 2253
2349 576
2352 690
1505 1235
3377 765
792 1549
3506 105
1176 2417
1070 1431
2279 2529
3016 1274
57 1226
496 1985
219 386
556 2668
2806 25
420 135
83 1692
146 2254
2370 2324
3429 659
1267 1985
2284 2670
1267 1482
3602 1304
2676 1258
1432 554
3529 276
4024 224
3474 2250
1111 62
1783 2607
2922 906
3053 2234
1695 2530
330 1364
1485 1243
247 2324
1725 1638
697 2500
719 1468
4023 2268
499 104
2763 2551
3650 1569
2583 2078
1943 2513
1038 2369
2481 1551
1107 2496
3421 304
584 991
3767 1853
1566 1618
2156 2312
3593 1694
1786 1267
2194 1033
2921 1400
3374 866
2185 368
262 112
2519 2664
2054 2397
1989 2436
2272 2482
24 1078
3034 1546
3547 1193
703 2635
144 2028
2667 2337
1174 753
3081 749
1517 1954
1594 1756
1735 1022
3122 309
2626 1207
3057 2147
1589 1965
97 1902
811 1051
2288 1078
1560 16
1107 1175
738 834
3706 1401
2762 687
2178 1647
3713 656
614 1454
3707 1968
1248 2327
2370 1548
3107 113
2769 1923
2226 176
1122 468
3990 678
1925 1118
1957 2090
1143 1488
1079 240
3602 2542
911 999
2965 443
2407 1908
639 1014
867 1527
2178 1796
2089 1843
188 2131
1826 1770
2735 952
325 1816
3974 1327
2237 597
2963 1450
2232 1919
2085 486
2555 1123
3255 286
3657 103
700 686
3932 2326
2792 98
719 1243
2093 452
2075 178
1627 160
2677 996
2255 2188
743 963
4041 894
3193 531
2027 79
4071 1374
2758 537
3914 1406
3190 212
4037 2169
1193 2657
545 1940
1742 799
3922 1955
217 2469
807 435
2862 1949
160 490
2535 34
817 2562
414 2251
185 817
2012 252
1519 882
2626 865
2752 2218
2847 2363
3939 1262
1895 2451
1997 10
3284 282
3676 60
3024 902
2983 193
1010 1795
958 187
3741 627
3808 895
3914 2533
1765 1981
987 621
1454 2006
1287 162
1858 918
2571 58
950 312
1635 726
2702 169
3349 1383
3349 2130
2345 1135
2130 642
3509 226
1118 87
1472 1181
568 519
3634 2173
1332 2111
2617 2379
2418 1656
1045 2329
3193 527
687 1628
340 1440
3743 2435
3369 1391
1576 1063
3677 2193
726 1434
558 1922
2305 2052
796 697
2980 2244
3379 1481
1011 2032
2317 594
15 2664
745 702
54 2190
1915 2253
3412 2471
882 2120
2222 1960
1691 2148
1821 6
173 1625
59 1699
25 1751
2981 2276
234 109
3209 191
3163 1903
3520 509
3801 587
1706 322
3375 1364
859 1951
1698 1493
4037 1579
1258 2193
2316 417
3942 2142
2992 723
2782 622
2811 412
676 1700
4023 636
3313 784
603 1361
3997 2315
1810 649
3537 576
2051 708
3274 399
3014 385
128 387
3154 2511
1359 784
1304 1100
135 2638
940 2179
1042 324
2664 1850
1951 2155
2065 746
2980 2382
2977 1163
9 2066
6 620
2871 771
3628 1553
962 1838
2534 1500
104 2580
3889 844
2352 152
3305 1800
1562 1771
2749 2358
3175 1968
3715 239
167 2336
2012 1236
1433 378
3369 269
1645 245
2509 292
3170 14
4081 1318
1537 1590
1588 2015
2160 1912
2891 882
2276 2195
46 727
3746 556
2699 2126
908 762
2162 1611
2990 1109
3755 281
559 169
687 2531
2905 774
508 1265
706 2259
3933 40
3322 1021
146 406
3029 1464
2889 903
1253 2628
1589 1388
154 1291
870 1742
2734 2223
241 656
385 263
3597 891
1235 1009
2199 1353
2673 730
2400 2402
221 1640
2984 726
3477 489
3603 1537
2284 1259
210 1730
2870 1925
2022 2459
1589 2061
3451 769
1704 1293
658 1385
57 1988
466 2301
2101 867
3078 1941
2362 292
2285 1571
3085 1223
2995 1320
2002 1911
3813 2223
3625 371
3699 628
3348 2006
2893 2039
823 2396
2024 2059
2095 1353
208 199
3670 898
2164 886
1705 1887
474 2045
1125 1321
2191 1655
487 1077
2656 2649
2919 2056
2259 2501
2427 1150
3706 2588
2021 1081
1837 998
2740 1123
3579 2524
1661 1432
2302 170
1247 1032
3361 625
762 2154
2639 1317
2730 2302
584 828
3105 1435
504 2359
198 1627
2160 2584
1223 1243
2723 1672
2293 2361
1827 1446
370 115
327 2102
2772 716
3801 504
886 793
2020 1793
2300 158
2784 630
216 679
3595 1197
901 610
1989 1568
2326 2477
3543 2249
1885 2499
3868 520
1861 2310
3602 2361
2771 1638
2118 1577
195 693
2417 1940
1765 1612
3532 1294
304 1669
2723 1389
3481 984
2143 1127
872 82
3480 941
3476 679
3631 1342
1883 2408
1437 670
604 2198
2014 444
1280 1013
2150 660
437 1988
2528 98
3104 653
3689 1344
1590 673
871 2218
375 1081
2032 1342
1689 424
461 878
2117 2521
1832 800
2585 1174
2405 1090
2457 1954
3942 2233
2542 992
811 369
2036 1597
2403 850
3998 644
3884 2508
77 189
3103 1747
144 1628
3215 2143
2010 1795
2899 2559
1568 389
1510 1534
1850 2089
2667 303
884 41
760 805
536 166
1221 1069
1932 2239
3945 1703
3109 1173
2747 493
3290 554
1672 850
2862 1756
1029 1789
1443 2041
925 1839
1474 1037
1686 1906
1348 2260
2011 810
3889 2412
775 1871
1737 1839
1279 1558
165 835
1421 1298
70 517
3281 1432
3737 968
3138 1054
804 695
1545 1441
3156 2126
592 767
2480 1807
1455 500
2898 744
4058 1833
383 1536
3575 527
2160 2359
3984 2582
677 1202
501 1021
1468 372
2171 1619
1118 1970
3565 1822
362 1720
3386 1336
3657 2559
1408 700
2467 632
92 909
1790 1130
1491 1783
3486 1961
3366 137
3880 1333
3463 128
2905 618
1600 788
2638 1179
2394 1168
2699 2564
2133 93
1002 2095
1443 272
1183 1910
673 427
504 797
1313 2530
2427 2242
980 478
1112 1348
3222 2645
413 2064
3173 2584
322 2025
904 2378
3253 438
1471 1570
3716 2373
2470 1460
3566 1454
3627 426
2104 1086
460 2018
1159 1504
2642 2148
970 721
338 2490
459 2104
2834 1724
167 571
1269 2386
3083 174
2271 2330
1415 1722
2658 1875
3736 1184
974 2319
2793 254
3813 1541
1666 1764
2238 1067
628 639
795 2304
3192 514
2970 2312
2873 1270
874 171
3057 2306
1639 1650
875 182
1514 2508
1749 61
3427 886
1645 2273
3307 1765
1657 739
2140 1201
2175 1331
3750 94
2447 2113
162 1819
3843 939
487 2095
3850 403
1087 1516
1537 2171
3971 2391
3592 2093
3642 294
603 808
2419 64
2735 2533
954 1222
361 2063
1534 2588
2075 751
1517 1763
1356 2108
176 545
1865 2424
2443 1287
3671 472
4049 1262
770 316
722 747
401 583
3928 1194
2226 1609
1688 2513
3017 1143
67 1202
3691 666
174 2369
640 2347
3387 631
1478 1354
3772 364
209 254
1192 2240
2972 824
212 1155
558 1355
1744 1274
1349 1486
3589 1156
2469 1261
2524 1412
2599 463
3876 2567
1630 2268
616 1499
2791 1900
3456 860
1246 388
268 1143
1318 1408
1850 1805
3465 588
1323 1141
1130 1384
2136 1289
39 1475
1174 1394
32 1126
2316 2667
3049 189
2075 1667
1633 1800
199 2257
1374 1458
3400 2509
1033 2238
3653 1692
2135 1460
3338 1002
2407 1567
1296 1747
1962 2554
1871 32
3158 675
3877 1682
2406 144
940 1701
1805 2509
1189 1413
96 414
1803 904
1021 523
1917 1185
618 2186
3678 441
1740 672
1271 1411
3053 1640
3646 2260
580 2180
2972 4
85 1204
1933 1536
2836 1180
1682 564
1829 1260
280 2283
2039 1187
3461 2032
1750 1355
1609 1085
3665 1047
2581 1871
3040 251
2785 369
3166 409
457 2072
3418 143
911 486
4062 1354
1339 1990
3654 1698
891 2632
2610 855
1134 2018
3074 602
3866 1265
279 746
1984 2089
2479 1619
997 713
3219 515
3630 349
2199 2121
1193 2575
546 2272
139 1
3478 1143
2952 1315
3107 1198
2397 302
921 1939
148 1359
3899 1535
637 1071
2756 6
1331 2342
3057 2024
1736 2028
1336 1994
1314 526
3490 1547
2461 2301
41 719
3038 1074
1671 926
735 93
2657 2411
3951 1114
2157 881
19 531
2003 2063
8 2347
2768 1495
2713 2328
447 334
3192 2452
3491 508
756 614
1076 590
3143 23
2374 1126
163 633
2189 2110
3569 2327
2905 2636
1927 2229
3267 133
2759 1197
204 537
526 512
2018 757
3957 2492
3202 1526
43 55
2898 2631
2522 2324
2976 2595
2971 2546
375 1502
2930 825
1558 1015
310 2623
2254 1618
317 72
3235 469
3751 2563
3239 1917
40 2170
1004 2
1576 443
2650 2417
1766 2167
3083 495
1563 2487
947 1431
1174 2491
1501 1955
1686 884
3668 2282
1092 859
1166 2315
2908 2490
92 169
3500 2382
3251 395
2845 1637
2388 2576
2809 2462
71 378
2951 1162
2341 445
824 1901
1850 1757
643 1565
793 2268
2582 816
1483 1467
3128 1017
3673 258
1199 730
3856 193
1662 868
915 2103
755 1489
1330 2164
175 650
1779 136
3701 1017
1525 434
254 1251
4075 761
3624 580
1273 1038
3734 246
3457 1963
3791 2200
626 599
235 750
1946 1704
217 907
3853 141
885 1741
3438 2474
2757 1175
3341 1712
3910 1908
289 1325
314 1496
3559 1175
2330 986
4034 97
819 472
3422 1188
1097 1266
1857 1129
3064 413
2398 1652
2843 1259
2119 1794
2492 413
1753 2350
3073 205
1541 1226
2336 278
961 1736
2960 83
618 531
1533 1950
1502 2578
3013 2444
1940 1833
254 415
1741 403
2089 74
3656 814
2623 1486
3275 151
1772 861
347 2108
298 2362
201 2286
3866 1098
3543 1499
2237 1731
264 1090
987 1682
231 1647
419 2029
341 484
1104 435
425 2631
2163 1182
1981 1970
274 627
2306 1989
2480 541
1684 2097
1564 960
1516 1611
2614 2300
830 2100
2587 1759
3763 108
1281 1740
2592 355
649 627
4003 35
3506 1002
4002 2355
3246 1636
1593 594
2169 1667
3583 150
3098 645
2445 2525
1646 172
48 1343
3456 157
4065 1136
1900 2083
2485 852
3844 310
257 2212
180 1823
3027 2238
3425 724
1382 2032
2160 2622
1836 475
1542 2505
779 931
1696 1919
2742 940
3634 2409
1662 2351
2679 962
4032 2522
3922 523
2424 35
1341 1226
723 922
2034 108
1591 1438
2503 998
2400 1468
493 2259
2002 1906
342 136
1295 1385
3484 740
1990 412
1275 2330
843 278
558 1010
2114 770
3198 1506
2646 1425
615 2045
2968 1001
505 434
831 1233
1830 2342
2223 223
2626 142
147 1543
3686 767
3151 1701
768 171
629 2090
3954 224
1972 1380
1254 1661
1913 2467
1029 826
3008 1950
2978 2610
2702 253
1622 1227
418 1710
641 1292
3546 1323
1156 138
4075 959
1497 2524
699 2288
2174 662
3432 1874
2561 65
3697 1141
1371 1462
34 1883
1744 1905
3186 1390
2384 1434
2519 1890
2108 2312
3302 1678
1295 1884
437 2647
1056 2121
215 249
1976 859
2633 2634
1221 2476
733 922
57 997
1366 111
2212 1416
3391 1871
825 1517
997 2002
1798 1305
3281 1932
1658 1066
993 2257
2461 413
189 398
228 728
2668 1751
2883 675
1894 990
3989 1856
2903 321
2963 2281
2190 1303
98 1409
3441 990
1946 1088
3074 2453
117 798
3077 2332
1902 2228
3482 1529
242 1555
1333 358
243 1839
3614 1567
4053 1166
1374 2576
3923 1007
309 1671
1633 2420
3982 845
4 1181
2082 1983
3032 1565
770 1786
994 2424
2556 2142
3607 668
3382 2635
1630 1836
2136 1247
3705 1436
2504 635
2269 149
321 1998
1054 1895
3702 1261
886 479
3596 306
748 1225
1233 1241
2690 1911
3974 446
2024 2106
103 2458
2422 1253
1677 2339
2637 2547
597 651
604 301
2567 1013
428 1228
2472 2309
639 2590
2553 917
260 345
206 361
3115 2304
3897 2369
1804 609
1990 2089
1376 46
2179 184
858 1749
3036 2474
2869 97
1074 2496
102 517
3033 1765
2775 2488
1860 347
718 2207
2423 521
3821 589
339 195
3452 303
1992 1493
633 220
3395 1845
2782 1678
1702 2326
2099 1552
3965 1922
2781 1239
2834 451
1936 2531
152 1509
1590 2123
1201 2136
3613 2473
1328 1937
1666 1348
11 1012
1630 482
800 2079
890 2338
1553 811
830 2047
801 2487
1282 907
2190 2234
232 1780
4040 349
2664 786
2933 1991
2636 1019
411 1966
1674 2615
2905 1364
1021 1581
1929 2025
234 1107
210 242
2942 2345
3406 1752
3033 1080
208 677
3150 1341
3609 1865
4044 1603
2595 1252
2378 682
1153 2371
2894 1677
4068 971
2922 975
1877 1198
2099 744
210 1972
1403 1245
958 2328
1489 2024
2946 397
3229 1694
1003 1419
2075 9
73 126
1580 1284
799 2280
3026 158
3851 1302
2584 832
3712 151
4009 1380
832 1055
2771 929
815 1194
632 43
3002 1049
472 23
2256 756
1582 2166
166 528
325 688
2531 525
2127 1057
1390 1531
2720 27
2145 485
3804 516
2187 2265
2693 1615
4020 375
2720 826
4012 2661
2346 897
965 2663
3628 923
337 747
34 135
3213 992
2616 738
2777 1207
1259 2148
3946 2170
3727 1038
1130 1409
2242 1562
1218 1606
125 760
233 298
3365 249
2781 291
1431 2522
2962 780
3470 1576
1559 1929
1106 2284
641 254
3595 2146
3442 881
2259 530
3515 1340
3828 2408
1236 989
3910 277
1040 80
1429 1396
917 1184
774 2569
3077 2336
2485 2330
2217 1297
654 2144
2733 1643
2171 2360
2938 1346
2280 1962
3773 1285
3035 1160
2500 2344
3000 1189
2350 492
1897 1688
642 578
3677 2048
634 822
2519 427
3519 2101
2595 814
3340 709
975 1829
462 1326
2907 331
1248 2181
871 874
1206 1189
932 1340
2949 394
1263 521
2951 93
230 1989
496 1368
2189 2616
1564 1716
2457 167
3706 1174
3297 1638
2017 2293
3578 1358
199 1335
3766 2645
3564 762
3600 2625
411 1694
3487 2005
484 2391
1257 789
189 134
1448 333
2467 2565
2212 781
3861 1794
3556 2247
1166 1425
4047 128
1627 432
3157 269
1303 1334
2929 304
3346 1334
3656 1614
2017 498
1569 2230
2152 330
1590 1746
1944 1439
2111 1942
2624 1701
3637 819
3530 2281
305 2443
3283 202
4072 1599
251 220
1370 1693
2823 1969
244 2206
3890 1832
379 2125
1487 1535
1168 2380
1644 175
680 1644
1682 403
640 1902
2289 1452
913 801
3746 413
627 1848
4002 2448
3733 2135
945 1294
3269 672
2248 1505
1303 1669
2292 2373
72 1141
984 321
2889 1925
1514 452
3211 1408
2681 1916
2498 1088
2424 2544
528 2278
1671 2077
859 1022
2686 47
1631 1290
1214 1010
108 2097
1327 502
3615 313
1229 461
3822 861
1385 2107
2965 2633
1587 2349
2010 1226
3638 1772
572 2192
552 883
2280 1790
3644 2010
3948 2370
635 216
1046 2018
265 637
2119 220
1415 1558
920 575
3429 663
3060 236
3860 2474
798 1844
288 330
2979 1599
1625 350
3556 1242
2285 664
1799 1598
165 32
525 81
1610 1188
3576 1894
2424 1612
2153 1897
404 2468
1873 1604
1917 384
531 946
2439 2155
3142 1220
3636 1669
2608 230
4030 543
2396 1371
3353 2413
3435 318
526 2280
989 1739
2907 1001
1519 1693
189 897
1161 144
229 558
3199 1918
565 2220
1875 2484
3099 401
3801 979
840 1217
1 795
1305 2343
2737 1461
1176 404
945 2204
3365 2481
3541 876
1281 381
1979 1989
3078 504
2941 174
2306 2545
1336 2190
2461 2493
1611 1754
3878 2631
420 1015
1268 1193
3959 2287
383 1776
3209 1110
2066 508
2856 1735
969 385
598 1967
2303 1447
2385 1854
3880 1521
937 514
1935 251
1041 2195
2680 2437
595 2555
2133 1374
701 1610
3968 969
717 2328
3212 2593
541 2596
3493 751
751 2289
1802 312
391 2457
2334 1921
1429 1015
3585 1710
1287 650
1900 1332
847 2640
2598 1002
3213 960
2248 2278
4078 2427
604 2607
38 494
3716 1696
1389 1871
1200 409
226 195
3713 217
821 2617
3160 1260
3908 2182
901 386
796 540
1170 1905
1648 1907
2702 1029
743 1353
2143 2137
3062 1847
3455 1141
760 1672
4012 750
1387 1332
2639 2603
2546 2286
2340 1011
572 2552
1912 1048
3442 240
249 1614
2811 721
1388 2267
3999 2436
1250 2481
1442 1103
3315 55
493 2027
1313 1389
3695 1492
2733 961
3208 367
574 112
1640 1568
1871 2471
2918 2429
2041 1373
1578 1727
3362 2067
3977 1701
1360 1972
1617 2094
2687 2450
1516 2644
318 756
3205 1682
275 2235
752 584
3243 88
3504 413
585 1512
823 1828
397 799
1307 1281
2258 888
312 1224
3675 1322
136 2020
3836 2035
4054 2605
3968 990
373 281
544 1730
2630 2029
1246 2172
829 1648
731 746
2134 547
1224 552
1594 1117
706 895
2146 1120
3083 952
4074 2128
3728 904
3549 367
2764 2607
58 1049
1481 1801
1299 1835
3666 1966
2894 1202
3775 452
2963 65
2074 2335
2355 346
2166 627
3628 2214
402 989
2454 2372
2204 1527
2906 1772
3347 1822
3357 2448
1856 1172
2807 512
1019 120
920 1717
1805 1285
2802 1239
304 884
3824 788
2759 331
247 699
2387 1270
2988 1411
1974 1409
245 1354
4002 1236
3516 312
1269 280
2292 1952
2003 2331
740 1876
2029 1605
441 1628
1248 2657
2469 1634
3523 1967
1080 1488
1308 1339
3504 1953
451 1100
1151 1032
2821 1822
2269 1195
149 1272
314 74
836 655
2380 1735
2276 148
2134 836
1883 1808
3246 2118
2238 1192
212 2193
3535 448
102 70
2005 1527
2341 2101
1788 255
1667 1016
3837 2662
2858 188
1750 205
61 60
3246 1365
1186 511
3075 1540
3262 1516
1598 717
1235 1134
957 226
3497 1224
1625 1320
3913 2558
2696 2264
4082 1072
2174 2010
914 301
2664 462
2613 2331
345 2072
2448 1677
1419 762
4027 1815
1043 2291
914 13
3645 2012
2263 1571
1257 2157
1180 2445
3063 1272
4037 35
2157 1252
3145 1802
3343 617
812 2056
14 2133
1902 2059
1483 2094
3286 2374
843 1364
1435 1238
3103 1512
3666 1314
1632 749
1004 1179
217 2423
459 1957
3453 1367
3222 1446
1322 2236
44 2130
3400 1784
2997 1428
3559 1189
3189 2593
2098 438
2244 2589
853 2148
1004 2035
2271 2196
1377 219
3542 1225
758 251
2469 2372
238 2040
70 1255
3971 1484
2272 1638
312 1600
3668 86
2117 1915
2652 1054
42 2554
268 1714
2180 1351
1481 1289
3673 401
1816 2237
415 1724
529 658
2792 1759
820 1327
2284 426
3518 14
4057 1093
1719 1863
2856 2494
1179 1124
1034 330
2486 380
1130 924
442 1208
398 1933
4040 385
3396 2542
3866 2334
409 2157
2573 474
3368 641
567 947
3325 472
1516 2632
346 1186
1269 269
519 1163
2330 691
2314 1127
3201 168
3773 1730
2695 2315
1737 1585
3214 1869
283 158
2100 1764
1635 2520
1964 834
2840 2344
2586 2221
2093 228
3252 2493
3299 328
556 2236
302 1036
350 2097
817 1417
2315 2366
42 445
2383 784
2784 1404
2101 2635
2024 2491
2797 1793
2541 681
183 1497
3673 1899
128 159
3269 1822
3853 1637
194 1105
1677 621
2345 1997
3162 1261
3234 752
1929 2310
1456 1568
3046 233
3667 1029
1022 972
1664 2179
1619 2371
983 510
2052 690
3829 2338
346 565
1282 495
3514 421
2141 1175
1223 765
221 1512
3238 709
3430 2370
3171 2089
3975 2657
1551 1238
2827 2229
1763 2459
2484 1095
3682 2541
1551 1949
425 402
1137 2413
979 1212
1451 1372
461 1018
649 1771
360 2632
845 902
2562 2096
2721 2591
3998 492
3865 935
3461 418
629 716
502 536
2515 1438
4078 2233
3772 764
227 417
820 1711
563 530
2232 616
422 421
3512 303
3155 1863
2034 98
2685 2351
1908 446
1202 1288
436 1821
1075 1890
1891 2297
899 1516
3312 1508
2117 1172
90 691
1025 1525
3000 2517
3216 1480
2169 1752
572 36
2326 1158
2969 127
1553 2285
1531 473
3158 1557
2545 2179
271 1386
2744 1422
326 1304
2214 1650
2486 1525
1151 1933
1308 1305
1196 1572
1139 1796
447 311
2282 2451
830 858
2610 2010
2637 2429
2204 2454
2885 1358
3671 1617
2905 2165
1827 855
3037 399
2365 1460
55 721
3990 1532
3979 840
2003 364
2103 750
2949 2032
3282 1277
106 2562
2516 1976
3550 1743
897 1095
3114 1267
606 993
854 2242
1808 1682
1546 2457
743 575
1871 2455
1594 1139
3601 761
2627 1795
3653 2002
3882 1163
615 916
3056 315
1239 2037
296 2096
3211 1997
1007 204
975 913
2705 2129
1150 510
1944 2551
2426 698
1233 693
2027 1664
956 925
1994 500
3139 671
1842 1433
1873 2363
1887 650
1542 1438
1749 833
2949 1803
4035 1703
528 1413
1593 1670
2197 737
1200 940
2750 2107
2882 2457
1962 666
2020 2381
348 328
791 2506
471 727
176 280
1843 580
1935 853
3041 2164
1990 144
1111 2255
2590 681
3934 946
2221 2560
2748 1687
857 565
117 584
1970 529
1762 1042
1931 1905
165 2409
3358 993
3320 20
151 504
3825 38
1405 1151
914 2410
3155 2340
1228 2024
1673 2311
2740 120
149 2131
3992 2620
2444 2550
168 1422
862 2112
2077 2103
2671 231
755 1966
2286 1610
1529 1894
3041 342
3346 8
1601 139
209 1188
140 2324
986 2471
2212 657
3593 417
2321 1411
3477 455
649 2312
3057 886
1922 814
2009 2328
3318 1367
2395 561
1852 46
2443 1567
3703 296
2735 2039
2610 2106
659 2168
1674 1037
3026 673
2839 2134
2053 171
3655 1069
3845 879
1153 265
3524 1395
3647 348
2267 1922
3318 1302
3274 627
2286 390
2304 1213
2137 1203
1676 2358
2668 859
80 1784
3515 439
1382 308
3375 1656
906 2574
725 1491
2572 1169
932 2506
2921 891
3034 1185
1531 1786
1723 47
390 1725
265 1873
704 2559
2502 1096
2561 1856
2141 1429
1654 979
768 1383
2763 2168
1319 2097
1336 19
2337 1825
3902 100
3034 816
3944 2006
1603 935
2360 2296
2936 1076
3403 1329
3904 756
3793 1371
2955 909
1845 2670
175 2275
1417 2239
3933 2402
2829 696
33 1005
2520 1887
3632 23
3781 1297
810 1428
1137 19
82 1155
4013 1608
2779 2228
3033 519
305 1397
3806 907
1153 388
925 1070
1721 96
2727 2323
3863 788
2019 291
3419 12
1262 40
1613 1943
1704 1041
2367 1822
1688 35
452 600
1387 1870
3150 1449
6 2267
2554 1835
1070 655
403 921
1619 391
512 2623
3412 2405
3347 694
3565 1667
1493 2273
687 1869
358 162
493 300
3673 2350
1812 2360
2392 997
2119 354
2533 1422
1444 1363
1934 2650
923 113
2503 660
1393 1683
2644 688
320 1970
1315 1582
2686 56
1277 1313
1240 2462
116 1313
951 1303
3545 1351
191 2500
2621 1341
1448 1935
424 430
2887 402
3283 437
674 1966
2900 2658
362 2460
1240 1082
3943 2208
412 2444
1488 283
3292 45
1377 393
2233 2527
3471 388
3652 485
291 2154
2551 126
2420 1882
1722 192
3733 1463
3982 2636
3147 2353
729 1357
508 2621
1538 765
3707 2584
3554 1811
3431 1029
525 577
3664 2099
1672 2463
1073 178
3061 2308
3429 1546
2113 1542
2651 762
4035 701
2837 1239
2623 2364
492 1976
582 1537
3031 1206
761 2576
1139 1650
2847 941
3511 71
192 2250
2620 546
1104 2246
2483 769
1923 1473
3606 156
3562 979
545 1755
896 768
3644 1998
1956 2055
3590 382
195 1681
2626 402
3741 2424
459 463
2023 2201
3567 831
231 592
1065 2636
4040 351
2377 2320
1347 961
258 1573
1069 615
1360 114
2227 2324
2176 715
312 1851
1535 481
107 2541
2993 1805
1105 1380
2359 2318
229 710
1485 1262
446 1919
679 1623
2616 2186
667 1410
3878 2656
1172 133
2362 2392
494 1847
906 1176
1524 2118
3454 179
2050 327
2928 892
1329 1997
1204 666
2801 483
791 2622
2073 155
2705 2229
3333 2359
1191 1677
2260 1567
3646 2347
1079 2462
3112 1127
4019 2583
3155 946
3691 649
30 1216
2621 570
3582 1237
816 505
3818 2283
3808 2383
3396 43
439 548
507 2517
3607 2303
3603 2321
3212 285
1239 1215
47 1526
3192 1145
513 2424
580 2208
22 2451
4023 573
331 575
1444 1434
898 1801
664 1296
3373 492
457 1381
4010 1269
74 2485
2919 89
3184 1659
2901 972
1740 1125
235 340
3878 425
3459 2417
3591 2203
2890 1651
3256 1317
2456 2292
1011 2354
1892 1738
3053 1857
2070 1107
3467 384
1140 350
1853 717
3225 2655
3421 2613
1195 142
357 2481
2252 1629
3668 1691
2702 1060
3850 1212
3114 2107
1049 959
876 1543
1439 1566
281 161
14 1613
3727 1252
3739 27
1678 8
2965 702
523 2611
164 1012
1862 2292
1872 2650
2972 509
3244 1108
3436 1875
3837 1570
3991 206
307 176
949 490
762 1130
1030 2023
344 1937
773 2192
1546 2542
2299 891
494 1380
3477 2310
222 727
3650 749
2797 1706
1755 1932
2541 2014
1444 1073
3646 2067
2100 2523
745 1945
558 929
841 1492
786 2053
2701 639
1226 1854
1923 310
4007 635
1059 2289
1434 1568
1124 1744
2335 2323
857 1492
2643 2525
2496 315
1573 2394
3483 1769
2486 615
3494 2458
3845 158
75 2226
3045 2066
244 1912
175 2598
2956 396
2016 1796
2263 669
3126 131
758 583
3535 649
3526 718
1096 2620
564 1023
3734 100
3823 1299
1679 2123
1925 2565
35 1138
2796 1659
759 1225
726 1498
3751 1972
3423 1307
3926 156
2491 1244
2938 2586
455 441
2207 1419
229 173
2052 112
2773 530
115 2587
2536 960
3678 1728
3966 2410
2096 1265
1747 1409
1741 1678
3158 1856
2301 1567
503 1467
2542 2504
2630 1359
2170 726
2871 2395
102 418
2627 704
2750 1242
2636 767
3828 1529
1525 1056
334 498
1467 1323
85 2203
1357 1219
1752 569
3846 622
2824 286
2368 2057
2139 844
1036 227
1375 2497
2924 412
2778 156
1231 1375
1378 1279
706 1875
3678 420
3822 2477
3709 1211
3334 1682
3544 1089
3520 2124
3049 1531
3530 489
3077 452
3922 2268
2026 1530
462 1627
3413 1104
3769 881
90 2092
1959 507
3807 897
814 807
2036 742
3494 898
2629 1418
1050 86
1268 1533
1110 1996
1674 1942
630 1139
3122 2414
1542 1689
1551 230
1729 1429
2514 116
948 2647
379 170
1100 304
1654 1879
1664 2570
3972 2227
323 678
2489 1300
1651 613
2593 738
995 184
2476 1081
1558 1318
20 1397
1197 1198
1822 2557
801 15
1022 192
1403 2330
1809 2074
3092 430
2141 1223
3502 766
2341 2218
2826 428
2140 1317
2922 118
2815 511
1326 1944
3502 164
2455 2417
2224 974
3945 2392
926 1289
2851 277
2582 493
2121 2269
1722 1164
2862 1263
3405 708
1608 2234
514 1189
553 1696
3610 55
3001 364
2193 2479
4062 679
2634 654
3940 248
3257 2161
2807 931
795 677
2595 569
980 1844
1205 1788
2968 1574
2433 859
1803 1578
595 378
1080 774
1913 2096
390 648
2855 964
753 1916
1807 2114
2822 2550
3035 437
2270 2541
1536 1868
36 95
3692 669
1189 1988
869 1184
1741 2079
1913 2342
439 102
2897 18
157 35
2114 1619
1237 118
1953 2546
2400 571
1537 324
1407 2371
1386 65
856 468
1515 277
1097 2168
4032 2124
4033 663
3686 461
3647 2519
3961 1065
1326 372
3396 2369
3446 1672
3996 814
501 722
715 2162
1601 831
1844 450
3176 1880
474 1693
424 34
2005 1970
4029 1680
1332 999
1245 870
372 2203
1494 1097
2454 1644
1447 15
2771 902
3606 534
3291 2223
2994 297
3949 1008
416 287
562 2033
3860 1896
499 1055
970 2517
2836 2249
935 387
983 1105
110 1360
1482 1922
340 2310
578 830
1674 1251
57 2161
2475 2185
1915 437
95 2035
52 2461
2629 1085
443 1758
2072 1601
169 2549
3081 4
3740 1497
2555 15
954 1717
4017 75
3098 660
803 2490
2539 1000
1845 1612
3542 813
3414 2495
3660 176
3079 1991
2061 492
2108 1073
1956 277
714 366
3845 2470
3812 966
3704 918
2906 1224
3058 2500
2818 2242
2166 477
3733 745
1641 2251
1178 2087
2129 1766
2178 1368
796 1052
3830 1447
806 1864
4023 1158
1921 1157
712 2485
2676 795
2557 697
655 2490
1186 2209
2936 2371
3433 791
2610 234
2372 940
813 1843
3847 1685
3635 1270
1630 1610
1897 431
3611 1105
4016 739
106 2552
1341 1321
3222 1819
3545 1487
1433 2468
1000 492
1152 1999
1937 1637
1501 1559
3342 1737
2630 447
532 1022
1957 1492
2559 2493
3163 642
1186 2438
2525 1524
1450 1178
3944 278
2354 2390
726 1466
994 2042
2006 987
535 692
3085 818
3460 1487
26 875
1156 2226
2905 2066
444 1254
3107 1917
2156 172
2186 2136
3027 422
2551 152
3335 2133
123 1366
3790 915
3778 1423
653 352
1245 640
1352 2504
403 1224
2224 836
2373 8
1686 642
619 774
662 1920
3323 1491
294 489
3827 552
3875 2364
494 34
2412 1726
996 678
1801 1606
117 2655
3647 2239
2834 127
3833 190
2156 1047
489 1956
1869 113
4026 352
3853 1743
2082 1519
3178 964
660 1436
2514 1715
2452 1123
1266 501
743 816
1608 189
3004 2190
1097 1930
1297 331
3854 1274
3627 1195
1609 1870
497 2194
3543 2079
3249 2360
2962 1250
1922 2415
2584 1023
1657 1135
775 1683
3750 391
1304 2300
2607 2559
9 675
1477 673
712 494
1861 2413
3585 1684
77 1534
4009 1397
1015 567
242 1648
2942 2402
1000 1619
2175 1161
621 1385
2100 780
729 1731
3917 2258
3171 1461
2365 8
2114 2225
2599 1693
124 2242
1859 1176
555 973
3125 411
3121 101
2384 543
1945 202
2388 645
2733 1147
660 471
3253 1614
2591 1574
725 1750
1253 1841
922 348
1325 501
715 2605
2193 1967
2580 1790
3353 2201
2154 267
2290 696
1248 2520
1000 1741
1703 1552
1554 1332
1850 2119
728 2170
2017 2051
2897 1040
2053 466
2003 344
3426 871
2854 120
920 1869
1919 2280
3017 841
4004 756
2711 2016
1115 1303
1117 2221
79 598
3591 453
2790 1747
2930 579
3182 2529
2070 1216
752 102
3073 2192
2869 569
509 1609
1399 1041
2010 892
4082 659
1778 1186
2073 1571
1310 1818
1039 1555
1067 1543
3348 2052
2219 1264
1380 2594
1426 2277
2176 1365
3465 76
2608 947
4051 1118
2650 251
2383 2535
2464 2389
1871 899
3535 2152
3444 716
2410 189
966 2012
3417 870
1508 399
138 2238
383 1703
3032 427
1076 425
3781 2267
3847 211
721 385
2095 250
2470 1960
2133 395
1396 28
1345 999
3509 1203
3663 861
2289 31
1212 2667
1407 1836
3093 1258
396 1630
1375 170
1270 908
2216 1080
1191 626
1973 2244
2634 104
1519 2631
36 232
1917 1120
909 2000
3214 2141
1619 72
530 2443
2349 1139
1269 1082
3912 1352
2496 624
3547 1972
3329 288
3829 1530
1633 1077
790 2265
2874 922
72 2498
646 1244
690 694
3693 1598
1336 238
1535 2489
3509 1939
2766 2355
3126 1350
3399 2139
8 588
955 2114
2602 2364
3561 366
2236 2582
686 310
2440 1262
2012 576
2105 1446
2857 29
3732 1149
1004 602
648 67
2995 1963
156 753
3875 1437
1803 605
2964 2533
2001 1099
865 1435
3401 2578
1500 1538
227 1681
3158 32
1663 1117
315 608
1210 2134
2667 294
1071 1405
1263 502
1519 1402
463 2291
1010 1241
2743 2572
714 2423
1775 639
13 480
3506 1052
3174 946
2058 2237
1296 2618
1608 875
782 1226
878 113
3220 529
765 2283
1802 2512
2779 2176
3291 2424
3697 294
3871 1722
1057 54
3432 1901
617 1683
924 1627
1596 849
194 1557
1877 750
3654 506
1024 1654
748 2070
423 1979
4079 665
851 275
3403 2121
2911 1478
2630 1098
432 2126
3898 1144
2888 1961
3854 998
1405 1914
2968 2263
2197 2531
1145 763
3200 1544
2940 2025
3050 647
3575 499
1873 154
1523 1675
3409 935
2759 1359
410 1671
3200 2571
3848 1463
2247 1713
1945 2509
3321 1764
1410 212
3266 1491
2206 2128
2049 1102
3104 386
4000 1351
1616 1747
3253 474
1894 1192
139 2020
286 1889
2426 1906
923 806
3033 1129
423 1423
378 468
209 848
1971 891
3878 786
1871 2055
3014 1669
1219 2601
764 1360
3282 1281
1005 1812
1174 1304
2229 1013
1960 2256
3590 1653
1216 1984
3043 1824
2771 2160
1137 520
3828 1210
589 614
1421 1673
936 670
3663 1001
831 2350
1726 2229
1147 2070
2383 1480
3110 326
1487 765
725 1366
283 1717
505 580
54 656
419 357
1430 735
3918 2412
3093 1457
3003 2617
3750 1354
77 1771
39 2161
493 945
2644 852
2674 1482
4070 1960
1425 1025
4041 480
670 1611
3539 1161
216 1197
1980 1795
3815 2016
415 2284
2905 433
2384 495
1674 1063
1013 629
3147 2467
3195 1774
3535 1174
3907 1731
2348 77
283 1136
4063 2536
1377 1579
454 914
2794 89
1268 979
2545 1734
2306 1430
789 640
1459 702
617 564
2816 2362
3553 2634
3010 1808
2659 683
4041 1688
1618 1251
3871 16
3477 523
2909 2433
3548 702
135 1226
1605 2102
2680 616
505 1378
179 205
240 267
3223 1405
1511 527
1292 827
1286 1467
2779 2052
562 1101
2280 432
668 2655
3044 373
2193 2085
3061 2392
1266 2388
1228 2052
3393 2339
3495 803
2612 1416
1775 79
1305 1936
1439 1388
44 765
2812 1079
2197 1005
2301 1195
1456 2667
2251 2415
3127 1397
3316 1815
415 965
3122 160
3467 524
1564 92
3637 1060
1811 1245
1368 1371
1218 1686
2574 2646
31 2391
3759 1322
3693 1425
3433 1300
3776 2595
858 2513
1120 2547
1318 920
1097 1086
3224 988
1706 54
559 2298
356 2130
2492 57
1265 289
3646 2542
2384 2643
2800 2455
2964 1957
1451 4
463 2669
420 3
3649 8
1459 2045
4027 1340
1401 815
3904 1707
125 927
366 2342
3745 596
1005 1481
1413 599
1299 2203
1278 2177
1529 2661
3949 938
3339 1430
1043 498
535 672
1700 836
179 1143
1132 2472
803 2442
2259 1462
2566 1196
2475 1628
2732 1912
1491 1678
257 2481
1469 973
1638 2451
293 1631
785 49
232 1321
612 710
2205 1173
2129 1760
1792 459
2210 1359
57 1120
1364 383
2472 499
3447 1277
629 2003
2552 593
1882 2041
2282 1950
1600 319
3445 2074
1937 1174
3337 2007
2433 970
1844 159
3070 2664
2431 1940
205 496
1185 1305
1721 1271
3021 2318
3040 2514
3118 33
1349 609
3287 823
3998 1291
3399 83
220 137
2870 1484
1143 187
3350 2361
895 1001
682 1367
2561 892
136 2399
568 1374
113 139
4069 853
780 4
3101 2628
1220 444
870 1533
2742 2381
3752 2333
326 1777
474 825
2315 2079
3763 774
1093 1202
158 1654
2261 1813
1719 2285
334 904
2444 2049
2341 746
2524 740
1647 1227
3272 1409
1337 961
3150 2587
3775 559
1864 1593
2382 2081
71 1987
455 2047
3701 163
1200 71
2073 1515
4003 468
271 2492
2160 877
3489 978
2796 2629
3183 1995
898 873
3638 2435
3740 1216
1967 570
2920 837
3038 2019
475 876
735 2520
614 74
892 624
2059 405
3041 619
2573 55
2017 1409
3724 474
2090 2404
904 1537
555 2124
1784 2172
816 553
3105 528
1700 957
3687 1712
562 2187
1928 1764
3880 2549
561 2663
3290 2250
1640 1651
2618 139
236 310
2818 2458
2686 2079
3847 605
2339 2224
1828 1042
1924 1711
1746 1604
1205 2279
1573 1345
252 2119
2769 923
273 1556
1022 1899
1313 2070
1952 659
1213 1383
1366 22
1258 1334
1323 878
459 547
3633 910
2254 645
1017 1460
1307 2011
3500 211
713 494
3903 1435
748 2451
3703 1465
3354 1430
1082 1157
35 1981
3239 1675
1651 516
3569 1978
2235 2030
78 1075
2697 2641
1756 741
847 2054
3330 2385
2121 1295
3735 472
324 414
1767 2220
1165 892
1392 2538
3160 2100
3033 1359
2580 543
3114 1647
297 1258
638 1831
1666 703
2443 2372
1595 2594
3475 1495
1052 624
1079 1137
213 1565
1276 2141
208 2658
498 405
1543 780
766 1733
525 2047
3016 1674
2395 1200
1840 172
1463 2230
1877 1311
2067 185
3602 2557
18 2300
1193 2570
413 1719
3509 1250
1670 1967
420 1085
3301 1438
1879 827
1985 22
526 2556
2817 2532
3590 481
118 2312
3257 567
1606 1105
635 619
3380 1842
3529 2618
3793 2407
877 1611
2463 436
3499 264
1049 1195
905 48
3059 2524
3420 824
2807 966
1010 1172
3633 2422
1936 520
388 2659
1004 2114
1015 2486
1733 503
3845 195
1420 1996
3391 730
142 1682
477 1549
1881 1515
1696 1295
1424 2398
2395 598
769 34
1489 2406
1754 1595
3497 1197
231 838
986 1836
4064 2166
1014 35
228 546
983 1212
1494 1111
4026 371
2019 44
1777 1136
2952 1224
398 560
669 2242
3389 485
2783 1585
519 115
3341 1976
953 2545
721 1574
2698 1915
3940 121
3827 1292
2683 2373
2713 2581
3951 1842
870 1216
2448 633
2589 360
1893 1661
2513 1261
1336 996
2280 1851
369 739
428 1632
598 2079
2836 857
2158 283
3987 1421
3242 1322
638 1460
3488 473
2473 411
800 2667
1279 2551
838 2216
17 2369
2206 377
23 2545
3104 1060
775 1164
2703 403
2319 270
117 2638
1500 424
3022 1865
2725 10
1858 892
3770 2645
1257 60
3899 2050
1367 1860
947 2487
2342 316
2153 46
176 2241
1122 250
234 2653
827 1266
2348 156
297 837
2193 2610
2484 273
1632 752
3794 871
1260 275
336 2162
2558 596
1991 1337
3094 1446
1569 1922
1971 1623
2449 371
1002 290
909 2666
432 1204
33 902
1244 2207
2415 660
2638 1086
3430 1100
614 1472
3761 1227
2785 467
3730 2353
2049 1769
169 1436
3882 2595
3501 51
2928 2177
3905 994
1583 170
173 2570
983 2017
1769 1296
1958 967
1328 1039
1482 517
1638 629
3806 222
2472 2003
1194 2000
678 1566
2643 1246
794 188
2210 2531
1775 1159
59 1497
4073 830
2536 772
622 1342
2100 176
2072 776
221 993
632 2129
2593 655
2495 466
2837 225
2569 1664
408 2386
856 1391
1490 2284
1597 439
1669 993
2647 2389
3266 2589
3967 1674
2828 1873
3929 104
3716 2520
2112 2522
3582 1932
3808 1636
1438 2584
2060 122
672 852
3901 1306
1687 1078
1075 1823
3354 1850
2952 1650
856 942
1290 2205
1159 1918
2936 1196
798 754
2155 1650
2343 924
2142 2439
4024 1904
282 2381
106 200
3827 2627
2000 2599
781 668
1352 1294
3686 2069
1472 32
3325 1890
3622 2220
1060 592
3072 738
3788 2400
1907 1888
1204 844
1612 1739
3278 2245
801 2027
465 2414
3985 1232
75 716
3448 1264
3358 133
3435 1427
1217 1395
1748 57
2120 2550
7 882
663 22
522 443
426 1203
1867 342
1589 566
2106 628
3663 109
3395 747
1188 744
394 407
282 1383
1299 1400
3276 424
661 1426
3618 357
3844 972
1550 827
3902 2264
3132 902
525 1347
2917 2577
625 1687
620 198
2424 952
1058 2577
2656 2079
749 1723
2189 1603
2306 395
2739 2355
823 357
608 2172
1758 815
725 1718
205 1038
1807 422
3544 1872
2470 918
799 1538
1547 361
3574 401
3666 1005
2692 772
1298 1063
107 1763
3535 2249
3105 591
3180 1681
3551 1707
3465 559
2753 1082
2088 1284
581 1767
2843 85
3267 22
3596 1534
3248 2130
235 1961
3853 1857
2306 1515
3394 1356
4023 1223
1267 1481
2305 747
3896 256
3481 2582
1276 1549
2143 2355
137 1945
2368 1658
773 1931
1516 399
1546 35
723 1088
1782 1343
1044 2069
3377 382
2437 101
212 484
3334 1992
2634 1602
3678 279
2417 1325
3068 2096
981 1132
3009 811
166 2575
2863 2271
2805 110
541 1913
2004 1976
1829 1875
261 1758
2432 416
2609 105
1734 1407
2474 579
2175 1535
375 340
2193 1681
2713 2433
3988 1432
1978 2312
1218 490
1982 714
2560 1994
1687 2204
1131 124
3248 2103
835 1743
731 2560
3496 1698
830 409
476 260
1409 2238
1251 2325
1679 2655
1781 113
426 1207
691 454
992 585
787 937
1889 1519
3904 1391
1954 2416
3981 1692
948 1761
640 1610
2071 2017
3463 416
3421 1023
2294 2615
3222 315
2374 2161
3827 1704
3670 928
533 1502
775 389
3479 456
3173 2281
3154 66
3212 1254
3313 2006
3877 1262
1188 1365
3068 3
37 2426
3611 1180
1261 980
839 247
1932 614
2651 2052
94 283
3291 1372
3050 594
447 2111
2207 2143
3460 2130
1565 1965
1784 2152
124 129
2770 1731
1025 2537
3808 2031
2799 1247
1757 1096
2674 2466
662 4
2034 2130
235 1613
1086 1881
1639 240
3466 1428
2827 1390
3541 12
1627 1812
3696 362
1264 2347
3711 1161
1811 1210
3414 2094
2881 1465
3586 819
3086 350
3417 1940
3223 884
1965 2644
731 1409
3945 422
760 2152
2598 2242
785 1825
3257 1821
627 642
1149 1817
948 141
3601 871
3304 1491
4055 2287
1337 2019
94 327
2749 998
1705 2247
187 2389
1491 666
2124 235
2107 1107
3081 2475
1197 1971
2231 121
2532 1055
784 289
599 1976
3461 2018
1230 2513
1440 2651
3038 948
858 477
218 1101
2796 2666
2944 71
878 175
3207 2117
2448 89
2780 1320
2668 991
528 1808
1199 493
642 838
1040 1932
2281 2189
3611 1260
1592 2499
2976 2552
1305 659
3494 1765
3725 929
485 1879
721 2478
3347 375
3887 751
1906 167
3950 43
2398 2300
2628 2608
3237 824
3975 1714
2263 907
221 1378
1577 1822
412 746
1623 1923
85 1905
1665 623
3571 1778
349 2412
3275 1526
3298 1946
1001 780
817 1963
2202 796
2256 1670
849 1196
2335 691
2177 2370
682 269
958 2230
925 80
1353 700
2396 401
2114 1980
2636 1313
2567 2608
1329 1989
108 2072
1379 1113
4003 1303
3889 139
1537 449
2960 1087
1334 2627
3611 1919
2089 1684
1379 1226
1355 2068
1993 578
806 2085
1334 1579
2178 669
2028 672
1342 343
1161 1425
1251 1061
3018 624
193 1668
1548 1275
2603 2343
734 2162
2758 2062
3282 2384
2911 1794
1113 1227
1872 803
2180 1078
1309 764
2561 415
498 1073
1639 1944
246 1381
4032 215
986 1412
1955 1815
1516 2090
2133 1103
1727 2021
3167 619
1508 42
1752 461
1218 1892
1021 1724
2030 316
3471 343
1348 103
528 1760
4031 2615
410 2051
1769 1290
2228 1971
10000 10000 5000
1371 541
2097 3334
4046 4723
4828 3917
3980 5084
7749 9143
1676 3020
365 5495
2741 9218
1270 6078
8296 8714
9862 10000
363 5566
8091 7384
5501 9817
6801 8931
2473 1872
3674 1415
2231 1975
2322 3048
994 4926
4550 5089
9707 2701
324 8636
5651 121
2477 7973
4500 1246
5683 4406
3597 6624
1727 6985
9724 4080
5605 9009
7170 8176
9492 1733
4349 6011
4094 9181
9772 9520
9426 465
644 6919
9552 8518
9868 8455
8299 6656
9743 4123
5501 6862
3123 3503
5784 6212
5338 366
4433 330
2646 7218
7370 5304
5494 7429
4777 1949
7379 5108
392 8825
2589 5373
1004 2933
8594 186
3195 9471
1384 7396
6842 4575
4523 3148
7419 7447
5211 326
1631 765
3116 8170
3407 802
291 733
9789 1136
2914 4336
8742 6383
8176 6667
3417 4834
2058 2690
9906 1421
6313 5020
8012 4910
5413 8910
7066 5732
6740 4519
1326 3345
9827 1608
1985 4555
2896 4331
5327 6686
7506 6259
9053 2007
4568 8312
1308 2326
7521 4747
9453 5162
954 4859
8100 5388
5435 546
8443 8762
1856 2408
3426 6252
1055 9518
5765 550
6998 540
8370 8698
4315 6337
9183 7220
3461 6725
4977 8672
9279 6544
1140 1008
1259 8681
6975 3685
6266 4220
8548 6892
7021 2364
3621 2829
2110 5288
5692 428
5814 5582
6677 7426
8533 6436
270 6205
1083 7231
504 2292
8654 9674
2551 6930
2713 2161
5287 7634
1614 2501
7660 3129
3226 1664
3383 1573
5332 3714
990 3487
2097 9583
8790 3282
7383 4830
6735 5798
8190 4058
9750 6760
4003 7135
9551 8553
331 4881
4469 5226
7217 4365
9341 3139
5996 6490
9962 6137
92 1000
9166 6682
8126 6580
4031 6834
119 6197
6279 5494
73 342
359 810
713 3334
6286 9160
8662 327
6733 4606
844 5193
431 5244
5385 1931
6394 5332
2793 4753
6006 4623
5715 4512
2505 8805
8026 1622
9885 7440
6552 8127
5755 8328
1201 4083
5186 9689
1783 5894
5075 4076
2298 6775
1056 421
5979 1983
1492 3122
6869 3989
5580 9577
6208 5227
5096 76
4421 8596
1816 6444
1978 8360
5142 8359
4918 6599
6958 8736
3304 2882
3269 2095
3409 7305
4618 2305
6896 9548
9852 8631
2784 9129
236 1468
480 4477
3470 1683
4652 1019
9619 9967
5236 896
3507 5103
8343 9506
595 2552
6366 6498
5873 7276
8042 1383
7805 7185
1785 6433
1852 6137
8036 1999
608 7874
8937 1923
75 4819
6098 9192
4118 8129
9738 4496
1618 7917
4990 2836
3366 5045
3640 5853
8224 8391
2091 17
582 4009
8825 3353
3650 5075
7151 5835
5605 4031
1517 1129
8140 832
8169 9828
9423 3703
3431 6827
6025 1314
5401 8025
826 7777
7331 3966
6442 4366
3482 620
6199 4378
727 9927
7185 36
1688 5275
2424 2831
7690 9568
1675 1227
2308 6041
2921 2120
8791 4464
9057 4964
7150 7915
6809 9970
9173 7763
7428 4285
2174 7012
1184 2553
4735 4682
179 767
238 6365
6537 4822
6455 8618
5470 7667
1986 7355
5284 1468
2827 2884
8827 3690
4844 6757
3429 8498
432 8074
8864 7387
153 9418
5349 5448
2622 5052
6135 2172
8422 6559
1701 8209
6344 3564
5099 1968
2709 9699
462 2490
7078 6476
9226 7476
119 205
1085 7896
1904 9639
9212 3069
1440 4471
1786 2634
692 7376
4334 4311
8893 4715
9954 8852
5420 3595
6915 6105
2011 5408
5688 8586
7614 8530
9929 1459
1643 5322
8453 350
3919 1099
7718 881
2086 5209
6867 6341
9782 6898
9842 2399
1334 1098
1614 267
1276 1809
8054 2208
9459 3223
1476 5811
5038 1245
6392 5934
5117 576
2492 5707
6335 5005
4406 533
174 1076
248 1451
5259 7770
3506 6810
2460 7378
5282 3629
1038 5210
6431 2562
6651 8293
1621 2878
4481 5726
9850 6350
3270 5840
8445 1468
8545 7814
84 1888
5816 7924
4864 5505
7023 3050
1951 3071
6018 6634
7837 7766
1363 4706
744 9612
7217 2170
3200 1156
5609 1985
7322 3314
5865 2395
9831 2790
9469 9888
6339 4968
1157 8009
6933 8699
9502 4703
7587 1867
2785 3348
4443 9163
8438 5113
472 5954
6816 2816
6571 4668
2618 8937
1607 2590
9695 2929
8455 2487
7562 5496
5542 9950
374 9994
5952 3887
1658 3599
8604 9040
571 3411
8543 1964
7981 5153
5874 4346
3141 4596
5371 96
4233 4407
1285 5097
8584 1533
4400 1028
807 2813
842 7166
9674 8950
4701 6577
6984 9513
8972 5587
4215 4120
1862 7965
5245 7454
7993 7697
5913 8284
6522 6777
3713 5125
718 6910
3388 3708
6032 6540
6721 3920
6172 7107
7296 6352
9241 4934
3503 1130
8443 7661
5588 4175
4406 6622
5009 8551
8650 9076
6888 1059
224 6704
8847 6726
49 9260
1994 6359
9997 4806
2351 4805
6245 418
3508 83
8914 9781
3770 6038
2551 6572
3594 3687
4462 5044
1587 8885
450 1707
9851 6505
9961 4527
1956 3752
5200 8536
9320 7797
1224 9264
4275 5362
6555 7901
613 4430
6344 4595
4872 733
2610 8787
4166 4169
8600 7999
8822 2802
6777 8969
618 4613
2496 7552
9892 9653
7879 6282
7316 7741
2922 1009
8604 9390
3378 514
2942 88
7434 5509
8425 616
5717 5927
269 8543
1668 7909
91 8555
1797 4399
7038 1783
7875 5741
4038 6783
5571 9198
4962 7315
6581 8793
976 4596
3771 9372
6859 4157
1371 1315
579 9995
4749 4771
1899 1137
6798 4855
8298 8304
459 1690
8988 818
9424 1713
307 6402
1545 9142
8271 9050
1973 9022
6566 2592
5571 5746
759 146
621 3458
2013 2085
8364 7254
6085 7684
5403 6572
5883 8115
8490 4691
8381 927
3750 741
9146 8679
4849 3125
285 6881
7151 5761
76 8898
7399 1062
5067 7968
933 6042
7939 9004
1002 467
6884 5323
7175 8450
4814 7959
2402 7406
9157 7728
743 758
5532 2686
314 3317
1080 6153
8449 729
5740 2938
8654 6904
2242 3941
1337 5826
8099 1781
2884 6658
5387 2602
91 3540
6591 1715
9484 3997
7290 3242
3573 2350
8971 6404
8550 7044
7760 3614
483 3303
7326 8043
9519 5012
6771 792
4143 2224
6766 349
12 3229
9716 9472
405 2544
2247 7167
7810 8782
783 5900
8691 8760
3505 6718
5952 6787
4463 7421
6149 516
8129 1452
957 7280
5175 7653
4943 7309
2746 3545
4169 2741
5022 7292
2655 3824
2342 6006
6234 6235
9672 536
5829 5889
7703 9420
4694 184
2356 7134
6626 7055
978 4308
4712 5761
6003 62
2610 5808
9374 9115
2920 2909
3490 8828
9660 3397
6972 3829
4389 985
6024 8392
8002 2292
4667 9209
2729 30
9640 3721
1372 5267
8233 1660
3310 2664
9840 9964
9300 5105
4519 3712
9612 6607
4336 8249
2520 4935
5763 138
2694 7819
3936 7115
1505 9181
2030 9691
3796 4274
1546 9558
8129 5151
1785 2466
58 353
9297 5709
448 5241
579 2893
3371 1862
3804 1134
616 9768
7869 8344
2345 1680
9537 760
5915 425
1956 3375
7411 6024
334 8425
2917 4366
3055 9588
9044 1348
9021 2055
4771 8912
4484 1122
9105 1860
5173 4466
1610 6881
1979 5761
5320 7666
989 9786
4088 2548
1142 1679
8875 3543
5298 5507
40 8225
2998 9795
5137 8327
5686 165
4267 1470
7694 1769
7505 4941
8751 6635
1445 2916
6313 3613
4381 1034
8483 1060
2164 4731
813 4926
9267 249
2763 7399
2082 9699
2097 3761
3988 4123
8001 7609
4215 925
6203 7112
5042 4604
1880 7438
4348 2172
8620 7027
3068 7193
4241 7854
9563 8812
6728 2347
5448 4718
6085 2100
9908 9413
369 6068
2029 1725
6703 8362
3178 7943
534 8332
3967 9500
8929 8076
2822 6603
6181 5037
5703 1712
2518 9849
8986 9284
9177 2076
63 682
5650 9015
2666 5650
7361 5204
6472 4279
4563 2807
2996 5844
5743 5519
2314 3441
1302 1158
7657 5819
5811 584
7391 314
9598 3128
6417 3296
2979 1158
1534 7028
8877 8956
7783 4349
2151 3562
5314 5087
6382 7731
8792 606
1414 7669
3897 5392
7432 699
7921 7087
3851 515
4017 8880
3800 184
1119 655
7486 5539
4067 7802
215 4140
968 9105
3349 7442
7328 7608
8991 6330
8973 864
1666 2683
8314 9475
2785 2121
963 5330
6179 5584
2246 3446
5471 9913
5636 3822
6583 75
7648 2202
1144 8193
6213 1168
9095 7052
2071 5456
1255 8204
5222 7908
5148 7369
940 4970
9857 2250
2415 3128
8199 449
9527 205
6989 7621
5797 7916
8682 8526
8046 4587
178 6145
5787 9447
7062 6502
9883 2401
4068 9360
2508 5684
5038 7440
2935 6311
8175 9320
6189 716
4851 3677
4087 5506
2765 5017
707 712
6729 3560
6810 4469
2858 4432
246 505
4454 3812
1882 2370
356 2212
9078 795
9049 7518
1238 3088
4299 2972
4478 5986
603 7739
4938 5853
9242 218
2757 2641
8202 6751
1270 6517
1760 897
8422 8562
8003 908
9970 9448
5077 5579
6462 2500
9423 1129
8569 50
1818 4251
7758 4487
9455 9014
1869 7908
4891 7745
7616 6789
5108 8578
4537 556
6489 4791
7432 5494
3978 3620
6827 7873
5218 4688
9472 2715
2934 706
3432 7100
1353 5610
4784 9421
4939 7785
5455 8489
217 8530
4236 8900
3987 8427
5504 1569
3682 6767
2672 834
8174 1686
5917 2041
9800 1169
6198 6010
886 7587
110 9298
558 907
2595 1651
117 8244
7048 4570
7756 9905
4850 7374
5909 4590
8845 9693
7007 8889
7820 1770
5920 8749
1484 6504
9874 3062
8014 9614
9116 2019
8667 6859
4117 5408
6507 9693
7584 8487
8784 3280
2073 5614
4970 3267
6476 4266
5016 222
7164 4623
4835 3148
2076 2361
8555 5970
8522 4811
9576 3411
7991 3153
4949 5157
3743 5783
122 9720
9464 518
3579 1906
9767 5803
3394 290
5821 3560
254 3608
1884 8845
3958 7469
1033 3976
2935 5305
858 7267
8817 9941
2410 9047
583 4719
8184 109
5321 5561
7415 246
5129 7891
9468 7027
2196 4813
8608 7482
6575 5455
5928 7835
3710 4890
6712 8958
1214 9528
4025 7686
6957 4400
1802 6664
2979 1230
3217 7872
2265 8702
2623 7487
7915 8834
1835 2246
6734 5860
4034 9950
1780 6529
1090 9280
895 3224
2567 6576
760 3816
7202 9733
8492 4642
129 1876
5325 5532
1651 9959
9399 8285
5809 5963
7197 2489
9560 826
5649 5111
5824 3787
9448 2746
6194 2272
596 7943
1583 4
9724 3504
1594 3477
1203 1175
5884 9459
6592 3622
3326 8668
3447 1108
7222 3301
9014 6769
7366 8540
859 6905
2236 723
8940 5184
7096 7311
6180 2171
6276 6324
7038 4080
440 5394
6150 7165
2090 3095
1534 6654
5114 7701
9415 1625
6643 1036
190 9740
2007 7567
7566 8234
6061 1394
5401 74
6682 6302
9292 6692
8692 6523
2415 1190
9010 8365
7675 8433
6301 5374
682 936
917 2166
591 1947
3386 4610
8329 9627
2268 6493
4252 8748
4619 5343
9754 8804
4872 2558
9862 9944
410 5495
6350 636
4605 1680
3402 3456
605 7791
353 7936
1668 8579
8544 1841
6295 3368
1816 4809
8967 307
2683 752
9761 1017
8704 7917
8614 796
6097 8023
2540 2040
117 8376
6557 1032
4235 3370
1618 748
2641 4276
5333 4861
3122 8730
3744 565
9816 3824
4951 410
7902 9210
7870 5771
4737 9115
1889 7140
4489 4679
5723 8865
5775 526
6230 8522
4359 1964
490 3553
5425 1734
6909 338
2458 7692
3640 3359
2278 5363
5099 4603
8236 1740
9861 5867
6123 9254
5710 9121
9809 1320
130 2582
6161 3355
7018 2659
1243 5685
2900 4419
2362 7244
8423 5745
2964 1465
3421 2816
9930 8276
6322 7098
5294 8615
1180 6472
6909 347
8119 5676
5111 7009
5465 3710
4894 3290
4348 8354
5634 3636
9059 468
2892 2899
8933 3221
9332 438
56 3908
4283 1568
7561 8511
3963 2768
1803 1658
6925 9563
4190 7148
1728 8467
962 6674
6376 6916
5677 6927
1561 7575
3710 7725
2236 5945
4530 6313
4539 2662
45 5514
7626 4400
9790 5864
2414 9785
6238 4407
1785 9227
6031 5286
9276 70
5389 9804
5787 971
493 6105
6337 1918
6126 1124
1396 8786
8335 9973
9840 3840
9420 417
3034 6089
6011 2587
2099 7910
3524 6603
2880 6822
2777 3245
5652 3850
7040 5340
9092 2351
317 20
551 3737
113 4504
7157 8982
501 560
4773 7332
3744 5308
4360 6110
1262 8515
7750 8042
7233 9040
7384 4985
596 5588
7033 9496
3746 9424
3034 8108
8698 9209
8079 2758
4006 609
2081 9249
8212 5838
7156 4156
8109 785
6238 4093
2607 9889
7380 3737
5465 1415
8253 1511
2689 8282
7880 4353
2866 2107
5140 5451
1220 618
6074 1367
674 1093
4517 7458
5682 4979
3088 2984
7143 1350
4085 9824
9147 9357
2286 1207
855 2334
4224 9350
9285 8702
932 3422
1289 7344
3715 1743
5496 7596
4972 4604
7514 6512
8589 6640
4158 8560
6952 146
5000 5413
4098 3246
2008 5973
7044 9321
565 9307
9814 6608
7648 5627
7211 9361
5440 2999
7849 4506
1171 9902
8491 164
6457 6330
4208 4978
1918 8565
1409 9628
5369 5289
3257 4457
4353 5197
9510 9604
6293 8751
5322 6548
2070 9246
6020 2484
1270 840
7411 1417
9921 3698
3628 8402
3963 8919
7063 5813
4270 8383
7404 3071
1470 7201
9321 3713
1371 8896
825 6236
4264 5990
6828 7590
3875 1151
4943 759
4265 6542
3050 309
5452 1555
663 2325
1026 1554
8624 7644
3554 2811
4160 9773
6051 1277
832 1426
288 5342
5409 6055
5237 5255
6195 3310
1419 4340
9846 9815
9441 9687
6200 9171
3504 2448
3157 7600
3169 419
6145 4123
9143 8052
9184 6689
1395 1550
7112 8162
356 9214
962 8553
4501 9679
1065 2438
90 3221
4876 2932
1344 3762
9073 6149
1847 1758
7952 2547
446 602
2657 4060
7438 1713
8264 8430
9314 5963
8264 4645
2860 1598
8467 5881
1876 1307
4861 8863
2305 3604
2460 1050
4053 6161
4663 9546
281 1275
5172 8145
7445 6099
6977 1421
1873 2809
5468 7262
1153 6361
5174 1757
1119 9984
2189 2844
1715 1087
6791 1629
7514 2707
3308 2764
1177 8184
6747 7819
638 9193
8220 8027
3282 9812
3700 5329
2913 1763
3145 3108
7786 8498
9508 532
479 8271
9672 6906
2900 8872
1839 4936
2197 9155
6410 4325
5858 5037
9881 9582
6783 113
3782 8484
1606 3548
3203 62
8056 401
1928 3548
9620 2033
3714 2164
8319 6763
1743 8183
8846 3425
773 8142
9867 2979
9039 9640
768 5833
9404 3608
4610 5042
1826 8463
598 8022
1644 5056
1827 1957
727 3817
6593 532
1020 8002
4051 2169
2510 9451
7498 2413
144 5758
1067 5614
6746 273
8109 3591
1434 8822
2044 1392
5600 9565
2967 2854
964 4900
5786 1070
6738 6807
8174 1466
5437 9551
9115 7607
9361 6140
1333 2408
2281 7455
3372 9905
3366 5445
9617 5235
2872 4308
9044 2985
1634 6051
5958 6570
8883 9343
8524 3788
5434 3067
3363 6215
1755 8472
6985 2599
2966 6338
7360 8891
5295 8057
1386 100
1015 2031
6558 1597
1401 9305
7598 45
9737 4835
1342 6603
8904 3288
5662 7561
573 800
692 63
5547 6582
3165 3073
7278 789
7116 6247
3081 7547
6747 1854
89 4563
9727 7415
5483 3210
1725 9205
3003 5489
5426 9293
309 6794
9851 1250
4190 5867
8222 2199
3167 5856
5190 1365
9529 2891
6674 7770
5310 1062
8123 2231
9267 5232
9455 1331
4362 5574
7476 3503
7804 241
9046 9885
8165 5078
776 5118
6605 1785
3550 5721
1750 8424
2627 6217
232 8701
6635 5657
7440 8896
1214 9697
5507 3880
5600 5898
8065 6105
2935 2384
3796 3975
7568 2531
3315 8513
5153 838
6418 9727
3798 7633
9213 6573
7073 2777
3183 6931
2131 1012
706 6500
8750 4127
4050 8011
7554 7570
7398 4668
8214 1698
3913 4230
892 287
2389 2626
6727 1486
510 8523
5625 8843
4251 2744
2158 2597
5459 8949
2828 3848
2127 4481
493 6801
8419 2781
4238 6710
3950 1284
5458 3702
4373 1205
3448 5120
7794 8103
6275 1545
4042 4657
5218 4168
6345 9536
3543 3639
7416 8780
2920 3082
4501 8601
3237 406
414 1003
4106 7587
89 6130
8843 7060
4675 7750
4196 7898
7720 784
1608 6907
460 2273
8295 2329
5755 9705
8918 269
2694 3105
1135 6536
6409 9781
806 9036
122 3149
5143 8376
8967 9538
4577 6842
7597 9377
6630 8398
6137 1667
7564 4867
1487 3167
107 5954
3521 6163
8007 3259
8213 1261
730 941
2212 4094
4056 8189
5908 7343
4864 1159
4515 1999
898 4523
9201 4248
8772 5303
2799 6906
6016 4127
7130 6795
5436 1578
1467 1976
2565 9789
4174 5242
9496 1932
2053 2773
873 4771
4417 9369
316 1922
1446 4158
8075 7986
8828 3187
3178 6203
3238 7810
5866 4797
5676 267
8594 9642
2195 369
6375 3443
4061 9697
9752 4052
1856 2206
6176 7094
579 2666
8078 560
5255 6818
8411 1518
9102 9672
6934 7593
8769 846
3047 8390
3693 8349
3425 4492
9091 4722
5256 4214
4636 1931
8350 749
3327 3937
1914 4875
7602 8328
4260 873
2218 935
6236 5814
5928 9835
1657 4874
6489 7635
525 7828
6032 3466
3305 4382
6322 8571
7054 8499
5946 1908
6673 4379
3952 4666
7068 9240
6977 5106
4502 567
9391 7626
7915 7975
8491 2467
3497 2355
9274 4956
8296 7439
5823 5695
1140 1470
8834 5608
1650 9101
1316 2245
636 6201
6999 6251
7651 2718
8475 9408
3977 1254
4612 8160
1842 1509
9258 9016
3132 3248
5783 4744
3388 2956
4480 2773
9367 1824
2357 9684
952 5232
7355 8218
684 6383
1517 5703
6704 9246
151 5298
7387 8454
6501 3966
8444 6328
3977 3583
5775 9675
455 4091
9859 1519
1695 92
9957 5414
3400 4802
8905 2507
3950 7757
1794 4000
2336 5193
4303 4168
8337 4496
8968 1591
4459 6625
177 8752
1679 2927
1167 2663
3511 5243
8800 1675
5443 700
4408 6119
9255 5124
1479 2949
4273 1449
3474 7029
68 2045
7554 4233
7649 6377
2485 3997
8667 7877
1530 1507
4673 6465
3582 2144
955 5604
8332 3374
1981 5301
3752 1723
7995 4968
6679 4987
4775 2537
9764 2358
1106 8742
592 7595
984 7975
1235 2910
88 9619
9024 3725
8553 6267
1826 6957
4568 7733
3607 7978
5846 2255
8553 3917
8472 8808
4541 3457
5188 6923
9233 5779
7624 2921
4588 3818
9521 3978
8048 9472
468 3902
1208 944
2190 7062
9234 4847
1916 9348
6810 8249
9856 7580
8904 8297
322 1274
7131 9599
8526 3160
4985 1990
7576 7377
7739 3868
2717 6731
5281 8734
2331 2934
8666 5109
7741 6233
3674 2467
6345 3320
7155 8359
5112 4949
4431 4368
3962 7152
8547 1062
1085 2462
4650 4596
4701 60
5277 120
8314 6235
4827 9653
8984 9080
4010 4571
639 3820
7544 5374
6982 7677
889 3886
994 5691
4289 5538
588 1384
4918 1900
2440 8696
395 6108
8515 4076
9464 6356
2334 148
8108 5091
4516 4861
1886 4087
9604 2521
7775 8033
8735 5605
1290 1814
5164 8791
7168 9124
2180 9070
4405 2572
5451 8389
8915 7942
4317 7688
9593 7760
9079 3783
6076 1817
3795 2954
8970 4819
6632 7687
5828 3812
2295 5445
8665 531
3567 891
1284 6346
1498 5466
7200 9945
6254 719
1436 424
3189 4317
1988 927
1134 111
9216 505
2474 6192
3968 4339
7004 7329
7694 4990
4131 694
356 9835
428 6290
4390 2333
2082 5981
5524 7292
4272 7525
3717 2782
1990 2537
5 3856
9364 9757
7545 5738
6982 7564
7620 6621
9280 2110
3899 2749
6497 5
734 928
8251 6942
3766 6121
8256 6184
3633 4292
2204 3300
6046 3152
3366 6079
4031 5952
2916 1005
609 6002
4535 217
2695 2048
5302 5354
9496 7179
7425 7188
1200 6418
7826 2458
6226 648
5123 1799
7812 7030
6034 5194
3245 8576
5738 3833
1485 8027
9217 9792
7487 3692
3125 7451
3994 7407
193 3037
4072 7273
730 1210
190 320
8219 103
8112 2763
8568 8705
6377 7997
5026 3012
4664 5004
3313 9841
6815 2300
3978 9714
6789 5107
1529 2726
8350 5894
2359 3793
1744 935
6009 6193
3168 8056
6782 4802
5301 3218
5257 2940
9677 6092
1725 9217
4188 7289
6078 3305
1502 2393
1188 2022
6654 454
9303 9656
4625 7110
3485 8914
1161 4972
8639 1415
2631 6452
9145 9134
3199 6672
2638 696
89 6618
1956 8928
231 9194
9799 8581
4059 3338
3120 5624
4756 3846
6786 2012
3715 7061
8537 2345
5503 5098
9777 1311
8106 3743
9221 3334
6743 1693
8940 8321
2026 1285
4829 9917
5738 3384
6027 5182
29 1572
326 7083
8298 3300
5097 3721
8547 8160
5765 689
2481 5933
6364 5472
6151 9569
9203 5294
404 750
3173 2321
1929 8209
2732 2618
8185 1434
2091 7778
1985 4938
1640 619
4014 743
6136 8865
4076 9228
6697 3205
4337 1005
1121 8645
358 4974
9566 563
8179 224
5127 9357
8269 1915
1334 116
9582 3823
1103 6193
9535 2684
4178 8109
8170 2006
2586 1685
7292 5490
6145 1809
7846 2745
2549 735
1347 2413
9066 2344
3603 397
5376 6248
1553 3329
9588 8156
6467 9937
1956 5409
9314 5467
3337 9084
6564 6825
7910 6577
7214 8579
2201 1072
4312 2494
4933 6800
6770 5743
4740 1498
9736 5461
5273 9966
4314 9789
9726 5136
9910 8068
9324 5565
4991 5348
2794 734
4523 8845
6351 8091
4893 6532
6237 8221
9571 496
8337 7057
1313 229
1908 6543
9174 3512
6953 7641
1120 5034
7262 2114
5514 5416
3662 1954
7265 5795
4510 7904
6908 5616
2937 937
3412 3794
2909 3142
3991 5902
8606 6879
6689 2543
4169 3650
4041 6555
3333 6561
8568 9213
991 2800
3412 8084
1208 5028
3868 1683
8723 3094
8109 8595
3472 9979
7885 1216
151 8373
2471 6772
7369 6793
1646 762
3404 6650
5993 497
8109 4168
5288 8880
2989 3563
8268 1084
3977 392
9560 9292
3957 6462
2048 3143
4547 238
5455 6056
9183 9113
4439 69
2033 2485
1961 4370
9775 7028
6220 5156
5762 8060
1940 6995
8615 3429
9277 8333
9771 8809
6136 6308
7014 5823
2179 8530
3530 6891
5300 1975
4500 3212
3859 1663
5788 4796
442 4256
1726 3926
5439 4252
1550 5994
1216 2924
6507 4078
167 2654
2168 6200
2420 1825
2978 6646
1486 7930
8571 5270
8625 9045
3884 1182
9221 6331
7606 9722
6930 2716
5982 4142
3900 5414
1515 5879
7839 2441
8585 9846
9195 5777
531 3638
4267 6342
5216 2056
2485 8425
8603 866
8670 3741
8394 6186
3550 7756
2238 8418
8295 3454
7549 2131
1387 177
2479 5785
8562 7723
51 7729
9151 8339
3 7357
4565 1765
5372 2838
7224 1003
3338 9324
705 8944
2374 4046
4400 8527
217 7194
8442 1577
9715 2
7210 3981
2047 3934
2171 7357
9387 7374
7355 9880
1507 8743
3231 1405
3376 7428
7280 557
3272 6447
2031 3944
3445 3240
3858 139
7860 7515
8303 3601
4047 7524
214 6172
8603 8707
9483 6334
8358 1088
5659 8851
1749 4341
7216 9980
7437 1924
3763 5887
9680 8192
1979 4434
2514 4903
8542 2994
7261 6003
5844 7446
396 2118
8774 5
1314 8640
3346 6051
2008 3834
447 2605
3216 5852
499 3615
4045 74
7315 9700
4618 674
1914 2516
3765 2824
9599 6400
6297 4438
6060 2441
6894 8864
798 2638
127 2426
8639 4312
8664 3229
2631 7404
4174 132
4093 9840
7972 3288
8107 8608
925 164
5230 6697
4665 3450
2710 8571
8628 9754
980 9318
9951 498
3722 5138
5770 8914
2272 5328
9933 9549
7659 8414
8674 9195
6041 7592
2270 628
5842 3130
2220 3088
7353 1890
5963 5883
8086 6627
3692 4042
9662 218
4262 7412
4515 2476
9754 7108
3187 9715
705 5724
5507 9710
6546 208
1418 7214
8275 8815
9756 7691
2903 6031
5741 9414
1689 1883
470 6595
6711 4550
8197 8686
2802 7654
9678 3530
4371 6171
2357 4496
9150 7341
682 4271
3400 5498
2328 455
5602 2225
8614 622
8158 5731
9882 6996
9153 5866
9134 3408
8687 3681
9705 9676
6827 6928
5243 1085
2691 5420
2786 3100
6718 2644
2224 3982
631 2547
7910 470
2147 2891
713 4161
3946 9084
1295 8768
8947 4902
7885 904
6404 8994
4340 9546
5874 8595
6771 1832
8571 4328
9509 5361
8143 2532
3705 9637
5412 3992
4332 1823
4088 500
3882 4451
7013 3143
3532 5267
4944 8719
5058 1830
2425 3207
9285 6060
7762 3671
9358 6367
6643 2527
9593 7522
1439 562
3224 934
698 7628
4792 479
5885 2399
5480 1544
4883 5115
2175 3439
4300 9702
3520 7836
5098 4191
8755 8390
8590 830
7627 9193
2325 9801
2137 2230
7901 2945
3417 6477
5227 6404
9521 3814
277 3588
2398 9394
5864 2365
4838 6634
7449 2890
671 9481
8549 4974
3997 7113
2740 6401
5737 8721
1815 6095
8268 8539
2105 8550
1446 3778
3515 8429
5782 609
8288 6725
1059 5865
9044 2414
1165 4609
8109 5980
8440 6229
2686 3743
3288 4213
2874 4370
7374 7265
2090 1506
1148 1909
1909 8902
9008 9253
5862 6964
7868 1050
9219 2123
7415 2725
4292 2939
2833 3528
3279 9326
3288 6450
3200 3836
1938 3080
9936 6378
5758 1047
911 6290
5967 4207
8451 8181
2329 8227
8348 428
7103 6729
655 7753
6951 5650
2258 1772
3548 5961
3237 5935
6209 7421
1561 3753
2285 8510
3150 1723
3638 197
6819 858
9950 3705
6153 3225
2167 4928
2835 2398
1843 647
8462 9241
4683 4220
4376 6905
9050 882
1545 1474
2724 5324
5022 7147
3701 6705
24 7361
3296 8747
9137 5778
2350 5083
2714 3526
3812 2493
6965 1605
7474 7209
6786 9868
5158 1924
2858 6481
7107 3675
5044 4264
2891 5249
6616 2827
2590 5274
6343 7901
6546 4640
7968 1774
4453 9425
9119 1236
7084 2964
4164 1937
6416 2226
8055 575
2455 6154
697 8804
7522 6127
3858 5282
1294 1191
5158 4759
2385 3231
6176 5610
4730 9721
4198 9726
9575 4223
9631 1159
6335 7290
3635 2438
8118 2917
2978 9956
184 8212
1671 2331
2125 6433
1391 8163
7051 6052
5243 2066
3550 999
1874 412
8725 9744
9492 670
3064 3375
1795 758
448 5326
366 7308
9059 7906
546 4261
1484 3303
335 5678
4782 9194
4330 9197
3811 1640
7249 9027
3583 404
4068 9886
8936 4369
6299 5799
2299 7185
6438 151
2837 5831
5124 5905
2753 7223
8031 7399
9028 540
2029 7614
1386 5418
2641 7330
9754 8668
7334 5075
7011 4680
1670 9267
5302 7160
7846 6462
6691 2363
7666 2113
1448 6474
4458 2741
9742 2306
985 934
5020 2942
2871 7067
9864 2516
9572 4166
7590 6757
7438 4803
5393 8467
1873 1447
7291 5591
8145 4164
7681 2024
2870 2074
8758 3829
700 7485
7601 5996
3244 4084
1194 7433
9761 3120
172 4310
1653 3963
4563 4434
5282 7957
7318 7811
152 6975
3904 1039
1985 565
8743 5693
2719 8123
1775 3374
1960 4963
935 2544
6921 3727
8816 4846
383 5013
4300 1024
8696 3636
2446 9131
4368 9442
8409 165
264 4054
3672 8788
4941 7485
5379 9298
1165 1001
2037 9495
2131 5156
1383 7605
2414 4395
8684 9917
3198 2141
6267 9291
3791 2758
7544 7188
3980 9316
1317 4386
4246 8546
4658 8029
3365 6897
5127 5174
5440 4110
5617 5486
887 3203
7610 8241
8402 8277
1124 1291
7452 4056
2125 2149
3312 3555
693 3850
9182 2796
5727 741
2416 3966
4456 1860
4392 930
7552 2063
6059 3505
3115 3545
3684 9397
5319 2919
1842 5218
5998 1517
3169 467
9954 9043
6914 912
7260 3268
820 255
8353 899
3375 1489
191 7283
5939 1872
4253 5112
6816 7897
9664 4775
1758 9190
7238 1515
7976 2718
2696 7052
1158 1237
9870 5823
7532 2370
7145 8501
5522 7220
2943 7939
4003 9944
8520 5208
6704 2165
8857 5876
4787 8656
4929 9189
2127 3187
3130 5308
326 5935
140 8258
3005 6389
4017 4747
1384 8124
4777 1513
5696 4377
273 6344
9462 5815
5630 450
6164 4407
7027 2314
332 9807
3105 5703
7590 7152
9788 6985
694 7684
6784 9404
1081 6099
6570 4478
7968 1028
9117 3173
9531 7567
8153 2005
3197 3246
7241 1732
4581 1354
6454 8793
7087 8029
2920 2141
6727 2003
1036 640
9165 8434
612 8665
8536 699
3738 86
63 6590
3658 3259
998 7787
1422 2216
6932 4034
8602 1681
2995 5918
6859 6085
1975 2660
7631 5233
3900 3817
7731 1771
4104 6310
9139 8123
9302 680
3758 3046
3731 2976
6423 453
9850 1190
1952 5681
674 7633
4496 6832
3228 1165
9999 1371
5195 5694
5027 615
9252 3825
7759 7284
2157 7097
9414 3765
8092 6687
6900 1240
8312 1008
9968 2345
1621 9087
8645 2508
2709 1154
9234 7626
7886 321
9657 8234
231 1780
7430 2828
8707 8415
6039 5491
8254 4232
8014 5485
400 9523
5466 8957
6431 4163
1378 5430
7624 7944
7436 4212
9607 9364
6661 8409
351 6764
1651 6666
3847 8224
1690 5322
3970 9131
4520 6111
5602 8810
1050 7083
2503 145
3787 6892
3992 8574
2272 5109
4956 9382
1289 3715
6216 4686
152 7435
4792 4031
3828 3066
6087 4989
9191 451
2528 2673
2182 266
5693 9583
4161 6264
1456 9669
8228 2145
181 3034
8797 5690
6494 180
201 5343
5669 7199
2614 6863
6155 5816
6068 236
279 4692
5848 9476
7648 899
5038 488
8298 2958
2520 4643
5098 9364
7183 8223
7465 8987
1634 388
896 2274
1199 4830
9377 4639
6484 2759
169 5966
282 7388
3029 2608
2105 2564
8380 821
6130 713
1470 2999
831 7737
2049 658
1078 5039
1592 537
5993 1323
2603 2754
8342 9317
7035 2399
3732 5095
3344 8487
410 137
4227 6669
2940 8790
9554 4608
5534 6285
1544 1426
3328 4971
1709 5134
2369 8914
1591 4443
1618 9521
1834 3867
2721 7349
6616 3524
5857 7749
2972 7540
2425 506
7043 7462
7860 6131
1781 9586
355 3952
3135 7615
3777 9678
4260 4532
5547 2573
9774 120
2782 4916
4593 3018
2456 8878
4378 8722
3891 8505
7125 7444
4333 6925
7929 8229
906 1476
1455 8237
4730 1871
9139 8598
5475 9094
665 747
7131 5148
1733 9640
8289 6345
2663 2765
2700 5264
4857 6350
8397 9054
4656 2671
6167 4229
6617 4870
647 615
749 8198
9827 9603
735 9064
1250 4363
2669 5831
5671 2178
6340 7730
1477 1556
3608 826
5637 9271
872 2428
9469 4993
5200 7852
9996 3658
6120 5942
185 8247
7619 2263
3846 8116
7382 1359
3462 535
2796 1993
1749 5606
5751 1774
212 7199
774 72
483 5071
3523 627
6732 5825
9175 7773
9916 2861
2735 2657
7154 7978
5801 8384
2017 9784
6820 5483
4003 6567
4355 1597
7981 3784
5401 1813
6893 8832
3289 8531
3482 8240
2192 2278
9343 4959
7777 7377
2057 5891
6037 8882
3717 2317
4813 9666
6602 8388
5072 9093
4293 5321
1433 7164
9009 1470
4007 544
8450 920
6061 9390
7914 5763
4539 6365
5989 9712
2986 1764
4579 3209
8884 1143
6571 2683
9955 4373
6895 9114
6439 7505
5287 3566
8899 1370
1511 9825
3568 3318
6344 6832
9780 988
4087 6029
6510 9530
4889 1305
7560 6187
7675 1682
7415 8621
6942 9398
2306 5924
9220 8557
3507 3687
7468 1976
2405 7050
4193 6420
9363 8146
6568 8845
916 6823
9340 8835
2328 6073
3794 4867
5042 6058
3566 4581
1051 3152
588 1693
8728 2895
6933 4714
7140 8265
854 5134
8381 7192
7794 5231
9952 5692
9646 8143
1722 5549
8046 5382
4501 7946
9984 9431
9754 6945
6507 1587
2492 9231
7798 7704
1864 9016
420 6991
6486 9523
4990 1527
4042 4943
5084 6640
7178 9278
632 4814
231 975
1607 8280
3814 4761
274 7938
6800 4572
2783 8783
7722 4006
3393 4472
138 3176
7100 6201
8972 3399
8956 3549
7381 3604
864 7435
6165 4881
9112 7854
259 2068
8456 1543
9338 3784
1006 7236
2064 4819
712 8662
6004 7284
6725 7946
7755 9420
1422 4560
308 3488
1361 7499
7175 6634
1966 810
5316 1136
9204 5164
1400 2949
4059 593
8422 9938
8057 8077
2214 3723
640 122
9883 1527
1677 2981
4702 6947
4868 5694
4484 1041
346 3584
2980 7647
7253 6367
6318 9334
9557 3552
9033 2899
913 2256
6696 5804
6831 5122
4696 7475
4948 8466
5186 1853
6663 3338
6747 114
5948 4634
3772 4965
3583 5916
5133 413
7621 112
4137 3420
3350 8732
4315 6350
8544 4768
8073 1616
2269 6935
7739 2425
8045 5404
1021 6036
4629 1684
5439 8434
207 7814
8725 1825
8275 2515
4756 8861
5995 4460
7022 9997
8295 5325
4186 2894
3511 7766
4748 5266
8837 5988
353 5078
6373 9053
9776 4509
3051 9593
8108 6577
218 3080
8177 5841
1158 5305
3748 7072
7333 8229
6502 8324
6634 6857
1367 7279
9405 2299
7194 2303
537 8660
2330 2096
8405 3935
7122 358
3938 7544
7865 4368
5588 9679
9244 8887
8496 118
4790 9287
8623 6645
7389 317
5141 5761
4361 9409
6847 817
4168 5930
900 5236
4242 295
4646 980
2010 9326
3829 4923
3604 6788
2953 8269
7322 498
6087 6691
1348 9902
8885 1340
7773 547
5121 3376
7451 4342
3490 7180
2707 7009
2988 9905
7443 6650
7630 7523
6672 9813
3794 23
9998 3976
5982 909
6089 7862
9259 8668
7663 3468
9170 354
9030 6242
2410 9948
702 2295
4017 6652
8129 4056
9397 764
4068 8291
1924 7305
6623 2874
9436 42
7504 1225
5374 1069
7505 5823
2872 3599
8764 4693
2561 8129
5812 7287
7375 4628
9959 8641
144 5905
4036 3244
2250 9818
7032 2505
4127 475
658 2223
886 1085
2357 8987
8859 3622
1810 6883
1317 2940
455 8443
4170 5518
6056 6220
4915 5474
6849 3907
616 3016
2307 8403
3205 2975
35 6733
2866 3585
853 4228
2811 8163
6575 2867
1201 4849
7525 1199
8516 2054
9325 9737
1143 9777
979 8239
4460 9450
8782 3779
1212 7469
3105 1018
3449 51
7553 8576
8804 9596
2566 7912
4404 5193
7957 3629
4191 2438
1454 6586
7923 210
2745 3754
2655 4569
5078 1197
9971 2427
8947 9098
4740 154
4874 231
3701 4768
4848 5787
4630 7874
4435 4958
9394 4998
84 7192
6654 5480
8681 8513
2521 583
8863 5825
9914 9964
6135 5602
9940 9181
6314 5861
1041 3366
4338 2841
4212 4754
7961 6279
5069 4193
8382 9702
6037 9308
2318 4631
4447 4475
2572 106
4827 253
6613 1441
6159 2439
5209 4621
7393 3394
5637 5222
6985 808
6504 3300
4763 1544
3714 8118
6875 731
9607 9138
7124 8760
9800 2178
456 1329
4772 2147
6888 209
5707 6248
6659 4874
6643 4073
9882 7657
7448 3490
6475 7589
4659 3721
4666 578
9710 9530
8832 6073
6592 2914
9975 2895
3456 1221
4599 9353
5211 3076
282 5345
6640 6047
8715 6559
8059 2438
9494 3464
8062 2132
446 224
371 3870
2766 1202
4336 8893
1758 5212
1103 3338
6441 162
9990 8305
3825 3266
2097 8988
6119 4460
687 6796
1660 3188
363 849
2848 1217
9575 7770
6861 6634
3491 1170
7438 6672
6757 4745
8500 9544
8184 5372
2906 7916
1889 5129
2117 9192
1921 3634
5040 261
9906 4611
6857 6861
7740 3097
1091 224
9865 2182
719 6145
2149 700
6588 4145
6920 5778
3937 6873
6161 6633
284 2417
7421 8550
484 4661
9454 8420
7217 9360
7134 5762
7700 6087
7657 5628
9903 8699
2589 2303
4045 9493
2758 5197
7655 4687
5555 840
4980 1410
6643 7397
4021 8833
635 582
6972 8609
7750 2412
2353 2276
5990 6675
9616 5777
863 7545
9496 3763
7187 225
5899 8816
12 5051
7607 3270
4171 8938
571 3771
4517 593
4093 1238
1361 8393
6653 1381
8143 2328
9683 3434
876 3935
63 7252
1386 606
4612 1441
8882 3194
2372 7661
6885 8311
2944 8774
5060 9232
1683 980
7955 1811
5009 2611
5211 4309
1634 4725
248 2545
7973 1166
6974 4280
8527 8238
6539 9228
4525 6668
8673 3614
6583 981
4634 681
9698 3981
1294 1040
1319 6464
8408 9292
5808 4838
3578 5811
1052 1797
1962 5096
5519 7708
245 4606
6531 2867
6912 481
3039 3281
3346 9046
8687 5133
2795 5522
3432 5582
6727 3835
4515 59
607 3937
59 8711
3635 5538
1075 7159
9463 9669
151 9206
7436 1966
7624 1676
6379 4094
8491 4027
5464 2204
5866 7883
9188 3851
9239 4175
5994 7249
8337 8006
2568 9301
5866 3930
8338 1284
4902 6778
7210 3609
9228 5708
6071 3568
7388 1611
2095 2450
3749 556
3374 962
2337 8402
9912 4340
1745 4263
4511 1067
1885 2954
5586 1597
5862 9097
6424 5998
2765 8029
7944 1918
9640 1171
4457 6776
3438 6023
4496 590
6210 3427
1203 8348
9344 7268
9348 3320
5107 4255
8476 5232
6285 3956
4236 9693
7209 1726
2411 7789
1924 9692
2686 7253
7810 3458
1683 9111
5417 4668
7298 6211
7806 2105
8859 2546
5167 6463
159 4776
3011 6467
4868 9844
4700 6472
6377 5114
1605 8232
6597 9918
6674 1955
739 9927
9692 4337
7618 8249
5003 3710
7500 9664
4996 4958
2033 6899
5113 9379
3289 349
8678 7120
1446 5156
2321 2370
3147 2040
5276 3939
5063 805
8339 6409
9688 7911
769 9484
2912 2025
5902 5718
5381 3960
8774 9264
2194 9902
1523 810
7961 9338
4857 6343
6752 1580
6371 9920
8967 7309
8979 3078
9670 4026
5274 6055
5398 6831
6058 8480
8998 8427
3853 9668
4502 4763
4663 1206
6595 5210
3768 6960
1683 8697
3831 8171
108 9684
6103 3803
1538 414
8005 8783
8061 8312
2867 5298
2016 9969
106 4812
8088 5602
6625 943
1706 395
2718 5873
8270 1633
8250 5436
241 3036
7410 543
1618 193
2803 5104
1842 3505
2174 3098
3661 7550
3536 9950
1970 8264
6991 5874
3177 1851
4020 1330
7114 1834
7526 7260
6034 3136
8405 5255
7705 4623
6940 5308
2167 3985
9788 1314
4144 1388
5837 6970
5674 786
6729 7229
5968 311
323 2967
8040 5633
7870 9025
4133 2713
8203 8269
4481 8842
4695 6837
6424 3381
3297 8217
3421 2098
2406 6331
5989 1524
7878 255
9088 2220
8929 5758
3003 2362
3242 1296
7235 5562
2039 8628
9448 9324
8398 708
3990 3030
4619 2009
7029 6888
6885 8931
7829 5723
8036 459
8203 4033
1711 1714
4669 1208
3646 5569
344 8323
8421 9974
6099 409
2420 1145
3026 612
6292 5290
719 5134
2703 4006
8432 381
7643 1016
8617 6211
6088 407
4894 1689
5281 9013
8968 2263
1424 8098
3545 9758
8064 2020
753 9101
6941 3991
8114 8181
4596 1637
6608 9745
507 7466
7828 6751
5041 1942
9798 5065
8005 9294
3450 9922
1066 8726
4314 5054
9838 6189
6441 5888
3904 4358
8095 721
5558 986
1244 6289
551 8274
9377 6611
6620 8437
690 6547
8078 3089
6161 3948
7258 6640
4542 6821
6073 6333
8819 4408
3493 4090
1147 3588
7208 7821
5810 4509
260 2354
2224 1852
5932 2635
2528 635
6663 4370
776 7973
5286 9740
3280 4677
9352 8375
2122 3128
1841 6220
6376 305
4026 7457
8060 7392
8773 7146
2359 9860
5068 4728
4149 4440
7044 1059
5346 1877
3291 4124
122 6889
4727 1086
7508 9226
1822 6835
3422 2243
4442 1679
6659 7884
106 3353
5857 9487
8926 976
6987 6327
6030 1146
3390 6283
4722 8791
2895 5553
6185 7964
9048 6812
3996 225
5979 9725
4235 761
8955 223
4477 4909
5123 7438
7431 244
1498 9719
7529 1862
9719 3617
1232 1053
9602 2264
4335 9982
6021 2036
2062 7562
6152 8916
217 4160
6612 8460
8190 5300
2518 5778
7079 7014
3004 4418
8733 8005
223 5589
3971 6260
1363 1596
784 300
5722 9924
5780 7691
1350 6854
4667 5994
8316 2029
48 3799
8102 7875
7314 2006
1186 278
1913 8006
7322 9432
3774 7916
5554 2254
7175 4532
3507 283
6833 1144
7965 9458
3488 3882
1293 691
4778 7745
702 2637
9676 3959
9929 567
7270 8840
5318 7747
3174 6801
874 8241
9346 2666
9294 2529
5594 948
8519 9856
3555 2247
5832 3720
6420 9425
4037 9389
205 8703
6755 4883
4820 3361
2352 9292
5747 168
8551 4866
9588 1223
2241 1765
9274 6345
1528 6883
7213 3681
9551 649
7156 8681
2100 8218
8069 4096
3554 3945
5787 6166
8198 564
730 4634
6414 6962
2469 6763
7807 973
4414 8002
5784 6080
4415 4455
620 3442
9548 4815
535 3150
5875 1920
2831 1118
6457 6579
9597 514
3395 8836
5038 9134
2188 4312
3935 6643
9190 5804
3286 8060
5441 2774
1647 2416
2654 3899
3217 7989
9645 335
6183 8006
9983 9846
7366 3242
4141 4463
7699 403
1932 6821
5563 7705
3506 2836
7522 1561
9697 876
8471 777
4990 81
5753 7163
8910 2991
4249 3962
4083 137
1991 6018
1779 6749
8330 8068
8206 4243
9174 80
7333 1636
6340 1042
8529 4553
557 5095
9804 1970
127 6431
9913 3371
9809 1864
5133 1447
6922 2457
8972 8019
4233 8145
5597 3322
1627 1728
269 1320
1118 1168
2561 6203
2221 1570
632 7715
7208 781
7360 5484
8298 4984
1592 5000
1299 3219
303 393
2729 2225
9952 1689
9967 5501
7799 6666
6442 3014
6480 3
6409 443
7613 4848
6335 9367
2721 4483
2421 2312
2245 4223
6311 9053
5942 6228
3493 3086
433 2359
1441 9673
2197 2758
7030 9357
6781 288
5242 3372
7518 3505
3705 9842
9518 3306
95 2170
7234 921
1927 3537
6369 7395
774 3913
3408 7222
5439 8477
8565 1281
1110 8865
408 6746
4043 1139
2969 4103
3776 6905
8595 3947
7446 6456
2333 8716
3195 5369
6140 7003
2234 8461
3673 619
1575 7496
8968 7056
1967 1562
4773 2503
8072 1520
8821 3078
405 2433
8820 4428
1074 373
9452 2356
7853 2531
7149 9624
3609 2013
939 6605
634 1245
130 5916
1884 389
2129 3710
3690 9666
6165 2774
6941 7016
1202 5085
6299 4975
8822 3991
9446 3189
4364 8664
927 5471
2088 5984
7595 2806
2663 7513
5200 6208
3744 1715
8154 5834
6930 4070
6999 5270
6876 249
615 2385
847 4
2687 664
9495 1923
4484 7426
2135 1711
8453 7836
2301 9152
9688 6109
1874 1417
4785 7822
4552 2852
116 9732
1943 3927
4070 6013
8074 4490
270 2315
585 8980
1315 1549
9391 3763
5061 7811
6102 9241
7994 7343
9973 1896
2709 7940
8667 3915
9024 719
4618 568
784 639
268 7981
2857 4689
7960 6465
5368 9151
2776 7062
4707 9841
9091 1455
3332 1730
4132 7907
2898 6862
4318 8384
7755 1970
2666 4508
8334 9684
8043 2511
6455 9766
9540 9836
7097 9247
1764 8549
3647 2895
9311 3207
6171 7902
1209 3349
4733 9221
8624 3267
2291 4424
1583 4196
4210 9529
3029 6607
3912 9660
953 2734
6703 982
1922 2003
6307 2796
1748 4522
1130 1203
1611 277
9795 8255
390 4204
7981 2981
6507 9783
1082 3213
5047 6314
9734 9603
8442 7528
7736 5746
1511 1699
4388 812
4110 5900
5788 3597
7205 9570
2119 9391
630 5041
448 3575
3310 5182
5074 8363
9244 828
9960 1569
5016 3128
272 8833
7126 8491
2568 3197
9907 6270
5647 8437
7330 1849
6618 5071
4460 288
9200 427
6853 8174
3781 6697
8676 3853
1292 3377
2825 8677
5396 2991
8832 4435
49 1519
6830 4627
1947 7424
8365 9722
9901 5694
7342 9081
5661 5792
6868 4673
3236 4938
295 4257
6225 610
7226 4193
5195 8687
7776 4514
9643 6132
866 1438
1570 9613
4835 4968
197 3996
1138 1733
9851 7075
4433 5732
5558 9492
4816 2131
3376 1206
504 1779
4995 8459
1731 6584
8625 7616
9150 8426
733 4801
2521 6743
5623 2728
7955 2455
2422 8635
4512 8388
1480 9732
3425 8843
4733 5059
5723 3475
7047 5170
6558 3132
8083 3546
6991 7814
6707 6140
6535 9411
2482 7965
2230 4367
1277 8128
2533 3936
4506 7223
6804 2179
4052 3470
3669 4364
7392 6537
4038 923
9959 426
7067 4617
4266 9330
9839 1078
7843 2894
4047 5369
4486 9745
5458 9731
5881 739
4445 164
3115 5795
8362 2003
112 750
9049 7149
3522 3128
1241 8097
6101 8223
171 6439
3102 9426
9139 5976
3721 9168
336 3108
2122 9421
4702 9662
5067 3138
9097 5798
5698 544
1564 3165
5487 6692
7978 959
8891 9186
5845 30
7745 7471
3543 2713
4926 7603
5784 8516
9307 8908
8580 8343
6547 1428
9489 2394
2746 5562
1427 9403
482 7819
821 7374
9284 9070
3403 8461
5046 4226
3393 3158
5446 4732
4386 1456
861 7789
2701 1111
2849 8719
6492 5693
4703 5356
6379 7566
1113 5902
5903 3452
6479 4125
2575 2747
3891 8314
2800 1228
9320 2916
6459 5324
8035 4226
9434 4593
2805 4068
4848 2581
5878 7857
6314 8686
9309 5953
8961 6225
642 9707
6527 4323
3478 6123
5299 3807
4980 7513
8178 9742
4822 5083
4650 5776
2630 7830
4954 7957
3440 678
9212 8151
3203 8239
4819 9754
8869 3121
7856 823
90 181
6830 2301
2054 632
9497 1483
1502 2409
6074 3386
447 5706
4601 5172
4627 5076
6742 1283
6231 2016
4814 9453
2917 4437
3313 236
7665 1922
718 5218
6493 8184
9873 1575
3558 4624
7704 3110
5689 1403
7561 455
868 4926
9981 5571
7704 3153
127 8217
5421 2633
2705 4527
6393 3678
7631 378
5762 2572
2229 4677
5171 2234
8253 243
128 5231
4486 2429
3055 5549
8240 8145
6540 8035
1490 444
3820 6906
9969 6307
6036 7238
5967 7815
8285 5846
8141 9331
9007 441
4106 5869
9723 8503
4092 308
4677 9738
6443 9588
2396 8561
8243 2563
3701 5485
6859 4663
3216 8836
659 7012
3882 696
9713 170
6530 3481
9741 5153
9025 6060
5094 6872
2030 820
9049 7679
905 5588
2202 1140
5787 6806
2236 8718
4368 2881
849 4509
4413 9100
6117 5692
5549 8026
1088 8849
2345 1780
1863 4808
3227 5112
972 7171
2255 672
4311 2173
3290 380
2425 48
8587 9310
9414 529
6339 988
5253 7669
4214 5513
9799 1617
8405 4406
9269 7514
227 8596
8466 4167
4801 8440
4547 7653
8841 7201
597 7511
7092 1869
9803 5675
9434 7753
3503 818
3196 5723
8896 3236
7704 3544
4689 7962
601 5170
5462 6235
7957 4437
8043 8007
2718 2039
5660 617
8514 7203
8156 1321
8353 7967
9058 3797
249 6472
2762 1315
4299 8163
7634 1710
8248 6319
3301 1808
1069 5806
2906 1489
6594 2470
3618 9
1731 7065
1182 9764
6278 5134
6772 5137
3894 6741
6946 6590
6233 2461
9980 2657
4793 4539
4354 4995
7493 4621
7685 4143
9521 1961
6871 6156
482 8515
2746 2763
2373 9826
5016 203
5423 3104
5755 4401
1319 6415
2251 2641
5868 5369
2477 4386
5600 6239
8974 6404
5366 6889
9417 9860
6453 9436
4657 9526
7244 1050
7513 7765
959 1789
8096 8449
7515 881
3951 8459
9014 5369
5790 6941
919 7503
2105 4949
3426 9807
8443 654
78 9217
9608 7760
3140 4190
5598 7293
7783 1210
4537 5417
9585 9575
8387 2422
2405 5886
9734 565
6145 2139
411 888
6430 3824
5248 1703
758 6944
6742 3870
8117 5357
8898 548
1639 2337
1057 1558
6286 2785
4965 5025
6128 4964
885 1451
8225 3200
1012 7877
2659 5418
993 2285
729 1951
2820 907
5863 4507
4883 3583
4257 6716
7460 4838
4788 149
4428 828
220 2220
4479 4804
4245 4891
7618 6269
1386 5559
5221 1462
9285 4056
4446 5344
5423 2158
266 7729
2791 4508
910 8728
1551 2359
4996 1148
6206 4051
1137 16
333 8620
3289 1875
3378 1446
7644 9016
6582 3353
9331 6291
7533 7056
9713 679
5400 7377
7563 6243
1372 4116
9896 9650
1331 9004
742 3904
295 628
8642 442
654 3743
6137 2264
8747 1877
7054 3238
6789 4631
9842 1243
9695 3581
7766 5315
8831 3195
9219 9428
7217 5658
3947 8098
3215 1029
3464 1436
2235 6618
6431 9832
8495 2004
2298 904
1355 8587
8969 3887
3261 5097
2786 9102
8842 2948
1609 2679
7167 7854
4274 9170
1720 6614
2201 7226
5098 465
1458 5982
7990 8918
6025 2318
4448 474
5576 1634
7983 9136
3542 7322
5537 8113
3725 6559
8829 4632
6278 2608
5142 2256
6297 6262
2053 9623
826 1597
3158 7002
2553 3686
4305 4579
973 8437
2385 8883
4308 7200
1199 6241
7956 1308
1434 4694
7753 4210
4290 8261
8839 1342
768 9955
3391 402
1174 2478
3021 7178
1855 7984
4108 4598
8705 810
6859 5136
9461 9613
1361 9253
9346 7772
6426 5016
7054 3515
9496 6560
643 3623
8390 1530
5341 7163
8189 194
7818 8131
9016 1345
3930 8412
3015 2674
9496 4976
1295 5764
6113 7704
4133 8350
6553 6760
199 9024
6777 903
3109 2016
4083 659
6061 2225
3438 2750
7855 3150
6502 4688
6074 2877
404 945
5695 5777
5768 4596
3927 78
6057 855
4554 3957
2728 1389
7553 5315
3265 846
2282 2895
1591 9470
5011 8887
2916 8240
4085 5687
7527 5412
8488 1961
579 5895
8102 5676
7390 7349
6431 4243
6291 9416
9087 4442
3560 5000
3796 7279
7461 4984
232 5419
926 310
433 3384
4914 7813
3106 3129
6973 8721
7583 191
2041 1233
5720 8045
5011 1067
2514 827
7095 6398
8722 7084
522 6090
1269 9711
8592 2616
9710 9716
629 3591
9549 3987
3852 8307
5675 9704
6700 8193
1714 565
655 2585
3566 2466
64 3739
7914 8806
2030 7466
8984 8065
864 8313
9342 8816
4163 696
2998 9821
24 9879
1613 5376
7431 9216
7081 8550
4353 2557
6267 7490
567 3234
6186 2427
4763 3512
401 3563
7938 940
9928 2474
7620 478
4418 2201
9960 3835
1907 3674
9213 9900
7911 8635
6635 2688
7147 1708
3354 5703
3663 6776
4205 4117
7659 5321
2101 8688
9777 6885
4941 7799
6140 4306
9605 6553
9932 8880
54 4300
7784 3121
9081 4533
1760 1257
5727 3530
222 127
2909 6673
3348 5642
2279 3831
1594 2448
5854 7724
7873 6968
6446 1678
6737 6463
1415 5658
6348 9276
6794 2013
1501 3917
1296 4814
8507 7138
2253 9204
5191 3662
8006 9670
1806 2712
3779 8626
1133 9015
580 9236
8553 8412
9136 8865
5369 753
3427 2073
1162 5216
810 4554
3467 5721
8304 1936
5531 6584
7038 9829
5467 1073
9410 4049
2547 8017
5977 2410
8947 4134
1615 1994
7712 2224
2981 8308
214 7889
1799 5232
8903 9932
1015 7159
3618 2098
3334 7249
2244 6304
4191 8179
8996 28
3673 4324
6114 2993
4426 6746
7240 824
5080 4925
3276 5818
1227 1610
3984 7494
8472 9726
1128 8066
4603 2720
1424 520
396 2256
86 9414
1100 9685
8256 7100
3124 163
83 483
2959 855
7747 6010
7875 7112
5202 3013
404 3029
3922 8091
1166 5304
6429 5663
7049 1784
5884 2365
4282 8620
2530 5438
8436 2434
253 7769
5874 6392
9058 4738
3694 1613
1732 523
7682 7795
5479 4035
323 9481
1801 7116
3384 6867
426 176
2108 2555
5532 2918
564 8158
5082 304
150 7169
6528 6422
5817 2993
4677 1411
7025 3552
9994 9102
2965 6369
8126 5517
4077 537
3927 907
4408 4477
5772 463
1819 896
8428 1370
5596 2845
5275 6347
3474 7291
3151 6349
2626 5103
5609 7566
1632 8860
2861 389
2967 2387
9194 495
8038 8426
1135 4708
9303 3349
2151 6790
6499 322
2168 817
6512 4809
2677 2309
8923 8855
723 9750
1757 3018
7551 1669
4473 7384
193 6934
7714 5557
6766 8415
1861 8030
8792 2673
8916 3856
6278 826
4749 2006
3876 8263
1229 6338
8885 3338
291 573
4378 7730
4447 2186
3236 3596
789 6624
1379 5195
8013 5743
956 5129
8481 6891
6798 7858
9874 1526
1899 5651
3449 4778
209 4617
8445 9874
7529 988
4656 3813
3780 300
7712 3216
2425 4627
4102 1737
5343 5533
5453 2966
3907 2892
4117 5205
9583 2228
4585 7044
9792 5747
7763 5123
7354 4694
7638 8016
4270 3218
2374 2601
3125 6376
4353 1869
1912 7448
6215 5538
537 2218
2402 7403
9797 368
8265 5825
6107 6654
1239 6250
7765 7004
1133 7184
1032 7217
9069 3519
6798 4395
7085 3618
1139 3782
2950 9066
5520 6152
7211 8496
4947 3424
2012 9388
4832 2628
3706 4260
9863 911
3806 143
660 6718
5284 2758
6491 4814
3778 9295
4837 5293
5709 6199
1080 9248
7863 881
4106 6240
5456 8737
6089 1233
8213 9409
7251 1145
6501 8675
8875 3682
2039 4876
346 3593
223 1300
8513 4019
3588 8411
140 3089
8447 2340
738 8410
9237 8546
5556 4616
7598 2044
1008 1632
5720 8113
7323 3804
5991 9891
5697 2558
1472 1758
5727 7736
4237 9920
1412 5273
1103 4091
6494 1370
8782 6689
2434 5810
2995 8450
4789 9592
8564 1856
6284 4515
27 6302
7350 4891
4800 1387
7416 4032
3419 7256
2737 662
3895 3385
9031 2923
9707 9715
9715 125
3478 6552
3019 4897
842 2136
3755 886
1563 9268
8027 3682
7409 4933
1664 5103
8832 9296
5650 3508
4976 2993
4340 5292
4045 4119
4745 5221
3568 8819
7650 5755
2580 1892
3876 8025
265 6304
1433 9622
8086 3030
1877 6839
4923 5122
6628 1538
7273 2409
6546 5292
9020 5745
534 5955
7821 2200
1461 4328
7633 5097
180 1061
9414 5327
919 6456
4533 2813
3836 8332
7904 9551
3006 5600
407 8138
638 7705
2590 2172
785 2598
4209 7450
8345 8383
6633 5364
1616 6310
7629 2397
9214 5255
589 2132
4595 356
2692 8673
4007 951
9071 2894
6118 5482
2481 5410
4119 3518
532 2688
3579 7548
4985 5196
1832 9717
175 9003
7181 1137
69 4724
8693 3952
5993 237
9879 8799
9575 6055
2020 2823
7920 4779
5447 5911
546 8520
9528 5294
127 716
4669 1167
1566 1233
2086 8502
6423 6165
9654 2688
2241 6240
4592 9177
8795 230
6280 9765
5793 2285
4982 697
9068 4582
4759 219
4782 9208
1355 5761
3687 5672
8329 3389
9956 2963
7227 4691
1632 7555
67 8748
2220 1261
4914 9357
5449 5353
7838 140
7739 9843
7029 2728
5410 9336
7352 5642
6155 9370
6118 4050
6804 9626
3364 3052
1938 2946
2409 9642
340 1533
8984 1007
8859 4263
9694 9327
5685 1508
3122 5716
7586 6367
9329 8479
8126 3729
6053 3324
6406 1057
2369 5700
8352 7307
3110 7903
5076 8898
9816 6121
5365 4115
6497 5063
1793 9875
999 330
2519 7249
5235 1191
3290 4653
83 8917
6673 107
3223 8316
8064 6478
690 2655
483 6099
5435 4592
2718 3692
8661 8299
7808 8976
2233 418
1438 2883
2927 12
2245 3789
1809 171
8588 2650
4520 6416
8794 8471
752 9573
4433 7997
3695 3266
8635 6042
2738 8678
3989 5356
5192 1753
7048 7444
5348 481
8991 8231
1608 2429
4440 4996
5010 5166
2997 3465
4902 4758
508 6477
62 9959
9603 8135
6029 2290
1525 9832
1947 4624
3798 7075
2687 3466
750 8505
4529 2569
6432 1017
5201 8039
1961 7395
1531 7594
1816 5361
523 9128
6120 9441
2106 6243
8442 9570
4367 891
1150 2823
4526 5801
2835 7190
1453 1829
4855 8801
7996 7904
6521 6496
3898 3710
948 167
2602 7777
6126 1757
7708 6120
8213 331
7370 9098
6603 5133
7416 6638
2791 3023
6465 4486
7571 9199
8832 6638
3590 2629
3499 1613
2798 79
9922 2715
820 5149
3978 4946
2789 1228
9811 3733
7653 9774
5870 3107
515 7816
5916 3507
5008 1097
8289 1861
258 1754
9195 9095
9460 1945
8318 2731
9586 7335
7527 4731
4279 6834
5951 7237
4446 7507
7221 1373
3587 6052
7151 6757
7393 763
2636 1879
9642 368
5052 8015
8930 8666
3943 1808
3253 6359
9268 4199
1989 3987
2999 5845
7308 2372
3339 1692
9523 9481
7354 9852
3443 5105
293 2441
5230 7277
2377 8545
1819 6812
6341 1945
7401 8900
1511 8793
4036 3137
2692 2863
5893 5915
4655 8547
9170 1569
5496 4259
2225 1194
4661 1386
2929 527
3905 6461
2803 816
1971 6697
9941 9065
6273 1551
5267 6580
7365 5471
9161 7203
4466 9477
7962 9155
2841 1736
2411 6887
6303 9793
2538 1847
622 9602
6037 3570
6129 9022
9669 4994
282 5936
5695 8416
3497 3641
7906 983
3999 8669
4258 1136
9995 8700
5646 9901
9938 716
2857 3445
4176 2056
6229 5797
3750 9528
5039 3140
4635 4236
6165 3582
8205 2271
4047 8811
1193 3930
6475 6545
943 6621
3239 5172
4217 9098
7172 4501
356 7196
9616 9017
2060 3714
4849 2556
9587 7603
486 5802
6628 124
3411 507
8665 8114
3247 6855
7072 7038
7915 2857
4755 8967
8299 7203
1602 3143
1550 9460
536 9294
5077 4034
7432 6341
5727 6794
708 1669
1214 5776
8843 8608
3307 9853
6621 2284
4823 1804
3376 6491
4947 4665
9024 6752
9911 2776
6150 7213
8572 1439
8951 1531
4909 1583
2300 416
1975 8336
6719 975
4337 4937
7544 5522
8536 5858
9059 8
3587 5576
6880 4723
6072 1873
4373 2430
6832 5096
1392 1592
8811 7257
6106 4837
8065 7407
3202 5326
2485 2164
4256 6176
5253 2818
8530 602
2560 2919
5001 2918
7630 2741
8887 3072
5574 9542
8453 9859
6100 5023
391 472
3619 3887
4535 6548
6776 9907
1211 9363
1933 8415
6988 9335
7640 6609
7129 7492
9624 5588
5498 9051
8326 527
5234 1783
3518 7887
5949 4303
3033 1075
5741 1948
5133 8459
8806 403
6557 138
1927 9725
772 2385
5615 3920
3456 1153
8199 3743
4753 8573
3631 2853
329 8819
6289 9
5750 2281
8576 2434
1230 9425
9567 8024
6268 8260
5517 6552
6204 1813
5483 2517
5241 4522
7866 4805
2943 8953
6133 810
3755 6737
4514 5175
1575 156
6951 5808
3897 3252
5080 2330
2574 3902
3526 4610
721 732
3296 1548
7792 1299
6544 2750
7356 435
8504 8270
4621 165
4851 4056
3218 5104
5291 3273
3281 9735
6648 6143
5367 6484
1239 3473
7226 5990
8806 1522
2973 3474
2804 8351
6678 7621
4306 4341
4916 886
9323 2002
5295 2604
7809 2750
511 8848
5140 811
9946 5408
9343 6884
3350 2820
9861 6755
3629 4834
6125 2480
8282 4241
6732 6328
1503 2461
2495 115
1502 1793
9146 5094
48 1739
7989 68
3784 3303
5267 7858
9349 7686
3528 2809
6817 8257
787 4470
8510 7229
5733 5114
2689 945
9804 1252
4186 156
9369 1799
6476 4234
50000 50000 1000
19146 40226
11222 3478
39542 15443
9845 19796
44548 4448
12748 48663
11131 37998
2603 19731
4434 1607
34364 38157
37064 4785
15091 8261
43869 26503
49642 38487
38588 156
24900 22191
31300 13808
17666 1291
48071 14009
23901 32311
6697 13946
19458 36851
14965 19230
24970 31000
20324 47090
10032 40756
2383 27254
34362 22942
12133 35301
36067 23686
24307 21765
39693 18976
31782 12774
19207 44322
23422 20504
13556 33070
49284 14221
4989 45381
39572 15215
32759 32418
6272 41373
27395 42776
18841 39711
13184 40663
7895 7610
39022 17902
13261 16066
10285 44242
5339 10714
6890 13047
21145 28927
35190 1863
18969 33748
23863 29923
18040 27961
36449 7097
2101 24062
35700 31332
28316 8421
47389 4108
45395 418
33734 45946
37366 19831
49108 6494
21874 38248
13169 26221
44442 2809
49087 19262
22571 33030
47008 9429
6111 4009
25427 13929
32795 41793
25605 31821
20338 19180
36712 6739
49029 2745
11835 45910
1191 14365
47501 40013
36448 33030
11902 40882
44175 25215
19436 16623
27063 4602
11761 16132
32186 34428
17985 37589
8490 48234
29170 7922
32098 27318
34800 42800
3349 35642
31362 19168
31967 25506
25711 4864
39276 39743
18354 2349
18860 48737
14336 26079
9575 23032
21863 45545
47320 4819
11321 38531
24482 4085
19863 11593
48440 7693
49200 7317
3062 2191
16762 30373
29575 23620
32888 36894
5731 10102
39196 44222
14671 45501
5789 30547
7394 44916
47460 6464
25226 45317
31540 2993
11220 27077
12560 33075
1865 4697
41370 46098
3035 37506
8884 7462
16557 23605
47090 47729
46341 2855
22505 38381
25438 7163
19705 13724
17962 8885
25108 20965
12271 30586
33654 42991
34311 41971
13540 889
22531 32252
26673 5729
18286 8731
14985 41652
38109 34893
25282 24778
6791 33777
7765 44989
42644 44911
35899 10090
48878 35598
7767 24406
27481 29820
1579 46326
44518 30561
20491 31839
38252 23811
24377 33582
23994 15042
8730 37441
12085 11444
3333 31232
17923 25678
25866 12490
5433 39465
38093 4904
17898 27747
14802 15425
12536 6748
48139 26578
27760 31672
22504 31009
24497 32359
7656 27805
5491 37648
30186 12608
28992 1750
46022 6059
45732 8399
49105 27608
603 41073
13916 34207
2932 20056
31987 5943
31774 19626
15064 23107
5113 41158
81 41764
4392 30411
3593 37332
8267 39785
35832 48215
1996 48835
47029 14014
41374 18810
41183 15349
12608 19519
4902 34823
42049 29278
11500 21162
22188 21244
22989 1058
32809 11907
25125 45751
48721 10015
43175 11874
37968 16725
48547 38603
16920 40254
28945 45629
41158 815
7209 39001
23558 14114
6491 44354
33472 4198
21928 49563
43428 8923
21457 1354
2235 3838
10949 12898
25922 32750
11296 1928
10396 45768
7622 41396
32240 8094
43265 17219
16550 5346
43698 133
13220 33703
18031 1186
35582 25634
48260 42911
27799 24515
38916 40700
39935 33899
12271 1415
2089 29724
46756 8767
1508 36246
18749 27498
29090 28971
20390 20880
24172 40370
38571 38594
9018 6660
42775 44485
16914 6433
41896 16251
30264 4402
32721 11583
7611 26071
25215 7791
40975 1579
42261 34450
47420 29523
4031 31095
11261 24035
19628 24489
5802 20882
21156 32515
36031 30893
37881 14198
6161 41474
20638 47909
28441 29500
39134 32270
2118 11367
37312 16798
3986 18487
44423 31814
44403 48994
1974 49654
5200 8964
29194 21705
38377 18909
12186 48310
16993 23839
14416 1055
42173 7668
18697 29494
22605 25253
23321 46812
5470 27829
27497 1490
186 20150
3762 4479
48883 84
17492 43923
10009 43972
16208 31967
33986 13512
23801 40670
22299 22467
37352 46565
23954 13957
36690 15893
35686 11638
29355 25037
34835 20533
16116 23200
36295 15805
24702 6845
27443 20252
21903 37933
47448 33799
26695 497
39877 40780
9548 2572
19994 33277
25567 43020
10666 1313
41640 25277
13273 3163
30217 12558
42540 41582
14916 31545
16690 34216
15575 44094
6823 28985
2935 18993
11930 27720
35591 48296
38453 43834
14378 15271
25784 32301
1846 33492
21626 42740
16974 39098
23607 8868
27793 30768
16066 116
27053 14420
43403 23681
38619 22189
23919 27803
14719 37695
20529 19539
46732 22147
47275 22826
24650 48305
3029 15101
42878 11834
36308 43274
12529 2089
7590 32324
2874 26840
28050 12301
47089 48005
16123 2028
9976 47875
25783 257
27793 7914
12972 47594
42865 44617
19058 34942
18130 9492
12747 46772
29261 22683
44343 39982
44546 22262
28776 21631
15159 23731
36288 1338
10993 46757
32194 6617
49698 28678
19623 11930
29102 6803
1643 44750
35642 14049
41675 44395
13987 44932
13609 11939
45498 11453
45516 1961
45672 20914
23379 19423
3254 20176
33729 47457
46137 13418
36618 44338
31740 22903
22803 10436
21996 24799
21582 38407
15619 4573
38155 22432
22801 39006
11946 14758
29998 24344
49771 30341
14962 32620
265 12865
34668 40693
48480 37920
21303 39009
22052 41614
33965 39640
12845 25418
26234 15618
30485 495
2262 16096
16681 47331
46554 14377
11744 28917
25078 8332
27206 8282
17876 5239
40961 33652
5820 35581
43805 17019
46678 2833
28810 44398
38143 38758
27425 18552
27978 46258
8706 47475
43941 24308
20596 4401
28636 31989
14643 47635
26959 11179
8077 975
36280 49909
49647 8010
42032 30921
18122 36081
23854 22475
44862 18175
29947 30907
14376 33547
29797 47000
9254 40339
17931 30679
28396 35981
3844 41065
19942 33662
35769 31426
32794 5644
18447 41050
3160 6699
47534 28575
5006 3460
45831 3800
5835 47961
48959 27519
31688 46141
669 11404
7793 34611
30417 12463
3736 41443
48379 29112
24596 19280
5543 18394
1926 1543
29055 16364
994 45006
5463 6184
23190 34543
47014 40954
45010 38302
38667 40808
47508 14103
25973 46312
2646 30346
16487 22692
45424 27190
29851 21918
23214 6302
44221 22189
26196 49956
49191 26834
15297 32753
27861 17174
26562 1749
3216 16366
43326 13277
46464 33767
40136 27235
7500 21847
14789 22131
40137 40181
37427 6655
7274 33551
8065 16071
13650 43695
26484 44202
26345 36723
40877 24292
5676 40749
4165 34527
31653 745
29379 16496
23651 20173
48031 7369
13444 21414
37858 49082
44268 19526
48867 303
31069 16361
19070 39462
29584 34577
33827 9627
24416 23577
45195 18505
8762 31897
30200 19358
40951 3081
29419 11099
25434 14582
19807 8367
28405 41699
38143 44848
688 41105
34024 35631
43065 10979
43810 36883
11682 47285
39417 3610
23706 28222
18370 8807
35882 21384
14023 49753
31140 20646
17355 29759
10926 32332
14236 16126
3390 42669
4589 37610
10111 11076
32330 47167
26494 46317
17520 38271
33509 35046
44604 15563
20927 4766
23176 33143
14701 15760
149 26257
43656 38994
14749 24680
43144 39544
244 48571
5813 47571
48800 77
2158 11378
18379 26469
5996 39570
23091 43095
22538 1870
10892 16927
29195 20597
45044 23991
1794 47355
18245 6442
11344 31958
40822 17594
39015 3117
6915 5660
19494 42936
5035 49494
35355 49732
1917 22127
47618 46211
41072 20354
10146 2549
9943 11175
28032 6386
42062 8357
32640 24282
33137 4916
8451 11653
12450 49770
19369 40733
23488 19380
44658 28575
30209 47633
47134 9641
27847 39763
8812 9997
49668 8582
31618 42655
23574 33810
13368 6085
44973 7783
21626 30432
44808 43315
633 28477
44166 32003
8945 20855
49359 3752
47937 17578
3893 800
3836 388
26229 42030
38436 12966
24738 15840
26146 28543
43759 2369
47538 26925
7176 38337
12043 25479
38394 307
44953 21107
48157 44622
36386 12728
44079 4826
12370 36321
28316 9830
706 7038
12281 48610
26756 25436
39800 19722
36824 17346
22629 16417
9283 39420
4727 10623
26090 44880
34190 11592
39878 16503
34270 37487
34241 36378
27357 686
37401 24457
28361 20092
11894 40436
36372 36219
5442 6006
16026 17355
10658 16982
22470 7554
43750 27367
36339 29772
14872 49871
37647 19900
25283 29906
10005 29988
38968 12611
29058 1444
38881 34921
1569 21483
40460 37211
34034 38604
47572 1558
22247 25393
48556 36147
15724 39407
12495 37841
23380 45450
8399 27469
39371 24993
32447 14836
30520 11047
40928 13016
39203 49245
49067 33932
18137 48433
18366 9769
25949 46542
17630 47255
24947 30025
5334 34321
34990 7638
43476 31201
9874 1851
15590 40473
15126 33666
34059 13097
48628 39119
34392 9962
7967 18266
16623 987
20916 29905
6484 46302
17959 7842
21506 16539
38269 36970
39714 21763
23024 39938
31061 31084
12503 37704
24267 27465
25829 9741
44210 4773
14800 42188
17532 26599
45686 14713
6618 28866
25416 39390
44590 10780
1063 27344
6495 21136
24010 21478
14323 9515
32737 46030
36022 24411
20603 36264
1160 2804
17558 24075
18400 8230
27162 17769
42432 36859
22847 26826
527 23629
19803 44912
1367 42955
1412 16920
11300 11052
41625 28331
45698 9400
27195 17667
35538 11384
46169 25323
41905 6635
21543 4555
3535 30114
31496 32909
15078 15456
20097 24873
46234 4619
14897 9025
24403 8361
30317 45471
16030 24574
48225 21841
4277 34021
29625 28637
23195 5485
23849 27201
21045 4882
4172 36099
37926 15354
21241 24188
45365 37884
28238 11156
8026 4460
44177 38817
40196 48311
34244 38932
42200 38270
48576 35853
14409 46762
23404 34754
8983 33478
10950 8749
42028 39249
16990 10656
1292 47158
37492 47714
47092 30419
48228 20007
16598 19054
13777 35904
4145 29904
44816 30268
2730 16992
45102 23741
4345 11791
2071 23868
19301 35408
37434 31350
37208 27223
46697 27207
14756 47017
18999 29128
37966 20117
41181 17790
19050 7589
2487 46436
559 46014
28810 9476
1949 13869
37881 8412
6246 44055
19316 15856
46953 14602
5919 919
17847 12072
15150 41765
40850 24702
2172 13603
39599 34816
28369 2900
28891 42532
11753 11091
42652 15302
38162 23582
35589 20314
24650 32305
6178 9283
38991 12631
1148 37668
41680 17901
24111 12846
29361 17372
33509 28268
21073 15842
27510 3137
41218 5762
26032 9630
15679 15082
22544 32206
9962 26645
40791 16021
800 7387
44112 23984
35098 48132
7503 34493
42647 27274
25075 24374
31501 24102
38078 44047
7422 20080
31124 4479
21312 38834
6794 7913
11023 38151
11262 16948
16459 29757
46101 18964
9380 15159
13926 5450
41800 38334
8041 48250
29409 18545
18718 17267
48893 39062
41304 46656
40595 30082
33772 19024
20390 46604
33903 49693
17200 4571
8739 15530
15056 1037
21470 35400
41093 6653
13406 21753
3415 31240
11190 35387
45208 25753
31927 37920
44021 46389
21345 48991
47626 19145
22692 27736
347 5592
36490 10560
26283 33147
43814 49735
48311 15639
28259 9866
34300 2431
44240 41748
24416 6885
41787 15640
5943 27469
20492 8506
14521 37250
47760 2230
3202 30099
39028 12359
33237 24349
10094 29388
2998 37216
24232 17127
43943 5747
19232 25181
25019 42587
12027 35068
19434 27337
41072 22021
172 46795
19113 26980
43189 9846
31520 45833
29669 25302
27830 5419
1266 43458
16660 8333
34731 24645
36645 41054
14822 10575
38559 2444
46922 36747
26270 22131
13254 36694
16694 825
39106 1364
41395 17078
47974 19406
24997 7539
47028 36646
38053 40223
46801 35531
34538 12829
31521 47832
46611 20642
8977 26370
21819 1036
31339 14067
378 24134
40820 11083
42705 11630
6613 3340
29848 28319
31984 28193
21973 3371
22936 15552
22562 857
22360 5214
8485 21594
26064 3708
48593 30799
9594 6410
45994 18621
7254 23235
1666 13056
47230 8667
9567 27292
9219 9418
5890 36002
33480 5500
7633 37631
22707 32973
38123 22193
40622 39183
49665 26626
23714 33734
15963 22215
35013 11003
29476 41140
1311 32470
1358 11657
37739 19635
24145 33951
26103 20827
19844 41207
25883 27651
8572 2904
9311 29396
45414 39881
24419 6145
35648 33204
2480 23902
997 21362
38731 7490
32059 42821
37807 29521
24580 43477
27760 16213
9713 31027
9104 33323
940 20796
17768 28003
42788 30056
43375 14835
9013 40352
6742 6839
10408 9890
13026 4736
34877 30490
9403 20241
4947 36168
38696 21671
367 32840
42858 2652
5950 31220
32714 37196
7315 27411
2867 46942
19687 38232
33180 18837
47411 10820
30735 24033
34329 38525
28675 1290
27693 27635
20838 30659
40748 21968
23589 35733
11660 4849
18759 15240
18940 10515
44083 17266
26009 39477
10067 31886
40081 34862
34666 40481
32999 39279
49701 22530
34199 14232
45404 33152
18440 16610
32001 27179
23476 39291
9754 18050
45306 35389
1343 22292
21175 8174
13018 2886
22972 11198
100000 200000 1000
841 841
359 359
672 672
382 382
639 639
715 715
999 999
959 959
72 72
140 140
966 966
456 456
635 635
674 674
829 829
603 603
321 321
469 469
50 50
331 331
554 554
116 116
219 219
813 813
905 905
750 750
120 120
425 425
20 20
233 233
651 651
352 352
787 787
370 370
774 774
54 54
212 212
180 180
928 928
404 404
562 562
934 934
149 149
483 483
41 41
182 182
792 792
481 481
638 638
990 990
609 609
24 24
599 599
101 101
108 108
8 8
374 374
464 464
980 980
887 887
91 91
654 654
141 141
842 842
181 181
828 828
223 223
230 230
134 134
923 923
575 575
168 168
523 523
883 883
216 216
690 690
644 644
107 107
179 179
631 631
834 834
284 284
109 109
723 723
818 818
976 976
592 592
936 936
574 574
827 827
666 666
763 763
824 824
686 686
507 507
892 892
142 142
261 261
798 798
45 45
490 490
139 139
262 262
746 746
255 255
710 710
337 337
864 864
495 495
816 816
632 632
493 493
768 768
253 253
366 366
265 265
433 433
576 576
137 137
302 302
309 309
444 444
525 525
247 247
199 199
735 735
954 954
162 162
195 195
295 295
429 429
517 517
79 79
581 581
40 40
826 826
725 725
802 802
732 732
492 492
85 85
707 707
583 583
551 551
938 938
786 786
413 413
87 87
691 691
211 211
415 415
920 920
297 297
365 365
248 248
9 9
805 805
118 118
270 270
215 215
176 176
949 949
655 655
853 853
338 338
526 526
503 503
222 222
76 76
55 55
155 155
821 821
784 784
991 991
436 436
779 779
930 930
14 14
541 541
379 379
682 682
498 498
876 876
708 708
843 843
524 524
114 114
156 156
84 84
196 196
944 944
935 935
460 460
770 770
235 235
660 660
646 646
144 144
951 951
208 208
706 706
559 559
627 627
504 504
200 200
252 252
926 926
862 862
131 131
38 38
292 292
722 722
236 236
703 703
272 272
100 100
66 66
369 369
549 549
161 161
110 110
260 260
689 689
214 214
256 256
191 191
486 486
2 2
153 153
452 452
527 527
719 719
361 361
283 283
778 778
793 793
440 440
509 509
431 431
90 90
446 446
264 264
185 185
647 647
128 128
996 996
330 330
769 769
151 151
475 475
918 918
584 584
377 377
619 619
890 890
124 124
535 535
119 119
956 956
317 317
743 743
716 716
273 273
75 75
767 767
623 623
721 721
641 641
301 301
978 978
605 605
400 400
612 612
356 356
441 441
952 952
755 755
520 520
856 856
468 468
422 422
988 988
912 912
595 595
428 428
675 675
213 213
939 939
962 962
177 177
174 174
859 859
665 665
878 878
339 339
650 650
157 157
373 373
730 730
607 607
941 941
744 744
563 563
987 987
243 243
506 506
714 714
879 879
628 628
634 634
385 385
206 206
985 985
357 357
522 522
915 915
169 169
896 896
403 403
924 924
617 617
553 553
937 937
694 694
204 204
830 830
130 130
39 39
406 406
484 484
663 663
198 198
389 389
327 327
711 711
22 22
279 279
528 528
973 973
673 673
458 458
167 167
579 579
545 545
37 37
860 860
239 239
698 698
125 125
4 4
341 341
430 430
159 159
345 345
868 868
620 620
946 946
532 532
998 998
633 633
307 307
175 175
544 544
838 838
291 291
683 683
724 724
455 455
138 138
497 497
378 378
276 276
12 12
861 861
412 412
111 111
873 873
126 126
739 739
465 465
1000 1000
480 480
355 355
323 323
123 123
736 736
807 807
70 70
95 95
560 560
217 217
325 325
326 326
870 870
877 877
258 258
210 210
363 363
867 867
459 459
806 806
917 917
625 625
71 71
699 699
731 731
170 170
942 942
875 875
983 983
350 350
408 408
788 788
680 680
294 294
804 804
381 381
453 453
948 948
981 981
965 965
596 596
311 311
298 298
410 410
319 319
678 678
540 540
48 48
35 35
496 496
165 165
681 681
925 925
419 419
305 305
776 776
587 587
474 474
737 737
734 734
537 537
656 656
387 387
720 720
848 848
863 863
277 277
598 598
726 726
368 368
884 884
687 687
565 565
334 334
105 105
393 393
740 740
728 728
36 36
209 209
427 427
817 817
395 395
762 762
500 500
895 895
589 589
889 889
316 316
835 835
640 640
932 932
485 485
893 893
742 742
244 244
808 808
190 190
93 93
809 809
324 324
421 421
448 448
512 512
402 402
384 384
783 783
616 616
547 547
608 608
218 218
588 588
832 832
315 315
351 351
344 344
642 642
376 376
542 542
810 810
263 263
467 467
58 58
796 796
865 865
679 679
442 442
267 267
871 871
984 984
709 709
901 901
354 354
383 383
585 585
927 927
360 360
602 602
201 201
479 479
765 765
293 293
11 11
178 178
121 121
367 367
869 869
103 103
439 439
245 245
259 259
621 621
648 648
907 907
754 754
60 60
704 704
347 347
205 205
913 913
166 166
685 685
885 885
21 21
117 117
231 231
275 275
659 659
226 226
405 405
857 857
906 906
791 791
63 63
397 397
10 10
171 171
353 353
268 268
154 154
961 961
578 578
461 461
333 333
669 669
300 300
800 800
688 688
68 68
447 447
143 143
518 518
943 943
129 129
772 772
695 695
274 274
815 815
684 684
658 658
854 854
701 701
358 358
89 89
756 756
269 269
649 649
874 874
172 172
487 487
606 606
99 99
986 986
391 391
766 766
372 372
833 833
17 17
692 692
822 822
752 752
228 228
187 187
424 424
508 508
399 399
758 758
945 945
471 471
909 909
42 42
514 514
771 771
652 652
534 534
582 582
47 47
677 677
192 192
697 697
858 858
188 188
340 340
933 933
462 462
115 115
362 362
947 947
348 348
733 733
995 995
343 343
748 748
432 432
536 536
614 614
27 27
738 738
5 5
844 844
997 997
753 753
989 989
958 958
548 548
98 98
310 310
811 811
977 977
409 409
183 183
242 242
539 539
960 960
700 700
257 257
515 515
443 443
445 445
46 46
88 88
26 26
712 712
56 56
240 240
552 552
392 392
49 49
396 396
916 916
502 502
880 880
53 53
407 407
329 329
401 401
202 202
306 306
18 18
840 840
904 904
158 158
342 342
902 902
420 420
280 280
1 1
764 764
741 741
80 80
197 197
921 921
812 812
150 150
529 529
417 417
127 127
761 761
757 757
470 470
967 967
531 531
777 777
950 950
886 886
556 556
322 322
790 790
288 288
299 299
566 566
881 881
112 112
847 847
96 96
234 234
568 568
207 207
852 852
28 28
251 251
653 653
849 849
135 135
557 557
618 618
30 30
597 597
510 510
489 489
964 964
491 491
615 615
225 225
241 241
160 160
81 81
667 667
643 643
145 145
803 803
314 314
570 570
671 671
287 287
77 77
601 601
781 781
224 224
718 718
147 147
13 13
780 780
610 610
657 657
511 511
312 312
476 476
594 594
760 760
586 586
955 955
184 184
186 186
705 705
519 519
281 281
335 335
661 661
516 516
97 97
254 254
903 903
747 747
488 488
15 15
51 51
386 386
872 872
825 825
318 318
499 499
52 52
416 416
971 971
785 785
106 106
221 221
940 940
296 296
611 611
717 717
900 900
855 855
850 850
664 664
86 86
133 133
974 974
286 286
78 78
163 163
463 463
16 16
229 229
555 555
910 910
457 457
546 546
613 613
801 801
33 33
577 577
164 164
590 590
749 749
897 897
25 25
411 411
953 953
450 450
44 44
414 414
979 979
751 751
390 390
794 794
122 122
759 759
593 593
375 375
67 67
564 564
3 3
437 437
194 194
645 645
320 320
249 249
278 278
227 227
148 148
6 6
969 969
113 113
132 132
530 530
454 454
203 203
727 727
851 851
782 782
513 513
662 662
146 146
466 466
505 505
919 919
696 696
914 914
152 152
773 773
789 789
968 968
451 451
994 994
193 193
888 888
371 371
846 846
866 866
543 543
423 423
814 814
62 62
572 572
819 819
898 898
380 380
668 668
478 478
713 713
992 992
797 797
894 894
693 693
600 600
346 346
43 43
250 250
636 636
92 92
908 908
970 970
931 931
364 364
573 573
336 336
795 795
799 799
398 398
473 473
328 328
237 237
482 482
83 83
57 57
59 59
626 626
435 435
7 7
891 891
136 136
567 567
246 246
831 831
929 929
426 426
569 569
173 173
34 34
82 82
32 32
449 449
65 65
637 637
220 220
266 266
102 102
839 839
624 624
74 74
775 775
232 232
571 571
550 550
189 189
580 580
303 303
604 604
290 290
61 61
394 394
558 558
882 882
388 388
820 820
308 308
434 434
332 332
993 993
271 271
845 845
957 957
982 982
73 73
19 19
629 629
702 702
501 501
94 94
591 591
670 670
282 282
418 418
477 477
972 972
438 438
836 836
349 349
622 622
521 521
31 31
472 472
911 911
23 23
823 823
676 676
238 238
304 304
561 561
104 104
729 729
533 533
494 494
285 285
630 630
899 899
64 64
975 975
538 538
289 289
837 837
963 963
29 29
313 313
922 922
745 745
69 69
100000 100000 0
100000 5000 5000
67805 1245
67805 791
67805 3585
67805 4991
67805 2063
67805 4159
67805 964
67805 4488
67805 3206
67805 3693
67805 624
67805 1616
67805 1745
67805 1285
67805 1287
67805 2729
67805 459
67805 4282
67805 1692
67805 3874
67805 4703
67805 1945
67805 1365
67805 3209
67805 466
67805 3862
67805 578
67805 1621
67805 2751
67805 3278
67805 3605
67805 2052
67805 1914
67805 2167
67805 1463
67805 1035
67805 3456
67805 3194
67805 1321
67805 2028
67805 3510
67805 1559
67805 3363
67805 4777
67805 71
67805 2345
67805 2068
67805 4531
67805 2545
67805 2790
67805 2773
67805 364
67805 4762
67805 2528
67805 1142
67805 1298
67805 3800
67805 255
67805 4186
67805 2367
67805 3114
67805 1356
67805 751
67805 4298
67805 2933
67805 3560
67805 1665
67805 464
67805 4855
67805 4246
67805 3641
67805 2959
67805 4116
67805 1658
67805 2897
67805 4169
67805 3650
67805 3234
67805 1357
67805 1567
67805 1329
67805 4530
67805 1499
67805 2920
67805 2976
67805 4716
67805 4013
67805 848
67805 2855
67805 1890
67805 1632
67805 3761
67805 1345
67805 3561
67805 781
67805 4317
67805 3816
67805 1631
67805 2355
67805 2732
67805 4579
67805 3319
67805 1888
67805 104
67805 2128
67805 2683
67805 2093
67805 2814
67805 925
67805 2516
67805 2530
67805 3211
67805 1663
67805 2301
67805 1326
67805 2274
67805 3897
67805 1083
67805 930
67805 668
67805 3138
67805 4986
67805 26
67805 342
67805 1311
67805 3422
67805 4440
67805 3864
67805 3392
67805 79
67805 4068
67805 4821
67805 3095
67805 822
67805 2304
67805 1051
67805 3164
67805 47
67805 3400
67805 1934
67805 2700
67805 2891
67805 4221
67805 929
67805 4976
67805 4419
67805 89
67805 4970
67805 1186
67805 626
67805 4941
67805 981
67805 2843
67805 1129
67805 1766
67805 6
67805 1970
67805 225
67805 1620
67805 3179
67805 2768
67805 2250
67805 4814
67805 3082
67805 840
67805 3595
67805 3404
67805 1327
67805 2886
67805 2759
67805 1741
67805 492
67805 1269
67805 2800
67805 3754
67805 1841
67805 3061
67805 1344
67805 1737
67805 3969
67805 3686
67805 1835
67805 1539
67805 4485
67805 2755
67805 478
67805 429
67805 3930
67805 4444
67805 1094
67805 127
67805 4351
67805 474
67805 3364
67805 2409
67805 504
67805 1377
67805 4189
67805 2442
67805 167
67805 3443
67805 1342
67805 183
67805 2563
67805 3729
67805 3734
67805 2975
67805 4222
67805 2661
67805 2306
67805 3582
67805 4192
67805 275
67805 3222
67805 1301
67805 979
67805 3920
67805 2690
67805 1316
67805 1257
67805 2569
67805 3961
67805 764
67805 4020
67805 2672
67805 3642
67805 341
67805 38
67805 1413
67805 4512
67805 3271
67805 85
67805 2820
67805 1712
67805 4408
67805 2198
67805 2794
67805 4633
67805 589
67805 433
67805 4005
67805 4772
67805 4297
67805 3922
67805 356
67805 298
67805 273
67805 1166
67805 2229
67805 2850
67805 2322
67805 3705
67805 340
67805 3423
67805 4241
67805 3224
67805 3610
67805 4027
67805 593
67805 1201
67805 4766
67805 625
67805 3091
67805 1529
67805 4561
67805 259
67805 92
67805 2840
67805 4380
67805 3655
67805 1204
67805 1898
67805 3276
67805 4101
67805 3258
67805 1532
67805 1569
67805 2046
67805 463
67805 1270
67805 1056
67805 4442
67805 712
67805 4599
67805 2394
67805 4634
67805 910
67805 1385
67805 1833
67805 1755
67805 4797
67805 1450
67805 723
67805 3541
67805 4723
67805 3533
67805 3318
67805 3570
67805 570
67805 4224
67805 239
67805 3243
67805 1431
67805 1258
67805 4520
67805 989
67805 2226
67805 893
67805 3835
67805 2427
67805 2708
67805 102
67805 2453
67805 4313
67805 4149
67805 1199
67805 4388
67805 4112
67805 4261
67805 4588
67805 1542
67805 437
67805 358
67805 3390
67805 818
67805 4091
67805 4327
67805 2954
67805 3195
67805 3405
67805 4375
67805 216
67805 124
67805 2870
67805 3596
67805 4018
67805 2448
67805 1723
67805 540
67805 3130
67805 3788
67805 154
67805 4431
67805 3618
67805 2719
67805 4776
67805 4000
67805 515
67805 4796
67805 4902
67805 1768
67805 2040
67805 485
67805 3489
67805 1791
67805 4337
67805 4689
67805 690
67805 2241
67805 2095
67805 3821
67805 1790
67805 3935
67805 3623
67805 1783
67805 3331
67805 3089
67805 3534
67805 3910
67805 4260
67805 2058
67805 2632
67805 180
67805 3162
67805 2097
67805 1780
67805 1576
67805 2042
67805 2860
67805 355
67805 1695
67805 3315
67805 4961
67805 149
67805 3670
67805 579
67805 3649
67805 4950
67805 813
67805 4866
67805 3614
67805 4236
67805 524
67805 2326
67805 1070
67805 207
67805 2651
67805 610
67805 1333
67805 666
67805 1457
67805 1052
67805 706
67805 2352
67805 3119
67805 2026
67805 332
67805 2413
67805 738
67805 4225
67805 4795
67805 1524
67805 711
67805 1714
67805 1082
67805 1375
67805 3104
67805 4631
67805 2884
67805 913
67805 1330
67805 2206
67805 412
67805 3932
67805 3500
67805 4286
67805 352
67805 41
67805 2318
67805 705
67805 2262
67805 2565
67805 1495
67805 336
67805 4
67805 1096
67805 1901
67805 4352
67805 4121
67805 2216
67805 1681
67805 3599
67805 103
67805 349
67805 2452
67805 4658
67805 1305
67805 2996
67805 759
67805 1860
67805 284
67805 4584
67805 1261
67805 4515
67805 1859
67805 3981
67805 1850
67805 1722
67805 1753
67805 3008
67805 4329
67805 4839
67805 184
67805 4930
67805 4748
67805 417
67805 1105
67805 2009
67805 362
67805 1318
67805 2900
67805 833
67805 3480
67805 4403
67805 1786
67805 1393
67805 2934
67805 726
67805 1423
67805 1552
67805 4342
67805 2956
67805 2703
67805 2827
67805 138
67805 3454
67805 4780
67805 4554
67805 3710
67805 114
67805 1929
67805 1986
67805 3340
67805 1237
67805 3680
67805 1276
67805 4674
67805 2463
67805 1355
67805 2628
67805 473
67805 363
67805 351
67805 2204
67805 4255
67805 3065
67805 3185
67805 1875
67805 53
67805 2650
67805 279
67805 842
67805 1886
67805 2575
67805 1626
67805 2803
67805 2379
67805 2606
67805 3290
67805 1594
67805 152
67805 3335
67805 4909
67805 4623
67805 518
67805 2961
67805 952
67805 3123
67805 3063
67805 3830
67805 1060
67805 3959
67805 599
67805 1335
67805 4307
67805 1743
67805 2110
67805 4346
67805 1480
67805 2420
67805 1736
67805 1407
67805 1571
67805 1767
67805 1900
67805 1208
67805 1392
67805 4759
67805 3227
67805 4303
67805 3507
67805 3992
67805 1704
67805 3371
67805 3926
67805 878
67805 1878
67805 1550
67805 1424
67805 3714
67805 187
67805 2242
67805 4616
67805 1474
67805 2135
67805 4411
67805 4652
67805 3957
67805 2490
67805 181
67805 741
67805 3132
67805 1732
67805 3958
67805 1573
67805 2940
67805 799
67805 4243
67805 3511
67805 3284
67805 928
67805 2422
67805 4359
67805 2553
67805 533
67805 2504
67805 3491
67805 721
67805 1516
67805 3933
67805 4898
67805 2157
67805 3483
67805 2862
67805 4007
67805 782
67805 1617
67805 808
67805 1210
67805 1800
67805 3168
67805 4779
67805 1619
67805 4407
67805 4227
67805 2218
67805 2736
67805 4934
67805 1719
67805 3698
67805 3549
67805 3176
67805 1533
67805 1360
67805 1279
67805 1391
67805 3268
67805 3051
67805 3529
67805 1250
67805 1272
67805 2471
67805 1612
67805 2638
67805 35
67805 708
67805 4069
67805 4812
67805 4835
67805 4822
67805 3795
67805 82
67805 994
67805 1639
67805 489
67805 3608
67805 3126
67805 3396
67805 1828
67805 3075
67805 3306
67805 1073
67805 1758
67805 526
67805 2871
67805 2440
67805 337
67805 2685
67805 669
67805 3899
67805 9
67805 357
67805 1966
67805 1826
67805 2387
67805 4741
67805 2733
67805 210
67805 3128
67805 4361
67805 3517
67805 4265
67805 3736
67805 3797
67805 1265
67805 3143
67805 2663
67805 2914
67805 4098
67805 2492
67805 3009
67805 2054
67805 753
67805 4801
67805 775
67805 970
67805 814
67805 1873
67805 3527
67805 3431
67805 3476
67805 1080
67805 732
67805 2617
67805 1496
67805 4071
67805 4304
67805 502
67805 3965
67805 4242
67805 1834
67805 1076
67805 2459
67805 438
67805 740
67805 2350
67805 901
67805 643
67805 3911
67805 1378
67805 3540
67805 4924
67805 2974
67805 3539
67805 3460
67805 1589
67805 3369
67805 2597
67805 1195
67805 4449
67805 4376
67805 2102
67805 3028
67805 605
67805 3699
67805 3037
67805 4534
67805 3355
67805 3950
67805 2041
67805 4510
67805 532
67805 4386
67805 1046
67805 269
67805 2867
67805 1703
67805 3327
67805 728
67805 1770
67805 3090
67805 1906
67805 1699
67805 2227
67805 903
67805 4597
67805 3580
67805 512
67805 427
67805 2038
67805 1363
67805 3888
67805 4092
67805 963
67805 2272
67805 875
67805 982
67805 1634
67805 815
67805 1610
67805 4469
67805 3687
67805 479
67805 4758
67805 3287
67805 1140
67805 667
67805 1511
67805 1963
67805 3039
67805 4728
67805 505
67805 2932
67805 1817
67805 3435
67805 3783
67805 538
67805 3071
67805 1494
67805 302
67805 4684
67805 3692
67805 2616
67805 57
67805 4851
67805 98
67805 3053
67805 4660
67805 2435
67805 3837
67805 3172
67805 3684
67805 1085
67805 4180
67805 3850
67805 3246
67805 1414
67805 453
67805 4874
67805 490
67805 821
67805 4958
67805 4683
67805 1400
67805 1551
67805 3244
67805 4022
67805 3717
67805 834
67805 2013
67805 3740
67805 1419
67805 4883
67805 3250
67805 693
67805 4568
67805 61
67805 4784
67805 678
67805 3378
67805 2094
67805 3504
67805 4586
67805 747
67805 3751
67805 3307
67805 3559
67805 717
67805 2819
67805 2199
67805 1118
67805 2486
67805 3197
67805 1771
67805 4165
67805 2896
67805 345
67805 4752
67805 3733
67805 4940
67805 4191
67805 246
67805 1848
67805 679
67805 2043
67805 2288
67805 2263
67805 1506
67805 665
67805 1336
67805 2188
67805 2150
67805 3812
67805 4284
67805 4046
67805 3035
67805 4032
67805 4524
67805 1887
67805 4582
67805 3880
67805 74
67805 3931
67805 3354
67805 165
67805 1063
67805 4798
67805 2051
67805 2682
67805 3277
67805 2977
67805 880
67805 3947
67805 4843
67805 3417
67805 1776
67805 4852
67805 536
67805 4259
67805 4174
67805 4239
67805 4606
67805 3330
67805 3300
67805 430
67805 1805
67805 266
67805 4943
67805 1515
67805 272
67805 1488
67805 618
67805 1341
67805 4093
67805 4479
67805 1138
67805 3086
67805 4771
67805 1739
67805 4483
67805 2695
67805 2781
67805 823
67805 3918
67805 3759
67805 1159
67805 160
67805 2432
67805 849
67805 4873
67805 4347
67805 2997
67805 2680
67805 4296
67805 2722
67805 719
67805 898
67805 4344
67805 4653
67805 383
67805 2524
67805 1380
67805 260
67805 1404
67805 493
67805 4942
67805 1136
67805 4166
67805 4120
67805 3829
67805 984
67805 4846
67805 4954
67805 1915
67805 2868
67805 3455
67805 2538
67805 2497
67805 3027
67805 1020
67805 395
67805 2493
67805 3601
67805 4619
67805 2825
67805 1687
67805 969
67805 4841
67805 15
67805 2715
67805 3273
67805 4977
67805 2576
67805 558
67805 1240
67805 88
67805 3339
67805 2709
67805 4536
67805 3945
67805 2676
67805 1415
67805 1033
67805 4095
67805 4223
67805 2200
67805 231
67805 3448
67805 4665
67805 4791
67805 4952
67805 2537
67805 4692
67805 1980
67805 858
67805 202
67805 388
67805 1748
67805 3973
67805 888
67805 674
67805 471
67805 99
67805 1517
67805 1437
67805 1694
67805 2881
67805 1497
67805 4718
67805 2989
67805 1194
67805 4945
67805 3832
67805 4280
67805 1004
67805 409
67805 443
67805 1759
67805 1178
67805 4509
67805 2615
67805 1398
67805 4558
67805 4880
67805 387
67805 3647
67805 1421
67805 2396
67805 4302
67805 1701
67805 2222
67805 3855
67805 1977
67805 119
67805 101
67805 2972
67805 1021
67805 111
67805 1302
67805 4473
67805 4294
67805 2276
67805 2321
67805 237
67805 4747
67805 450
67805 2573
67805 3779
67805 3628
67805 2916
67805 3726
67805 4707
67805 556
67805 2644
67805 1647
67805 4965
67805 4577
67805 1249
67805 682
67805 4123
67805 1455
67805 4621
67805 1097
67805 3688
67805 3749
67805 1232
67805 370
67805 1235
67805 1930
67805 1662
67805 3723
67805 4214
67805 1792
67805 552
67805 3891
67805 4134
67805 3169
67805 308
67805 4082
67805 2824
67805 4220
67805 4381
67805 1036
67805 1475
67805 2469
67805 2234
67805 2380
67805 4119
67805 1368
67805 435
67805 263
67805 3398
67805 695
67805 3457
67805 530
67805 1724
67805 2557
67805 3158
67805 1343
67805 2245
67805 4309
67805 1224
67805 1671
67805 2166
67805 2737
67805 3052
67805 2108
67805 1256
67805 3428
67805 4031
67805 2092
67805 4498
67805 932
67805 1710
67805 4028
67805 4929
67805 1991
67805 153
67805 4529
67805 2260
67805 3230
67805 1764
67805 3709
67805 1713
67805 1002
67805 2341
67805 22
67805 1295
67805 4105
67805 2210
67805 3498
67805 3186
67805 2386
67805 4925
67805 52
67805 4426
67805 2752
67805 4434
67805 1574
67805 4677
67805 2316
67805 1325
67805 3421
67805 1857
67805 1102
67805 4749
67805 2873
67805 250
67805 2885
67805 4729
67805 3546
67805 4504
67805 4492
67805 2973
67805 1469
67805 271
67805 2588
67805 3786
67805 4890
67805 254
67805 803
67805 3127
67805 2512
67805 1124
67805 1426
67805 3437
67805 3432
67805 4724
67805 2433
67805 4745
67805 2601
67805 3904
67805 2330
67805 4695
67805 2581
67805 785
67805 1157
67805 2177
67805 4589
67805 4526
67805 4754
67805 571
67805 918
67805 4720
67805 1564
67805 3002
67805 4557
67805 4443
67805 3351
67805 3458
67805 3418
67805 2547
67805 1011
67805 2384
67805 1358
67805 4410
67805 2815
67805 1026
67805 3343
67805 360
67805 4826
67805 4110
67805 3046
67805 2509
67805 1381
67805 172
67805 3615
67805 3302
67805 4383
67805 281
67805 2487
67805 3439
67805 2941
67805 1781
67805 2120
67805 2903
67805 3202
67805 2506
67805 2681
67805 367
67805 3946
67805 369
67805 3514
67805 2495
67805 3912
67805 733
67805 3934
67805 4036
67805 487
67805 3544
67805 2417
67805 3171
67805 84
67805 853
67805 3722
67805 4627
67805 129
67805 869
67805 3032
67805 4366
67805 867
67805 4787
67805 2315
67805 4096
67805 4289
67805 2558
67805 4349
67805 2283
67805 3781
67805 2567
67805 1107
67805 1570
67805 2121
67805 60
67805 4109
67805 2743
67805 3242
67805 4570
67805 1460
67805 797
67805 2902
67805 1874
67805 408
67805 1284
67805 3293
67805 582
67805 1537
67805 3954
67805 4765
67805 4636
67805 494
67805 1349
67805 2658
67805 4870
67805 1866
67805 2273
67805 4858
67805 3818
67805 4276
67805 476
67805 1372
67805 826
67805 4325
67805 4147
67805 4755
67805 908
67805 2836
67805 4615
67805 837
67805 4269
67805 4333
67805 2039
67805 2373
67805 3291
67805 2854
67805 1362
67805 2740
67805 1666
67805 2522
67805 248
67805 2930
67805 1482
67805 500
67805 2317
67805 4863
67805 2882
67805 1171
67805 1951
67805 3574
67805 2460
67805 3253
67805 3074
67805 118
67805 4421
67805 2837
67805 838
67805 164
67805 763
67805 3499
67805 1167
67805 2275
67805 1489
67805 4810
67805 911
67805 1454
67805 541
67805 4249
67805 256
67805 3640
67805 3492
67805 4441
67805 4138
67805 3807
67805 1782
67805 1673
67805 1451
67805 20
67805 1657
67805 2669
67805 3519
67805 4491
67805 1306
67805 1672
67805 3200
67805 314
67805 2320
67805 470
67805 226
67805 24
67805 4508
67805 2024
67805 1912
67805 2921
67805 794
67805 707
67805 2776
67805 4475
67805 892
67805 148
67805 651
67805 701
67805 3488
67805 323
67805 1047
67805 4321
67805 1624
67805 1388
67805 1176
67805 4367
67805 660
67805 4922
67805 2583
67805 1988
67805 1015
67805 2172
67805 912
67805 3824
67805 4437
67805 3459
67805 3856
67805 4087
67805 1331
67805 2501
67805 2579
67805 742
67805 739
67805 4997
67805 1477
67805 182
67805 2613
67805 4763
67805 2156
67805 1649
67805 320
67805 4447
67805 3481
67805 4887
67805 1452
67805 4785
67805 3537
67805 3586
67805 1434
67805 846
67805 3626
67805 3564
67805 3518
67805 796
67805 4319
67805 3321
67805 3068
67805 2756
67805 4445
67805 3661
67805 64
67805 529
67805 1468
67805 1730
67805 4571
67805 23
67805 328
67805 4679
67805 503
67805 4240
67805 4160
67805 3913
67805 1296
67805 1493
67805 2943
67805 4358
67805 3952
67805 2072
67805 3987
67805 2889
67805 4661
67805 4292
67805 3097
67805 4622
67805 820
67805 2847
67805 452
67805 39
67805 4088
67805 4918
67805 1382
67805 3526
67805 2572
67805 1823
67805 4964
67805 125
67805 2098
67805 4244
67805 2418
67805 3966
67805 310
67805 1019
67805 2777
67805 3266
67805 768
67805 511
67805 2064
67805 750
67805 78
67805 3160
67805 4050
67805 3976
67805 3144
67805 3956
67805 1510
67805 4108
67805 2124
67805 4914
67805 3328
67805 3691
67805 1339
67805 4182
67805 2705
67805 2780
67805 4203
67805 4680
67805 1706
67805 4612
67805 211
67805 2993
67805 2957
67805 3678
67805 2370
67805 3145
67805 3772
67805 3067
67805 4828
67805 1636
67805 1212
67805 3359
67805 3793
67805 3839
67805 3279
67805 4537
67805 3424
67805 2264
67805 3048
67805 2033
67805 604
67805 2169
67805 788
67805 1379
67805 934
67805 1751
67805 2785
67805 2992
67805 4542
67805 4917
67805 4664
67805 4039
67805 1013
67805 3352
67805 4932
67805 2834
67805 1170
67805 805
67805 3103
67805 1972
67805 3106
67805 359
67805 4573
67805 2309
67805 4775
67805 4613
67805 3834
67805 1113
67805 1614
67805 4099
67805 547
67805 1473
67805 2116
67805 4905
67805 2397
67805 159
67805 2562
67805 2443
67805 645
67805 3010
67805 1274
67805 787
67805 4770
67805 3804
67805 3344
67805 1762
67805 1310
67805 2829
67805 212
67805 4774
67805 2691
67805 1472
67805 3849
67805 2665
67805 4258
67805 3092
67805 4452
67805 447
67805 2808
67805 3731
67805 3394
67805 1223
67805 2405
67805 3840
67805 3859
67805 1670
67805 1182
67805 4476
67805 3313
67805 720
67805 2323
67805 3886
67805 141
67805 2523
67805 1034
67805 4316
67805 190
67805 793
67805 730
67805 4461
67805 1248
67805 2725
67805 542
67805 749
67805 1581
67805 3997
67805 2074
67805 2031
67805 1628
67805 4115
67805 3115
67805 992
67805 2730
67805 3475
67805 132
67805 2826
67805 4037
67805 819
67805 1851
67805 2186
67805 3724
67805 2789
67805 4497
67805 4886
67805 2979
67805 4047
67805 1340
67805 4833
67805 232
67805 1825
67805 945
67805 3989
67805 2720
67805 1406
67805 2517
67805 2161
67805 1933
67805 1152
67805 3550
67805 1547
67805 100
67805 3353
67805 4463
67805 1561
67805 1079
67805 1871
67805 1324
67805 4248
67805 3000
67805 3099
67805 3116
67805 3866
67805 784
67805 4163
67805 488
67805 2878
67805 1557
67805 623
67805 2591
67805 546
67805 3107
67805 1057
67805 4813
67805 252
67805 140
67805 4446
67805 4264
67805 4853
67805 983
67805 4100
67805 4152
67805 1091
67805 900
67805 1708
67805 3644
67805 3177
67805 1027
67805 1198
67805 4455
67805 2342
67805 481
67805 393
67805 1827
67805 4231
67805 4892
67805 598
67805 4815
67805 3147
67805 1697
67805 3094
67805 4985
67805 2215
67805 421
67805 527
67805 3474
67805 3453
67805 2136
67805 4010
67805 841
67805 1789
67805 1882
67805 1168
67805 4014
67805 3283
67805 2022
67805 240
67805 2887
67805 648
67805 1145
67805 3254
67805 1916
67805 4949
67805 2750
67805 933
67805 562
67805 1347
67805 4547
67805 58
67805 2496
67805 1603
67805 1654
67805 1641
67805 613
67805 139
67805 2763
67805 612
67805 3376
67805 1577
67805 2438
67805 3397
67805 1317
67805 2984
67805 2969
67805 3653
67805 1041
67805 559
67805 1798
67805 944
67805 2627
67805 680
67805 1702
67805 262
67805 2066
67805 1868
67805 4517
67805 2160
67805 3651
67805 3289
67805 1793
67805 3784
67805 2257
67805 2895
67805 3124
67805 4808
67805 865
67805 2139
67805 860
67805 4070
67805 2457
67805 1487
67805 3756
67805 1111
67805 1394
67805 2508
67805 3659
67805 4817
67805 4818
67805 664
67805 2181
67805 195
67805 3662
67805 2408
67805 976
67805 672
67805 1054
67805 2671
67805 920
67805 3978
67805 1417
67805 2265
67805 3024
67805 4648
67805 21
67805 830
67805 3388
67805 3971
67805 548
67805 1947
67805 4262
67805 243
67805 4062
67805 278
67805 1669
67805 1255
67805 3577
67805 346
67805 1829
67805 1189
67805 554
67805 2217
67805 2153
67805 2023
67805 1802
67805 3936
67805 859
67805 312
67805 2643
67805 215
67805 2311
67805 2898
67805 2641
67805 1563
67805 634
67805 583
67805 157
67805 2087
67805 3014
67805 4656
67805 1271
67805 4906
67805 890
67805 4792
67805 4377
67805 1307
67805 1944
67805 143
67805 2127
67805 843
67805 2544
67805 2833
67805 1726
67805 876
67805 2236
67805 4591
67805 29
67805 2963
67805 4800
67805 3925
67805 1645
67805 4794
67805 4722
67805 305
67805 2392
67805 2261
67805 4353
67805 1925
67805 661
67805 3616
67805 4640
67805 1233
67805 1819
67805 3062
67805 1162
67805 3765
67805 2175
67805 4904
67805 770
67805 1006
67805 4168
67805 2338
67805 2568
67805 2955
67805 280
67805 4132
67805 2911
67805 3996
67805 1679
67805 1299
67805 2270
67805 2444
67805 288
67805 123
67805 5
67805 4226
67805 4392
67805 551
67805 4135
67805 895
67805 630
67805 1565
67805 2468
67805 2372
67805 2875
67805 2629
67805 4840
67805 1674
67805 2848
67805 295
67805 4999
67805 889
67805 3813
67805 2213
67805 434
67805 1478
67805 1447
67805 4354
67805 4979
67805 214
67805 2849
67805 4546
67805 4806
67805 522
67805 2060
67805 309
67805 2027
67805 4657
67805 777
67805 4384
67805 2203
67805 3196
67805 2445
67805 136
67805 483
67805 1420
67805 3903
67805 1920
67805 49
67805 3109
67805 640
67805 3469
67805 1897
67805 4809
67805 991
67805 4213
67805 3631
67805 736
67805 3361
67805 4710
67805 43
67805 83
67805 3322
67805 2611
67805 884
67805 1001
67805 3656
67805 3228
67805 4988
67805 2233
67805 3496
67805 4897
67805 1659
67805 1528
67805 2831
67805 4064
67805 4198
67805 1725
67805 4862
67805 4618
67805 857
67805 327
67805 555
67805 2115
67805 1685
67805 2612
67805 4700
67805 2593
67805 1197
67805 3803
67805 3033
67805 537
67805 2866
67805 3377
67805 1053
67805 864
67805 2286
67805 2308
67805 1623
67805 2745
67805 2305
67805 4102
67805 3485
67805 1277
67805 1593
67805 3785
67805 3611
67805 4235
67805 4888
67805 95
67805 4768
67805 566
67805 2079
67805 3188
67805 1366
67805 386
67805 4761
67805 162
67805 2403
67805 1165
67805 1029
67805 2978
67805 2561
67805 1682
67805 2912
67805 1765
67805 953
67805 1462
67805 1530
67805 2168
67805 4543
67805 4955
67805 2901
67805 1627
67805 4128
67805 1116
67805 3462
67805 1226
67805 3269
67805 2799
67805 1397
67805 765
67805 4328
67805 2061
67805 4311
67805 4614
67805 4911
67805 3951
67805 4040
67805 4423
67805 4540
67805 716
67805 568
67805 1315
67805 3174
67805 2540
67805 3096
67805 1502
67805 3542
67805 112
67805 1852
67805 2621
67805 406
67805 1952
67805 1773
67805 1364
67805 205
67805 644
67805 2050
67805 607
67805 10
67805 2600
67805 4877
67805 311
67805 2986
67805 905
67805 1555
67805 4425
67805 2389
67805 4372
67805 1007
67805 3962
67805 431
67805 2623
67805 3501
67805 3629
67805 3671
67805 16
67805 436
67805 4117
67805 2243
67805 4678
67805 3255
67805 2336
67805 3553
67805 4477
67805 2208
67805 4422
67805 2754
67805 1075
67805 3704
67805 4373
67805 4789
67805 5000
67805 469
67805 4859
67805 4418
67805 86
67805 1
67805 2144
67805 3070
67805 567
67805 32
67805 4103
67805 4957
67805 4912
67805 3301
67805 4559
67805 4049
67805 3817
67805 2696
67805 2830
67805 2761
67805 752
67805 1008
67805 2293
67805 2118
67805 3212
67805 2398
67805 844
67805 4881
67805 2252
67805 299
67805 3654
67805 4580
67805 3249
67805 3929
67805 4323
67805 2406
67805 3003
67805 3166
67805 3579
67805 2942
67805 699
67805 2356
67805 2147
67805 1131
67805 4551
67805 2971
67805 856
67805 4472
67805 3463
67805 4035
67805 1734
67805 46
67805 1436
67805 2142
67805 2466
67805 3181
67805 4245
67805 4370
67805 1409
67805 2035
67805 4969
67805 4936
67805 810
67805 2534
67805 420
67805 2382
67805 1017
67805 576
67805 592
67805 2908
67805 801
67805 3939
67805 2195
67805 1461
67805 1754
67805 2428
67805 1153
67805 1546
67805 2258
67805 455
67805 1618
67805 3908
67805 870
67805 525
67805 1386
67805 446
67805 4017
67805 2714
67805 4170
67805 3831
67805 4854
67805 2171
67805 3308
67805 2633
67805 3522
67805 1508
67805 384
67805 2484
67805 1087
67805 2631
67805 2718
67805 3495
67805 2657
67805 4820
67805 1690
67805 482
67805 4055
67805 1711
67805 4207
67805 4734
67805 4451
67805 1938
67805 2424
67805 4923
67805 2125
67805 746
67805 1928
67805 2738
67805 4730
67805 144
67805 1139
67805 322
67805 786
67805 2225
67805 545
67805 2816
67805 575
67805 227
67805 4670
67805 1068
67805 3805
67805 94
67805 2174
67805 107
67805 3624
67805 1031
67805 600
67805 4016
67805 2926
67805 2371
67805 3806
67805 4838
67805 3707
67805 3208
67805 4804
67805 457
67805 4983
67805 3696
67805 3893
67805 4850
67805 4878
67805 1202
67805 4006
67805 2475
67805 2716
67805 1183
67805 2967
67805 1598
67805 75
67805 3122
67805 824
67805 3955
67805 4399
67805 199
67805 338
67805 960
67805 2552
67805 2112
67805 3236
67805 3069
67805 4156
67805 3427
67805 3778
67805 3199
67805 4178
67805 1251
67805 1242
67805 224
67805 936
67805 4908
67805 1579
67805 2877
67805 2014
67805 1509
67805 2549
67805 2864
67805 191
67805 2082
67805 1373
67805 4600
67805 1149
67805 1637
67805 106
67805 1243
67805 3665
67805 2032
67805 171
67805 3440
67805 3634
67805 3594
67805 4725
67805 1099
67805 3984
67805 319
67805 245
67805 3845
67805 590
67805 2016
67805 1769
67805 4011
67805 2904
67805 4671
67805 4966
67805 4230
67805 1923
67805 4063
67805 3105
67805 2564
67805 3292
67805 4374
67805 3552
67805 1653
67805 3789
67805 4830
67805 1808
67805 1535
67805 1568
67805 1390
67805 4594
67805 2374
67805 3808
67805 3746
67805 4042
67805 1384
67805 1652
67805 4048
67805 4340
67805 3193
67805 4389
67805 2303
67805 2477
67805 886
67805 1814
67805 1606
67805 81
67805 3001
67805 3873
67805 401
67805 3012
67805 1040
67805 91
67805 3329
67805 1093
67805 62
67805 3917
67805 1583
67805 1086
67805 1996
67805 2219
67805 851
67805 686
67805 1135
67805 491
67805 1655
67805 385
67805 550
67805 445
67805 4030
67805 4903
67805 4038
67805 2749
67805 1050
67805 654
67805 937
67805 3326
67805 2687
67805 2007
67805 1908
67805 3833
67805 588
67805 3949
67805 3413
67805 2667
67805 4974
67805 2489
67805 4992
67805 3356
67805 2821
67805 4900
67805 2429
67805 1799
67805 2856
67805 646
67805 1160
67805 287
67805 247
67805 1534
67805 292
67805 115
67805 2251
67805 3108
67805 1640
67805 1188
67805 27
67805 2298
67805 209
67805 96
67805 2393
67805 2684
67805 907
67805 3198
67805 967
67805 866
67805 4484
67805 3872
67805 3721
67805 611
67805 3744
67805 2360
67805 2339
67805 2556
67805 2595
67805 3102
67805 3764
67805 2202
67805 4816
67805 687
67805 3988
67805 3134
67805 1700
67805 2084
67805 3515
67805 4879
67805 972
67805 3270
67805 441
67805 2610
67805 1778
67805 4190
67805 486
67805 1894
67805 3304
67805 773
67805 196
67805 1308
67805 1584
67805 3140
67805 1267
67805 4074
67805 3776
67805 3019
67805 2786
67805 2899
67805 2570
67805 1374
67805 2146
67805 1412
67805 3679
67805 2368
67805 4332
67805 681
67805 448
67805 2511
67805 65
67805 3450
67805 4057
67805 2017
67805 3843
67805 1698
67805 2197
67805 3592
67805 896
67805 3312
67805 3711
67805 2164
67805 1241
67805 2731
67805 1320
67805 1693
67805 1399
67805 3790
67805 4736
67805 1646
67805 2982
67805 3979
67805 3588
67805 3111
67805 3233
67805 2291
67805 580
67805 649
67805 852
67805 1822
67805 3571
67805 2494
67805 1846
67805 1592
67805 1130
67805 3809
67805 1648
67805 4845
67805 748
67805 3023
67805 267
67805 3672
67805 809
67805 3316
67805 2529
67805 586
67805 4968
67805 1432
67805 2520
67805 4453
67805 3264
67805 3747
67805 4607
67805 2472
67805 3867
67805 1115
67805 3036
67805 258
67805 4667
67805 2480
67805 2133
67805 4578
67805 2119
67805 3347
67805 2872
67805 4310
67805 629
67805 3521
67805 2351
67805 4799
67805 2086
67805 126
67805 1892
67805 4467
67805 4420
67805 4273
67805 3465
67805 2470
67805 594
67805 3259
67805 3823
67805 1361
67805 881
67805 2105
67805 18
67805 2131
67805 1018
67805 416
67805 1955
67805 1353
67805 3562
67805 3578
67805 3129
67805 4468
67805 2249
67805 2081
67805 1304
67805 192
67805 4769
67805 3646
67805 1931
67805 1275
67805 1668
67805 4704
67805 4596
67805 1752
67805 4617
67805 4004
67805 4348
67805 3054
67805 208
67805 3220
67805 1058
67805 509
67805 4676
67805 1837
67805 4336
67805 2769
67805 2036
67805 4899
67805 4072
67805 378
67805 4685
67805 4831
67805 4193
67805 2739
67805 3493
67805 1110
67805 4490
67805 2987
67805 917
67805 3275
67805 2357
67805 2107
67805 261
67805 2300
67805 1716
67805 2607
67805 344
67805 4290
67805 130
67805 4167
67805 1137
67805 2474
67805 4122
67805 3567
67805 2388
67805 4395
67805 37
67805 4847
67805 175
67805 1289
67805 957
67805 2792
67805 3632
67805 1684
67805 2099
67805 2138
67805 609
67805 968
67805 635
67805 4562
67805 2149
67805 4646
67805 4650
67805 924
67805 1749
67805 591
67805 3117
67805 3433
67805 2366
67805 1779
67805 413
67805 1294
67805 3844
67805 683
67805 2385
67805 3219
67805 1527
67805 2784
67805 2728
67805 2782
67805 1456
67805 339
67805 2748
67805 807
67805 543
67805 460
67805 3581
67805 4143
67805 4486
67805 3612
67805 3838
67805 758
67805 348
67805 3916
67805 4077
67805 3386
67805 2917
67805 3237
67805 4552
67805 236
67805 3682
67805 2376
67805 2518
67805 4308
67805 4278
67805 2281
67805 293
67805 2953
67805 2559
67805 1402
67805 2535
67805 3223
67805 2618
67805 1081
67805 3547
67805 1513
67805 4807
67805 1507
67805 3737
67805 4649
67805 3972
67805 3796
67805 839
67805 894
67805 3229
67805 3451
67805 3607
67805 832
67805 1177
67805 3538
67805 2970
67805 1043
67805 584
67805 4324
67805 1408
67805 2381
67805 2488
67805 1411
67805 3320
67805 4338
67805 3380
67805 326
67805 4699
67805 4803
67805 2244
67805 2359
67805 194
67805 1133
67805 2002
67805 4709
67805 2582
67805 3914
67805 2625
67805 2001
67805 4842
67805 915
67805 1221
67805 4306
67805 1246
67805 2647
67805 1907
67805 3420
67805 2555
67805 735
67805 4458
67805 939
67805 4150
67805 3241
67805 480
67805 4054
67805 3775
67805 4133
67805 4518
67805 2646
67805 3368
67805 283
67805 1147
67805 4687
67805 3999
67805 1840
67805 2711
67805 4861
67805 1613
67805 4287
67805 902
67805 3081
67805 4834
67805 1126
67805 4527
67805 4696
67805 4565
67805 1037
67805 835
67805 257
67805 1735
67805 14
67805 12
67805 1065
67805 772
67805 4355
67805 2253
67805 3557
67805 4157
67805 4663
67805 2006
67805 4920
67805 4601
67805 4869
67805 2237
67805 3773
67805 3429
67805 3524
67805 1772
67805 4155
67805 3311
67805 872
67805 3085
67805 137
67805 513
67805 1553
67805 4753
67805 1370
67805 557
67805 561
67805 2103
67805 1958
67805 2500
67805 2909
67805 606
67805 2220
67805 1962
67805 234
67805 569
67805 1967
67805 4673
67805 2179
67805 3977
67805 1536
67805 313
67805 4857
67805 1236
67805 4450
67805 4620
67805 1974
67805 2590
67805 1280
67805 1969
67805 2430
67805 2966
67805 2999
67805 828
67805 1922
67805 4061
67805 1940
67805 1971
67805 2268
67805 4742
67805 1845
67805 3625
67805 179
67805 2919
67805 1219
67805 1122
67805 528
67805 2810
67805 219
67805 4889
67805 3251
67805 7
67805 1132
67805 2165
67805 4266
67805 3401
67805 185
67805 1747
67805 4008
67805 3802
67805 3021
67805 1229
67805 601
67805 4205
67805 2410
67805 3180
67805 1644
67805 1688
67805 2945
67805 2183
67805 4937
67805 1503
67805 2231
67805 1558
67805 4023
67805 3906
67805 2416
67805 1505
67805 1061
67805 2134
67805 3792
67805 1425
67805 4417
67805 456
67805 2343
67805 3383
67805 3213
67805 2791
67805 366
67805 3871
67805 390
67805 4575
67805 4181
67805 4378
67805 2057
67805 560
67805 2527
67805 652
67805 2596
67805 2620
67805 3794
67805 3016
67805 4915
67805 4385
67805 4341
67805 789
67805 4253
67805 2724
67805 1273
67805 403
67805 3288
67805 3881
67805 3622
67805 3285
67805 3191
67805 3334
67805 3695
67805 603
67805 2812
67805 2100
67805 4357
67805 3905
67805 1680
67805 1959
67805 156
67805 1467
67805 25
67805 3452
67805 3391
67805 2541
67805 4672
67805 1322
67805 3703
67805 4896
67805 2211
67805 3836
67805 333
67805 3154
67805 3566
67805 539
67805 909
67805 189
67805 392
67805 658
67805 619
67805 906
67805 3757
67805 1691
67805 4136
67805 1813
67805 4237
67805 3038
67805 3296
67805 3445
67805 1858
67805 4140
67805 3153
67805 2968
67805 2140
67805 2910
67805 3576
67805 1587
67805 244
67805 122
67805 3828
67805 1416
67805 4326
67805 1989
67805 3286
67805 3161
67805 2543
67805 722
67805 1038
67805 4369
67805 1787
67805 3207
67805 150
67805 4726
67805 1109
67805 4494
67805 971
67805 531
67805 2307
67805 718
67805 1164
67805 2758
67805 2519
67805 1611
67805 962
67805 424
67805 2312
67805 2411
67805 2599
67805 213
67805 2091
67805 3598
67805 3968
67805 1727
67805 4598
67805 4632
67805 2423
67805 3983
67805 4456
67805 1439
67805 4539
67805 1217
67805 54
67805 2948
67805 1807
67805 1821
67805 3357
67805 4081
67805 4199
67805 1491
67805 4947
67805 3512
67805 4829
67805 845
67805 627
67805 428
67805 2361
67805 2689
67805 4188
67805 1023
67805 3769
67805 3018
67805 3842
67805 4183
67805 2531
67805 3112
67805 3020
67805 1196
67805 4962
67805 4971
67805 1290
67805 4271
67805 3434
67805 2030
67805 4228
67805 3337
67805 3846
67805 1757
67805 1756
67805 3239
67805 2551
67805 2981
67805 4210
67805 1717
67805 4629
67805 1312
67805 77
67805 647
67805 1942
67805 1144
67805 3558
67805 3482
67805 4836
67805 3252
67805 927
67805 641
67805 2649
67805 2964
67805 3341
67805 201
67805 4786
67805 2960
67805 2049
67805 1975
67805 4548
67805 2876
67805 2787
67805 1913
67805 2918
67805 4550
67805 2395
67805 2586
67805 1760
67805 2232
67805 4065
67805 2603
67805 1077
67805 940
67805 4668
67805 744
67805 2096
67805 4158
67805 4250
67805 1987
67805 1729
67805 4605
67805 3673
67805 1244
67805 1283
67805 1254
67805 3758
67805 2106
67805 276
67805 1993
67805 4360
67805 120
67805 2619
67805 725
67805 1498
67805 4913
67805 3667
67805 3389
67805 222
67805 1678
67805 3509
67805 4339
67805 1376
67805 458
67805 4300
67805 2642
67805 4901
67805 3613
67805 1590
67805 1651
67805 70
67805 597
67805 2890
67805 4026
67805 3998
67805 1957
67805 4603
67805 1836
67805 792
67805 2704
67805 3248
67805 113
67805 155
67805 1512
67805 2844
67805 4234
67805 4519
67805 1812
67805 3360
67805 862
67805 1562
67805 2666
67805 1899
67805 3825
67805 1239
67805 2605
67805 2377
67805 544
67805 1816
67805 2589
67805 4368
67805 1154
67805 879
67805 946
67805 2132
67805 1438
67805 3449
67805 1429
67805 3716
67805 3777
67805 200
67805 1297
67805 4094
67805 2937
67805 2143
67805 3694
67805 1831
67805 2726
67805 4012
67805 51
67805 3079
67805 4933
67805 375
67805 2637
67805 1206
67805 4145
67805 614
67805 1904
67805 4232
67805 1089
67805 1721
67805 3762
67805 2129
67805 3713
67805 4691
67805 1935
67805 3919
67805 4610
67805 1950
67805 2744
67805 1643
67805 4608
67805 4894
67805 882
67805 3189
67805 1071
67805 4556
67805 142
67805 3852
67805 1193
67805 2446
67805 1453
67805 1954
67805 1650
67805 2450
67805 3157
67805 242
67805 2070
67805 995
67805 877
67805 1973
67805 1896
67805 1811
67805 2514
67805 90
67805 4919
67805 3464
67805 3442
67805 1810
67805 663
67805 2005
67805 1158
67805 4592
67805 4414
67805 372
67805 2090
67805 121
67805 617
67805 2189
67805 659
67805 4424
67805 394
67805 405
67805 1192
67805 2378
67805 4733
67805 4177
67805 657
67805 238
67805 798
67805 3927
67805 2797
67805 117
67805 729
67805 4211
67805 347
67805 465
67805 330
67805 2191
67805 2807
67805 4197
67805 854
67805 1074
67805 2630
67805 4574
67805 1676
67805 381
67805 3059
67805 3745
67805 1861
67805 2950
67805 3467
67805 1501
67805 3663
67805 2526
67805 4732
67805 229
67805 3373
67805 3412
67805 2894
67805 145
67805 2055
67805 2187
67805 2184
67805 4254
67805 4263
67805 3056
67805 754
67805 1466
67805 3135
67805 4989
67805 1924
67805 3297
67805 4025
67805 294
67805 2056
67805 2673
67805 2548
67805 3403
67805 3827
67805 1638
67805 3314
67805 4827
67805 501
67805 3484
67805 2235
67805 731
67805 4516
67805 4439
67805 4715
67805 1260
67805 3025
67805 2928
67805 1445
67805 354
67805 404
67805 2598
67805 4701
67805 2795
67805 1072
67805 475
67805 1185
67805 2354
67805 4872
67805 4587
67805 4379
67805 4959
67805 3940
67805 2539
67805 4033
67805 3943
67805 2946
67805 3058
67805 4277
67805 3532
67805 2364
67805 1181
67805 3430
67805 3221
67805 2358
67805 2525
67805 1554
67805 3
67805 1953
67805 2817
67805 1932
67805 3323
67805 2775
67805 2693
67805 1103
67805 4002
67805 1625
67805 499
67805 2297
67805 1443
67805 1247
67805 3066
67805 3750
67805 2194
67805 188
67805 3305
67805 1830
67805 3215
67805 1187
67805 4690
67805 3026
67805 174
67805 523
67805 2089
67805 3548
67805 2670
67805 3543
67805 2369
67805 1937
67805 1549
67805 2101
67805 4364
67805 4059
67805 2182
67805 3890
67805 228
67805 2813
67805 4757
67805 2592
67805 621
67805 926
67805 4756
67805 1428
67805 2080
67805 2753
67805 2267
67805 4693
67805 1661
67805 265
67805 3530
67805 1127
67805 2214
67805 2622
67805 3045
67805 4200
67805 1112
67805 373
67805 1809
67805 4746
67805 3155
67805 4390
67805 3771
67805 4009
67805 3690
67805 958
67805 4522
67805 2717
67805 1293
67805 1156
67805 3281
67805 4967
67805 2421
67805 670
67805 4805
67805 2505
67805 2331
67805 2151
67805 3565
67805 2083
67805 724
67805 1939
67805 4973
67805 861
67805 642
67805 3841
67805 671
67805 4743
67805 4320
67805 277
67805 620
67805 4148
67805 1796
67805 1200
67805 2798
67805 454
67805 574
67805 1146
67805 2114
67805 3720
67805 2255
67805 1893
67805 2145
67805 3531
67805 4963
67805 3675
67805 4021
67805 1997
67805 4993
67805 3669
67805 2723
67805 4066
67805 3034
67805 3633
67805 1184
67805 2439
67805 3346
67805 3370
67805 1218
67805 411
67805 676
67805 2062
67805 4202
67805 3877
67805 4706
67805 4576
67805 3479
67805 4714
67805 2391
67805 2536
67805 2425
67805 2927
67805 2762
67805 1161
67805 3447
67805 774
67805 230
67805 2201
67805 4478
67805 3076
67805 4972
67805 3324
67805 1521
67805 2111
67805 696
67805 689
67805 2818
67805 1910
67805 3863
67805 3768
67805 943
67805 978
67805 2994
67805 2152
67805 2952
67805 3080
67805 2011
67805 4856
67805 151
67805 1718
67805 947
67805 315
67805 1121
67805 4593
67805 4990
67805 3853
67805 1088
67805 2065
67805 2192
67805 1842
67805 2053
67805 3516
67805 3760
67805 572
67805 2185
67805 977
67805 68
67805 4502
67805 2822
67805 4391
67805 3921
67805 3583
67805 714
67805 2521
67805 4645
67805 3088
67805 2104
67805 4142
67805 2639
67805 1328
67805 534
67805 2020
67805 2269
67805 904
67805 3486
67805 1824
67805 1205
67805 1044
67805 1263
67805 2299
67805 988
67805 4474
67805 4127
67805 996
67805 4268
67805 1486
67805 3015
67805 1948
67805 1777
67805 30
67805 2741
67805 2159
67805 2546
67805 1855
67805 2779
67805 4681
67805 961
67805 8
67805 4823
67805 684
67805 4173
67805 3728
67805 3701
67805 285
67805 3150
67805 3915
67805 1123
67805 2248
67805 2109
67805 1883
67805 4505
67805 656
67805 3970
67805 2604
67805 514
67805 2694
67805 2832
67805 176
67805 1867
67805 3967
67805 442
67805 4868
67805 2929
67805 1742
67805 1319
67805 2332
67805 382
67805 2141
67805 350
67805 1213
67805 2455
67805 2292
67805 217
67805 3473
67805 2892
67805 3175
67805 1190
67805 4717
67805 1448
67805 2075
67805 1635
67805 1601
67805 3030
67805 3120
67805 2674
67805 1395
67805 1367
67805 2037
67805 783
67805 3077
67805 3149
67805 771
67805 1941
67805 2944
67805 2491
67805 146
67805 812
67805 3994
67805 4171
67805 3494
67805 2419
67805 638
67805 4043
67805 4041
67805 3438
67805 1117
67805 1531
67805 1575
67805 1885
67805 3847
67805 4073
67805 2983
67805 3184
67805 956
67805 2404
67805 1605
67805 1775
67805 1203
67805 4507
67805 616
67805 2985
67805 1215
67805 425
67805 3007
67805 2686
67805 3894
67805 4480
67805 290
67805 4315
67805 3556
67805 3416
67805 1968
67805 33
67805 3902
67805 4335
67805 1926
67805 4343
67805 303
67805 241
67805 1872
67805 1209
67805 4948
67805 3011
67805 318
67805 4125
67805 4285
67805 2735
67805 1815
67805 432
67805 1104
67805 426
67805 2594
67805 4301
67805 4688
67805 3883
67805 4609
67805 3478
67805 4569
67805 4387
67805 2349
67805 3982
67805 3858
67805 4669
67805 2347
67805 2859
67805 1492
67805 3411
67805 2913
67805 2550
67805 3041
67805 4927
67805 1545
67805 3121
67805 3652
67805 2645
67805 4024
67805 1709
67805 4737
67805 1025
67805 4638
67805 4146
67805 3125
67805 4643
67805 415
67805 3472
67805 2906
67805 4811
67805 2698
67805 3774
67805 1615
67805 1003
67805 4019
67805 3666
67805 3573
67805 3878
67805 2193
67805 2008
67805 1600
67805 2936
67805 4996
67805 1540
67805 3953
67805 1095
67805 3247
67805 1820
67805 2126
67805 3057
67805 1098
67805 2324
67805 3810
67805 2839
67805 1396
67805 847
67805 1476
67805 804
67805 3332
67805 4397
67805 2025
67805 3444
67805 3708
67805 4247
67805 650
67805 2447
67805 2071
67805 2319
67805 2437
67805 4865
67805 2454
67805 1992
67805 743
67805 1030
67805 4185
67805 1803
67805 1609
67805 270
67805 419
67805 3226
67805 1418
67805 1985
67805 2400
67805 1596
67805 2660
67805 737
67805 855
67805 2774
67805 4396
67805 3508
67805 4459
67805 2991
67805 1656
67805 218
67805 1838
67805 3536
67805 3870
67805 3753
67805 4595
67805 1264
67805 4345
67805 1350
67805 264
67805 2949
67805 301
67805 3336
67805 2823
67805 3738
67805 949
67805 780
67805 2678
67805 3395
67805 173
67805 3139
67805 3798
67805 3374
67805 4995
67805 4427
67805 2327
67805 829
67805 449
67805 3409
67805 2190
67805 1976
67805 3941
67805 4433
67805 4697
67805 4217
67805 2282
67805 1794
67805 462
67805 3303
67805 2048
67805 4981
67805 3974
67805 440
67805 1066
67805 3819
67805 286
67805 565
67805 161
67805 1960
67805 3084
67805 2947
67805 4782
67805 1582
67805 1262
67805 4760
67805 1544
67805 1917
67805 3619
67805 235
67805 817
67805 3944
67805 516
67805 1078
67805 2010
67805 3350
67805 935
67805 3167
67805 3763
67805 2675
67805 59
67805 2259
67805 2401
67805 3602
67805 1865
67805 221
67805 3861
67805 4978
67805 2294
67805 2851
67805 4514
67805 2712
67805 3645
67805 3766
67805 2571
67805 2113
67805 4583
67805 779
67805 1332
67805 914
67805 2284
67805 1761
67805 517
67805 2624
67805 1667
67805 1334
67805 410
67805 1990
67805 334
67805 3137
67805 3520
67805 2923
67805 3468
67805 3110
67805 2078
67805 3685
67805 4662
67805 3589
67805 2502
67805 950
67805 4060
67805 4871
67805 3225
67805 4029
67805 595
67805 251
67805 1359
67805 769
67805 2532
67805 778
67805 3022
67805 2122
67805 3190
67805 1523
67805 3990
67805 4702
67805 2280
67805 4151
67805 2196
67805 1471
67805 1481
67805 3333
67805 2835
67805 653
67805 1125
67805 4131
67805 3487
67805 2289
67805 4436
67805 3382
67805 4910
67805 2828
67805 131
67805 3638
67805 1870
67805 66
67805 3201
67805 4196
67805 1064
67805 3525
67805 3218
67805 966
67805 3892
67805 1371
67805 3554
67805 2254
67805 1479
67805 4400
67805 1566
67805 4464
67805 2228
67805 2499
67805 2246
67805 1291
67805 850
67805 206
67805 4719
67805 897
67805 1750
67805 677
67805 1389
67805 2805
67805 2209
67805 4075
67805 56
67805 2507
67805 4454
67805 3735
67805 3568
67805 4921
67805 4825
67805 3637
67805 1175
67805 1849
67805 4201
67805 3555
67805 316
67805 3875
67805 1016
67805 2951
67805 4783
67805 3497
67805 1282
67805 1522
67805 2176
67805 4545
67805 3639
67805 4429
67805 1180
67805 709
67805 3985
67805 3963
67805 2659
67805 397
67805 4299
67805 233
67805 4409
67805 2655
67805 365
67805 2019
67805 3040
67805 1518
67805 3309
67805 496
67805 4708
67805 134
67805 3146
67805 4430
67805 1785
67805 1795
67805 204
67805 4698
67805 2652
67805 1100
67805 2407
67805 2223
67805 2566
67805 974
67805 3182
67805 291
67805 4398
67805 637
67805 1211
67805 4535
67805 2154
67805 1538
67805 2029
67805 3131
67805 2047
67805 1560
67805 553
67805 3203
67805 873
67805 4711
67805 4585
67805 3801
67805 615
67805 300
67805 1252
67805 1715
67805 700
67805 1675
67805 4778
67805 776
67805 4499
67805 317
67805 4129
67805 135
67805 2609
67805 4481
67805 331
67805 2811
67805 3005
67805 2333
67805 1763
67805 3325
67805 3142
67805 2998
67805 1847
67805 439
67805 1444
67805 2580
67805 1458
67805 3600
67805 2021
67805 3004
67805 2702
67805 2441
67805 2314
67805 3098
67805 4279
67805 3591
67805 1216
67805 827
67805 4371
67805 3857
67805 2772
67805 4058
67805 3375
67805 2076
67805 3991
67805 2879
67805 1225
67805 4154
67805 1844
67805 4705
67805 4727
67805 1664
67805 883
67805 4567
67805 959
67805 3163
67805 2574
67805 3294
67805 1055
67805 2938
67805 4647
67805 1981
67805 4288
67805 3384
67805 4256
67805 1403
67805 1660
67805 756
67805 3461
67805 4590
67805 4544
67805 2344
67805 4867
67805 3725
67805 1090
67805 4563
67805 3338
67805 3545
67805 1543
67805 3263
67805 2584
67805 2247
67805 1155
67805 1984
67805 4394
67805 4238
67805 4482
67805 3238
67805 4470
67805 4275
67805 3569
67805 498
67805 3928
67805 2414
67805 1207
67805 368
67805 304
67805 4751
67805 4713
67805 2067
67805 3362
67805 825
67805 2458
67805 4274
67805 633
67805 1106
67805 694
67805 19
67805 4428
67805 4056
67805 2162
67805 2510
67805 760
67805 76
67805 1143
67805 3055
67805 2207
67805 1483
67805 2965
67805 965
67805 3590
67805 4564
67805 4533
67805 4824
67805 4137
67805 3657
67805 4179
67805 1630
67805 1591
67805 3706
67805 519
67805 2077
67805 573
67805 3342
67805 691
67805 2173
67805 4448
67805 2461
67805 941
67805 3767
67805 4487
67805 3245
67805 4790
67805 3643
67805 703
67805 3087
67805 2648
67805 1134
67805 3272
67805 3712
67805 1092
67805 4362
67805 3205
67805 4471
67805 1961
67805 4998
67805 1607
67805 2059
67805 1943
67805 4438
67805 1108
67805 1541
67805 806
67805 831
67805 2697
67805 307
67805 497
67805 4982
67805 4528
67805 4493
67805 2905
67805 3073
67805 3100
67805 4654
67805 2412
67805 3742
67805 3621
67805 1172
67805 3013
67805 2137
67805 3900
67805 3280
67805 1012
67805 1707
67805 11
67805 1234
67805 1905
67805 1069
67805 3345
67805 4885
67805 2117
67805 2863
67805 3477
67805 2578
67805 2290
67805 4085
67805 955
67805 2340
67805 1141
67805 4406
67805 2240
67805 2015
67805 1843
67805 2746
67805 899
67805 1067
67805 2375
67805 2431
67805 3358
67805 451
67805 3938
67805 1410
67805 2271
67805 4655
67805 2668
67805 203
67805 3133
67805 4175
67805 887
67805 3980
67805 871
67805 1300
67805 993
67805 42
67805 1902
67805 3879
67805 3791
67805 2838
67805 2656
67805 2865
67805 1151
67805 186
67805 1629
67805 1863
67805 3551
67805 3148
67805 3381
67805 3523
67805 3348
67805 1983
67805 4864
67805 3151
67805 4513
67805 4363
67805 4884
67805 1514
67805 1128
67805 3609
67805 4891
67805 1024
67805 2858
67805 2995
67805 80
67805 193
67805 407
67805 223
67805 2721
67805 2476
67805 249
67805 1949
67805 2626
67805 2464
67805 2467
67805 3178
67805 282
67805 922
67805 3889
67805 13
67805 4034
67805 4975
67805 596
67805 3240
67805 1230
67805 4694
67805 3620
67805 343
67805 444
67805 3505
67805 3156
67805 2793
67805 1354
67805 3006
67805 1731
67805 2935
67805 564
67805 510
67805 3635
67805 396
67805 727
67805 3780
67805 3584
67805 3869
67805 3741
67805 755
67805 2158
67805 2766
67805 3379
67805 1253
67805 1022
67805 1119
67805 2266
67805 577
67805 3267
67805 1338
67805 3528
67805 3083
67805 3310
67805 4819
67805 4015
67805 4882
67805 2334
67805 1604
67805 4916
67805 2888
67805 2130
67805 4079
67805 3815
67805 4083
67805 4793
67805 168
67805 4104
67805 734
67805 4731
67805 72
67805 296
67805 587
67805 715
67805 2069
67805 2279
67805 2925
67805 3995
67805 1288
67805 3636
67805 790
67805 951
67805 2479
67805 2473
67805 811
67805 4393
67805 622
67805 93
67805 1689
67805 4078
67805 353
67805 1525
67805 697
67805 2765
67805 1994
67805 4350
67805 1148
67805 3755
67805 1864
67805 836
67805 3192
67805 1014
67805 506
67805 3282
67805 3896
67805 4611
67805 636
67805 3895
67805 3942
67805 3232
67805 3265
67805 4466
67805 2205
67805 4553
67805 2958
67805 147
67805 3210
67805 916
67805 1442
67805 2760
67805 3752
67805 374
67805 4251
67805 3606
67805 2962
67805 495
67805 220
67805 198
67805 4252
67805 1383
67805 2044
67805 4875
67805 4187
67805 4080
67805 4206
67805 2325
67805 3064
67805 1369
67805 2907
67805 1163
67805 4432
67805 4270
67805 795
67805 4928
67805 2004
67805 4356
67805 1720
67805 3884
67805 67
67805 1818
67805 4541
67805 423
67805 97
67805 3814
67805 1995
67805 4291
67805 1351
67805 3231
67805 1936
67805 1642
67805 4625
67805 4365
67805 4257
67805 4489
67805 938
67805 4525
67805 3204
67805 3860
67805 4642
67805 4686
67805 1062
67805 2861
67805 2554
67805 2310
67805 4314
67805 1346
67805 2778
67805 2498
67805 461
67805 400
67805 2653
67805 3851
67805 105
67805 2679
67805 4118
67805 520
67805 4312
67805 4195
67805 2587
67805 4802
67805 1228
67805 4837
67805 4946
67805 2256
67805 1880
67805 108
67805 3732
67805 1292
67805 4086
67805 1220
67805 268
67805 2608
67805 761
67805 3630
67805 4404
67805 3676
67805 4500
67805 3937
67805 3986
67805 170
67805 3730
67805 3159
67805 762
67805 2857
67805 391
67805 1683
67805 2295
67805 1740
67805 4994
67805 2654
67805 2699
67805 3426
67805 297
67805 1595
67805 919
67805 1909
67805 4076
67805 2451
67805 4637
67805 2285
67805 2170
67805 521
67805 3782
67805 3387
67805 4053
67805 1045
67805 3572
67805 4216
67805 4176
67805 4581
67805 4788
67805 4532
67805 1405
67805 472
67805 1586
67805 3718
67805 4405
67805 2390
67805 1738
67805 639
67805 4044
67805 2085
67805 4293
67805 3372
67805 931
67805 4501
67805 2123
67805 3923
67805 997
67805 1464
67805 4097
67805 2804
67805 3217
67805 3425
67805 816
67805 3603
67805 376
67805 158
67805 767
67805 4523
67805 1788
67805 2614
67805 2465
67805 4644
67805 3668
67805 4495
67805 3719
67805 2924
67805 2278
67805 802
67805 4281
67805 2757
67805 40
67805 3660
67805 3446
67805 324
67805 4984
67805 3470
67805 4172
67805 4767
67805 3183
67805 3187
67805 874
67805 563
67805 1520
67805 2513
67805 325
67805 2893
67805 1801
67805 380
67805 1585
67805 2980
67805 3876
67805 1000
67805 4462
67805 4740
67805 1504
67805 1903
67805 4980
67805 1686
67805 3502
67805 1548
67805 1806
67805 4067
67805 2485
67805 2770
67805 4935
67805 1999
67805 4844
67805 2701
67805 585
67805 1490
67805 4624
67805 1281
67805 2436
67805 2542
67805 1946
67805 4675
67805 1484
67805 109
67805 4750
67805 4267
67805 2212
67805 1042
67805 1005
67805 2239
67805 3050
67805 3298
67805 2034
67805 36
67805 1921
67805 4953
67805 1580
67805 163
67805 2939
67805 4161
67805 3399
67805 2362
67805 3349
67805 885
67805 868
67805 2634
67805 4876
67805 4639
67805 4938
67805 3702
67805 1918
67805 2707
67805 2221
67805 2662
67805 2383
67805 2348
67805 757
67805 4560
67805 1059
67805 2478
67805 1101
67805 3677
67805 3593
67805 69
67805 1884
67805 2922
67805 4334
67805 133
67805 675
67805 4626
67805 1869
67805 1839
67805 4295
67805 4114
67805 3214
67805 980
67805 2852
67805 4602
67805 1173
67805 17
67805 3901
67805 1352
67805 1435
67805 4318
67805 1784
67805 1032
67805 4549
67805 2449
67805 3617
67805 4045
67805 3407
67805 2483
67805 4659
67805 87
67805 4628
67805 1597
67805 4666
67805 3044
67805 2796
67805 4164
67805 2287
67805 3436
67805 692
67805 4229
67805 2802
67805 4764
67805 3295
67805 4460
67805 3683
67805 4496
67805 2846
67805 3299
67805 3854
67805 4141
67805 3235
67805 1911
67805 1853
67805 3697
67805 3882
67805 1441
67805 4305
67805 2767
67805 3274
67805 3366
67805 3748
67805 1965
67805 2088
67805 3975
67805 289
67805 2806
67805 662
67805 2727
67805 549
67805 2481
67805 484
67805 4052
67805 1733
67805 398
67805 2163
67805 2399
67805 2178
67805 2365
67805 2677
67805 1401
67805 2692
67805 116
67805 467
67805 4084
67805 863
67805 1895
67805 4331
67805 4208
67805 197
67805 1919
67805 1519
67805 923
67805 1696
67805 4738
67805 3365
67805 73
67805 2018
67805 990
67805 1459
67805 3441
67805 508
67805 1744
67805 1266
67805 2302
67805 4635
67805 631
67805 745
67805 2230
67805 1259
67805 1998
67805 63
67805 581
67805 1485
67805 1174
67805 110
67805 1440
67805 3674
67805 361
67805 4209
67805 1009
67805 3216
67805 1877
67805 1427
67805 2842
67805 2688
67805 1588
67805 4139
67805 2742
67805 166
67805 1956
67805 4218
67805 507
67805 4511
67805 128
67805 4987
67805 3868
67805 1797
67805 766
67805 2402
67805 274
67805 3415
67805 1979
67805 306
67805 4130
67805 4330
67805 1774
67805 4926
67805 3414
67805 3060
67805 3739
67805 685
67805 4457
67805 2841
67805 1633
67805 4106
67805 975
67805 3152
67805 3402
67805 2180
67805 3260
67805 1446
67805 1746
67805 3317
67805 4832
67805 2706
67805 986
67805 371
67805 3563
67805 2713
67805 253
67805 3604
67805 178
67805 1278
67805 2990
67805 688
67805 2845
67805 4322
67805 1889
67805 2883
67805 1214
67805 2869
67805 2434
67805 3898
67805 3113
67805 3078
67805 3471
67805 3681
67805 3848
67805 3627
67805 329
67805 1179
67805 3664
67805 1608
67805 1982
67805 2515
67805 4113
67805 4960
67805 2809
67805 2577
67805 4781
67805 3597
67805 1854
67805 3165
67805 3689
67805 973
67805 3136
67805 4415
67805 3049
67805 2148
67805 2456
67805 4956
67805 414
67805 4162
67805 608
67805 4153
67805 3406
67805 3964
67805 3575
67805 1323
67805 3948
67805 4144
67805 4503
67805 1433
67805 2853
67805 4090
67805 535
67805 985
67805 713
67805 2602
67805 3822
67805 4194
67805 377
67805 1231
67805 2224
67805 2329
67805 1049
67805 3503
67805 2635
67805 1728
67805 4849
67805 1572
67805 632
67805 4555
67805 2337
67805 335
67805 2313
67805 4712
67805 1556
67805 1422
67805 1387
67805 702
67805 1114
67805 4212
67805 1832
67805 4521
67805 1268
67805 1120
67805 987
67805 2747
67805 2000
67805 3031
67805 1978
67805 4382
67805 1804
67805 2585
67805 1303
67805 44
67805 4219
67805 4566
67805 3887
67805 3101
67805 4931
67805 4735
67805 4895
67805 4215
67805 3909
67805 921
67805 1862
67805 2988
67805 2482
67805 1578
67805 4538
67805 3257
67805 2783
67805 2801
67805 4126
67805 3700
67805 942
67805 2277
67805 3170
67805 2353
67805 3907
67805 4435
67805 4604
67805 1150
67805 389
67805 999
67805 2426
67805 2560
67805 4107
67805 4051
67805 1876
67805 1227
67805 673
67805 2415
67805 2328
67805 3787
67805 2346
67805 3072
67805 2874
67805 31
67805 710
67805 1705
67805 34
67805 3262
67805 4848
67805 3173
67805 1449
67805 3042
67805 704
67805 1084
67805 3043
67805 4001
67805 2640
67805 1191
67805 4416
67805 1039
67805 1048
67805 48
67805 2710
67805 4204
67805 3924
67805 1314
67805 3393
67805 4506
67805 2734
67805 2880
67805 177
67805 1470
67805 50
67805 891
67805 3960
67805 655
67805 4413
67805 4572
67805 2363
67805 2238
67805 1028
67805 3261
67805 468
67805 3141
67805 4944
67805 3799
67805 2335
67805 2296
67805 4465
67805 4111
67805 3490
67805 4721
67805 3093
67805 4089
67805 2636
67805 1677
67805 2
67805 4907
67805 2931
67805 4951
67805 4893
67805 3047
67805 3587
67805 399
67805 4773
67805 55
67805 3466
67805 3743
67805 1500
67805 3885
67805 379
67805 4283
67805 2462
67805 402
67805 422
67805 998
67805 3715
67805 321
67805 3826
67805 1622
67805 1430
67805 1599
67805 3727
67805 1881
67805 45
67805 3506
67805 1238
67805 3993
67805 1286
67805 3535
67805 2003
67805 3648
67805 3811
67805 2915
67805 4860
67805 3865
67805 169
67805 3385
67805 4402
67805 2045
67805 3419
67805 3770
67805 954
67805 1313
67805 3658
67805 1222
67805 2771
67805 4744
67805 2788
67805 3256
67805 1465
67805 1602
67805 628
67805 3513
67805 1891
67805 602
67805 4233
67805 4003
67805 1010
67805 3118
67805 4939
67805 4630
67805 4412
67805 3408
67805 2664
67805 698
67805 2073
67805 418
67805 4641
67805 800
67805 4651
67805 1879
67805 1169
67805 4184
67805 4682
67805 2533
67805 1856
67805 2012
67805 1309
67805 4124
67805 3410
67805 3820
67805 28
67805 1927
67805 4739
67805 1964
67805 4401
67805 3017
67805 2503
67805 2155
67805 3029
67805 3367
67805 948
67805 477
67805 1337
67805 1526
67805 1348
67805 2764
67805 4272
5000 100000 5000
411 77620
2666 77620
2089 77620
1380 77620
1411 77620
4352 77620
2406 77620
4264 77620
3393 77620
3638 77620
3615 77620
968 77620
3782 77620
3639 77620
2978 77620
90 77620
3261 77620
1621 77620
4964 77620
4268 77620
4675 77620
581 77620
4126 77620
213 77620
3792 77620
1153 77620
2640 77620
3489 77620
3605 77620
740 77620
2490 77620
1388 77620
1204 77620
4320 77620
1703 77620
2803 77620
1442 77620
3053 77620
3140 77620
4526 77620
3085 77620
746 77620
3808 77620
3569 77620
898 77620
1022 77620
3529 77620
4759 77620
471 77620
952 77620
2544 77620
4841 77620
1020 77620
1882 77620
1120 77620
4483 77620
4585 77620
1793 77620
131 77620
2942 77620
2552 77620
1624 77620
3070 77620
4818 77620
700 77620
1226 77620
820 77620
2613 77620
2839 77620
621 77620
4606 77620
3002 77620
4677 77620
237 77620
4933 77620
2788 77620
4932 77620
2494 77620
4156 77620
1544 77620
2228 77620
4356 77620
3597 77620
2268 77620
441 77620
3897 77620
1294 77620
2571 77620
4574 77620
1511 77620
2030 77620
30 77620
1642 77620
4314 77620
2549 77620
1954 77620
1466 77620
493 77620
3293 77620
2741 77620
2331 77620
4003 77620
2982 77620
3901 77620
4612 77620
1919 77620
1015 77620
930 77620
4170 77620
3867 77620
4906 77620
2829 77620
51 77620
91 77620
1602 77620
3473 77620
652 77620
1876 77620
2565 77620
851 77620
1154 77620
2759 77620
4312 77620
903 77620
1548 77620
1601 77620
3687 77620
3141 77620
1723 77620
3509 77620
4713 77620
2543 77620
3186 77620
3327 77620
2863 77620
1123 77620
567 77620
2671 77620
3979 77620
1594 77620
2878 77620
3513 77620
2812 77620
4969 77620
1182 77620
3596 77620
306 77620
4549 77620
2367 77620
3658 77620
955 77620
1869 77620
2376 77620
537 77620
3011 77620
943 77620
2862 77620
4384 77620
2186 77620
97 77620
3912 77620
1083 77620
396 77620
4246 77620
2938 77620
1206 77620
4203 77620
3168 77620
4836 77620
4231 77620
4015 77620
2283 77620
292 77620
3125 77620
4036 77620
3142 77620
1469 77620
1458 77620
1741 77620
2119 77620
1551 77620
2357 77620
3812 77620
688 77620
4844 77620
1668 77620
2074 77620
3864 77620
204 77620
3151 77620
3777 77620
798 77620
462 77620
2945 77620
369 77620
3314 77620
3288 77620
2328 77620
641 77620
4987 77620
4338 77620
28 77620
1988 77620
1663 77620
1287 77620
1597 77620
3089 77620
22 77620
987 77620
4305 77620
2990 77620
4421 77620
2876 77620
128 77620
3524 77620
1498 77620
2202 77620
1815 77620
3016 77620
1097 77620
4782 77620
4644 77620
1457 77620
2670 77620
428 77620
2791 77620
3765 77620
4039 77620
3837 77620
3250 77620
1562 77620
2325 77620
3172 77620
3446 77620
2797 77620
4324 77620
2336 77620
4637 77620
2735 77620
4722 77620
3843 77620
4021 77620
1487 77620
3520 77620
3029 77620
3729 77620
4175 77620
1089 77620
866 77620
244 77620
1268 77620
1779 77620
3077 77620
1174 77620
2395 77620
2075 77620
1910 77620
3164 77620
1759 77620
1361 77620
861 77620
2682 77620
4447 77620
1746 77620
4336 77620
3351 77620
4725 77620
219 77620
2600 77620
750 77620
3819 77620
2046 77620
3657 77620
3464 77620
3386 77620
1785 77620
3576 77620
4080 77620
450 77620
238 77620
3832 77620
1518 77620
1021 77620
1324 77620
4075 77620
3481 77620
972 77620
3218 77620
1100 77620
1942 77620
4910 77620
683 77620
2521 77620
2946 77620
571 77620
4417 77620
896 77620
3928 77620
2438 77620
2869 77620
1235 77620
3290 77620
302 77620
3381 77620
608 77620
2845 77620
495 77620
3217 77620
4799 77620
1590 77620
1310 77620
1861 77620
1482 77620
693 77620
2286 77620
4385 77620
1048 77620
1387 77620
121 77620
1936 77620
2653 77620
4072 77620
4412 77620
1277 77620
1098 77620
4552 77620
2129 77620
1329 77620
4963 77620
3467 77620
4234 77620
1528 77620
2114 77620
1735 77620
3020 77620
3978 77620
2225 77620
3521 77620
1609 77620
3652 77620
4681 77620
588 77620
4148 77620
4431 77620
1755 77620
3679 77620
4785 77620
2440 77620
973 77620
1177 77620
2810 77620
4269 77620
4881 77620
3280 77620
2025 77620
2167 77620
4534 77620
4153 77620
2413 77620
3173 77620
3752 77620
2738 77620
1510 77620
102 77620
4913 77620
2917 77620
413 77620
58 77620
4106 77620
2846 77620
1449 77620
4752 77620
2488 77620
3612 77620
4700 77620
3834 77620
2151 77620
2340 77620
3210 77620
3889 77620
3796 77620
3425 77620
4132 77620
961 77620
415 77620
3655 77620
1591 77620
4956 77620
3773 77620
1224 77620
771 77620
603 77620
1998 77620
1851 77620
3781 77620
503 77620
4544 77620
2984 77620
3636 77620
4135 77620
2641 77620
4522 77620
704 77620
552 77620
3892 77620
3938 77620
2712 77620
4197 77620
3543 77620
3884 77620
616 77620
3667 77620
4588 77620
2210 77620
2032 77620
3420 77620
4758 77620
3014 77620
4604 77620
1767 77620
3080 77620
1698 77620
2348 77620
4724 77620
4611 77620
2013 77620
4512 77620
11 77620
2244 77620
4303 77620
4064 77620
124 77620
105 77620
2961 77620
3135 77620
4273 77620
3774 77620
3215 77620
3594 77620
4763 77620
4905 77620
2448 77620
469 77620
4012 77620
4779 77620
8 77620
576 77620
2069 77620
940 77620
2668 77620
4242 77620
164 77620
2431 77620
3322 77620
4348 77620
4087 77620
579 77620
3124 77620
4116 77620
4212 77620
4238 77620
1384 77620
4345 77620
3445 77620
3903 77620
2801 77620
1659 77620
2300 77620
640 77620
2461 77620
4119 77620
192 77620
2707 77620
2197 77620
255 77620
1777 77620
2285 77620
168 77620
590 77620
4533 77620
4930 77620
4440 77620
874 77620
4066 77620
2859 77620
322 77620
3758 77620
4786 77620
3551 77620
4410 77620
3086 77620
422 77620
1026 77620
2206 77620
793 77620
613 77620
2985 77620
77 77620
1930 77620
2530 77620
1416 77620
4915 77620
4476 77620
2036 77620
4595 77620
3083 77620
2619 77620
1552 77620
1630 77620
2360 77620
3692 77620
2465 77620
1674 77620
4809 77620
3685 77620
2429 77620
630 77620
4649 77620
229 77620
1038 77620
3476 77620
4924 77620
385 77620
4954 77620
477 77620
2466 77620
4851 77620
1580 77620
2077 77620
3458 77620
3395 77620
4608 77620
2106 77620
2795 77620
3337 77620
2446 77620
4773 77620
3040 77620
264 77620
2432 77620
2617 77620
1914 77620
3449 77620
753 77620
3276 77620
2881 77620
2349 77620
2634 77620
2500 77620
4981 77620
4792 77620
2388 77620
1037 77620
2968 77620
922 77620
406 77620
4714 77620
1833 77620
3956 77620
4831 77620
887 77620
4787 77620
1574 77620
209 77620
620 77620
4251 77620
1645 77620
1620 77620
2276 77620
310 77620
1074 77620
1625 77620
1863 77620
2540 77620
1535 77620
1516 77620
1232 77620
1837 77620
1314 77620
4349 77620
956 77620
900 77620
4919 77620
978 77620
3160 77620
1790 77620
2888 77620
4442 77620
2545 77620
2301 77620
3030 77620
4816 77620
2723 77620
1915 77620
1538 77620
4742 77620
3483 77620
4568 77620
467 77620
1987 77620
904 77620
4263 77620
4770 77620
2871 77620
4050 77620
729 77620
3983 77620
2761 77620
2847 77620
1366 77620
3872 77620
352 77620
1014 77620
918 77620
1902 77620
1962 77620
88 77620
1912 77620
4835 77620
3607 77620
3436 77620
4741 77620
1103 77620
1513 77620
425 77620
678 77620
3854 77620
1959 77620
2661 77620
1586 77620
2101 77620
1169 77620
4398 77620
4942 77620
3559 77620
1257 77620
4855 77620
4403 77620
1096 77620
3549 77620
3704 77620
4130 77620
245 77620
3739 77620
1599 77620
1483 77620
4136 77620
1719 77620
4997 77620
1213 77620
1472 77620
4399 77620
2342 77620
4400 77620
3712 77620
3870 77620
2534 77620
4691 77620
232 77620
1011 77620
4427 77620
3181 77620
1306 77620
3345 77620
1424 77620
155 77620
391 77620
1400 77620
4541 77620
357 77620
4950 77620
920 77620
3755 77620
2602 77620
4582 77620
337 77620
3627 77620
1911 77620
2034 77620
399 77620
2821 77620
2347 77620
889 77620
458 77620
1434 77620
4468 77620
4680 77620
917 77620
4690 77620
4944 77620
3323 77620
3958 77620
1349 77620
4049 77620
2317 77620
4055 77620
4262 77620
3287 77620
3619 77620
3910 77620
71 77620
1792 77620
2631 77620
2211 77620
2260 77620
4430 77620
3440 77620
786 77620
4684 77620
4985 77620
4031 77620
2130 77620
284 77620
1572 77620
1238 77620
3957 77620
535 77620
3599 77620
2700 77620
4211 77620
2572 77620
4023 77620
697 77620
542 77620
1994 77620
1948 77620
453 77620
1570 77620
1292 77620
4645 77620
522 77620
2638 77620
4129 77620
637 77620
734 77620
3850 77620
2482 77620
4272 77620
1781 77620
3503 77620
3347 77620
932 77620
4161 77620
4820 77620
4895 77620
1127 77620
3818 77620
673 77620
1210 77620
2113 77620
10 77620
393 77620
1249 77620
2548 77620
1231 77620
45 77620
3555 77620
3508 77620
4182 77620
2732 77620
2625 77620
3279 77620
3267 77620
1686 77620
2633 77620
2439 77620
3411 77620
2207 77620
390 77620
3317 77620
294 77620
4097 77620
3199 77620
4532 77620
3475 77620
4217 77620
4443 77620
1633 77620
2242 77620
1925 77620
3249 77620
681 77620
3128 77620
1564 77620
3004 77620
4461 77620
2255 77620
4957 77620
1974 77620
733 77620
2932 77620
4559 77620
440 77620
3566 77620
768 77620
2740 77620
1101 77620
3546 77620
1654 77620
4424 77620
3680 77620
1023 77620
4277 77620
4676 77620
1393 77620
2131 77620
1140 77620
4940 77620
3730 77620
2569 77620
807 77620
401 77620
4899 77620
2368 77620
3716 77620
553 77620
1571 77620
611 77620
4970 77620
4938 77620
520 77620
252 77620
3333 77620
2659 77620
2690 77620
804 77620
3724 77620
843 77620
3264 77620
836 77620
2536 77620
3315 77620
4918 77620
696 77620
657 77620
650 77620
1677 77620
3301 77620
1938 77620
1070 77620
4389 77620
1476 77620
21 77620
3620 77620
551 77620
1125 77620
3849 77620
159 77620
549 77620
1368 77620
4937 77620
1618 77620
4096 77620
214 77620
977 77620
2422 77620
3907 77620
2511 77620
1673 77620
953 77620
3429 77620
4507 77620
4026 77620
4663 77620
4070 77620
2702 77620
660 77620
1110 77620
268 77620
2809 77620
3095 77620
3134 77620
1383 77620
3389 77620
1704 77620
2885 77620
3138 77620
3548 77620
885 77620
2397 77620
1982 77620
3114 77620
3434 77620
3225 77620
1736 77620
659 77620
505 77620
2305 77620
2752 77620
3470 77620
1207 77620
80 77620
833 77620
1060 77620
4570 77620
1640 77620
3598 77620
980 77620
2533 77620
4092 77620
792 77620
3697 77620
3310 77620
199 77620
242 77620
1969 77620
75 77620
4594 77620
1530 77620
4508 77620
1189 77620
679 77620
597 77620
4688 77620
4524 77620
2911 77620
2014 77620
4481 77620
3501 77620
4118 77620
2486 77620
4376 77620
517 77620
2811 77620
4155 77620
2402 77620
2165 77620
4775 77620
976 77620
2163 77620
3851 77620
285 77620
1252 77620
3770 77620
1892 77620
33 77620
3022 77620
2656 77620
1830 77620
3779 77620
1342 77620
3000 77620
3255 77620
4053 77620
4866 77620
2048 77620
1894 77620
2630 77620
3311 77620
2725 77620
3493 77620
4548 77620
4733 77620
1582 77620
1888 77620
3180 77620
698 77620
179 77620
2456 77620
1438 77620
2278 77620
3751 77620
3174 77620
3122 77620
2875 77620
2470 77620
319 77620
4553 77620
115 77620
4367 77620
1989 77620
4764 77620
1509 77620
3194 77620
269 77620
2555 77620
2781 77620
4395 77620
2967 77620
3195 77620
4802 77620
1159 77620
3550 77620
1867 77620
3462 77620
3487 77620
1520 77620
4374 77620
2756 77620
4401 77620
2355 77620
3746 77620
3574 77620
4673 77620
4233 77620
2141 77620
2563 77620
1 77620
2133 77620
437 77620
3428 77620
1711 77620
4685 77620
3942 77620
2516 77620
2636 77620
1749 77620
526 77620
3996 77620
4666 77620
4734 77620
1076 77620
2807 77620
3718 77620
3930 77620
2153 77620
375 77620
386 77620
4495 77620
61 77620
1515 77620
2084 77620
769 77620
4279 77620
2217 77620
1789 77620
1280 77620
913 77620
2763 77620
562 77620
558 77620
2451 77620
2710 77620
3350 77620
1336 77620
4547 77620
2267 77620
2505 77620
3824 77620
4082 77620
4122 77620
1977 77620
3354 77620
757 77620
3771 77620
882 77620
4493 77620
2219 77620
4109 77620
4488 77620
1484 77620
1763 77620
3426 77620
4283 77620
1248 77620
3455 77620
1961 77620
1970 77620
3207 77620
4861 77620
1385 77620
3324 77620
3416 77620
1756 77620
1146 77620
3205 77620
4032 77620
3361 77620
3274 77620
1299 77620
1419 77620
1758 77620
871 77620
342 77620
3558 77620
2279 77620
4951 77620
1247 77620
3847 77620
2923 77620
2560 77620
4702 77620
2904 77620
272 77620
1634 77620
382 77620
4999 77620
4871 77620
3391 77620
483 77620
4501 77620
2044 77620
4712 77620
1428 77620
1069 77620
3622 77620
1289 77620
2929 77620
2213 77620
811 77620
3256 77620
4808 77620
4347 77620
181 77620
3081 77620
2683 77620
4620 77620
1175 77620
4402 77620
119 77620
3925 77620
4657 77620
936 77620
3696 77620
463 77620
521 77620
2664 77620
2313 77620
1583 77620
2972 77620
4117 77620
4925 77620
3663 77620
4237 77620
2998 77620
2497 77620
34 77620
2090 77620
2853 77620
1857 77620
1522 77620
4125 77620
42 77620
948 77620
2626 77620
2183 77620
1543 77620
1743 77620
2358 77620
563 77620
4800 77620
3926 77620
4815 77620
328 77620
39 77620
403 77620
2209 77620
4299 77620
3031 77620
4837 77620
2327 77620
1049 77620
1065 77620
400 77620
1322 77620
173 77620
4110 77620
2289 77620
2216 77620
2346 77620
4007 77620
2920 77620
2004 77620
43 77620
2743 77620
1727 77620
3460 77620
4777 77620
3212 77620
2674 77620
2535 77620
2364 77620
3144 77620
3353 77620
1856 77620
370 77620
1937 77620
1145 77620
1963 77620
649 77620
2992 77620
795 77620
714 77620
4531 77620
2777 77620
253 77620
699 77620
2522 77620
2969 77620
4565 77620
353 77620
3221 77620
4018 77620
1501 77620
4027 77620
4563 77620
668 77620
1118 77620
2199 77620
3064 77620
1134 77620
2087 77620
4147 77620
2096 77620
3260 77620
2588 77620
1047 77620
3515 77620
2462 77620
2386 77620
782 77620
3146 77620
1418 77620
1198 77620
1739 77620
4965 77620
4300 77620
1390 77620
4258 77620
989 77620
2381 77620
1086 77620
4254 77620
78 77620
1826 77620
1853 77620
4256 77620
4922 77620
2408 77620
1871 77620
2523 77620
4678 77620
3703 77620
2007 77620
2936 77620
1212 77620
3302 77620
3424 77620
4196 77620
1178 77620
1950 77620
3024 77620
1317 77620
416 77620
3008 77620
4530 77620
3556 77620
3349 77620
41 77620
3586 77620
1828 77620
1432 77620
1676 77620
254 77620
910 77620
674 77620
24 77620
3073 77620
2158 77620
3373 77620
94 77620
4886 77620
1040 77620
3727 77620
3259 77620
3582 77620
3423 77620
4868 77620
4789 77620
1312 77620
3495 77620
731 77620
4876 77620
853 77620
784 77620
2115 77620
2499 77620
2868 77620
324 77620
2531 77620
3899 77620
2865 77620
3216 77620
1891 77620
3887 77620
624 77620
979 77620
2418 77620
4366 77620
1293 77620
3336 77620
466 77620
2097 77620
2092 77620
3701 77620
2830 77620
1308 77620
190 77620
3603 77620
3644 77620
3123 77620
4149 77620
2556 77620
1307 77620
2176 77620
1339 77620
2298 77620
2746 77620
2295 77620
3822 77620
419 77620
3063 77620
2814 77620
3811 77620
2201 77620
2394 77620
602 77620
858 77620
304 77620
1506 77620
4028 77620
3342 77620
3698 77620
3618 77620
3927 77620
1239 77620
3530 77620
4419 77620
2818 77620
4853 77620
4252 77620
1946 77620
1184 77620
1945 77620
4527 77620
4330 77620
1797 77620
3609 77620
4767 77620
1000 77620
3239 77620
1078 77620
4433 77620
4849 77620
4720 77620
3740 77620
4342 77620
1104 77620
455 77620
594 77620
4988 77620
1859 77620
2009 77620
222 77620
3202 77620
4971 77620
2366 77620
2608 77620
4509 77620
2380 77620
1246 77620
4576 77620
1041 77620
4104 77620
1360 77620
2161 77620
1426 77620
1990 77620
3036 77620
3197 77620
3326 77620
1949 77620
3728 77620
3810 77620
1560 77620
2080 77620
3890 77620
1179 77620
4810 77620
1338 77620
1468 77620
586 77620
4309 77620
136 77620
3472 77620
3344 77620
1504 77620
2894 77620
2138 77620
1481 77620
2274 77620
863 77620
3643 77620
4824 77620
4414 77620
666 77620
1655 77620
1193 77620
1732 77620
636 77620
4239 77620
3384 77620
1760 77620
3964 77620
1683 77620
4281 77620
4696 77620
4190 77620
2974 77620
3378 77620
4979 77620
2320 77620
3726 77620
2886 77620
1626 77620
4382 77620
257 77620
4697 77620
633 77620
3396 77620
2019 77620
367 77620
436 77620
3624 77620
2060 77620
878 77620
3190 77620
1133 77620
2987 77620
2066 77620
3670 77620
534 77620
635 77620
1577 77620
4351 77620
2657 77620
3722 77620
4429 77620
2003 77620
759 77620
890 77620
1840 77620
1259 77620
2053 77620
2745 77620
566 77620
3534 77620
3201 77620
2692 77620
4926 77620
2582 77620
846 77620
3479 77620
1992 77620
741 77620
4623 77620
3539 77620
3121 77620
2842 77620
3762 77620
1460 77620
1862 77620
4687 77620
1852 77620
548 77620
4658 77620
1803 77620
1965 77620
4784 77620
752 77620
3894 77620
142 77620
2884 77620
4506 77620
2647 77620
2815 77620
210 77620
4498 77620
1991 77620
156 77620
196 77620
373 77620
609 77620
4514 77620
1825 77620
4143 77620
1593 77620
1489 77620
4715 77620
706 77620
141 77620
4656 77620
1776 77620
827 77620
2897 77620
3547 77620
2837 77620
817 77620
2769 77620
3583 77620
3394 77620
1883 77620
3852 77620
2808 77620
3563 77620
3896 77620
1619 77620
1356 77620
117 77620
4077 77620
3343 77620
555 77620
3018 77620
656 77620
3917 77620
1196 77620
1044 77620
2892 77620
4091 77620
2751 77620
4006 77620
2722 77620
412 77620
719 77620
2311 77620
3157 77620
3068 77620
4457 77620
4047 77620
2817 77620
3748 77620
1672 77620
779 77620
1818 77620
2931 77620
835 77620
2264 77620
1302 77620
4539 77620
4387 77620
4076 77620
241 77620
16 77620
4332 77620
490 77620
2507 77620
3830 77620
1433 77620
1029 77620
3747 77620
1132 77620
1273 77620
409 77620
4113 77620
62 77620
654 77620
3527 77620
3087 77620
2953 77620
4569 77620
612 77620
3088 77620
2787 77620
849 77620
3382 77620
1199 77620
720 77620
4842 77620
847 77620
161 77620
2646 77620
3182 77620
829 77620
1009 77620
48 77620
3700 77620
4707 77620
1558 77620
132 77620
3536 77620
502 77620
3497 77620
1687 77620
2001 77620
4365 77620
3512 77620
26 77620
4227 77620
3826 77620
3048 77620
991 77620
593 77620
539 77620
1768 77620
1202 77620
4791 77620
2454 77620
1316 77620
1305 77620
4749 77620
4002 77620
2057 77620
2585 77620
4463 77620
1494 77620
796 77620
2770 77620
221 77620
3972 77620
1315 77620
2095 77620
3457 77620
2485 77620
2222 77620
2458 77620
1769 77620
3307 77620
742 77620
4288 77620
4388 77620
2913 77620
1172 77620
3007 77620
923 77620
774 77620
3364 77620
4343 77620
484 77620
1886 77620
3699 77620
3233 77620
1896 77620
4668 77620
4213 77620
3776 77620
3359 77620
1077 77620
2132 77620
1666 77620
4781 77620
2510 77620
2377 77620
1791 77620
4806 77620
3677 77620
2956 77620
1699 77620
3709 77620
3557 77620
4634 77620
1635 77620
4416 77620
230 77620
1067 77620
1399 77620
4062 77620
1909 77620
2054 77620
2135 77620
3786 77620
4561 77620
4266 77620
3588 77620
864 77620
4344 77620
599 77620
2506 77620
1382 77620
3840 77620
4052 77620
2747 77620
540 77620
1588 77620
3860 77620
1373 77620
2404 77620
4955 77620
4716 77620
1688 77620
1545 77620
2623 77620
916 77620
2344 77620
2035 77620
364 77620
1435 77620
313 77620
1715 77620
3419 77620
2726 77620
3403 77620
12 77620
4469 77620
3528 77620
1684 77620
133 77620
565 77620
559 77620
1473 77620
507 77620
481 77620
2257 77620
3398 77620
194 77620
4500 77620
662 77620
4744 77620
865 77620
4297 77620
1350 77620
2193 77620
4448 77620
186 77620
3167 77620
3127 77620
2423 77620
4302 77620
1471 77620
992 77620
2525 77620
3185 77620
4596 77620
2002 77620
2997 77620
295 77620
777 77620
2416 77620
4839 77620
3720 77620
1667 77620
4152 77620
715 77620
339 77620
1596 77620
1403 77620
4411 77620
4491 77620
772 77620
823 77620
3047 77620
480 77620
1953 77620
236 77620
167 77620
4287 77620
3937 77620
4894 77620
4041 77620
2662 77620
2017 77620
1517 77620
99 77620
2798 77620
3518 77620
1282 77620
3621 77620
2375 77620
761 77620
3059 77620
3266 77620
3785 77620
1256 77620
3208 77620
907 77620
3820 77620
4695 77620
200 77620
205 77620
211 77620
1116 77620
379 77620
529 77620
2776 77620
1201 77620
4996 77620
4877 77620
169 77620
4069 77620
2704 77620
2616 77620
4990 77620
3507 77620
4144 77620
1569 77620
578 77620
3802 77620
96 77620
4486 77620
1102 77620
4934 77620
3253 77620
4257 77620
3989 77620
1854 77620
4192 77620
1614 77620
3158 77620
443 77620
1309 77620
85 77620
3356 77620
3880 77620
2650 77620
3790 77620
4449 77620
1479 77620
3170 77620
2717 77620
1770 77620
4280 77620
4967 77620
2941 77620
1629 77620
3340 77620
3974 77620
98 77620
2374 77620
1080 77620
3469 77620
2468 77620
4984 77620
3602 77620
2730 77620
4452 77620
2146 77620
3623 77620
146 77620
2681 77620
4995 77620
1939 77620
3041 77620
1931 77620
778 77620
2509 77620
4550 77620
4255 77620
960 77620
1841 77620
876 77620
3371 77620
726 77620
3968 77620
2589 77620
454 77620
963 77620
273 77620
3500 77620
2624 77620
4761 77620
4917 77620
4221 77620
2208 77620
4245 77620
189 77620
2280 77620
1188 77620
37 77620
607 77620
3988 77620
859 77620
2433 77620
1660 77620
4766 77620
638 77620
394 77620
2758 77620
3865 77620
4709 77620
1986 77620
76 77620
3933 77620
4647 77620
4381 77620
335 77620
2654 77620
398 77620
3067 77620
2774 77620
4727 77620
3376 77620
1053 77620
4571 77620
815 77620
2160 77620
3800 77620
3665 77620
4285 77620
3857 77620
334 77620
2866 77620
1253 77620
1885 77620
4357 77620
2392 77620
4757 77620
3305 77620
2804 77620
3943 77620
343 77620
4901 77620
2834 77620
3516 77620
4141 77620
46 77620
2642 77620
1441 77620
215 77620
3404 77620
1017 77620
3604 77620
645 77620
691 77620
2196 77620
834 77620
4487 77620
2012 77620
1721 77620
365 77620
2820 77620
3735 77620
1598 77620
4235 77620
3645 77620
2568 77620
3348 77620
3224 77620
3320 77620
2024 77620
336 77620
489 77620
459 77620
3448 77620
2426 77620
3223 77620
1607 77620
1531 77620
3519 77620
3388 77620
937 77620
3341 77620
2359 77620
821 77620
1386 77620
3148 77620
4636 77620
74 77620
4581 77620
3147 77620
2365 77620
902 77620
514 77620
4465 77620
1952 77620
1359 77620
3027 77620
2178 77620
1362 77620
2040 77620
3866 77620
1323 77620
1459 77620
3204 77620
125 77620
2371 77620
2306 77620
1335 77620
2463 77620
3477 77620
2628 77620
418 77620
2581 77620
2483 77620
4210 77620
3743 77620
1708 77620
2235 77620
17 77620
1012 77620
3193 77620
4543 77620
4864 77620
970 77620
3584 77620
239 77620
3617 77620
4043 77620
3480 77620
4260 77620
240 77620
737 77620
4459 77620
1119 77620
2107 77620
3244 77620
2271 77620
575 77620
3877 77620
3152 77620
622 77620
2819 77620
4986 77620
2553 77620
1960 77620
1807 77620
2753 77620
4102 77620
1537 77620
1195 77620
1664 77620
2085 77620
2678 77620
3043 77620
2362 77620
1278 77620
2921 77620
500 77620
2031 77620
1394 77620
1046 77620
2622 77620
4632 77620
2784 77620
482 77620
4020 77620
1850 77620
4686 77620
2067 77620
799 77620
2627 77620
3839 77620
5 77620
1928 77620
4710 77620
374 77620
4626 77620
206 77620
504 77620
3176 77620
3488 77620
107 77620
1109 77620
4908 77620
3401 77620
73 77620
2021 77620
1203 77620
2727 77620
2154 77620
1934 77620
4261 77620
2117 77620
3842 77620
3169 77620
911 77620
718 77620
1526 77620
2 77620
3051 77620
850 77620
2441 77620
4854 77620
712 77620
3635 77620
4628 77620
2685 77620
4880 77620
3206 77620
1190 77620
3814 77620
1809 77620
3107 77620
1402 77620
2288 77620
3737 77620
1866 77620
4976 77620
1491 77620
3406 77620
4529 77620
3091 77620
2603 77620
2924 77620
1740 77620
4127 77620
3273 77620
4795 77620
1844 77620
3613 77620
2247 77620
4025 77620
3231 77620
114 77620
3859 77620
3139 77620
2099 77620
4350 77620
3502 77620
3963 77620
4551 77620
4290 77620
945 77620
3078 77620
4340 77620
1281 77620
2291 77620
2436 77620
323 77620
2258 77620
3656 77620
3486 77620
3188 77620
2995 77620
2764 77620
1269 77620
2028 77620
2171 77620
1622 77620
4790 77620
1180 77620
4204 77620
3338 77620
1191 77620
448 77620
4797 77620
103 77620
705 77620
2793 77620
1495 77620
1742 77620
3955 77620
3798 77620
4856 77620
2312 77620
2152 77620
544 77620
2601 77620
3768 77620
4655 77620
2750 77620
2453 77620
1747 77620
4485 77620
4923 77620
3203 77620
4081 77620
664 77620
2677 77620
648 77620
2415 77620
2401 77620
485 77620
265 77620
69 77620
1168 77620
2959 77620
3079 77620
1420 77620
4598 77620
172 77620
3684 77620
2137 77620
2554 77620
4458 77620
4793 77620
1365 77620
298 77620
3499 77620
2833 77620
4607 77620
1657 77620
4180 77620
1709 77620
280 77620
3463 77620
1653 77620
1900 77620
2020 77620
218 77620
2877 77620
100 77620
149 77620
3919 77620
1935 77620
4162 77620
1734 77620
4829 77620
4555 77620
3211 77620
2896 77620
1943 77620
4989 77620
4811 77620
2655 77620
4284 77620
2850 77620
4698 77620
3909 77620
111 77620
312 77620
460 77620
3775 77620
1171 77620
1671 77620
1814 77620
3366 77620
2609 77620
4435 77620
4168 77620
2711 77620
3749 77620
1631 77620
1429 77620
2051 77620
3733 77620
4296 77620
3339 77620
4383 77620
3904 77620
3608 77620
906 77620
3332 77620
3553 77620
3005 77620
354 77620
694 77620
1641 77620
1443 77620
2070 77620
1480 77620
4311 77620
3714 77620
1887 77620
614 77620
3466 77620
2174 77620
2996 77620
4814 77620
711 77620
228 77620
1500 77620
3400 77620
3110 77620
144 77620
3823 77620
3754 77620
1555 77620
4423 77620
3511 77620
2471 77620
672 77620
3240 77620
763 77620
3504 77620
1496 77620
3871 77620
120 77620
615 77620
4492 77620
387 77620
4084 77620
3432 77620
3554 77620
397 77620
4095 77620
915 77620
474 77620
4368 77620
783 77620
2501 77620
4860 77620
3044 77620
363 77620
3999 77620
3200 77620
1972 77620
3269 77620
1733 77620
1341 77620
2720 77620
2694 77620
2706 77620
2537 77620
291 77620
4496 77620
605 77620
3804 77620
2139 77620
1377 77620
4011 77620
1296 77620
452 77620
2813 77620
4751 77620
4639 77620
1908 77620
359 77620
3970 77620
4801 77620
4983 77620
844 77620
3660 77620
4583 77620
2322 77620
2169 77620
350 77620
317 77620
3133 77620
2890 77620
4005 77620
3788 77620
2559 77620
587 77620
392 77620
3482 77620
1951 77620
1507 77620
508 77620
1304 77620
1916 77620
2039 77620
4912 77620
3145 77620
749 77620
3076 77620
4601 77620
959 77620
4046 77620
4406 77620
1227 77620
4902 77620
135 77620
20 77620
2989 77620
3441 77620
1150 77620
4166 77620
2372 77620
4271 77620
4546 77620
4341 77620
2234 77620
1508 77620
4396 77620
2142 77620
4313 77620
2926 77620
1105 77620
4703 77620
4321 77620
1675 77620
4711 77620
4692 77620
1245 77620
1313 77620
3939 77620
569 77620
82 77620
4664 77620
754 77620
4796 77620
722 77620
3375 77620
2928 77620
404 77620
1913 77620
3161 77620
4315 77620
676 77620
2907 77620
2467 77620
1412 77620
487 77620
3082 77620
1087 77620
4882 77620
2302 77620
3911 77620
67 77620
1138 77620
2308 77620
3129 77620
1751 77620
1875 77620
4812 77620
2460 77620
68 77620
501 77620
4900 77620
1794 77620
510 77620
797 77620
3119 77620
2263 77620
2695 77620
4456 77620
496 77620
4618 77620
3533 77620
4494 77620
743 77620
4977 77620
4360 77620
3600 77620
3691 77620
2970 77620
3592 77620
1376 77620
2383 77620
1920 77620
1757 77620
541 77620
261 77620
4721 77620
2038 77620
5000 77620
3456 77620
1547 77620
464 77620
3187 77620
4438 77620
4640 77620
519 77620
1331 77620
1492 77620
3299 77620
536 77620
1638 77620
4771 77620
2610 77620
1068 77620
4966 77620
1334 77620
3474 77620
4434 77620
1176 77620
3155 77620
4375 77620
14 77620
2282 77620
3316 77620
3936 77620
1628 77620
4545 77620
3369 77620
1801 77620
1425 77620
682 77620
2148 77620
1587 77620
4415 77620
1024 77620
3154 77620
3783 77620
1034 77620
2232 77620
3891 77620
123 77620
1822 77620
1786 77620
2502 77620
770 77620
158 77620
346 77620
592 77620
4635 77620
1187 77620
3383 77620
3241 77620
2253 77620
4473 77620
2520 77620
2587 77620
2979 77620
2393 77620
3451 77620
1884 77620
4333 77620
2033 77620
2444 77620
4567 77620
1606 77620
492 77620
2836 77620
647 77620
1378 77620
560 77620
1233 77620
3025 77620
2605 77620
3766 77620
4276 77620
2238 77620
1584 77620
1549 77620
1691 77620
4364 77620
2840 77620
2287 77620
2526 77620
1300 77620
4121 77620
2583 77620
2369 77620
249 77620
1772 77620
841 77620
3591 77620
506 77620
4521 77620
4460 77620
1559 77620
4520 77620
1696 77620
89 77620
1967 77620
4776 77620
377 77620
4875 77620
4916 77620
1465 77620
4850 77620
2407 77620
684 77620
3918 77620
1328 77620
3682 77620
4038 77620
4719 77620
1355 77620
1811 77620
1514 77620
225 77620
1396 77620
47 77620
1369 77620
4318 77620
1720 77620
4339 77620
3409 77620
4846 77620
2103 77620
2332 77620
511 77620
4823 77620
1995 77620
1415 77620
3045 77620
247 77620
1813 77620
3092 77620
982 77620
964 77620
3564 77620
4641 77620
4960 77620
3412 77620
3272 77620
801 77620
725 77620
1197 77620
2018 77620
732 77620
4187 77620
2473 77620
895 77620
3650 77620
4671 77620
1978 77620
3196 77620
2527 77620
4729 77620
1357 77620
1524 77620
4975 77620
986 77620
3494 77620
3362 77620
1165 77620
3742 77620
1782 77620
2606 77620
4580 77620
1437 77620
2689 77620
4086 77620
1497 77620
1796 77620
3096 77620
4762 77620
4045 77620
4774 77620
1091 77620
271 77620
277 77620
4477 77620
3962 77620
2867 77620
3308 77620
845 77620
3835 77620
4362 77620
3920 77620
1264 77620
2737 77620
3112 77620
1724 77620
3567 77620
63 77620
3929 77620
3671 77620
1836 77620
2310 77620
561 77620
499 77620
4035 77620
3589 77620
1958 77620
3542 77620
4669 77620
4723 77620
2256 77620
928 77620
1868 77620
177 77620
2800 77620
3165 77620
4667 77620
2721 77620
1878 77620
6 77620
4040 77620
3806 77620
4099 77620
3417 77620
642 77620
3407 77620
2566 77620
2476 77620
4432 77620
4843 77620
3038 77620
4949 77620
4371 77620
2592 77620
828 77620
4394 77620
1533 77620
4560 77620
3459 77620
330 77620
3628 77620
2575 77620
1611 77620
870 77620
1144 77620
2296 77620
830 77620
2182 77620
1812 77620
4404 77620
4502 77620
2047 77620
3969 77620
1149 77620
4708 77620
839 77620
1783 77620
2303 77620
716 77620
2214 77620
1924 77620
1843 77620
1682 77620
1320 77620
2343 77620
3523 77620
1845 77620
2037 77620
383 77620
2590 77620
1488 77620
1327 77620
1095 77620
3883 77620
113 77620
2237 77620
3294 77620
4838 77620
4654 77620
184 77620
4373 77620
3297 77620
325 77620
276 77620
2651 77620
4377 77620
2607 77620
692 77620
362 77620
4817 77620
1430 77620
2716 77620
3268 77620
1265 77620
4542 77620
1035 77620
3552 77620
4017 77620
3998 77620
3828 77620
1225 77620
3427 77620
2350 77620
958 77620
2419 77620
1351 77620
2136 77620
3006 77620
2912 77620
3994 77620
4123 77620
4783 77620
1906 77620
4788 77620
1610 77620
2958 77620
852 77620
4931 77620
4370 77620
1051 77620
4229 77620
2637 77620
709 77620
3633 77620
446 77620
1173 77620
150 77620
3399 77620
3923 77620
32 77620
3649 77620
591 77620
4941 77620
3875 77620
1082 77620
1346 77620
2954 77620
278 77620
1996 77620
243 77620
872 77620
2147 77620
4890 77620
869 77620
1486 77620
3247 77620
1391 77620
1940 77620
3435 77620
2739 77620
739 77620
4554 77620
378 77620
180 77620
4974 77620
1363 77620
4557 77620
3695 77620
1431 77620
2898 77620
687 77620
2249 77620
644 77620
3251 77620
766 77620
1121 77620
4200 77620
762 77620
3363 77620
3760 77620
4016 77620
2744 77620
1738 77620
3130 77620
4274 77620
384 77620
2900 77620
414 77620
4363 77620
438 77620
4042 77620
3862 77620
4163 77620
3471 77620
2445 77620
195 77620
1319 77620
3242 77620
4699 77620
2170 77620
122 77620
3708 77620
203 77620
914 77620
4420 77620
4059 77620
1764 77620
2541 77620
3184 77620
1834 77620
4226 77620
2665 77620
3537 77620
1997 77620
723 77620
947 77620
4470 77620
3380 77620
3882 77620
3764 77620
147 77620
1553 77620
3661 77620
1353 77620
2391 77620
207 77620
4176 77620
1983 77620
818 77620
2318 77620
3935 77620
4286 77620
2345 77620
3908 77620
1889 77620
4103 77620
2140 77620
4519 77620
3898 77620
55 77620
3951 77620
426 77620
701 77620
376 77620
1627 77620
4138 77620
1613 77620
4920 77620
663 77620
3431 77620
4174 77620
1573 77620
4653 77620
4057 77620
2455 77620
1971 77620
368 77620
65 77620
4943 77620
380 77620
4346 77620
3084 77620
4625 77620
3702 77620
3853 77620
1141 77620
764 77620
3895 77620
3874 77620
2181 77620
3291 77620
2191 77620
1379 77620
2496 77620
1073 77620
2514 77620
2934 77620
1541 77620
4207 77620
2127 77620
1090 77620
2825 77620
4241 77620
4732 77620
4883 77620
1842 77620
589 77620
2316 77620
2252 77620
3330 77620
2728 77620
4319 77620
516 77620
3065 77620
2649 77620
4044 77620
3869 77620
4848 77620
1451 77620
417 77620
2611 77620
1762 77620
3372 77620
2481 77620
600 77620
3421 77620
4019 77620
2262 77620
4202 77620
4754 77620
2421 77620
3719 77620
2063 77620
4139 77620
4331 77620
1849 77620
2874 77620
420 77620
825 77620
4805 77620
2952 77620
2882 77620
3641 77620
1054 77620
525 77620
36 77620
4961 77620
1984 77620
4726 77620
1271 77620
4189 77620
785 77620
1539 77620
1364 77620
1895 77620
2104 77620
4953 77620
802 77620
1018 77620
4993 77620
3803 77620
1927 77620
3282 77620
2452 77620
2120 77620
3054 77620
3075 77620
1217 77620
1872 77620
626 77620
1381 77620
2108 77620
1166 77620
56 77620
311 77620
2277 77620
3587 77620
966 77620
447 77620
18 77620
2824 77620
919 77620
3827 77620
4852 77620
4004 77620
4033 77620
618 77620
4705 77620
2443 77620
163 77620
3948 77620
2230 77620
140 77620
1414 77620
153 77620
2918 77620
2760 77620
1752 77620
3214 77620
3971 77620
2680 77620
4013 77620
813 77620
791 77620
4058 77620
3745 77620
4247 77620
623 77620
331 77620
4317 77620
1311 77620
1651 77620
1413 77620
2029 77620
4353 77620
1108 77620
2887 77620
854 77620
1347 77620
2872 77620
4065 77620
4323 77620
1267 77620
879 77620
4513 77620
3570 77620
4870 77620
2155 77620
2586 77620
4183 77620
3611 77620
751 77620
884 77620
3992 77620
1052 77620
3825 77620
812 77620
202 77620
283 77620
348 77620
1705 77620
4037 77620
2396 77620
2594 77620
2226 77620
975 77620
19 77620
2652 77620
4184 77620
4629 77620
3120 77620
2110 77620
2673 77620
2598 77620
4750 77620
2864 77620
4422 77620
944 77620
3711 77620
3355 77620
187 77620
2281 77620
4191 77620
877 77620
4001 77620
3325 77620
1499 77620
631 77620
2827 77620
1737 77620
1236 77620
3845 77620
3906 77620
3738 77620
1467 77620
2049 77620
145 77620
3705 77620
1529 77620
2935 77620
1122 77620
2000 77620
3062 77620
3328 77620
1823 77620
1352 77620
3071 77620
1753 77620
2684 77620
1164 77620
2580 77620
3632 77620
4739 77620
873 77620
2879 77620
3026 77620
1113 77620
152 77620
3959 77620
1748 77620
707 77620
2094 77620
2198 77620
4535 77620
4952 77620
721 77620
1260 77620
2901 77620
2239 77620
3028 77620
3662 77620
4160 77620
2532 77620
931 77620
2100 77620
3750 77620
842 77620
479 77620
470 77620
1550 77620
1407 77620
3149 77620
410 77620
1297 77620
3491 77620
1254 77620
855 77620
2204 77620
2782 77620
408 77620
2658 77620
1056 77620
604 77620
3368 77620
3019 77620
2620 77620
1846 77620
1798 77620
389 77620
4158 77620
320 77620
2986 77620
2065 77620
4205 77620
340 77620
788 77620
2417 77620
3861 77620
1371 77620
3390 77620
4830 77620
4450 77620
1838 77620
1291 77620
318 77620
4198 77620
3034 77620
2883 77620
2459 77620
3981 77620
868 77620
166 77620
3335 77620
4911 77620
3855 77620
3192 77620
52 77620
258 77620
405 77620
4326 77620
2576 77620
2082 77620
1670 77620
435 77620
1401 77620
2861 77620
4071 77620
905 77620
1010 77620
1427 77620
3219 77620
1456 77620
667 77620
4556 77620
4813 77620
1261 77620
1604 77620
2058 77620
4717 77620
2273 77620
4169 77620
1615 77620
2697 77620
2409 77620
1661 77620
3237 77620
2403 77620
3922 77620
1870 77620
2503 77620
248 77620
260 77620
4073 77620
3484 77620
1183 77620
2233 77620
286 77620
951 77620
2597 77620
44 77620
3945 77620
3664 77620
2927 77620
775 77620
2960 77620
4857 77620
4994 77620
1898 77620
3606 77620
2615 77620
886 77620
2449 77620
1566 77620
307 77620
2321 77620
3915 77620
2648 77620
201 77620
3105 77620
4298 77620
990 77620
371 77620
2983 77620
2412 77620
290 77620
4094 77620
27 77620
2899 77620
4662 77620
4048 77620
3402 77620
2805 77620
3921 77620
2796 77620
2766 77620
1725 77620
1810 77620
1712 77620
3659 77620
2676 77620
2789 77620
4991 77620
1333 77620
344 77620
824 77620
2387 77620
4114 77620
1440 77620
2950 77620
3033 77620
217 77620
2212 77620
2241 77620
4642 77620
3717 77620
805 77620
810 77620
3385 77620
2719 77620
231 77620
4747 77620
1701 77620
1160 77620
395 77620
457 77620
1124 77620
1775 77620
1228 77620
1058 77620
2150 77620
1421 77620
4646 77620
1745 77620
2687 77620
224 77620
2823 77620
1063 77620
3809 77620
4537 77620
1485 77620
1819 77620
4439 77620
2126 77620
445 77620
465 77620
4464 77620
4694 77620
4218 77620
1787 77620
2977 77620
883 77620
2045 77620
1623 77620
3447 77620
1033 77620
2826 77620
2194 77620
2121 77620
4327 77620
1276 77620
1045 77620
1780 77620
2457 77620
4228 77620
275 77620
1644 77620
3017 77620
789 77620
1523 77620
4325 77620
2414 77620
1019 77620
4659 77620
1343 77620
2734 77620
3767 77620
3163 77620
728 77620
2491 77620
1162 77620
1220 77620
3579 77620
3689 77620
154 77620
2773 77620
4891 77620
2852 77620
25 77620
4619 77620
2078 77620
4998 77620
3531 77620
1766 77620
2220 77620
2105 77620
29 77620
4587 77620
2835 77620
4903 77620
4328 77620
2715 77620
3952 77620
3932 77620
4405 77620
1147 77620
744 77620
755 77620
4600 77620
1072 77620
3637 77620
3452 77620
296 77620
2513 77620
1678 77620
2245 77620
4145 77620
2068 77620
3166 77620
2672 77620
1050 77620
2765 77620
2851 77620
2338 77620
942 77620
2843 77620
4909 77620
101 77620
941 77620
1006 77620
2718 77620
3150 77620
3836 77620
3118 77620
3132 77620
104 77620
2425 77620
2512 77620
266 77620
4892 77620
1474 77620
1055 77620
1244 77620
1274 77620
3097 77620
4030 77620
4361 77620
1832 77620
4051 77620
4471 77620
2175 77620
2361 77620
1200 77620
1205 77620
1981 77620
1897 77620
984 77620
129 77620
3066 77620
461 77620
2272 77620
2754 77620
1694 77620
1800 77620
4592 77620
2480 77620
3442 77620
2994 77620
3171 77620
773 77620
3454 77620
2635 77620
3052 77620
3413 77620
476 77620
2593 77620
767 77620
3953 77620
2971 77620
4088 77620
2093 77620
2854 77620
3984 77620
3061 77620
3734 77620
4538 77620
2731 77620
2880 77620
2477 77620
4009 77620
3757 77620
1423 77620
3352 77620
3057 77620
875 77620
513 77620
2236 77620
1879 77620
840 77620
4407 77620
1032 77620
4107 77620
279 77620
2596 77620
1163 77620
3226 77620
1137 77620
4120 77620
4054 77620
658 77620
3189 77620
3438 77620
3379 77620
3510 77620
4679 77620
1707 77620
329 77620
439 77620
568 77620
781 77620
4223 77620
4962 77620
1344 77620
4948 77620
1161 77620
227 77620
4807 77620
1877 77620
3744 77620
4310 77620
1864 77620
1130 77620
765 77620
1713 77620
250 77620
2157 77620
2806 77620
627 77620
2518 77620
1422 77620
1592 77620
3289 77620
2352 77620
4146 77620
2922 77620
2557 77620
4224 77620
4056 77620
4778 77620
388 77620
3940 77620
3162 77620
3666 77620
3278 77620
87 77620
2384 77620
685 77620
4627 77620
1081 77620
1652 77620
4112 77620
1650 77620
4605 77620
543 77620
3213 77620
2324 77620
2767 77620
2026 77620
3976 77620
924 77620
1966 77620
582 77620
2794 77620
118 77620
2498 77620
303 77620
527 77620
2919 77620
2309 77620
442 77620
1448 77620
790 77620
1947 77620
2111 77620
4409 77620
584 77620
3616 77620
3270 77620
1214 77620
4859 77620
1016 77620
2538 77620
4372 77620
4275 77620
1600 77620
1718 77620
1589 77620
2411 77620
1477 77620
1223 77620
3263 77620
2539 77620
1865 77620
3578 77620
1557 77620
1151 77620
2925 77620
193 77620
3346 77620
532 77620
2733 77620
4591 77620
2762 77620
4209 77620
1554 77620
1890 77620
1973 77620
1728 77620
531 77620
3069 77620
4490 77620
3514 77620
2464 77620
282 77620
4847 77620
347 77620
4413 77620
3990 77620
2479 77620
4904 77620
2981 77620
573 77620
1976 77620
3443 77620
4972 77620
946 77620
1475 77620
3676 77620
59 77620
4185 77620
4334 77620
1860 77620
671 77620
2550 77620
3934 77620
4408 77620
695 77620
1605 77620
1112 77620
4745 77620
1519 77620
1007 77620
1025 77620
4652 77620
3886 77620
1290 77620
486 77620
1816 77620
4482 77620
1975 77620
1321 77620
4220 77620
2275 77620
4730 77620
680 77620
1142 77620
4935 77620
2495 77620
3805 77620
837 77620
4214 77620
2173 77620
1918 77620
595 77620
3997 77620
3931 77620
4108 77620
4980 77620
35 77620
4602 77620
780 77620
3844 77620
2841 77620
3759 77620
4738 77620
1831 77620
1370 77620
1405 77620
3246 77620
256 77620
4111 77620
2319 77620
9 77620
3522 77620
351 77620
1643 77620
2778 77620
4863 77620
4503 77620
3980 77620
358 77620
4000 77620
2259 77620
1221 77620
4873 77620
2529 77620
4359 77620
2299 77620
2749 77620
2006 77620
2822 77620
4718 77620
4593 77620
3821 77620
954 77620
216 77620
3640 77620
429 77620
3517 77620
23 77620
2330 77620
3101 77620
4354 77620
4467 77620
4670 77620
4150 77620
803 77620
3590 77620
2937 77620
110 77620
3905 77620
54 77620
4253 77620
4907 77620
171 77620
4289 77620
4167 77620
423 77620
3595 77620
669 77620
174 77620
4780 77620
315 77620
993 77620
3562 77620
1505 77620
1211 77620
4199 77620
3094 77620
1576 77620
2159 77620
4518 77620
4610 77620
1066 77620
4232 77620
289 77620
1685 77620
3540 77620
2574 77620
2428 77620
4624 77620
1726 77620
661 77620
2168 77620
2323 77620
1358 77620
4665 77620
2644 77620
3995 77620
3023 77620
4010 77620
1873 77620
1470 77620
3634 77620
881 77620
3232 77620
1881 77620
2828 77620
3415 77620
3410 77620
2116 77620
327 77620
1512 77620
1692 77620
2558 77620
4768 77620
3838 77620
1408 77620
1839 77620
3392 77620
3461 77620
1106 77620
794 77620
598 77620
2940 77620
3848 77620
518 77620
4329 77620
689 77620
2265 77620
4914 77620
2185 77620
3881 77620
2224 77620
1835 77620
498 77620
867 77620
3408 77620
4517 77620
1002 77620
1578 77620
3496 77620
999 77620
1447 77620
2955 77620
4701 77620
1905 77620
3377 77620
1806 77620
3668 77620
4462 77620
4704 77620
70 77620
3769 77620
1921 77620
3281 77620
4622 77620
921 77620
116 77620
860 77620
472 77620
4259 77620
2269 77620
2240 77620
3626 77620
787 77620
3873 77620
528 77620
2909 77620
857 77620
4219 77620
1450 77620
2528 77620
2893 77620
1286 77620
962 77620
1131 77620
2848 77620
1241 77620
3485 77620
297 77620
2902 77620
1681 77620
4897 77620
2906 77620
4769 77620
451 77620
994 77620
1005 77620
2290 77620
2378 77620
2166 77620
3050 77620
112 77620
3710 77620
1561 77620
3715 77620
3300 77620
4425 77620
4177 77620
4165 77620
653 77620
188 77620
1761 77620
3642 77620
259 77620
2016 77620
1003 77620
2696 77620
1874 77620
2284 77620
1157 77620
4124 77620
4748 77620
2072 77620
4651 77620
2621 77620
4765 77620
1690 77620
3331 77620
816 77620
2326 77620
2221 77620
3175 77620
3993 77620
3439 77620
3924 77620
3787 77620
4418 77620
3313 77620
2041 77620
969 77620
4306 77620
2354 77620
2943 77620
4584 77620
4236 77620
2903 77620
3450 77620
2398 77620
4278 77620
758 77620
4674 77620
1717 77620
2785 77620
1170 77620
2162 77620
4369 77620
3794 77620
3117 77620
4833 77620
538 77620
4022 77620
226 77620
3357 77620
4222 77620
246 77620
1773 77620
2071 77620
2612 77620
92 77620
971 77620
4391 77620
1847 77620
957 77620
3631 77620
2504 77620
1395 77620
309 77620
60 77620
3944 77620
738 77620
1218 77620
3183 77620
2660 77620
557 77620
4819 77620
2564 77620
4573 77620
3763 77620
2251 77620
2027 77620
2948 77620
4884 77620
2469 77620
4216 77620
3131 77620
3370 77620
1933 77620
1636 77620
1689 77620
819 77620
197 77620
3303 77620
554 77620
3100 77620
263 77620
185 77620
4093 77620
1303 77620
2976 77620
1148 77620
326 77620
1774 77620
267 77620
1295 77620
3103 77620
2254 77620
160 77620
1665 77620
3295 77620
3159 77620
4179 77620
3565 77620
1795 77620
3312 77620
3568 77620
4959 77620
83 77620
512 77620
1462 77620
1985 77620
1372 77620
2816 77620
2614 77620
950 77620
1979 77620
2424 77620
1955 77620
4063 77620
3468 77620
2270 77620
717 77620
1208 77620
4992 77620
2164 77620
4172 77620
4650 77620
3690 77620
1258 77620
198 77620
1250 77620
4888 77620
4133 77620
4603 77620
1579 77620
4282 77620
4131 77620
3975 77620
287 77620
1901 77620
1117 77620
494 77620
1804 77620
1326 77620
2838 77620
998 77620
3099 77620
2400 77620
1956 77620
1821 77620
4540 77620
703 77620
3545 77620
3544 77620
138 77620
4633 77620
4393 77620
1540 77620
3780 77620
3791 77620
4292 77620
1799 77620
3254 77620
2112 77620
2050 77620
4525 77620
3694 77620
4307 77620
2724 77620
1964 77620
2484 77620
4885 77620
670 77620
1556 77620
109 77620
4074 77620
3991 77620
570 77620
2351 77620
3035 77620
473 77620
2314 77620
3220 77620
2055 77620
3913 77620
3630 77620
2891 77620
2908 77620
3893 77620
2914 77620
300 77620
3072 77620
3914 77620
1240 77620
4445 77620
665 77620
1084 77620
3227 77620
3816 77620
381 77620
3841 77620
1285 77620
2442 77620
2546 77620
1092 77620
4879 77620
3977 77620
4834 77620
888 77620
2515 77620
2184 77620
4154 77620
1301 77620
747 77620
1455 77620
3257 77620
1679 77620
2775 77620
3561 77620
3778 77620
3111 77620
176 77620
427 77620
1503 77620
4008 77620
4510 77620
1695 77620
497 77620
1817 77620
809 77620
1778 77620
4566 77620
4630 77620
3801 77620
4225 77620
3625 77620
2915 77620
106 77620
4929 77620
1647 77620
2895 77620
3813 77620
4921 77620
2492 77620
333 77620
4379 77620
3795 77620
2250 77620
4194 77620
617 77620
1194 77620
3965 77620
4098 77620
2962 77620
366 77620
3437 77620
4613 77620
1608 77620
1284 77620
2180 77620
1417 77620
580 77620
3581 77620
4693 77620
4621 77620
3037 77620
4484 77620
2205 77620
1139 77620
2799 77620
1039 77620
3090 77620
2779 77620
4889 77620
4946 77620
321 77620
2081 77620
2802 77620
2134 77620
3365 77620
583 77620
2729 77620
4206 77620
4578 77620
93 77620
1565 77620
360 77620
1392 77620
305 77620
2098 77620
1702 77620
1490 77620
1637 77620
1922 77620
1115 77620
53 77620
925 77620
2390 77620
1784 77620
713 77620
1464 77620
1805 77620
730 77620
2508 77620
2430 77620
3286 77620
2475 77620
509 77620
3538 77620
3098 77620
2599 77620
4159 77620
220 77620
233 77620
1237 77620
2604 77620
4453 77620
3319 77620
724 77620
361 77620
2410 77620
3541 77620
127 77620
1632 77620
735 77620
2965 77620
556 77620
433 77620
4193 77620
4928 77620
3115 77620
3012 77620
4137 77620
3885 77620
3042 77620
2015 77620
1272 77620
2434 77620
1181 77620
838 77620
2188 77620
2698 77620
1192 77620
4672 77620
2337 77620
2478 77620
3235 77620
2551 77620
1085 77620
4157 77620
1848 77620
1658 77620
1461 77620
1075 77620
1004 77620
1028 77620
1669 77620
546 77620
2088 77620
2304 77620
3271 77620
4171 77620
550 77620
1932 77620
3736 77620
157 77620
4822 77620
4115 77620
341 77620
2933 77620
57 77620
2487 77620
208 77620
933 77620
4474 77620
634 77620
2964 77620
64 77620
1135 77620
655 77620
2916 77620
736 77620
7 77620
2771 77620
316 77620
2076 77620
3732 77620
1527 77620
3876 77620
2757 77620
4746 77620
2947 77620
3387 77620
2266 77620
1243 77620
4079 77620
1575 77620
3360 77620
677 77620
3298 77620
2353 77620
628 77620
1114 77620
1730 77620
4478 77620
4230 77620
3888 77620
3329 77620
1765 77620
2091 77620
3731 77620
1111 77620
4195 77620
3137 77620
4101 77620
1439 77620
4451 77620
1266 77620
4614 77620
4505 77620
3143 77620
3985 77620
1926 77620
2010 77620
808 77620
4840 77620
981 77620
702 77620
1722 77620
2043 77620
3296 77620
2701 77620
3277 77620
3772 77620
1185 77620
2489 77620
2143 77620
4660 77620
2248 77620
4164 77620
2179 77620
2858 77620
4201 77620
1129 77620
4480 77620
1340 77620
4958 77620
4181 77620
596 77620
4737 77620
2991 77620
1332 77620
4250 77620
1444 77620
4304 77620
4536 77620
4068 77620
2435 77620
826 77620
1262 77620
2567 77620
2363 77620
4597 77620
1617 77620
629 77620
4586 77620
281 77620
3793 77620
908 77620
4208 77620
4564 77620
1128 77620
3001 77620
2713 77620
939 77620
3525 77620
4188 77620
3039 77620
3060 77620
892 77620
3560 77620
1330 77620
1639 77620
748 77620
4140 77620
4743 77620
3056 77620
2056 77620
4293 77620
3179 77620
3015 77620
4014 77620
901 77620
2930 77620
1283 77620
3961 77620
2145 77620
4683 77620
1710 77620
3902 77620
1398 77620
4446 77620
3285 77620
4579 77620
2517 77620
3973 77620
2073 77620
3982 77620
2870 77620
4078 77620
3505 77620
3106 77620
756 77620
3229 77620
2294 77620
1563 77620
270 77620
4825 77620
601 77620
4437 77620
530 77620
2382 77620
2335 77620
4248 77620
533 77620
3191 77620
182 77620
4968 77620
137 77620
4648 77620
3526 77620
274 77620
349 77620
4528 77620
475 77620
708 77620
2832 77620
4887 77620
4083 77620
3829 77620
949 77620
1061 77620
4215 77620
1275 77620
3601 77620
4735 77620
3571 77620
1999 77620
3713 77620
1167 77620
421 77620
2229 77620
49 77620
2064 77620
3309 77620
2910 77620
3815 77620
3465 77620
3032 77620
4821 77620
1502 77620
1367 77620
4590 77620
2667 77620
4682 77620
3108 77620
2709 77620
3284 77620
1255 77620
4689 77620
126 77620
1493 77620
3245 77620
151 77620
1693 77620
4475 77620
3629 77620
926 77620
3013 77620
3863 77620
143 77620
4575 77620
997 77620
2149 77620
1064 77620
1903 77620
2966 77620
2420 77620
2790 77620
4874 77620
938 77620
2772 77620
4599 77620
1152 77620
3868 77620
2742 77620
806 77620
3126 77620
4558 77620
1646 77620
4740 77620
4186 77620
1980 77620
4436 77620
4301 77620
4173 77620
1242 77620
606 77620
2691 77620
831 77620
1478 77620
3833 77620
1968 77620
2385 77620
3046 77620
4832 77620
1251 77620
3573 77620
3856 77620
2292 77620
967 77620
1013 77620
4760 77620
4845 77620
2857 77620
1216 77620
1929 77620
31 77620
3156 77620
1993 77620
1071 77620
2059 77620
1059 77620
72 77620
727 77620
4378 77620
4523 77620
3593 77620
3941 77620
1581 77620
4499 77620
2450 77620
3258 77620
2177 77620
314 77620
1662 77620
686 77620
1463 77620
2190 77620
1899 77620
4827 77620
3490 77620
355 77620
3444 77620
3418 77620
4444 77620
3478 77620
4386 77620
3966 77620
2223 77620
1099 77620
456 77620
899 77620
134 77620
3453 77620
4898 77620
1808 77620
434 77620
3367 77620
2951 77620
2008 77620
2389 77620
891 77620
2939 77620
2748 77620
2889 77620
139 77620
2109 77620
3651 77620
3177 77620
523 77620
2573 77620
3397 77620
3986 77620
1406 77620
2905 77620
3575 77620
3831 77620
4428 77620
4358 77620
4577 77620
2949 77620
3283 77620
2447 77620
79 77620
2975 77620
1375 77620
4060 77620
2999 77620
2562 77620
4441 77620
3321 77620
1043 77620
3789 77620
3725 77620
3678 77620
2156 77620
262 77620
2663 77620
3646 77620
1680 77620
162 77620
1348 77620
4454 77620
4243 77620
3178 77620
2957 77620
4270 77620
3093 77620
345 77620
3675 77620
3498 77620
3238 77620
3946 77620
1107 77620
1595 77620
4100 77620
2356 77620
3058 77620
3136 77620
3222 77620
3104 77620
1397 77620
2189 77620
2339 77620
2373 77620
3950 77620
1325 77620
2688 77620
1298 77620
675 77620
288 77620
223 77620
4826 77620
301 77620
3878 77620
1744 77620
1944 77620
2172 77620
4355 77620
2128 77620
934 77620
909 77620
4029 77620
545 77620
1649 77620
66 77620
3693 77620
2686 77620
1603 77620
2755 77620
2061 77620
2578 77620
251 77620
3049 77620
2474 77620
2714 77620
4151 77620
3275 77620
1389 77620
4511 77620
3243 77620
1155 77620
2855 77620
2669 77620
4927 77620
1567 77620
3741 77620
3 77620
2693 77620
3669 77620
822 77620
4878 77620
3916 77620
2203 77620
3422 77620
2218 77620
800 77620
1858 77620
4772 77620
1445 77620
4865 77620
3262 77620
3681 77620
2399 77620
2873 77620
2988 77620
4939 77620
3580 77620
1829 77620
651 77620
95 77620
2102 77620
2472 77620
2699 77620
4661 77620
1027 77620
3003 77620
4322 77620
4497 77620
4472 77620
175 77620
1288 77620
1454 77620
4380 77620
3292 77620
1729 77620
3492 77620
1079 77620
848 77620
4249 77620
1436 77620
3900 77620
3688 77620
2307 77620
3756 77620
646 77620
3055 77620
2231 77620
897 77620
1820 77620
4862 77620
1453 77620
4803 77620
2629 77620
3753 77620
4516 77620
3252 77620
3430 77620
2792 77620
2561 77620
4067 77620
3374 77620
4479 77620
988 77620
1229 77620
3706 77620
2577 77620
4631 77620
1222 77620
2639 77620
424 77620
935 77620
2022 77620
2083 77620
3673 77620
1716 77620
38 77620
1136 77620
3535 77620
148 77620
432 77620
3648 77620
3265 77620
3686 77620
4753 77620
3010 77620
1827 77620
1771 77620
2334 77620
1923 77620
3761 77620
3647 77620
2437 77620
4589 77620
4085 77620
2524 77620
625 77620
3960 77620
1062 77620
3954 77620
2679 77620
2079 77620
2011 77620
183 77620
1706 77620
4316 77620
2379 77620
2849 77620
1750 77620
4337 77620
3967 77620
3807 77620
4308 77620
1409 77620
3334 77620
2427 77620
1904 77620
4804 77620
4609 77620
4295 77620
776 77620
191 77620
4024 77620
488 77620
1731 77620
3318 77620
2856 77620
3947 77620
1094 77620
983 77620
3109 77620
3846 77620
4426 77620
4893 77620
2618 77620
1700 77620
4240 77620
2675 77620
2780 77620
1855 77620
1585 77620
2519 77620
814 77620
4562 77620
1532 77620
1525 77620
1042 77620
3949 77620
3358 77620
3987 77620
449 77620
3879 77620
2831 77620
4466 77620
4390 77620
4267 77620
1534 77620
643 77620
1568 77620
1546 77620
338 77620
84 77620
4061 77620
912 77620
2708 77620
2370 77620
3116 77620
1093 77620
2542 77620
995 77620
1158 77620
3784 77620
3721 77620
3304 77620
1542 77620
1354 77620
856 77620
1126 77620
130 77620
2246 77620
4134 77620
2124 77620
430 77620
2315 77620
1893 77620
4504 77620
3672 77620
2052 77620
3585 77620
3723 77620
4945 77620
4142 77620
1754 77620
2005 77620
4294 77620
3113 77620
3021 77620
2042 77620
3572 77620
4105 77620
4896 77620
894 77620
1263 77620
3707 77620
235 77620
1404 77620
996 77620
965 77620
2643 77620
2144 77620
13 77620
2632 77620
3683 77620
4731 77620
690 77620
2118 77620
4178 77620
1880 77620
3433 77620
4090 77620
2227 77620
1941 77620
308 77620
4617 77620
178 77620
4872 77620
4572 77620
1230 77620
1143 77620
1917 77620
3230 77620
2844 77620
3074 77620
1697 77620
81 77620
862 77620
4489 77620
2329 77620
299 77620
3799 77620
3414 77620
1802 77620
468 77620
2783 77620
1219 77620
2980 77620
4869 77620
1714 77620
108 77620
710 77620
3236 77620
1001 77620
3532 77620
212 77620
234 77620
3614 77620
985 77620
3209 77620
1209 77620
2243 77620
4867 77620
4936 77620
478 77620
4455 77620
3009 77620
356 77620
2187 77620
3653 77620
3248 77620
3306 77620
2200 77620
3654 77620
585 77620
2192 77620
1648 77620
2215 77620
4947 77620
1270 77620
1374 77620
170 77620
2768 77620
2860 77620
574 77620
2125 77620
1318 77620
4 77620
4755 77620
40 77620
927 77620
4265 77620
564 77620
577 77620
1521 77620
1907 77620
2595 77620
2297 77620
3610 77620
1156 77620
431 77620
610 77620
4706 77620
2786 77620
4982 77620
2195 77620
4978 77620
639 77620
4089 77620
2341 77620
547 77620
2973 77620
4244 77620
2123 77620
4515 77620
2963 77620
619 77620
1788 77620
1279 77620
4128 77620
3198 77620
832 77620
2579 77620
2062 77620
4638 77620
2261 77620
3817 77620
1410 77620
1452 77620
86 77620
50 77620
1186 77620
165 77620
4034 77620
4736 77620
491 77620
3674 77620
4291 77620
3102 77620
4335 77620
4973 77620
1612 77620
4615 77620
524 77620
2493 77620
3153 77620
974 77620
2993 77620
1656 77620
3506 77620
1616 77620
1957 77620
1057 77620
1446 77620
4643 77620
2591 77620
1030 77620
572 77620
3858 77620
4828 77620
2705 77620
2333 77620
760 77620
15 77620
4794 77620
1234 77620
1345 77620
2405 77620
2086 77620
3234 77620
3405 77620
893 77620
2023 77620
372 77620
1215 77620
4858 77620
2584 77620
4392 77620
1088 77620
2570 77620
4798 77620
402 77620
2736 77620
3797 77620
632 77620
407 77620
1824 77620
2122 77620
2293 77620
515 77620
1008 77620
1536 77620
1337 77620
4397 77620
2944 77620
4756 77620
745 77620
3577 77620
4728 77620
1031 77620
880 77620
332 77620
4616 77620
2645 77620
444 77620
929 77620
3228 77620
1036 77620
293 77620
2703 77620
2547 77620
