112
3 27
3 5 1
3 18
1 9 6
3 28
3 5 1
5 100
7 6 16 9 3
10 45
1 2 4 8 1 2 60 3 5 7
8 230
5 11 12 15 13 7 23 7
26 636
22 391 612 190 475 323 502 320 7 141 208 102 458 272 652 378 36 360 484 220 618 416 529 489 341 525
30 973
29 75 87 135 141 143 226 235 330 349 402 417 433 553 558 635 650 680 728 730 754 808 825 828 858 888 925 938 955 972
12 255
13 15 18 12 18 26 24 30 34 30 27 10
17 357
13 11 12 18 15 18 31 18 31 32 29 37 27 51 30 50 49
8 290
13 10 10 21 13 11 20 34
24 977
102 103 103 109 110 112 107 103 113 107 112 136 121 118 123 147 126 114 149 142 148 128 152 109
35 562
102 103 107 112 114 114 107 123 119 114 130 118 131 103 139 106 117 119 129 101 141 129 138 134 118 156 111 162 120 135 167 159 137 161 184
11 260
101 104 109 103 107 103 112 116 106 115 128
23 633
1 2 3 1 11 9 12 9 9 19 2 22 1 20 7 24 11 25 38 41 15 35 15
15 987
3 2 7 7 10 11 3 1 13 15 16 12 8 19 25
55 64464070
41382230 48463108 48793618 53001811 24054593 44093582 27276756 172355 38415886 59762250 22500972 45359335 24027319 28714527 39999156 30545750 34082925 49350964 2139275 22346787 33207668 51122564 28049913 40889857 13106489 14729439 22633933 57442042 24170772 34495672 18062305 7964722 59585352 42622291 19762919 37140027 2451720 62562285 58959000 43175585 55951497 5418001 9573532 59446775 29838265 37765158 32714586 59802010 62830009 51322897 13971658 46716954 26068089 4211524 49324245
10 40423258
4870933 11770065 14448890 19644397 22044966 22359651 24781287 34365834 34808287 36392426
64 31995287
106 120 123 126 113 103 141 179 140 106 185 199 141 147 245 147 103 232 265 292 170 296 233 235 114 222 197 325 233 356 177 168 144 227 133 422 131 147 406 376 446 403 449 504 538 433 321 522 247 389 236 450 442 195 307 149 652 398 227 449 181 717 401 483
56 34001400
102 116 100 108 130 147 146 174 104 174 181 216 112 203 117 111 175 192 165 135 212 230 218 211 343 216 209 173 369 176 198 309 179 292 210 425 100 399 430 156 380 275 492 501 171 249 228 336 202 384 292 165 252 408 623 399
48 59393571
105 108 111 134 101 136 113 154 110 157 209 182 159 219 119 214 120 224 179 103 128 240 122 119 229 105 324 360 277 390 291 374 402 229 131 432 424 473 360 362 238 249 298 449 373 346 102 114
24 68098644
1004 1006 1099 1162 1082 1129 1128 1253 1133 1475 1494 1004 1150 1497 1425 1406 1625 1842 1299 1120 2033 1235 1875 1177
21 85809399
1025 1072 1018 1083 1206 1163 1293 1239 1170 1419 1458 1078 1231 1343 1590 1248 1257 1838 1185 1271 1677
22 46774461
1011 1043 1128 1035 1047 1293 1215 1120 1450 1201 1506 1297 1364 1149 1145 1635 1562 1353 1066 1244 1886 1817
63 35038643
1 3 1 5 5 13 13 23 1 27 18 37 23 18 9 13 38 38 40 22 51 30 58 39 14 32 30 77 33 56 85 96 72 83 60 94 21 59 45 6 52 107 129 112 61 41 7 132 141 114 87 19 11 127 143 14 163 113 14 151 119 166 64
46 5912176
2 7 10 13 6 2 10 12 5 21 31 4 29 8 43 47 8 8 25 1 53 3 65 51 75 10 65 65 27 73 24 35 57 33 3 38 76 23 6 3 28 50 125 125 83 41
66 425121909741
181131583647 415826797310 40013117541 360587422056 211181172291 138820777527 417335681671 420632363470 356291925007 374356546551 90730479070 393059640442 180633467631 276988219264 277281060411 103861344228 253637015373 85716423521 365580035659 258245259621 148855416152 284356959857 112875555804 381476561714 410489299422 264134881246 260050218159 210928923023 284054977183 374383949752 215998837542 188487985318 118826613605 300342249371 71690199273 209705906371 25967355055 417216325633 281455363734 143605267378 86445703588 122309405790 107519946199 216726276752 282041427701 6947025060 281297371194 311535503087 129513420831 382068928421 136851825009 311448216135 229891944565 255928159698 409193688025 330021613697 398943794433 118374907496 39767576342 193278599544 204309058638 89069680420 94844368496 201133713791 188894240946 397639614512
63 467952330540
5492911498 7550662285 23143683637 26106758566 36369629255 40838447552 44885716581 50993083475 69893462916 96240560686 100027103540 105341253924 110761342878 112912024039 119022447193 121040380980 133882075102 136730848182 139754225029 140213068476 148452239878 164923394684 166720491967 173307178403 178880727254 182322178621 201899649927 210498066002 213727442264 231657827692 238755156969 239606958397 242970714921 250770417667 260866119693 261036374032 266583790569 282025964187 284199505567 285758494798 298790088473 307205328634 314438542388 319051181127 321474158905 323090704641 323813168399 330284304593 339605308198 346343537927 346876130352 347875250505 355192210387 362416966178 363349464339 366837015408 368202883110 373880529648 375030431728 438583729770 440635591612 448334653987 454750909797
54 548765666941
10565 10147 12632 10096 11539 10549 13553 13714 18267 17945 19776 12795 19393 14877 17063 22790 17395 16736 20850 15389 26737 22124 25616 20898 27003 31449 13960 21940 11510 19091 18601 34697 24623 15444 12790 45388 39739 15167 17869 38174 46705 28972 44938 44199 37106 20261 30890 23965 49701 44960 13270 14729 48936 58833
64 449511920799
10848 11023 12076 13387 13941 10146 14790 10620 18088 16000 11272 11416 13618 11163 13534 17579 18397 11573 15755 29024 17093 14359 25792 11451 16869 26238 18611 24004 23581 36422 10524 23711 27357 20992 25308 27067 23151 33682 36576 37558 41638 31019 45013 49458 43537 23783 48314 16723 31242 21716 46943 19310 30348 30446 10062 23736 41432 52565 31242 40212 11196 68819 47802 69167
44 520886889886
10192 11044 11401 12225 13216 10944 11174 13373 18059 13647 18074 20268 13735 22593 12977 16056 24142 27343 14022 11455 27483 16838 24458 11536 12564 27829 34996 17832 18753 18909 28204 20084 15196 19584 39796 27391 31616 23763 27874 25076 49751 16112 22451 33062
18 776059194751
10000390 10019180 10023130 10035408 10015373 10047516 10018608 10004055 10068433 10010474 10038756 10025124 10031155 10104788 10139509 10117450 10164971 10157167
66 124637081875
10002528 10005337 10004799 10020448 10013998 10049959 10037643 10035280 10087536 10078134 10109961 10074571 10126202 10051513 10011705 10096469 10029473 10045100 10005092 10117312 10097926 10175805 10185317 10195689 10132433 10242504 10116931 10070554 10250808 10093961 10146333 10158521 10142325 10330990 10233269 10050444 10198048 10269204 10386811 10012412 10352390 10338751 10273703 10051265 10348836 10437367 10319541 10409762 10160272 10183139 10245692 10191495 10281826 10293341 10027388 10460702 10501664 10065699 10530934 10417053 10112682 10438466 10110441 10590564 10105496 10575661
12 113730854192
10003923 10007539 10018422 10010946 10027103 10028934 10067159 10061562 10089931 10000595 10098342 10054296
28 260551487157
8 4 1 8 29 8 64 23 51 75 68 10 105 2 36 71 147 113 55 134 122 24 30 95 5 240 259 221
36 293218212041
8 6 5 5 11 2 51 17 62 11 88 106 77 58 74 71 80 62 65 38 193 188 219 10 61 217 1 204 211 149 119 111 307 300 100 220
167 833
756 115 869 989 83 442 324 629 795 972 660 460 343 655 240 663 673 170 18 784 247 183 144 287 245 660 721 862 990 435 391 799 846 479 614 27 107 592 800 621 652 445 669 881 365 204 497 292 604 166 115 948 220 114 829 279 896 364 627 137 832 678 330 593 21 512 575 12 650 310 756 222 383 775 342 887 547 339 181 373 474 276 702 722 534 167 153 532 606 664 254 839 19 756 918 329 212 1 928 444 643 411 702 225 706 958 549 965 670 891 53 999 910 328 464 207 943 820 257 64 37 842 230 310 401 416 800 575 240 311 368 526 160 535 909 372 726 67 175 808 154 22 141 715 428 726 603 207 341 377 47 845 239 262 199 91 471 733 887 353 818 386 104 164 416 152 418
123 941
3 21 28 32 35 38 57 59 65 76 77 86 100 115 118 122 127 131 144 147 207 229 234 239 244 244 247 254 263 267 297 299 316 319 322 327 339 343 346 347 348 376 383 385 405 418 419 429 442 444 463 483 487 488 515 516 531 533 546 549 582 583 588 594 599 601 623 632 654 670 677 682 685 688 699 704 725 746 763 765 785 786 788 791 798 806 809 811 813 819 820 826 849 851 870 879 889 894 895 897 905 910 915 915 917 926 930 932 936 937 944 954 968 982 988 1004 1009 1022 1029 1033 1055 1061 1064
82 916
10 10 13 16 20 26 22 33 20 22 33 30 13 23 22 28 41 19 67 16 42 67 21 65 73 62 27 74 65 66 19 11 54 14 82 17 36 31 121 46 36 68 63 130 89 101 46 31 72 38 133 159 137 54 101 173 33 88 172 122 84 195 39 168 100 27 87 63 194 176 129 128 206 34 187 153 82 209 107 45 181 244
161 755
10 13 10 17 17 21 11 11 20 39 22 31 29 33 41 47 40 64 65 38 46 44 40 64 54 33 72 35 52 12 84 59 103 77 24 29 101 97 77 83 119 12 25 66 104 111 44 64 66 58 64 38 116 59 159 157 52 35 94 78 114 193 150 62 74 42 50 198 120 16 28 106 178 108 202 63 12 226 18 234 83 132 145 42 230 151 166 61 187 69 242 275 151 97 140 66 11 181 40 43 59 308 90 98 135 57 73 262 51 123 170 134 146 161 12 36 46 284 310 179 264 34 130 180 247 186 123 202 308 276 158 183 227 243 251 183 279 335 392 276 224 86 169 314 341 136 388 66 284 447 389 29 353 436 233 65 28 417 11 240 232
134 204
13 15 13 16 22 27 25 32 15 21 29 42 10 29 26 50 46 57 42 51 63 57 61 12 10 56 79 69 55 93 15 48 97 31 19 36 91 27 117 36 101 102 85 92 75 94 39 58 93 102 80 65 65 11 34 155 15 167 143 175 21 11 183 93 205 105 65 15 91 164 53 15 72 81 73 127 88 86 142 103 203 221 254 195 177 158 145 263 256 111 238 163 193 180 178 123 90 153 211 285 116 200 13 216 242 226 217 315 309 256 126 233 279 313 331 215 155 317 330 177 88 67 126 352 349 237 346 20 21 162 236 356 332 121
139 580
103 100 106 108 109 100 116 111 108 107 118 121 134 136 101 132 116 109 121 142 131 160 154 152 169 148 156 163 146 161 148 137 107 162 113 181 199 134 106 193 150 191 171 132 206 238 158 243 161 118 119 255 133 171 183 182 258 247 136 151 259 155 218 261 272 111 100 264 169 267 283 131 206 190 117 106 239 175 142 100 238 207 264 165 326 138 212 364 191 111 303 133 309 146 128 333 228 105 114 315 271 308 380 361 181 305 338 186 188 208 166 237 316 220 100 227 256 450 163 299 400 259 244 390 355 398 445 226 404 430 112 417 218 171 161 390 423 113 351
100 334
100 100 100 104 113 102 112 122 125 117 103 112 120 129 130 136 110 139 132 147 142 144 152 123 139 159 123 137 138 115 179 188 102 202 198 114 174 102 160 137 216 171 128 121 101 185 115 189 244 234 227 116 153 199 210 186 260 113 229 269 102 178 158 239 162 105 131 190 168 212 150 285 109 196 130 312 324 247 167 226 139 230 239 171 235 226 106 315 286 285 322 185 141 315 225 108 249 339 102 226
94 519
100 105 102 107 111 111 114 115 107 108 111 114 114 128 130 142 136 114 104 121 163 161 135 105 101 155 156 162 178 106 108 175 111 136 163 165 153 147 176 211 111 139 183 231 227 154 225 141 239 241 157 106 154 174 106 214 225 127 182 259 166 145 108 111 157 103 127 169 217 103 258 178 224 225 246 210 142 217 141 149 203 110 320 336 245 345 344 194 135 216 361 110 130 266
147 70
1 2 7 8 9 5 1 4 9 13 12 20 3 24 7 3 7 31 37 17 2 34 31 17 35 6 45 41 57 37 63 31 9 37 3 21 37 47 66 8 39 47 74 41 77 90 50 24 64 66 89 6 82 55 104 36 82 42 20 9 109 77 55 112 22 74 78 20 114 64 114 38 10 19 130 126 110 72 48 15 106 149 2 108 63 43 135 74 84 168 129 6 1 146 147 159 31 1 132 10 96 158 164 62 153 131 42 190 25 133 128 200 91 21 178 38 30 72 102 58 19 35 151 48 141 10 163 222 75 174 107 221 212 221 259 72 208 244 18 88 181 154 32 255 149 231 151
177 975
1 3 6 5 11 8 13 17 5 10 11 3 11 28 17 26 6 26 27 16 16 8 26 1 13 25 15 56 38 39 62 31 22 39 49 59 55 65 3 59 82 32 2 48 14 45 40 5 72 72 57 71 12 81 76 7 58 107 23 22 47 71 35 105 78 119 101 86 88 18 61 78 111 51 140 142 144 23 146 143 117 152 44 112 117 88 94 142 170 98 140 169 153 138 92 163 153 147 85 143 55 137 95 43 176 14 111 217 183 31 152 46 159 122 166 48 68 173 148 87 8 48 10 82 209 145 156 13 227 185 153 168 231 64 66 190 93 3 20 245 12 191 164 160 165 8 72 28 200 57 46 7 12 143 8 313 124 178 278 178 54 208 170 286 70 40 200 34 73 141 282 15 280 332 227 44 189
97 62844812
374215 703540 2958194 3429063 4602560 4943959 5317228 5582663 6455762 7185212 7655488 7671365 8499157 8591445 9015121 9348744 9988055 10059257 10312623 10382259 10417885 10608282 10907902 11722229 11816324 12329984 14127500 14329517 15011196 15578859 15937875 16179664 16687618 17034650 17403650 17482851 17826371 22124225 23543434 24163332 24208271 24669670 25009464 25949299 27293403 27932429 28499058 28587114 29160944 30113281 30813068 31588016 31978127 33627088 33883128 35617384 37406212 37678440 37811661 38283678 38993876 39504107 40140275 41080321 41220460 42082044 42739480 42918394 43306089 43529447 44668031 44971982 45931639 46403228 47116262 47263603 47635647 48303232 48538325 49261188 51440665 51484376 52817083 54467588 54754999 55226570 56043169 56248592 57988841 58354389 58553437 59241764 59867446 60299179 60326163 60476961 61788962
123 78936488
713410 1233431 1257838 1729781 1861032 2088272 2455162 2496712 2988869 4408896 4695249 5099053 5346626 5493057 5643974 7342066 7406730 9081728 9938101 10114627 10936959 11379611 11451838 11650701 12329985 14225967 14545802 15178383 17531622 17585706 18754959 19209469 19644684 19875950 20741775 21402311 23844840 23846023 24419728 24749089 25303449 25433482 25600297 25611983 25835967 27680031 28690423 28976985 31529075 32172114 32426127 33603552 34223117 34363656 34876168 35065635 35112025 35583773 36623742 37650420 38088573 38183282 38968567 39457223 40151315 40918899 41375208 41969874 42077168 42302274 42491957 42930330 43477860 44052714 44184182 47219983 48412137 48445809 48597282 49401996 49591126 50889421 52738387 52897694 54350604 54884075 55868967 56147416 56176373 57047698 57901681 58825386 58870599 59067261 59429826 61065167 61870032 63586370 63620610 64767488 65183220 67364860 67512452 67690718 67805037 68217377 68322390 68553927 68844665 69895904 70196490 70281328 70979468 71397450 71964411 72078005 73364342 74632206 75079437 75844883 77329333 77764632 77792767
89 64159245
102 107 126 133 121 120 151 114 137 184 138 152 184 112 130 104 134 139 286 190 154 194 297 298 294 353 128 345 268 368 287 293 427 164 164 182 324 463 478 199 499 324 120 394 157 502 176 461 259 350 247 551 336 567 233 237 578 669 519 542 490 454 316 671 622 206 645 746 369 700 775 497 729 625 381 307 395 814 299 325 457 333 153 709 313 683 572 669 756
124 13872406
105 102 116 128 142 115 127 115 184 160 148 184 175 232 127 256 217 205 124 150 293 280 267 161 245 182 350 214 317 181 176 351 288 172 327 216 170 409 324 211 436 178 494 103 445 306 502 334 371 371 482 206 312 430 408 282 495 348 389 259 236 496 606 135 312 662 117 199 233 677 795 494 818 297 353 425 505 126 657 570 683 682 388 450 896 848 180 327 116 556 174 373 750 492 391 459 593 630 259 460 624 644 569 1129 606 186 721 403 324 891 979 1170 366 305 1039 639 306 728 357 764 371 858 399 670
171 58251175
101 103 100 118 144 125 120 106 139 111 108 101 145 191 117 248 142 151 168 237 180 141 152 203 199 158 283 374 199 241 386 260 304 418 436 231 200 120 142 289 479 491 206 363 175 280 339 321 243 247 375 413 413 474 460 254 489 563 362 653 448 605 535 691 330 165 529 608 685 269 805 563 468 832 214 475 412 194 575 521 270 680 466 891 376 401 504 705 718 390 373 964 989 798 570 1059 966 262 667 777 491 349 552 506 458 458 820 652 367 342 721 900 523 409 1166 518 1029 1039 250 296 868 535 989 920 536 438 1027 435 1248 926 718 1261 116 875 628 660 338 853 635 938 1096 1290 816 106 438 1187 191 332 892 1500 947 245 533 1607 1479 1434 778 377 1277 1126 234 140 514 1284 384 148 508 594 644 1285 1076
182 63096384
1045 1050 1116 1062 1226 1034 1093 1161 1419 1069 1422 1600 1506 1478 1323 1569 1008 1742 1430 1290 1913 1045 1241 1774 1811 2103 1695 1956 1567 1319 1745 2108 1088 1980 2353 1384 1997 2065 1516 2194 1450 2445 1749 2578 2944 2585 2027 2257 1207 1585 2031 2045 2898 1421 3729 2503 3146 2464 2307 3194 3268 4097 3756 2253 3525 3352 1561 3113 2577 1251 2318 3295 2833 2797 4397 4621 4308 1767 1258 1138 2934 1713 3473 2640 1555 1544 2551 2239 5112 5366 2532 3395 2790 2501 3560 1271 2306 5113 3462 2481 3431 3691 3288 2930 4898 2400 3098 5308 5918 2086 4590 2325 1183 5571 3970 2769 5052 5025 2379 4852 1059 3759 3127 5232 3888 2686 1790 6405 4276 6461 5567 1502 3986 1067 7634 7628 2169 2443 5536 7460 5568 3742 5670 7845 3604 2670 1336 3022 8438 6673 2415 6382 1945 5722 4957 4328 6004 6058 4365 6923 2893 5478 1753 8198 2766 7672 2056 8998 3394 9149 4616 5958 3301 2401 7095 8265 8370 5617 5069 5506 6963 5418
132 89892687
1032 1057 1114 1108 1022 1281 1129 1223 1432 1384 1219 1418 1420 1278 1492 1109 1716 1544 1312 1586 1464 1686 1610 1406 1742 1896 1546 1380 1437 1313 2272 2538 1358 2503 2611 1702 1942 1683 1063 2874 2953 1482 2556 2327 2415 2104 3332 2653 3144 2726 3262 1923 2002 2558 1131 3227 2564 3059 3793 3841 2735 2455 3646 4101 3443 2924 3341 4126 1372 3852 3240 2251 1933 3348 3111 3853 1245 4697 1777 1388 3731 1879 3097 4647 4359 3279 2234 2445 2645 3272 3384 5452 1553 1058 3964 2564 3057 1681 4464 4250 4082 5650 3663 1454 4532 4352 5309 2987 5724 5936 6395 2002 5515 4578 3766 4978 6331 5087 3456 6402 3990 6798 6964 6281 4915 5959 7000 5883 5361 4116 3727 5507
110 96217435
1009 1028 1116 1166 1183 1229 1340 1252 1298 1039 1040 1501 1002 1663 1367 1783 1638 1270 1119 1877 1533 1215 1898 2135 1270 1441 1290 2379 1337 2044 2242 2571 1454 2505 2569 2393 1005 1604 1623 2293 1505 1571 2265 1418 1339 1851 2853 1011 2845 1364 1592 1170 2992 2818 1787 3358 2400 2282 1037 2465 2290 3932 2631 3202 2819 3240 1470 4343 3372 2747 4124 3361 2290 3065 3618 2925 4443 1972 3322 1364 1070 4622 3280 2067 4006 1162 4761 1157 3068 4542 2403 2274 1711 2255 1914 3418 5642 2336 2851 5584 2171 5325 4240 3952 2293 1354 1131 1251 1508 3526
102 26059214
2 6 6 2 13 3 6 8 14 13 21 4 20 4 6 28 28 6 14 61 31 66 40 37 64 21 38 45 44 42 37 24 43 99 62 37 82 96 24 69 61 90 88 17 47 50 21 97 69 67 17 91 106 99 115 128 113 160 25 21 139 48 99 89 90 66 120 97 157 32 103 6 29 79 125 5 137 160 137 88 26 94 43 250 101 126 9 229 241 40 138 122 110 136 122 14 161 194 122 24 127 46
184 5303318
3 3 6 12 16 4 6 23 27 26 12 19 28 21 30 27 21 23 13 35 54 21 33 62 76 42 49 57 60 89 16 21 97 16 21 28 2 72 70 23 72 72 44 48 132 74 79 105 91 69 38 6 63 84 85 65 42 62 83 123 162 156 37 56 115 70 72 31 68 58 91 191 174 33 135 168 2 148 206 127 160 98 198 208 69 111 248 242 230 104 37 146 215 11 222 73 206 291 37 9 82 8 50 101 148 314 114 244 326 290 217 98 94 224 117 126 199 346 244 134 210 250 166 216 177 365 291 112 55 156 339 317 54 137 291 228 271 131 251 213 216 186 7 237 377 431 282 241 118 296 61 189 118 71 18 67 240 29 4 381 172 125 95 405 51 125 262 169 277 103 50 21 268 289 43 18 238 249 374 383 130 298 134 213
188 520817928821
151085385583 254276594579 410897313578 453098584419 205268678023 179175638727 232496366074 291264977749 7915151033 479388419086 128287665722 194749587284 267618757047 55750996901 233291731803 278229972024 189933800904 179539821163 191196700263 285933899160 511018581146 360164191896 364376296589 266979731137 412176976733 339081335662 135160019638 154659550028 237145885369 177945094352 337535358144 178318912539 189827883556 434744361747 322492615665 148179226 424092901972 385348452524 81508704262 328402062785 255208256912 190350005747 275061163200 472409942404 81658079862 16852281948 434719147298 17845985629 361594947362 192228704300 424923972922 431302305262 451457859757 347271828557 485235640662 450141145006 244495199610 323714769775 512205526119 76523730193 385684776748 22315376944 411875770455 549735696 94655123188 185259290039 359202810581 73819533666 91503547565 507845277125 451724900119 64117936978 21983425683 458525524552 416633812542 323125417420 220636917331 504309100423 160615400135 129267259918 72844195536 6287506701 519574377669 451920389495 470684697868 159058084828 49837678844 305592503593 279900805405 166126290574 498808944129 471335288086 302265642603 493650857593 390903724263 368689811065 223693007080 92568042885 43505502722 32563121173 209528371042 129414151095 313270730987 9376186198 189218933988 334655637363 419304429092 450114654028 419123768770 248437021143 319932386193 287300471300 271796508231 66051739336 229552252911 117196522403 142546437012 82188981449 408608879651 39130637489 36293897186 467303676737 323400305276 500203528727 506752765831 114753711530 48350785811 261765613018 292182806713 198186014285 142958658023 317154173903 225879121756 501048041854 11556817997 325215850263 213781533841 147112488142 92407367209 295240372104 159415949131 429023435298 332408235592 77236714631 222046359116 270625643740 33524369585 278863833249 90664056883 509121680989 120717123317 27445760242 211552698430 501776543995 157445180180 146153551354 225103386950 378715865363 272824400625 131741821403 414117020466 519215257815 66110958908 367420966697 117223258210 375441413607 225642768051 301933493927 211698168654 460263844931 229948378282 122281085743 233993376027 508784124375 211839028725 36487361238 106757377764 494700121025 92784073138 266890564974 425978388307 375650700823 162250991881 297303539345 79443907982 300888061173 115444678481 214126249422
199 39212694097
71931676 355911257 393551485 490515675 505096673 1477352529 1706131647 2540158481 2670745444 2677468021 2942884153 3055945474 3151929513 3204429566 3407717847 3480747586 3563823201 3590758154 4191559444 4211758345 4227480271 4311010209 4357516280 4443152618 4562875044 4726593379 5099793941 5604297160 5919736289 5926851324 6133213237 6153329503 6780595291 6894919160 6936543437 7010842317 7052171615 7055658678 7077447315 7108276406 7204053899 7384041171 7410994402 7471278750 7693491559 8899496532 9113205161 9302633936 9320314084 9750442936 9897687122 9936629093 9940754775 9999984572 10050751621 10106565194 10328741146 10432247807 10433396990 10648268579 10776888985 11079312678 11750459275 11971191659 12294968493 12773814016 12827331252 13065453315 13083635070 13243339099 13548129477 13906068698 13962929656 14386096226 14410265928 14817049474 15015894452 15405409491 15578965960 15711270671 16343674155 16481363645 16731659147 16739682984 16887105687 17010569680 17024716879 17592021810 17893137625 18203518105 18576350822 18649978096 18808803892 18916859854 19194242870 19821850418 20403395363 20640492538 21118581556 21519219481 21715479963 21782640462 22013796298 22045744096 22336846473 22368991568 22528099515 22695118772 23190304974 23236680533 23692915571 23839637297 24101389566 24272917523 24296416249 24516664391 24688635441 24728082799 24754798771 24889025603 24972582109 24983606000 25061373573 25145317561 25288792324 25291026835 25629159723 25679179269 26346388992 26679479939 26706718836 27276411423 27319437023 27605703676 27876144358 27910766902 28071036575 28197160634 28463437854 28502270586 28931319516 29164360078 29301892908 29408073996 29585468883 29683533420 29772174742 29960848208 30065883409 30551674608 30612653679 30832298616 30863805010 31045127761 31514850287 31547585321 31648044736 31776797782 31978547452 32202843389 32229444223 32271711876 32338149112 32702756012 32851840652 32927443695 32965071899 33037166424 33249767393 33305167501 33540881037 33741146786 33898500492 34062852343 34318939417 34913625097 34933471509 34966675994 35129950114 35628974716 36056959526 36191246296 36549766618 36768574671 37073923800 37161160238 37288743978 37299182879 37352658491 37368180427 37482970579 37523166609 37659618036 37863429324 37876665604 38235911070 38550241206 38681886089 38690806365
174 94996560371
10477 10881 10572 11405 14438 13117 14402 13119 11867 14547 20513 18937 14636 14414 22230 18635 19472 19059 18279 26394 15130 16924 16147 17520 11900 17362 17814 20978 38841 30869 12007 17714 27887 41358 40392 28277 42768 27112 28333 47735 20331 42017 27150 45365 42738 30704 45998 11142 40626 20228 59790 32495 56185 40894 59810 39341 16767 45857 31920 42891 42459 65116 71505 70225 39742 30525 53571 34124 39170 74439 43640 68170 22696 51613 55349 64592 64061 83988 40898 76869 47391 68970 92762 38582 29912 43832 20299 64507 40432 41856 66190 55443 24981 33843 24813 96787 23786 57597 25017 42331 89462 72023 75883 53293 40075 101451 102425 86069 94492 29797 85353 38702 55152 45209 20324 87581 87176 123782 70304 112333 97460 26002 76970 58438 93152 125513 66292 71547 118673 86833 67704 106988 122179 104651 100499 56489 110113 70318 68378 61576 83261 85150 127282 39670 24451 83167 53917 74367 17807 157898 66633 103896 20199 64856 106544 133259 152312 13321 150050 116039 31459 16040 16164 141386 16072 163468 172300 60155 90483 150177 90402 131722 111442 79046
105 247583535487
10551 10178 10365 12184 14478 14053 15115 13589 10062 12010 13037 17619 20723 20146 20716 11307 25601 19007 27441 22502 18167 20720 25022 13385 18009 18579 14438 13080 30435 15966 23739 28589 12308 14470 27834 38797 19266 39083 21090 10811 10208 35342 47875 21358 29735 19285 28458 10497 30906 56093 35916 20397 36500 17289 38945 58415 60660 11378 45740 31230 51582 32766 30328 13273 29650 72870 68029 70206 62173 45258 41924 20681 35615 29714 67500 39150 74985 60072 54865 38948 27775 51723 67190 44405 56616 20634 19275 63236 66531 76778 87401 65955 47460 42819 90854 23545 31447 23951 14797 48157 73642 76742 45367 92052 27021
159 217293238967
10125 10431 10750 10380 13450 11100 15139 16354 10256 12906 12473 17350 18304 21780 11294 24531 17358 24968 21547 14703 30473 12810 22798 18803 28959 27366 23410 31995 11128 21540 10484 24922 42641 37391 18663 11160 17007 30287 23105 34412 39602 12570 41213 52480 27235 38407 29930 45577 48122 10476 41701 56002 26816 45195 27382 42728 31441 24107 58722 27949 18275 59141 31198 55130 66543 72378 68309 53585 57952 67018 32629 37164 13336 67195 42213 70046 40452 80325 80165 31213 89759 14634 83455 44647 58765 74566 80294 90764 53266 37701 96661 20164 52524 102880 46788 17223 15249 14193 46686 48565 78929 101502 108033 91965 56842 107155 80006 54728 50827 60582 51868 49082 98640 29421 114401 83622 102448 93845 91482 14367 37827 57765 96416 28451 75291 60579 98815 96007 38210 86123 12107 133277 45677 141496 114016 144497 45652 87434 42559 131600 32451 135903 89412 127274 53418 101554 41695 94423 107338 31747 140520 19571 107927 102776 74861 17264 165466 55985 100585
145 431669605165
10001385 10001803 10004694 10008371 10029760 10034545 10040529 10057259 10031833 10051917 10097607 10087491 10078582 10119332 10065485 10006805 10132736 10062905 10083981 10098069 10209181 10116741 10131862 10153434 10156683 10248959 10037626 10185040 10215614 10018308 10214532 10047837 10113787 10303196 10044512 10325122 10220084 10164963 10238137 10372365 10213001 10157258 10390256 10089926 10388779 10213332 10443483 10440234 10031244 10433091 10344166 10140013 10283034 10071749 10327990 10023166 10415337 10401915 10274858 10284867 10410799 10000939 10045211 10142470 10601756 10485381 10082421 10263825 10113420 10474396 10418413 10658558 10629195 10133916 10052160 10642938 10572737 10273440 10013213 10173893 10798943 10277259 10744889 10502765 10303486 10331981 10534290 10484392 10668069 10462172 10698791 10472110 10766025 10925946 10561143 10854247 10660429 10932356 10617845 10342698 10824362 10922408 10487928 10589190 10800473 10885540 10231807 10059779 10164499 10263401 10322342 10703207 10154875 10402767 11082761 10843681 10458095 10319423 10668585 10913668 10136970 11004862 10603226 11237293 10956429 10467617 10139370 10999915 10629007 11151087 10410833 10114488 10519685 11309657 10912006 10920272 10247208 11034992 11244558 10524487 11156548 10884302 10503537 10322504 10264649
142 842007512650
10005454 10017841 10000993 10033112 10007983 10048900 10038038 10062521 10026204 10089687 10031335 10053165 10119246 10042239 10134862 10012472 10098629 10010184 10004909 10011942 10194434 10143857 10196090 10085284 10121639 10081878 10204762 10207915 10136765 10260243 10137510 10267625 10192425 10149987 10064777 10091220 10044918 10164470 10042281 10196936 10367465 10187335 10265319 10157427 10319212 10072215 10173591 10003157 10207616 10155211 10226658 10490968 10469342 10161221 10322631 10307641 10122258 10015169 10395240 10573274 10138687 10009183 10486878 10234242 10007497 10626776 10337744 10090590 10630169 10085092 10333701 10127615 10333443 10346276 10017968 10436485 10738680 10128998 10544265 10313677 10695536 10801218 10741519 10084037 10015075 10695221 10792759 10117278 10464947 10155994 10133315 10402716 10686723 10493994 10145929 10072043 10623034 10643344 10032909 10214953 10699614 10626551 10097931 10097412 10794860 10896765 10992615 10827393 10937046 10568644 10295486 10817861 10866781 10238889 10343446 10871837 10789858 10537498 10358359 10559316 10623086 10980782 10913880 10730874 10803235 10477215 10320142 11037748 11196711 10167174 10106416 10923197 10675070 10297598 11304357 10274962 10989003 10402651 10716961 10783608 11400890 10681428
143 720121215912
10006714 10009777 10025552 10023046 10005045 10005406 10052271 10048798 10039360 10079354 10085779 10091638 10125883 10088440 10112500 10099761 10163297 10047010 10042258 10048093 10062273 10183549 10133746 10039954 10104248 10089681 10200225 10149767 10097055 10120146 10280592 10084127 10242538 10212251 10003411 10253531 10158761 10053410 10294048 10132060 10276925 10355289 10147492 10117347 10060614 10193115 10162031 10368102 10232496 10138730 10151338 10491525 10471073 10495903 10525148 10197895 10027624 10216491 10191082 10134656 10150946 10435989 10542794 10297283 10494995 10497017 10332000 10489254 10472077 10429311 10244564 10068414 10551680 10364771 10213204 10272061 10732572 10746109 10591980 10558022 10683288 10597666 10340147 10314062 10003610 10446947 10535519 10732903 10857175 10515425 10679937 10105171 10452805 10837173 10821971 10607576 10189708 10333882 10294473 10658616 10789131 10094810 10057093 10079132 10362607 10100225 10236381 10269999 10674411 10586895 10768587 10084268 10093329 10564171 11072775 10626060 10296372 10309241 10724382 10453516 10784539 11180078 10321818 10798112 10248257 10684656 10511239 10357644 10157617 10234998 10877108 10015174 10700002 10994579 11268655 10201266 10345254 11157671 10744864 10151790 11025975 10739167 11313091
172 847110911260
9 11 29 6 18 31 34 60 38 90 23 112 42 138 18 43 68 24 138 124 64 126 206 103 187 99 15 73 107 57 258 139 43 8 142 18 206 134 107 395 238 166 62 254 433 48 32 480 213 235 94 332 49 10 319 534 371 384 91 353 364 170 338 498 259 436 262 182 169 539 487 225 720 251 568 368 211 247 197 255 60 601 207 56 6 772 176 54 207 58 397 436 756 913 345 438 758 830 694 969 353 872 295 798 1012 33 318 382 171 181 1093 984 477 271 251 317 614 372 532 152 1199 42 1082 87 874 103 1248 881 1028 370 801 282 514 311 492 732 930 759 1348 396 820 304 1145 1392 1323 830 1245 764 1039 1359 1060 998 389 1205 641 1441 25 683 433 531 476 1519 1394 1575 736 68 1525 1610 209 1256 1592 1310
151 44272460614
5 11 10 24 18 58 12 66 6 31 20 35 121 137 91 139 54 161 87 8 130 11 47 226 157 130 33 58 86 202 102 81 266 27 245 130 138 229 44 283 132 362 325 124 112 242 177 104 196 247 395 41 283 119 495 48 515 448 187 198 73 172 621 285 38 584 336 213 32 288 250 544 717 189 591 216 136 247 260 298 4 762 75 693 594 83 317 154 749 476 174 229 399 231 804 243 519 761 460 76 942 203 247 682 257 601 986 609 493 489 595 238 938 703 648 349 767 230 6 490 301 813 57 1077 237 791 353 408 999 318 868 738 70 910 976 840 23 9 871 225 1089 580 209 919 1110 904 1003 1188 599 1387 1214
400 6316849
1364869 115966 5442670 2057353 5457970 4536442 1895850 3302159 2674384 3150698 5919266 5567970 2842375 2022750 2307447 5731353 5875770 1256147 5552267 4972581 602193 2463692 3558730 5736156 4018003 1659386 5601550 2454272 3668451 2021321 4314080 1271641 2245138 429352 4211937 4513403 4988911 4336675 5508527 4610407 534920 4451499 4124679 2189192 50340 850066 884212 1440864 5259845 4838592 1832028 634804 4954237 3633500 5825177 3539765 80923 2853639 2395621 3287210 2239015 4390248 4462737 5501516 2519145 6220719 3073458 1169820 3966124 4918304 4568927 3455491 4052657 2140945 2610701 5231365 4649144 5327232 4403274 6281624 2208879 1772320 4608047 1693312 908816 546405 4175159 1420761 4623833 4559483 2333188 971529 2047037 4076379 5266492 1624769 5068674 2441102 1830591 3289227 6270801 4224677 3531975 2080684 933173 4983140 1205364 1008915 5738601 4439934 1945941 5840095 1628150 3313787 1888192 5048862 1477521 2447707 4692268 3843321 2637867 5522260 1343358 625345 2902044 2946666 5331878 4297081 1029370 4542004 5123337 2886383 5617311 692674 634055 4012447 1880780 4863287 1414722 3967767 4362075 3460513 4802598 2779052 2994046 681925 5468724 988836 3187868 124495 924303 3920318 2112897 242907 3350507 3912023 3922613 202968 205512 1029698 1376992 1620157 3476593 4314419 4504944 5887212 527507 1425936 2695033 2056686 105598 6147356 871982 4996223 2251968 4203088 354073 2961635 396300 4773494 5035053 3809139 5469518 2365065 2451282 4246961 1322531 2722936 3536372 5016557 1325841 2727435 5341162 638261 4886398 5313101 1583421 280494 1646126 413996 3222472 5228733 2140084 2449618 1247037 2671979 5781850 2706862 1278596 5517542 1823219 6097977 2164694 5275796 5755878 1174065 785120 3546557 2539844 4446460 5797249 4941865 4436896 5785170 405368 1155990 3233690 3326070 4287385 2741756 2522418 2035414 1039379 6165926 1423792 3273491 4457755 82105 4868380 1644100 1591844 2628496 4469425 678555 4824584 3109411 1944554 3627013 4610747 5178425 3326379 381724 1433725 3819983 2222791 4722350 210457 1647240 3553296 1818097 3567407 1047521 1787594 2314919 4086270 5044857 6174853 2928671 2466455 4473083 4879524 2493094 4323662 122066 1574261 2887123 461197 2705708 612672 1652297 202490 5617645 1684092 3642111 5752327 2826914 3259468 4817489 333892 5817381 3082193 3957832 5476232 2419596 4488822 4877681 5398901 4114967 1020421 4904604 5496255 1474560 1806079 4856702 757756 2740045 3848208 1530461 4257676 3636701 2118814 1095995 3150658 3412145 3610204 4934508 1782390 473568 428456 3156416 3558748 3651507 3893997 6300553 5899782 1938823 3137476 1997561 2060019 1381293 3851913 2918744 4127573 5637338 1213425 145100 2017945 1503950 1569396 4070973 2278596 5967936 603025 2770125 1506305 5499949 4145459 4145558 3448543 5240267 2503111 1266775 921964 3000680 264473 5105420 3191657 1496831 2978140 6183362 1516604 3238973 2652521 6185543 884381 3578135 5607023 3162027 1164663 5301268 2487098 5040445 2007954 3941249 2938550 2452649 1970 1940180 8621 4024404 5032719 3990496 2562376 5118027 3300593 4312939 3940528 2652717 4490377 3478782 3036852 5958078 2628129 5521488 6035203 1512965 3916945 4517572 1797921 1566793
452 4720876
5852 6179 24295 38526 53582 56829 64421 71016 88270 94096 97464 102356 102694 113130 143978 146892 148049 164289 175992 198836 208065 226121 241512 247022 252167 254865 256610 267747 279496 296574 300465 303518 335968 336611 347712 362986 375427 399723 415509 415555 433382 467313 473305 511052 519399 549022 560960 570186 575432 592090 602677 608915 626965 629635 640650 653474 692523 692660 693506 697926 700974 728807 739408 744636 756152 781693 809566 822024 822056 822435 830125 843232 848069 848461 851848 861615 877086 879277 884029 895102 897328 905294 925446 925642 928909 929565 929576 943156 949216 950112 955406 957078 971451 972420 988901 996567 1002309 1022682 1027151 1035728 1036964 1056436 1074928 1083601 1086559 1099236 1109633 1122355 1125587 1169160 1181177 1182521 1200260 1200952 1207114 1214739 1216107 1247208 1254542 1269166 1280656 1285215 1290671 1295075 1308375 1330252 1346770 1359988 1375651 1381505 1383958 1401348 1401394 1407644 1423512 1423797 1438334 1444509 1452264 1468036 1482636 1501497 1507624 1509221 1510472 1516979 1525373 1525500 1527477 1528723 1536953 1537896 1541239 1554406 1571719 1575418 1590169 1606599 1610008 1621739 1626274 1636822 1641238 1645870 1667361 1669029 1674179 1711278 1723069 1724792 1760435 1765605 1775455 1776267 1786972 1798118 1810738 1822359 1829689 1832335 1839618 1861033 1894537 1921600 1924725 1927863 1937330 1950553 1952113 1954554 1961660 1977738 1986646 1988320 1993356 2020672 2059996 2070118 2072935 2090348 2096184 2122891 2137933 2138463 2146992 2147357 2189292 2195162 2208304 2213420 2250120 2257506 2280298 2281651 2287807 2325922 2327714 2342888 2350914 2373470 2390165 2413543 2419253 2436259 2446906 2451857 2453835 2469486 2478894 2481413 2482228 2512356 2517816 2521971 2526113 2529171 2544957 2554645 2557180 2557797 2588030 2594274 2598675 2599455 2599703 2619424 2622001 2625991 2629379 2630712 2632218 2636236 2638235 2639442 2646814 2659886 2661128 2704892 2706482 2708529 2710066 2726374 2734816 2743685 2745584 2764405 2779774 2794177 2802993 2811904 2815287 2817847 2819616 2829234 2836764 2852383 2855341 2857590 2864802 2870255 2873466 2879622 2883590 2888921 2889831 2902758 2906130 2906495 2911708 2929504 2944924 2947463 2975225 2986932 2989299 3018048 3026051 3044059 3066023 3096301 3103539 3107928 3125355 3130666 3165598 3183191 3199318 3220501 3230459 3241195 3247781 3248657 3250608 3265166 3271120 3281674 3282376 3286315 3290408 3290991 3309345 3312380 3314595 3316975 3321529 3322904 3336990 3338483 3339135 3342103 3349394 3372323 3375790 3400612 3415526 3423534 3423722 3425226 3430724 3455622 3471988 3472955 3488230 3501395 3505918 3507916 3516296 3525974 3529799 3535944 3541611 3549495 3598169 3602461 3636658 3669671 3677793 3680587 3681927 3684040 3690728 3694229 3706315 3719741 3724532 3730718 3731026 3732866 3734063 3765914 3781101 3795083 3811728 3829148 3840530 3846458 3867378 3876845 3890345 3897314 3903145 3907525 3912899 3919444 3935961 3956871 3975849 3979159 3986399 3988009 3989637 3990356 4052532 4061016 4061389 4065692 4076194 4126156 4157706 4185660 4225073 4230691 4260781 4262558 4282079 4300584 4303959 4312561 4313401 4322092 4334506 4344565 4353873 4356110 4357733 4370628 4382774 4410313 4417741 4420809 4424329 4469013 4478164 4483092 4492832 4520226 4536085 4539485 4545317 4558760 4566621 4570396 4571323 4573753 4573835 4576583 4576974 4581215 4585249 4590049 4590075 4611057 4622382 4626401 4627454 4643142 4645830 4661139 4685190 4692454 4693345 4701564
466 8973892
109 112 101 121 141 124 105 110 152 138 144 187 181 115 211 224 106 269 282 276 238 209 228 109 150 264 119 216 153 311 309 311 288 255 333 145 286 446 387 318 335 501 153 537 283 403 137 213 394 312 236 505 228 366 645 200 426 377 331 388 412 656 108 627 160 685 341 484 141 495 340 466 208 654 669 118 718 853 279 253 401 897 203 308 117 299 557 944 886 150 300 747 315 433 309 460 751 302 482 527 716 811 175 749 683 885 1110 467 1155 993 440 639 895 1039 871 514 465 781 521 196 953 717 507 500 1288 917 960 749 387 200 456 1100 321 383 967 367 360 1113 215 672 744 183 757 313 948 910 563 1027 590 1562 380 1543 1254 1325 506 941 1143 777 1348 1082 600 892 1425 186 1153 1080 537 491 1091 717 700 1224 465 1227 1579 870 1248 223 1414 153 415 908 547 1341 1736 1445 697 1041 1539 905 1934 660 365 1569 226 618 1722 1871 1421 987 940 279 1489 1021 1257 1327 1418 1761 450 1354 1935 2209 1890 1355 682 246 296 2092 1355 784 144 1082 1515 866 1328 1293 903 1917 1040 1857 325 662 1269 571 1947 411 669 2479 158 2218 232 1788 2356 1080 618 1528 1388 1699 1368 2154 2255 166 1644 1037 750 2065 149 2098 797 1416 2654 1188 958 2070 2203 2278 432 2722 1049 189 676 1583 2460 808 1153 1714 273 607 2241 1848 1271 2154 2302 1963 358 577 918 2334 2070 2413 2040 2154 3023 1996 1958 2395 1257 2742 2898 777 1326 2969 1381 2668 2509 1615 3085 1118 280 2353 1019 2993 819 2436 2302 614 1406 2894 748 2582 1056 830 2256 589 2790 2793 2725 2895 1837 688 822 312 1097 366 3087 240 2348 3314 2473 3087 2674 531 3220 713 1848 2891 2716 1707 3294 2281 1869 1438 1066 172 2438 336 2672 3359 659 831 2217 1175 2782 2412 1251 3146 3294 2315 3685 1941 3202 3530 2331 3361 3577 2753 3664 2680 3290 1705 1363 2387 2768 1659 2621 1891 1231 559 3280 1769 2116 3071 428 2750 212 236 623 2861 2603 867 3387 1447 3790 2552 3849 231 845 2302 1674 4061 2674 3669 3337 435 1375 3727 632 815 2139 1906 734 2154 1046 730 2986 2500 1741 1428 3603 1086 2020 3050 4293 4402 3317 2423 4315 1216 216 1924 3649 452 2482 2623 3590 1993 4019 100 190 478 2018 2707 3016 3610 727 3342 887 357 4089 2236 3915 480 2990 789 3890 1601
375 7517526
109 116 110 131 116 116 154 120 121 106 206 126 139 166 184 194 118 199 220 197 206 114 171 208 103 354 229 343 215 254 147 346 279 224 259 366 177 339 212 345 278 311 158 165 359 531 382 554 224 432 402 208 501 280 266 200 450 509 298 289 342 145 523 448 743 389 311 217 689 133 679 295 146 347 839 578 172 411 519 568 642 535 454 377 227 473 279 547 330 235 597 264 220 896 854 568 1034 1024 417 713 912 374 969 952 308 339 221 848 917 229 762 1101 1052 271 159 1257 155 999 271 404 1272 426 675 527 796 100 925 696 289 641 618 512 1088 1246 954 1184 517 1371 296 907 196 1058 543 1127 316 246 1433 189 1518 920 112 376 336 237 842 1506 539 148 1108 1373 280 1680 1706 464 913 426 442 1275 505 512 1302 1342 488 1804 884 696 1616 1053 1783 233 1017 1635 933 124 1245 1456 1919 364 1120 1550 876 576 718 707 193 2057 135 1116 798 2045 603 284 1011 1678 156 658 212 1177 354 496 1407 727 1159 1245 2050 1011 1303 919 880 1332 581 877 2091 206 378 1689 234 2380 1069 2060 1542 138 2371 1145 206 1465 2306 379 1145 1183 2494 998 2356 1775 2176 920 1460 183 1452 845 237 2260 2220 794 825 2333 2068 2665 122 851 2589 332 1009 587 1267 1073 565 600 171 1216 564 2258 1215 2763 1101 2610 1826 2265 1048 1300 1672 2475 1535 2753 1701 1077 212 2553 1200 1884 1272 1943 3016 2828 1873 2419 300 3034 1693 2658 246 1254 392 2076 702 1503 2988 1121 193 837 3191 535 3130 1457 631 2932 716 2302 2907 1923 3287 1943 948 1702 339 3035 893 335 2288 1802 2861 205 1337 2021 1165 2057 370 3063 734 176 1519 3204 3517 2344 1906 2076 1871 279 727 2869 2887 323 1926 1696 547 279 3161 1412 3286 1044 1664 1009 3027 1501 134 3291 860 2321 2560 3244 653 2913 1100 3134 2341
381 3714635
109 100 128 124 121 102 158 161 137 104 119 118 167 229 178 255 195 135 247 224 201 188 141 210 245 201 102 160 333 344 346 115 396 166 167 168 372 148 408 267 182 348 290 501 262 323 555 214 538 479 236 357 596 533 227 574 583 667 665 113 440 364 199 408 410 468 641 308 204 695 356 154 194 724 203 264 677 489 630 602 725 323 208 581 185 597 212 200 106 560 543 655 649 1023 861 1048 487 728 973 1061 563 361 498 322 205 528 359 426 483 805 831 1103 1008 703 1065 600 298 292 934 620 100 219 324 106 391 1098 1335 450 816 1389 1064 1154 1115 988 326 371 904 637 717 852 1046 609 1398 380 1070 588 197 528 1086 485 439 1421 617 652 614 755 1125 1581 1494 806 1574 384 1566 279 923 1183 870 590 1186 830 327 844 158 1598 712 224 329 1009 1339 106 870 1598 892 788 309 905 1836 434 1692 593 1383 1978 1122 1600 297 1710 943 242 1043 1380 1907 1455 919 1407 1325 357 1901 1051 149 1983 1782 258 1457 299 1197 1815 2263 2227 1557 1754 1472 921 1147 1812 1283 957 723 1250 1569 181 2108 759 1417 1916 219 2347 924 2226 829 1732 743 935 1720 1665 2062 1486 334 2243 690 491 2464 1998 1717 1732 950 281 380 1665 1540 1059 1555 2515 2101 509 1239 2554 1636 905 360 1919 1308 1335 2435 2090 2269 1438 2176 2868 879 689 1957 1964 2530 2758 1164 723 905 1709 1730 335 929 873 2804 1203 2216 321 2649 2496 636 2378 1564 2335 208 2797 2726 2928 2722 177 2089 1393 1988 1191 2207 2269 793 709 510 109 998 995 908 1537 112 2316 2740 1099 2584 2576 2713 2178 2646 1899 3383 537 2688 1699 1566 2938 2666 1203 3417 513 361 2473 987 3430 1953 2044 240 2445 1011 2482 2264 1374 1729 2799 2344 3291 1400 2973 2844 549 3562 112 3357 2485 1220 497 3077 1539 2306 416 2164 2590 616 2085 3771 2778 140 891 358
431 917970
1029 1016 1074 1120 1065 1031 1200 1181 1314 1428 1290 1026 1415 1232 1655 1190 1052 1255 1478 1668 1683 1584 2008 1834 1066 2251 1915 1790 1663 1002 1254 1972 1364 1860 1954 2034 2114 1561 1103 1820 2716 2597 2283 1127 1189 1593 1303 1301 1017 1624 1334 2246 1006 2021 3315 1295 1982 3727 1391 3432 3324 2423 1515 2885 1670 2019 1707 3524 3896 3074 2101 1250 2793 3699 3259 3704 1446 2764 3069 2915 1012 1698 1973 4094 4259 4858 4996 1790 2656 1914 4887 1322 4342 5168 2848 4711 3638 2598 2065 4302 4362 4619 3991 4731 5336 4170 2775 3306 4548 3889 6127 5255 3824 4340 5557 3026 2215 2281 5330 2081 7028 4810 1839 3271 1407 4517 3161 6431 5058 3528 2926 1591 3768 5626 3489 1635 7137 6375 1614 3303 6269 7495 7876 3765 3456 1852 6874 4182 2717 6967 2175 7261 8405 6054 7126 4314 6335 5550 3252 4661 2998 4289 2628 9157 1550 8526 4706 4282 6478 3235 6901 3109 6218 8718 1317 7340 7648 5099 3366 3655 4452 4807 4251 3576 9592 4055 2330 7348 6485 9267 3381 2878 6579 4534 7824 6323 3299 1577 9371 3553 10244 7251 5785 8209 6716 6526 4225 1945 4754 5130 3256 5912 10020 3134 9003 2852 5465 3712 1373 3750 11245 3211 1393 7844 3097 4716 7558 2205 2984 2991 10956 10124 6103 12630 4311 12179 2069 10348 9576 10245 3120 10308 9368 9021 6566 8144 1086 8120 11444 8546 11332 13407 1246 2900 3600 3629 1399 6712 9189 4332 11232 8956 1952 8084 11886 2507 7498 13119 12046 6195 13870 14425 9253 8130 11251 12077 10301 5623 2287 1236 8368 3216 6419 6933 5247 2947 2198 7242 7662 14450 10869 12270 9844 1661 5497 8565 9599 5178 15461 4268 8698 14788 8105 15019 7700 11057 8012 1422 10380 9572 4345 8514 11525 4955 2607 13504 6454 7386 13247 12250 4458 2328 9813 11248 14182 9126 11743 3767 2812 7215 2983 4841 2040 13980 9408 12934 15573 5536 16434 12280 1173 12433 15685 7943 7520 14984 16355 1874 16346 1295 3042 7604 8493 6048 2428 1383 5033 6520 9839 8579 13726 16596 16550 19044 10424 4882 1754 9073 9420 10628 4903 5570 6044 9110 15284 13621 12804 7142 3874 17008 15599 17828 15446 15668 12720 20134 3786 7308 6993 3791 9600 13409 11698 16229 12967 5900 2109 6591 17845 3965 4607 14226 10584 11340 9473 19900 20204 13769 6998 19016 18219 11699 1165 15929 2502 3837 15169 16358 13850 3791 4333 22090 9338 14202 15869 16480 7634 10683 1094 19813 10377
467 3921413
1000 1084 1060 1025 1143 1204 1021 1058 1056 1197 1074 1449 1060 1159 1535 1751 1108 1343 1225 1518 1212 1567 1760 1159 2146 1559 2029 2156 2035 1154 1680 2344 2584 1777 1111 2264 1173 1972 1444 2684 1606 2658 1962 1596 1852 1322 2568 1188 3106 1890 2618 3000 2072 1621 2300 2952 1328 3725 1105 1374 2049 3797 3729 3117 1011 2619 3816 1344 2948 1874 3922 4343 1739 2867 4437 1004 4047 2947 1496 1730 3830 2893 3169 4923 3495 1985 2019 1593 3991 2478 4800 3975 1661 4070 5603 2848 4364 1599 2407 5582 2918 5936 1013 5393 2235 3851 4778 3725 3016 5169 1931 5056 3779 4636 2749 4921 1347 3771 4433 1483 4121 4681 3617 2718 2949 6939 4511 6950 5288 4576 1973 3510 2744 1036 3518 7255 3471 3784 5749 4413 7925 1956 6912 5090 2183 7128 5293 3213 4416 2311 5411 1445 2171 3201 7011 1334 7945 1962 3999 5841 6077 8995 4178 4013 3173 9041 9307 4137 2053 2111 4572 7851 3804 6344 1774 9527 7331 1334 2527 7729 7790 8578 8252 5455 7183 4840 6205 2042 7810 3926 2478 2071 4695 7418 2640 4846 8514 8214 4791 4162 7540 3672 2855 5276 10430 10751 10233 6955 3392 3294 1793 7431 3428 3114 3064 8162 8860 6859 2570 9678 6612 5265 7144 7051 9902 10246 10607 7962 6360 5855 6755 9691 8464 11131 12216 6705 2440 8708 2547 5982 11397 5651 7223 2244 7290 4555 3786 10819 7996 10103 8701 7619 10648 13690 3355 5767 11327 10245 13827 11639 6416 6916 11073 8446 5960 7793 6503 4457 2471 14483 9757 13564 12655 8576 13365 2379 8708 6453 12012 14402 15050 9024 11586 13909 12819 9105 10011 7918 7443 10171 6376 7599 15173 8131 1838 9040 11541 5339 15028 3282 14424 1705 4648 14919 8887 12591 14157 2653 10812 1903 4617 3138 7818 3508 1487 11583 14957 5245 7468 3033 14199 14794 16437 10539 14282 8440 12392 6897 2369 14444 11235 12883 6088 11092 12134 11066 5145 1794 4552 5621 7056 2769 7134 4434 15563 3002 12265 12794 16996 1792 18475 17999 3031 13325 17417 17854 18582 11111 9340 11383 10187 4703 5378 12641 1276 5569 12427 11541 10438 9991 19247 8100 13143 12409 8876 17993 15684 11733 10348 18934 15603 12701 16890 1780 12254 10139 13679 18160 16920 6370 12582 13723 12384 2959 6896 15942 11189 7504 16415 17526 18311 4110 9250 18488 16899 19797 3612 19344 8594 4338 4215 13763 2797 10226 7060 17356 12871 12002 16263 9420 21933 7723 17188 20533 10879 14927 22038 1700 3597 21322 16635 16970 21112 4232 21014 18295 8599 15550 15143 16970 8298 2390 21715 23132 9079 18547 17096 1631 11910 5694 21962 4073 12714 16681 3771 15340 21892 13315 5583 14485 23762 23636 2048 2918 10626 14518 4554
475 2576243
1035 1058 1123 1190 1237 1249 1178 1364 1290 1202 1541 1498 1578 1172 1277 1576 1556 1228 1854 1254 1984 1597 1769 1107 1089 1324 1023 1143 1834 2418 1714 2218 1314 1020 1852 1145 1009 2028 2421 2725 2621 2238 1547 1378 3146 3000 1056 1628 2800 1510 2901 2014 2464 1861 2850 1652 2787 3343 1283 3568 1846 2058 2707 2387 2734 2494 4199 1616 4278 2670 2313 1707 3797 2744 4162 1627 4087 1755 3606 1534 3945 2935 1324 4377 3556 3303 1581 1223 4639 1649 2184 3828 4928 3757 4567 1852 2983 5309 2588 2341 1025 4804 2481 4678 5596 2061 1723 3904 5633 5489 3659 4648 4896 1044 4994 4236 5777 6330 5320 1027 4517 4876 6188 3462 3817 1817 3288 2435 5891 5674 4789 7221 7057 2069 4220 1139 2290 7070 7321 1682 4738 4813 3327 4316 7861 2573 3080 3151 4319 7269 3003 3920 5754 5702 5414 3333 3241 5921 3252 2062 7350 7908 5984 4134 8615 2940 1618 5954 5575 5806 3863 7273 3505 4132 6969 5701 1773 9475 4785 2980 3285 5094 7476 3828 4762 4284 6170 5657 6236 9751 1701 8591 10391 6954 2896 4369 9012 2847 4532 7970 6390 3699 10857 5050 7061 6065 7969 2808 11120 6544 7161 2497 6505 7050 2615 8776 2863 2075 4268 3624 6274 1916 11320 5629 1560 9915 12266 2844 10953 11805 9513 6246 7293 12086 10031 2676 11830 5070 1761 1108 9562 9545 2540 6223 1411 9680 11252 5912 12411 1453 9808 11826 4688 5682 9598 7966 1293 8972 8271 10739 12658 2536 11231 11475 10090 7942 1909 2127 11109 8071 4506 14565 10564 10635 5156 1446 2570 2344 2750 14132 6716 5348 1696 11878 4548 4487 12420 1793 3339 12515 6060 9709 3989 1700 3598 8210 13956 13803 9991 7319 10247 13881 5611 7453 10015 3887 4872 8452 10000 11352 9629 13102 3725 1159 1277 8049 10784 6974 7477 3333 1034 8459 12117 13522 11331 13412 13598 3090 13562 13893 9118 8128 1462 6828 15864 16196 6059 5820 1155 16143 14349 1882 14340 3888 9890 4289 12703 9083 12862 12113 5603 7059 7083 4980 15395 17474 10603 18771 10705 3464 15247 2146 5508 9420 10725 5280 7145 7979 1212 11520 10198 18467 11670 11911 12139 4779 10295 17063 10058 9824 15009 2826 15591 10727 5926 3530 17136 6421 16097 4483 12865 16017 3848 9535 16374 19874 14626 19570 13268 3379 4497 2363 11598 19042 7546 7134 20216 17112 20135 20354 6688 4442 3038 1713 20571 17995 2417 15371 17048 14399 16394 10693 5865 2990 17823 13193 8999 9808 2304 2619 8239 16594 11909 6749 18481 13981 21217 21796 20964 15894 10634 9411 7875 9258 3223 21776 11838 18648 9501 20190 12430 9652 7793 16400 19465 1615 11420 3639 17566 10802 6626 12367 18294 3655 23797 3216 22575 11914 19346 23809 17760 11231 9427 1482 5956
492 849915
2 5 3 1 1 17 11 23 11 28 11 24 26 39 31 42 12 41 32 52 61 25 36 60 40 57 38 70 60 91 83 41 54 59 43 24 13 54 53 54 102 21 63 77 98 51 124 68 73 127 95 99 106 86 48 78 74 73 175 130 22 14 32 91 44 134 143 55 81 198 91 85 209 97 215 71 188 230 206 184 184 55 54 22 137 168 254 176 73 127 14 195 19 72 269 184 239 76 2 259 193 222 28 216 131 215 301 202 122 327 185 126 221 240 206 94 109 320 102 325 109 238 206 76 72 274 145 126 317 80 177 369 33 69 293 336 241 412 202 31 343 13 391 420 10 316 139 216 86 148 245 66 217 409 97 189 58 31 364 464 446 19 253 325 202 264 85 392 264 322 240 506 244 71 524 121 493 202 147 169 454 475 346 498 252 134 306 144 248 147 246 571 18 539 10 301 437 554 514 34 594 592 361 261 409 448 587 532 386 258 441 375 220 228 12 117 398 605 615 318 444 441 540 576 172 450 61 141 453 276 557 478 312 389 275 190 462 430 696 395 393 135 94 306 206 373 559 382 10 210 433 426 231 25 304 27 692 542 155 572 162 670 457 160 61 24 177 97 516 788 296 41 304 594 377 144 546 775 383 794 368 676 414 640 669 444 673 12 408 104 122 302 767 81 313 583 670 193 245 331 721 384 451 91 882 620 815 455 872 119 310 31 331 100 497 58 471 622 590 283 665 627 31 548 582 799 852 609 47 56 558 156 244 941 819 462 388 345 965 280 50 507 162 886 977 1010 385 289 826 379 676 416 501 694 348 183 834 660 472 186 268 698 1015 440 57 978 930 995 1000 726 570 771 400 348 329 11 102 346 600 1075 1098 1105 772 974 1087 161 931 258 308 1124 1132 1079 393 240 65 933 291 48 228 261 1194 233 928 210 839 912 821 730 467 190 415 459 324 209 746 247 520 947 707 38 452 285 1168 1233 1267 139 556 963 1031 701 692 280 426 230 307 552 429 1147 1068 316 134 945 1278 856 1200 98 529 22 573 1065 58 243 1107 908 489 1311 846 1197 545 699 901 1306 888 1002 1100 646 1071 563 1407 898 1132 113 348 440 560 855 39 241 156 1270 1010 245 10 749 1227 632 1333 46 437 205 144 49
436 1712525
2 4 5 8 9 7 20 23 9 24 18 16 19 37 35 17 46 22 10 29 35 11 8 42 60 68 69 61 47 7 69 55 56 63 65 63 4 86 77 44 74 62 37 87 108 108 23 122 131 23 151 140 12 78 119 169 134 105 129 92 91 25 111 158 55 142 152 67 25 76 75 146 106 201 154 173 207 119 59 84 105 195 116 74 87 31 64 146 67 260 46 170 178 137 282 16 170 226 166 66 284 70 170 111 115 73 159 205 15 317 330 306 297 328 56 56 148 354 253 336 50 54 27 89 161 64 244 295 241 263 365 126 389 255 98 329 96 75 100 132 168 340 133 417 285 132 363 280 321 130 264 340 446 411 24 346 80 471 90 406 299 168 469 158 26 68 440 164 329 505 63 503 468 242 44 184 155 268 212 255 522 236 438 268 471 235 232 342 557 298 137 325 514 417 557 338 188 336 215 60 453 245 36 568 216 98 89 180 238 156 18 63 134 87 472 348 292 328 114 317 543 64 232 400 546 496 280 40 167 4 32 149 179 483 470 448 259 611 195 284 430 176 60 416 628 275 162 129 20 301 38 102 352 623 17 766 655 276 32 314 492 643 592 502 366 494 210 551 313 230 165 549 564 173 92 472 505 317 457 470 353 769 396 417 450 471 626 189 475 495 659 760 531 545 647 195 212 443 782 742 626 859 571 473 450 813 811 409 476 617 423 705 35 306 515 569 422 886 839 100 507 350 642 349 611 288 693 713 38 124 218 922 383 110 189 725 924 19 356 162 966 1017 137 720 904 488 118 695 506 369 885 933 510 794 86 453 518 1075 911 852 970 909 802 8 427 883 527 498 1041 422 769 378 670 448 260 262 560 768 802 27 846 1127 1079 205 219 868 615 291 335 181 906 1111 487 557 657 275 560 986 57 338 767 908 328 286 614 229 1036 103 61 979 680 194 166 936 558 2 632 514 918 835 607 557 712 783 995 492 651 1152 272 951 515 218 192 1216 871 980
304 924789122914
494932612703 805203394145 243087243203 177145351583 546241560542 631285732979 386531668820 329917444868 550448510188 700905246975 332613260140 725538463429 561875482807 119816643894 769543317541 743951815243 685182542771 105795799546 701919800906 418056131475 126476809478 409653921863 24433973373 801780820217 909007232275 426124680659 640659781920 683257731891 604279184027 385128517048 766039026083 408212323763 276130754506 94693873724 405100727456 690166911386 428740758907 336325353835 157374587833 236660970304 521035425650 222547495186 706962031616 875836348226 270164667284 703754345219 409245253469 430469708940 273126995892 598175099346 641670574869 57187970939 631608548422 418426165782 148276874231 286819761102 195455461048 830854481093 529558557689 923754606179 196185235681 386067522561 870571903961 772807278054 551724927851 164610114006 422112319106 791594975298 474489346441 93217321989 737313621265 625795456075 449483765064 586732839922 746796002702 910790475486 105945556020 282251457958 681625554510 834668080802 609073286867 283813084911 466504453952 109326186405 84228389608 597866742375 631747152435 855780282813 410443736330 565015682123 151958334672 517029798853 486181944634 528126087187 647151671852 435443352719 315307047595 358500851379 719150222368 400262138584 726498145403 865697568218 494082419920 565419753236 416735154570 475930292770 606209064167 1454735374 563786160346 140552631504 434874720642 797060958593 664938585477 74065053087 637574217494 38133726554 8454735450 820749413620 456696235928 312401107006 919647096774 110081136595 854063982787 259743080734 906774813521 311994849111 714073010892 902628219797 829092346488 843555135097 406308106878 836634511385 28442083878 48394000877 410833873704 756463508521 460381730160 783432863011 511544257035 107700217755 476524035809 306767300876 670207929331 328598604146 756474256182 779137490363 301098110258 708907054944 729070094187 165107288731 295605668534 867619120671 120601967662 308769448615 355173029331 38214929471 153528012412 755596601797 143498786837 227360169310 75184635870 761024080843 53112477353 198866102630 648605811868 714717738083 386983618752 758319794696 574666137672 914201064746 761393772578 429480472892 714422775046 476658809939 842708542667 610667513369 693687611678 333720703224 62727212086 689419657136 446731956668 613389317028 662008863524 816467267171 66651777000 515466727108 145988644728 678004775986 809009994903 694929801117 160616542934 407441095007 153889291408 75799117167 763733550370 761111805780 881570715549 519393629097 162999160643 838423356987 710481532795 634441163332 801809829102 181198881098 486015514914 13644411398 710906353794 295933923372 705631036123 270512680677 137967191462 873867656791 786707535656 578936425413 60912857181 86809285553 918212216204 445804832256 864674026431 244754511593 94902265935 483225058220 444482007051 911952631838 810189390574 501201108702 477828761493 650425289864 596949656577 21562363286 245188997626 122672366650 775371581067 71605175386 151093795167 441286899174 112472306139 723162636458 336777586911 132289428553 515612861912 171484354938 352178305512 783713322790 325349903308 454716257674 537533048105 239339710544 17982116887 176661375497 447274152494 517712350530 44679737195 141366893103 52808214893 530834402387 358534835862 875034740077 444066627802 320282862007 314597848869 835202223688 56124374174 294584913840 633530457874 639179991999 249374436018 453047567532 102810990102 379149432295 85744897274 188483610949 265986492902 442246971091 140575400007 417263315673 138832730478 763744928054 278980211473 768427379682 214045559819 146159719530 601239644091 516208967433 105297741367 282682857821 196332879658 149251386533 306787970878 858745008786 596181131800 701005220993 279823735388 80394347705 709006650646 46564268303 105802848453 412741762644 759451420716 399022879855 229108075619 122351147800 626677371197 778913163450
412 500585640887
404489332 1193937781 1976360145 3608805312 3982291432 5121552140 5782231265 6835554576 8756115255 8872390122 9064031266 14187961759 14563357578 15415606634 16822785848 17348332628 18851115220 19530268719 21585477005 21717544041 22407088006 26210736019 26411450828 26423042475 26543016342 28500110844 29182029881 29352691957 32809092547 36690676685 37137804700 37378251859 38648808730 38776654615 40173394411 40886990912 41708228248 44504236663 44945907611 45470214282 46176671410 47517417566 48198922961 48714655391 56215559084 56291535743 56637754947 56973886837 60978978456 64187866525 64372577273 67215126405 68235085166 70051617063 70267974506 72078347113 72890563466 73673450521 76452720484 77621543243 78021459786 81087370649 81485714677 82174579961 82997638300 85266822762 86101046635 86592465919 87839053589 90417206406 92551192437 93063104653 93826612311 95864254745 95886859360 96264914888 96275422837 96861020771 97568610315 99064362859 99095507216 99413827911 99419068891 102281314556 105687299087 107617430058 109457239306 109690830196 110287550307 110918155254 113089731299 113338665984 114162125960 114342108090 119967908356 120455193668 120873236212 121425841746 122563165598 122745589020 123155105692 123891994579 124532400473 125209808610 128465682623 129170961530 129385948907 129950657517 130023990783 131145740767 132460494734 133565794148 133715027732 133957938560 134696217326 135144928695 135965470101 136777844497 137045250059 137659612248 141081787438 141957806976 142558859429 144566393417 145364341164 146971216059 147057867918 147778242132 148324043030 148882741652 149879063617 152537952131 155749851195 156080169371 160002959306 160254797060 161616821474 162227453076 162397784611 162410401330 162980053829 164320877608 165669650795 166231264842 166792983202 167536192453 167867810413 168227111261 168509127974 168546422530 172286948719 175704577928 177255307082 177507409408 177948824526 178716586670 179658068390 179774963079 186568587839 189690196184 191409467222 199898260017 201608887116 202305821622 202760461393 205856125918 206170389915 206418484146 206578551091 207678665588 207707424364 213890540484 215331305928 215417778997 217371430912 218126423772 219967539448 220824551855 221493147753 221666161841 222433466521 224064335559 230262407357 230295694166 230300911718 231331051968 233498592761 234711769027 235115122330 235723283037 236930465284 237309885399 238495815030 239494812438 240287073629 244280796798 244463431644 245022351365 245143099602 245981614092 246091412882 247988245272 250802418499 250831100817 250851149920 250921668813 250961317479 251154577410 251889892733 253928011979 256176837893 256329130608 257768186356 258583120810 258610544604 258937079629 259028034343 259554505028 261416659681 264003225898 265705494144 266093219149 266314020124 267341658358 267372803298 269163815040 270345658952 270413592496 270770537718 270889174621 272279044279 274171532671 277339835814 278249232023 281776772727 282405381143 283984118598 286546708620 288644004649 291316484371 292117403952 294303992203 296269294623 299077317302 299311212508 300962838584 303942909371 304224667106 305146562433 305490825084 305713064423 306086517326 306181818019 306603503268 306913072099 308256881816 308646920488 310518082021 314173491337 316904048875 317049152333 317776122440 318888339196 319880979643 321400729595 325235755417 326549455174 326661823695 326973930555 327167471375 328445987327 328852790909 329256495615 330624802863 331263327846 332380024033 332902862735 333292614806 333696235945 337020289075 337251953249 337431129891 339500058990 339970316219 340271354982 340277534901 340288876195 341297576764 342150165685 344003572901 347358296373 350656314773 353842628646 354312191111 356431103513 356650327428 357259532904 357606568086 358703397923 361995903545 362187772198 363026163144 364660844005 365816554467 365906805909 367746439514 371454177852 371464708529 372360131240 372672891722 374799362151 376861621698 377119657670 377236190349 377296363649 377378078379 380562598639 380847804556 382365359607 383136572030 383593507402 385046513920 386023257067 386771424777 388525352573 394989852763 396379915314 398548064856 401224141245 403651411040 404448087558 404843234690 405314148105 405829621323 406021249297 406328551081 409080436527 410561717316 412018029006 412938178622 413385191483 414303972899 415113237813 415856519910 417773724833 419397872570 420387534888 420441829671 420742827407 421306606867 427662650127 430636970720 430934357685 432988925171 433234527876 433624865853 435812430341 437664356885 443464224050 444014688879 444333086033 444833479329 444910937243 446713406015 446806510408 450923190469 451010480915 451261705607 451702626545 452713004759 453732904428 454520236415 455718985332 460104616313 461649638864 461661290186 462927457954 464543010937 465193801002 467664077084 468046957269 470241465789 470482348734 470792933079 470962461573 471448001524 473474025037 473789902343 473795685754 475439464756 475709902176 476872984765 477958099061 478054351398 478372210316 478502314389 481958909504 482460508761 483179187731 485020881270 485619939990 485784977631 486093252272 487340028755 488628658479 490188345096 491111860725 494027627037 495979828000 496435688067 498339488848 499117052522
397 833390154675
10379 11732 11613 12782 13196 10548 10495 14804 16735 17818 17992 18675 12096 15436 13644 18406 17944 11176 26385 25398 28237 17724 16298 33942 16580 16027 11247 34332 10471 28182 33332 10180 34398 24054 18431 18023 34565 45874 39346 21800 27732 13995 46253 38316 27410 37052 24501 38253 43419 30715 38973 12834 52535 11269 21514 58734 27752 11231 48185 13304 65380 34208 16310 56736 17974 43224 32603 47218 25870 40729 73828 65701 24786 37499 65765 42347 70759 13642 51482 17263 13403 59936 89129 37595 84250 35693 91786 79590 51635 80392 54087 51695 68416 22265 57626 67310 47492 80079 14386 53252 55879 64307 74694 62546 45836 86914 74443 39627 34289 44974 96575 66528 109551 58327 99079 52167 45072 63492 98992 53306 99744 19054 74152 75277 57964 129738 42705 69065 118493 77381 30600 30838 30827 53033 129576 108518 21602 101370 103389 67466 115248 94671 51270 91902 152914 86547 63863 76114 10408 145647 122136 154073 24628 140561 134012 127526 101752 107117 168725 81176 50171 54311 18128 95019 151919 17068 84476 82434 115086 23046 58391 22128 117469 134719 114055 60508 115457 92925 124834 78581 119885 48123 167848 135966 92367 92550 92237 128118 169352 110505 140109 189336 169882 54974 141418 171663 165827 24808 191274 88258 29068 61669 181427 113332 73886 41962 127919 203234 94548 155965 29153 112788 103846 24370 197881 111457 153071 139459 149836 155436 225678 174115 142035 140251 65632 130896 136975 215969 211194 225383 174224 41592 149615 215010 208161 242748 125023 16604 108850 17231 144462 142841 200302 154535 140857 87822 101616 249906 149382 115021 178754 105065 10489 246767 97929 88146 171590 65523 220871 34961 207130 85154 37455 264179 58570 11385 235446 222498 13497 34708 187337 116419 188879 79898 110565 24698 182199 270399 226557 180062 268974 132765 263375 100292 50891 134390 262967 93259 168575 66727 46239 85996 231715 282222 62473 286401 262061 40165 156819 77659 301523 234698 54868 33982 238387 295158 29547 235736 53374 25002 115831 192567 158050 180518 243019 22607 271828 78525 160575 324345 21565 103299 253776 259255 309497 268918 286656 297783 190993 14259 177009 208764 219404 17852 36433 152869 125980 208806 240663 14179 88603 322019 58695 306453 318847 22904 258444 50206 246590 318822 260930 45173 212196 81451 204238 192248 363993 358310 315757 149489 80556 364628 258430 98292 183042 232816 362020 20296 157556 55707 231638 303142 284324 357822 43027 71642 320131 237843 166347 60484 212313 271537 215456 249030 46256 213321 366947 356313 170188 276698 309407 332826 263722 258778 368683 209182 84429
464 629735477707
10751 10655 10984 13097 12362 11210 14505 17309 18856 18428 13462 15952 19042 15880 17683 13058 23536 27793 24249 27580 27456 17265 16656 33695 17767 28582 36700 13676 31501 29661 29071 18257 33831 43749 40893 36950 46743 43399 38689 17265 33768 30846 37488 41292 29022 36814 52080 22561 16513 14856 22620 61677 50472 42300 26093 51630 52164 19854 37333 33272 30429 69969 47616 31881 31917 57021 34028 53272 64763 60389 12103 30407 81162 30502 42459 76950 83105 45932 10400 62707 43221 68605 33748 45425 64486 76204 39336 17871 78259 75843 87941 82658 72884 49074 10604 77754 34838 35322 31587 23148 94164 48796 60428 55590 110636 76974 110854 107872 110943 86723 82496 79602 85813 77128 12670 113916 118850 22116 34685 119064 108544 18931 54407 75348 31691 72551 102073 74335 62202 121110 116579 76802 88030 39408 39714 104370 21697 142576 122088 117269 12661 29969 51713 113184 42475 144377 84492 117628 101506 93598 135070 148802 20665 136488 96803 145378 49398 153519 53807 44163 166898 38951 73325 110097 17289 59686 87889 165508 124260 114856 19015 99120 167353 156255 12403 157717 123926 74660 130877 154936 44492 155134 58540 128136 99928 113366 89889 39791 75769 115144 166846 134355 91595 80024 24961 181038 150216 86260 132256 177468 174142 193095 30426 70668 70577 20454 124416 54294 170913 15147 85555 136600 153442 50628 165776 110068 179790 186401 81612 191155 213286 129142 46974 221103 116247 232613 214935 78269 149924 227436 53991 232918 93568 30810 188550 84922 220867 64244 77599 103336 180717 122367 76817 46276 155078 207908 146579 152056 120368 26914 13605 102046 120651 52272 202229 154181 38586 32613 212503 133579 82873 49687 236648 183226 253671 110254 71550 243155 123218 18596 69302 77092 236650 200706 20015 33006 284722 125223 76376 288509 211935 227213 189694 113561 120285 282843 202398 97439 181627 56032 161239 174394 235369 268163 138653 42967 271988 288910 41031 107408 200599 108279 14875 312140 245553 66911 54065 195727 143784 163743 136720 191287 205417 107086 238384 161809 95827 205208 214518 101306 151165 55481 272529 108280 221056 239181 291810 122417 139962 301999 129534 52986 105447 68357 335169 65883 157300 298591 344947 175761 348274 88061 294789 14207 334902 20308 83373 166415 221637 32269 21374 347289 163278 162686 98067 15446 11425 334733 91795 80054 144445 116973 146037 304962 67166 320694 17028 241056 376297 36708 326200 45325 107288 194693 165884 309538 92127 97137 166048 43022 363290 171975 336007 48472 251823 348979 127364 241240 178314 194983 308662 143063 204194 86023 368456 394670 23630 336448 304808 238221 359979 278090 376427 156026 150523 366575 96933 120501 322994 76818 23978 127788 333081 17820 319199 350020 150939 337801 155242 228652 31397 48764 365338 127828 97370 246570 58143 136214 321683 338574 159853 232265 346315 407921 106794 359362 391767 303563 191990 273771 302052 24076 88424 17883 337526 177347 10989 253671 75547 417206 297336 390812 231701 78085 450124 164439 338043 153773 255390 258964 35633 268327 336015 152909
434 554617445061
10747 11014 12939 13447 11749 14652 15269 17960 12971 13319 14055 12677 17169 10590 23499 17182 15511 13477 27006 24841 26740 24931 10173 18474 12694 24271 33208 18035 18913 13822 34231 34448 20741 15057 21170 15300 28166 33539 35195 16534 25311 24951 21871 31814 53306 28521 43517 13736 31957 49108 57426 44556 16445 25272 54939 38584 18982 23600 68531 23940 28125 39591 48394 21814 55211 74387 14189 72918 41095 64650 60938 53275 52157 31873 15227 35048 44255 13418 86211 82538 86105 42573 74072 45040 84248 92928 66924 60735 45593 63353 39329 91255 52206 27881 96894 97118 56806 89782 98638 39687 109167 85112 21087 43827 73372 56065 50294 16913 102625 88373 43216 66389 80062 56080 23177 33501 24761 52981 104347 45422 123909 94998 100435 125394 34812 63807 102057 71073 36214 19004 12467 18763 140105 116096 107610 51661 78977 28613 126684 43833 104241 78644 99671 138048 39217 119073 34539 147164 23945 152817 51045 65221 52716 117365 30361 51913 103066 116902 62956 152605 52651 127303 34444 131565 88227 23319 49344 88579 131651 152215 29941 114620 15645 142168 31713 104725 60740 178728 127019 45767 33601 14612 173987 89283 65707 163145 89813 197012 74056 153623 66917 125337 196365 75910 111649 114277 136945 121549 26507 147210 27225 21676 189053 32980 156605 66048 57979 88584 87080 32458 182038 80068 165875 161846 60760 31837 71981 93384 131182 100025 182346 189849 109014 124096 121132 22542 209972 90352 194264 17096 118188 193509 202192 102413 203940 224010 40598 29062 167106 199244 210471 228410 109081 92338 140756 245790 165082 240695 234543 199993 125045 13933 237462 89379 229572 259415 248766 161900 137614 223005 117283 36320 104852 159262 156196 148952 183963 102693 98328 164158 111231 174272 269424 171962 203196 268863 96579 164013 58291 129739 68805 128236 39669 157854 101402 28438 269666 242026 79604 78168 49595 83718 27696 74128 155840 230582 90538 67425 34419 306409 12212 148958 197492 43692 281234 12230 159492 180444 314521 42883 239854 27436 216086 293243 158509 273547 108133 72169 72619 95366 103022 289518 44241 228740 169289 224471 130867 16409 134679 88077 292044 207422 176891 274255 310525 26481 247477 200566 31641 114902 218102 28065 338861 89329 41107 296497 201704 33912 279090 67139 228509 36078 301923 342601 85695 299584 216441 196849 100524 21014 248732 213762 269509 57391 296720 352511 368968 235069 136510 103050 103380 21568 153686 257020 96525 130537 287502 348345 145583 215491 105676 297835 138657 162504 200240 195058 313410 47528 143628 298810 77775 156493 125969 72442 182924 311867 199274 246365 367958 187837 266971 267002 165004 111794 272984 19502 302690 274262 99305 370492 385164 326964 396765 43165 323140 367191 353442 50010 286651 286119 407917 40445 403461 263273 370317 47689 353337 378786 366849 351124 421632 289622 151280 389474
362 205940254152
10008823 10001281 10010614 10019480 10027490 10038077 10018116 10038136 10058894 10058512 10061837 10064122 10030987 10136443 10029932 10052978 10116136 10018593 10016201 10040616 10058293 10109128 10140922 10000510 10187070 10231451 10193972 10216162 10005074 10204562 10124074 10264887 10232386 10181263 10290554 10023980 10049527 10035512 10176466 10235313 10357810 10016243 10304462 10419419 10023405 10404949 10129264 10315116 10489031 10124334 10493113 10335736 10494595 10325343 10373049 10537995 10435687 10329863 10011418 10494574 10136265 10226412 10333436 10486465 10569423 10006119 10408202 10386122 10527579 10186291 10402023 10167490 10510997 10398880 10305416 10073961 10360955 10121151 10217645 10700298 10381466 10615863 10555184 10279605 10470908 10608248 10722941 10631382 10052417 10757123 10869645 10241720 10319439 10757411 10091231 10331699 10290273 10881389 10908617 10125037 10633001 10245973 10708715 10771047 10929658 10543330 10150069 10433953 10636010 10792134 10116969 11044631 10930818 10776766 10058410 10725812 10315934 10221760 11090773 10546819 10546119 10058809 11095584 11238883 10834937 10583624 10016228 10807087 10020593 10569955 10979982 11090018 10393088 10248084 11244215 10883143 11121553 10985094 10908168 11057004 10538130 10104197 10264130 10686251 11332270 11370473 11084413 11240598 10896812 10750267 11202969 10853732 10614712 11321595 10703043 10621247 10592788 10592838 11124699 10583654 10336348 11117044 11398605 11165506 11216073 10569123 10644949 11166721 10896010 10383263 11638832 10857129 11279063 10507860 10786022 11510328 11343820 10445258 10215436 10427862 10834117 10323624 10637207 11149826 10020178 10498244 11007708 10522910 11027708 10299557 10235408 10001960 10388818 11055227 11503920 11516106 10606124 10073552 10431093 11635502 11388918 10925528 10675557 10869751 10867743 10062862 10724540 10274058 11021278 10359239 10749353 10094158 10316863 11782156 10997411 10946091 10043561 11312617 10672134 12001871 10284102 10010003 11604630 11557097 11029593 11629418 11763485 12191575 11728350 11538807 11301573 10378990 11427726 10353169 10751216 11856699 10215294 11243160 12041578 10131676 10943268 10205376 10884659 11053699 10877502 10381655 10128756 12471798 12019970 11284667 10460757 10045034 12491061 11747119 11201129 10783682 11495578 11981875 12407983 10451826 10563794 11880289 11559063 10207472 10656448 10986062 11943053 10751205 10780027 11561930 11204029 10239440 12436224 10556475 12295474 11453351 10476920 12538385 10102669 11399495 11143572 12775441 12434885 12213216 12437364 11595563 12491178 11140871 10923989 10177199 10146221 10771931 10644440 12176370 11434990 10337015 10560661 11527675 11887688 10182912 11382439 11776566 10358789 11200646 11699394 11730184 10676543 11257638 10199444 12954075 11111826 11090016 11472601 11012080 10927699 12606133 11186477 11726716 12923545 10737347 11787355 12587337 12340136 10127117 12228206 11213390 11444528 10074465 12202502 10990070 11226118 12442867 13090215 11733682 11307751 12830618 10309838 10133994 12508238 10373740 13067838 10680923 13325150 10517474 11054351 10572818 12459260 10827409 10231554 10523675 10484498 12736324 11128518 10096577 11079783 10917766 13293949 11170657 12411604 12742453 12035672 12838906
410 365613426776
10009160 10018329 10008688 10000018 10017174 10019301 10026444 10049387 10083927 10065417 10092776 10085349 10111386 10067111 10088714 10088824 10058917 10083227 10108286 10141695 10162853 10130322 10208507 10151820 10157871 10103030 10109374 10137456 10112195 10103434 10013359 10147777 10176100 10307359 10126391 10051147 10110710 10355528 10344818 10347861 10331591 10167508 10415342 10018987 10319127 10256366 10327425 10368048 10255163 10071980 10390150 10207162 10122924 10100926 10228025 10464369 10514691 10260865 10522746 10343792 10179213 10427376 10620375 10635332 10508393 10121152 10445961 10165566 10060173 10163487 10550073 10546536 10412179 10437995 10254237 10274088 10068062 10016479 10034796 10252478 10636064 10356893 10657144 10776885 10116783 10281308 10414857 10410537 10194636 10391830 10340712 10528121 10075011 10802391 10739061 10362153 10536598 10034336 10771582 10983995 10985891 10403763 10340885 10136191 10658362 10498496 11048961 10087816 10938286 10902682 11019974 10109494 10256714 10176888 10269390 10079784 10094598 10421661 10603930 10139617 10545536 10462467 10179332 10326439 10230151 10253941 10115436 10624763 10811591 10411381 11040563 10984809 10499127 10577406 10809683 11065888 11114373 10481724 11283384 11156245 10752076 10331925 11247102 10666008 11195018 11023232 10282636 10464942 11179979 10675146 11036419 10461686 11319278 10592909 10761540 10956144 11069881 10671715 11363024 11041713 11099556 10751599 10518338 11009040 11377085 10290937 10657642 10787965 10561006 11056484 10370752 10719350 10438900 11507877 11260325 10373461 10786692 10084535 10503252 11526593 10254969 11102893 11754751 10932600 10196814 11181885 11342146 11501042 10549137 11034614 10527842 11238586 10536993 10954148 10923467 10745378 10087901 10581346 10579689 11783047 11570621 11532677 11878688 11806017 11660416 11345926 11128790 11252829 11770268 11571752 11333237 11189127 10295053 11399001 10077602 10338996 10493159 10851714 10322833 10436345 10817542 12015762 11813412 11572997 11955715 12243030 12042635 11215168 11915655 10641092 11469500 11645034 10352137 10726294 10304188 11079034 11495462 12038178 11661641 10819616 11642086 12263181 12165211 10112094 12294152 10615538 10974901 11583294 11642391 12473314 10297162 10993673 12324410 10487497 10505752 11299591 12057842 10352087 11945648 10697411 10475359 11183100 11414501 11406114 12176040 12404425 12468626 11520099 12115071 10178459 12123023 11608858 11331303 10869463 10607420 11655199 12289623 12447539 10772821 10808694 10642646 12391192 12785566 10486048 11643736 11146382 11228385 10575045 10890812 11950012 12030444 11413764 10567967 12825768 12570869 12741752 11669372 10730248 11262745 12554815 12967460 10607313 12087082 12940124 12124886 10558584 10918738 10683300 10747261 12658011 12148790 11244178 10471129 11448451 10360353 11632904 11979210 12758194 12437329 11183068 11662375 12985335 12988080 12533541 10405367 12557958 10908530 11335694 11760743 10388039 12481669 10497690 11933032 11697004 11862963 11802510 12122615 11340874 11083660 12091416 12576301 11102925 11406485 10729508 10109103 11391788 13100711 12165075 13429203 10882930 12576105 10219398 11575590 12851432 10477740 11658711 11315386 12604005 10586161 11604970 11055323 11388167 10179895 11837140 12049382 12056512 12919811 13019649 11842082 11494006 13677310 10689719 10304412 10916226 13650832 13480230 13276896 11216493 12737695 13349806 10811776 12079807 10500733 12976807 10003831 13051523 12101736 12108901 11786789 11648710 12736189 11824890 13049846 13872093 11896294 10640485 12226289 11056538 10331771 13174701 11633692 10907995 12170431 10168538 10302703 11714825 12793006 12812667 10208894 13891451
303 892279038004
10005181 10001218 10000395 10018366 10048991 10056608 10061823 10058027 10006504 10033231 10090751 10101153 10041527 10130712 10032287 10091176 10144668 10152979 10068461 10176637 10073023 10101900 10161497 10239085 10182536 10124871 10167009 10169841 10103147 10027430 10064740 10145438 10244374 10151928 10246968 10186517 10026407 10343334 10157175 10170011 10009366 10313210 10104134 10399407 10290823 10152930 10208989 10182889 10169197 10437180 10425471 10504181 10108168 10158794 10405870 10315877 10104695 10506008 10357858 10440072 10580775 10393141 10469799 10366102 10236549 10445807 10534662 10550188 10589892 10621667 10615142 10546798 10195068 10577813 10315118 10716522 10670615 10275815 10295063 10360278 10484022 10185497 10811519 10324639 10638376 10408489 10363252 10848098 10633534 10792619 10229221 10073061 10371994 10508191 10085954 10433400 10497038 10047211 10144465 10642331 10808291 10706610 10569324 10570459 10947302 10406516 10634999 10198769 10543266 10274642 10247083 10936393 10906507 10137837 10608527 11067916 10764836 10401846 10033495 10140083 10885398 10750352 11133961 10752659 10812137 11074340 10916654 10643273 11226485 10252845 11140488 11031054 10356390 10926135 10347076 10428847 10226319 10452386 11059452 11148829 10598327 10498905 10326620 11151313 11151826 10148947 10724045 11201573 10697177 11205196 10562703 10984455 11225696 10020947 11161811 10361621 10066222 11090067 10212843 10541190 10135845 10116751 10584966 10724620 10839912 11386181 10484500 10480599 10733938 10367087 11183525 11710782 11617536 10117317 11125246 11417150 10087967 10073418 10246245 11355825 11158466 10645336 11408230 11627113 11143902 11567240 11184384 11546610 10583957 10475569 11597971 11487156 11851390 11875320 10513261 10576449 11310516 11295655 10951451 10780130 10458536 10965875 11856642 11635120 11449818 11822811 11519533 11083048 11430733 10290688 12108929 11888548 11080205 10134535 10113677 11852239 10048549 11518157 10520166 10443193 11264736 11797763 10792982 11860701 10589699 11112282 11138859 11050119 11760799 10591436 10376530 10602637 10480055 10872599 11707601 10683740 11916286 10877535 11876053 11960179 11098733 12230036 12136517 12010269 10727337 11415531 11413899 10747294 12472238 12493721 12489518 10360847 10872641 11835282 10591325 11865892 10822669 11523716 10668370 11344361 11939296 10863368 10532092 10609100 10444998 12624703 10509575 11234945 11875240 10437860 10256378 12086750 12078395 10675583 12319058 11669175 10353239 10326526 10539998 11828026 11826624 12810045 10259674 11067952 11511440 11203482 10063947 12576323 10292505 11543041 12856533 11438064 11175480 10399268 12859241 11011278 10161432 10698222 10405114 10808443 10667169 12979375 12962081
430 639363152659
4 5 23 1 26 19 4 21 71 51 65 52 55 43 145 35 157 71 166 90 110 78 78 229 216 41 169 175 187 230 294 247 195 211 65 303 31 298 135 84 96 396 170 312 133 300 352 437 327 229 298 249 477 410 361 38 246 353 228 317 3 497 209 300 623 590 239 278 584 39 52 39 80 670 301 348 558 532 236 58 32 356 16 821 233 88 391 684 311 558 333 883 29 421 666 670 556 168 113 398 323 49 504 492 1018 693 151 152 489 8 945 265 697 949 25 370 258 973 677 695 1018 98 411 406 944 103 177 75 1205 1108 1021 500 828 274 737 393 275 289 155 860 413 379 1208 827 449 626 1302 1144 1334 1310 860 179 1471 998 17 678 451 153 1499 1269 1390 962 198 1335 735 801 1500 783 41 616 1295 211 270 189 1617 1574 633 475 639 893 53 1305 1295 328 1100 1383 129 891 1550 1712 1154 1501 994 627 714 108 123 706 1803 218 982 1346 971 626 37 411 1938 1353 683 1375 1346 1135 1992 724 2031 1479 980 1208 297 61 1370 2038 1836 1227 831 524 431 791 740 1882 1458 1075 1089 1033 1476 456 2220 526 2227 2246 272 404 926 2027 1229 578 2330 1741 179 85 1982 177 85 1491 1281 650 608 2005 1874 2137 1713 976 2206 2415 1764 2060 1370 540 123 2351 444 1313 2564 1765 1910 580 543 1171 197 1224 2317 2543 1597 2743 1386 1041 2141 2029 732 1975 1602 1474 197 121 2943 2929 1825 1539 1174 424 1687 2602 272 2027 1088 584 423 1214 199 1320 1234 739 2830 2015 2979 1482 1520 2288 2753 1100 2842 3002 2286 1007 462 1180 910 1163 2219 942 1587 708 2569 3079 1237 1685 825 605 2458 3377 2489 1006 2385 2024 1155 1744 1293 2527 2075 489 1278 905 3268 2779 2431 165 152 1386 1998 2945 119 1679 3408 29 177 2915 3174 2367 2996 907 3420 1890 1471 2196 1655 450 3655 1907 900 1036 1866 486 3693 651 1911 2930 1644 1581 1983 2673 1602 1287 2780 790 3513 2008 3336 974 2564 1549 2378 1173 2612 1335 3393 1545 3318 2447 1995 1740 3641 148 3728 825 2410 1865 198 2672 1357 4120 3632 1438 501 4131 2299 1744 1722 354 2882 182
495 670708387489
5 11 9 31 22 17 50 76 37 82 69 41 85 126 51 16 61 87 45 50 211 211 155 238 52 202 137 140 43 296 101 23 193 91 222 332 27 135 265 74 16 412 293 386 279 344 259 371 261 295 230 296 209 345 409 411 117 424 103 545 581 538 238 516 327 215 668 628 216 184 29 381 418 741 210 574 606 262 595 602 2 456 611 174 83 22 640 639 771 447 311 784 781 491 7 704 59 618 97 705 236 137 804 314 1041 768 618 503 219 259 748 1087 605 258 339 364 872 311 879 740 415 60 1096 332 818 990 376 451 560 538 162 150 671 834 797 1329 161 1048 947 1243 1395 61 351 1433 318 1044 1162 1373 813 20 828 300 955 199 1021 751 488 805 842 1286 204 275 1161 1449 618 1489 1451 277 1014 816 1121 499 616 644 1060 63 838 710 604 1762 517 825 1217 737 965 455 818 389 1520 1072 372 1664 1876 1284 1862 1256 1321 1275 1429 1241 1842 55 1052 684 1204 1737 192 1967 90 1940 1064 614 707 591 625 649 1469 1459 2125 1217 457 1853 2193 2158 291 2071 897 2057 1826 147 2174 549 865 721 562 176 103 249 596 513 12 483 758 1395 1539 1702 820 273 1391 1106 2395 38 1697 561 2012 397 229 585 81 193 1925 2293 122 125 261 2643 1981 2549 445 2197 2228 2647 2078 1104 643 1181 1930 1181 1110 516 1307 1039 110 1369 1208 1829 2035 414 1931 439 917 1332 153 908 720 675 177 1554 2702 2390 1418 1944 2299 3028 128 2983 609 1082 1969 2218 2488 58 1633 56 2609 732 2455 69 140 873 34 1660 482 765 2866 371 1465 308 144 314 1831 2776 1853 949 710 2337 3061 2102 1985 2469 437 1092 1899 856 2354 2516 3046 3248 374 1104 1045 1849 2084 1444 3164 1755 3366 1983 987 364 2417 2476 1720 2489 351 1612 1969 463 2753 1175 849 3075 1591 1903 1416 2449 2745 2259 2643 2457 3376 1847 676 2019 804 715 1360 764 2064 1592 176 3320 1502 86 1586 1362 3347 3318 1160 3925 1087 1206 1673 3304 1484 286 2821 584 1103 2036 3079 3387 2693 2089 2450 2240 4152 1956 3322 875 2186 4102 3304 288 1938 2595 107 912 2692 858 1017 2577 2283 319 3848 3295 1576 1347 2743 3442 3286 252 1989 1332 114 1662 2914 2102 1831 644 4203 1257 1634 252 951 2932 4539 3258 4532 354 1652 1344 1560 4399 4121 1899 3875 2747 1877 181 1 3619 1989 3213 787 1488 3360 468 3245 4147 1115 1752 4533 234 409 4792 3696 2882 4519 1765 4335 554 111 4324 3766
343 47232069419
15926649116 42349488138 6983965133 2541480231 28202133708 16567359441 20566828590 18416152571 24678747157 10439428712 22759847025 21915222657 33327660935 8783037449 42933529181 27440308349 25821698224 20526865985 2414916114 14096720002 28538193180 26557895519 3279515555 315172248 16635654795 12300120301 41917511655 32357993577 34742890474 41482945647 45521576694 1839708383 7733796852 8740736591 7881954459 22145069493 39366996207 42990952741 12682502470 27224567151 24630584199 42046624959 38763537160 7515504036 11204109064 42507690758 20410180737 42405394773 17797873615 23467118433 33516018959 8943512262 12684598842 21515115989 17959198897 39116164635 11833389173 29370645481 16994415327 23117188154 31703608062 12454736555 36989461378 10258390912 21420848121 11671552318 12373059566 17495746591 5329336987 29078759537 41844218493 34494503507 17474160864 18953679502 34595843131 34090926624 35391612045 35177294781 42556483353 44976756471 37929844619 30881367357 15930355680 24615998000 40237621472 46145754920 45495208967 37924786065 18099022834 19914797131 41482482923 31019277803 23456562221 32767963256 30579504592 12570772063 1827987075 4169319067 44494206581 2921110811 14931802892 5071527618 2292961080 20328760375 24986274942 44186697634 530141198 7667429746 14845051028 40095131372 20033945701 39795728422 1906752336 41922064630 6535900910 30054709468 35096664295 17407392783 18873587411 8208881599 39866327950 3195556827 8607947361 22975291775 1981756730 7018687962 34738359437 9359180822 805555924 7895521955 28652174478 20054801771 39674867453 34420053827 31072073267 3944194264 10641638110 29629502332 39753974394 26889237225 953517541 25694357032 35458330430 47001668498 26892035441 29911623975 9812551892 21506219247 39979306029 27163868388 19418594969 550354072 23266990582 43493972638 18975347860 16818334535 7229266221 38325266106 40938653943 16703969065 35517845645 18681607952 25783943886 43372359898 28180970412 24856905010 35706559094 43671719454 21309085217 26648122590 37744564193 5162299286 45844104201 17234212194 12775165832 7767817937 6434802331 36806560487 25074198236 22523140248 27493021841 11560790545 40632362669 10181024566 45058889729 13948810314 2710971841 34071515998 32655096654 3239718477 23678991069 18951441795 41211026219 6528985873 44428418042 27423296185 658657240 11788836588 24827571934 795959185 45555365003 37162514368 40125368606 1278780890 13453625667 2335881699 652164414 20461650152 35558458980 31501281347 46468721925 36732055954 41831392629 34417956642 35426961587 24214702174 29233678749 21645181145 2855273500 5483812005 25221185315 24068428850 34948088228 15945926909 12909355924 10073165910 40726422791 1295231719 1670509383 16600583270 13708274971 11875943283 13645140092 13646560595 16505733371 30488782686 4617246497 25446634322 30783013614 10020382400 32904150846 4292225348 15745927548 601450653 9845825978 3836934069 10588542371 21647183998 30409203939 29757983866 33666664522 7190413133 27091610106 43783516118 15296498237 23029775191 5415181328 42119620100 12884846109 21381827920 5669004730 46654859057 24263841199 16424410531 33701335808 824280454 2177101239 17268271252 26443992817 46143613482 23423236273 11343394353 24123181441 14109932656 11185821349 19602058250 24437974729 2825548554 26777335242 20588324910 44901225482 46480183702 33389444318 24552375885 33936380257 14951113345 29996958129 23811290556 38844797767 42411712570 1176638105 29686577252 11460657146 828217714 37819383660 40300227249 13848582076 41205689857 3648872449 31479427897 39548822080 33597976770 23550539448 27596018812 180803046 46822835523 11438262420 37582373935 13935248646 5905465591 9599370944 31029967794 10723417449 30558672848 5950009313 46620762214 42163506087 41427577055 32884040344 17396799809 4164309823 19326908817 40708741257 42751082271 42206016461 135541105 42342025206 6780108241 40069771516 33390592160 45880474491 4978230098 5284692828 13806965709 11936535364 30209541705 11820356234 15237258290 37219171982 25696933229 25483232988 20808399724 32998899319
122 926229819525
646949546424 410967849170 370722187887 33081001480 9862535282 157869121344 360644176052 804923536327 51863183825 386828259057 195294859968 73017738936 193620831417 636172154152 391243576314 893863229089 303193069656 599780630486 294287559835 538079546477 438519832431 918599121227 119882417008 546478327740 833233717899 188538713756 581214270605 708269229379 808803517570 703338468312 756168917097 247396156109 158734480839 485789224906 633389711631 95203580414 298497560677 334915648473 189496235869 359190193994 853957701826 200711357982 48310733958 296382061755 559846162795 183691504645 668428379975 921576346727 456621482129 384798767320 15714354059 423736113091 195782597112 546364925724 97396175455 582268758828 724770749564 656387626920 547933507975 926136200283 919719318139 215020136912 294976812049 216874089617 47843482284 577338061594 778389083037 59949670579 574452504647 198327361860 721943091803 123066415023 503745955734 624490032034 475758587876 606015987670 797075625764 553909201176 834827873130 51340952067 848812603723 903434034476 921361821425 898604396478 616777621191 520400743429 876475694218 219886966717 448855624076 383286073922 518614442677 731938066018 67501006349 96743769354 177351756144 534890406176 257857034156 357386189502 880456375200 840998858469 848242427400 290025590312 377446822852 794955714547 844303176271 88932876564 239009555239 587761822666 326076387555 179402881712 601560562955 27187192579 243851131880 387460339488 111899973505 336468149570 185187996554 58408707870 333870267347 512308819373 900625241108 296481460881
155 196361262203
17502877283 99028593734 154651615952 159618547075 146055384675 166578140350 34017517453 124616828942 83166345304 173642856142 139512946911 114607927777 91898691953 133225699123 103322941402 64670592221 30761449409 85158665295 94717414279 111003603639 29912052790 44339831363 67360947664 176067066624 74523866871 174670793735 75295744228 192089561191 130640044485 62685389979 175683836425 156019094197 141590029367 137537413992 56375065750 43531152470 57580373822 85932332731 146347759083 51520000501 110161857213 155909019956 125321474023 116699582225 21475107964 99875883625 26910831510 63365850346 10853756890 178097934751 146161701187 15211300997 30532807449 53026117299 134987830027 166089020060 191221881896 93846078111 74451468676 35520174837 85639234273 38012015853 78361470056 132886873379 68946820384 20045943833 137145471687 167085823253 142389060928 190716211037 192791727575 161906803299 186340006205 107831000237 92023946338 86620847858 36299842744 110779149441 95769119676 140275016326 104445883732 67396775980 119372230182 146416951695 156653302974 159807828978 50688552626 98565469770 187551583163 177803992458 7771855983 18608489171 119906257606 120980072443 36050916122 88457600861 12737399034 50899757985 168505901205 100766267895 155341476495 129075897075 54195146174 72666634763 80750992131 58388382704 158630821328 184706256403 97565659507 140071995339 108670657767 23507733846 151922394628 120297730560 14468850668 101183494362 109441037190 100273212852 46611409645 33732725848 97957689180 174788880217 75573198815 180497319311 190031660610 29535974036 51556650661 46916886226 127831164253 169335208977 84611092133 154479073437 38454479208 18583655478 19466986462 189202086480 191414683333 162354686770 115861070960 34365012830 59080256113 140413907019 174270914810 131506209570 131734366864 142572855509 190544344797 19135483837 169942860823 79436658198 173884156528 34895243114 193132062226 155200280883 149880304335
103 739562547723
185427691394 168894730156 503555828260 444729894607 549285081015 672625157978 11392673799 441651960964 201556876130 506266878 506718535185 643259279087 418867736237 57346118684 363865115397 225937955807 161904842966 459584134401 8116885091 604118044226 617561538691 706176202399 716494883380 78781975276 687939815727 400183579002 634347528503 732811000473 447705920920 629539415312 314531460804 452024337350 193682064361 186044259312 688354164353 81972528536 644949005720 454721310556 228342280937 448246075517 422311806926 449800737370 466477810572 391515888500 432997537747 636620394744 373495664434 497349800344 565780279507 343743718039 226104255676 375801429491 171308583059 378737926359 274879154886 457097296363 675175313211 459069871578 418221813059 226012491192 720972422682 483093749466 616603061431 533229332558 310153009518 59744569800 487076638880 57362945022 268349188014 514755041010 400751373646 581792399468 562623540096 463978301037 674300900487 436324401085 439460003310 634853641268 68855718297 12360016407 579940497157 521628355207 171450864957 550497793921 257818748258 706466489194 232216688355 510836252269 420594559575 457901831173 495705481648 677192277497 132580875464 371171901783 448447831266 488403242530 628098353026 31671557680 37037050089 75960855521 346195778464 96281697456 262929939933
345 2967934969
10842 11311 12673 13774 11585 12405 12843 14782 11879 19828 12511 19112 15532 17970 18524 18065 11857 20025 10229 12792 11217 15954 20900 23640 11064 30969 23246 26283 30957 14681 31228 37185 13763 10134 26630 32466 40030 41870 24116 26715 27194 21240 25727 17822 50151 41134 31039 44379 46359 41300 60443 31711 26453 43462 46261 37098 42097 18395 24672 24244 16513 17160 28653 25550 34932 17667 49399 28253 26904 15765 70941 34993 36202 33026 29936 44850 21777 83424 47827 57438 29973 34075 46841 28082 58982 71244 24552 44665 69234 81766 17965 20181 79210 26114 92334 59575 74870 26254 77180 24903 95676 17492 43232 49397 75919 100495 89246 74468 100822 57659 94913 112232 58613 123033 30344 53588 68566 112944 57815 128442 129691 11538 61762 12090 125566 13418 102229 60380 18502 54538 62236 33634 34028 12563 95781 63973 65389 30877 52448 112025 64541 150395 61820 131638 35846 34400 38183 66613 18438 113565 43214 138044 124967 95344 66639 152299 130197 33931 35053 168227 130666 147956 108393 159622 31369 75099 31752 39533 85189 175829 40525 32446 26535 46419 59074 176924 90398 60451 134403 74743 108800 13969 180542 89104 148341 140483 148608 177960 50313 157997 85766 165016 197600 187245 78537 116491 189320 194328 128187 86155 26926 133924 67147 54739 24247 105255 109699 46250 72649 182009 30359 25268 137323 221381 74709 33771 86374 64431 25620 53553 19216 211941 151082 176791 24451 182936 215121 216821 25221 157090 71498 141682 64739 213160 66170 140486 68464 219659 220720 217168 211138 74940 12221 235684 51643 249879 144260 43208 138407 137334 156063 61391 225803 88576 11961 32234 121772 179860 197656 134644 132636 216333 230978 58221 112797 25456 111137 232348 115817 108123 104659 213117 80055 48661 78471 276186 161870 186905 101857 190094 226065 96508 67260 132111 32063 155699 187117 157169 175022 259643 150217 119946 103842 277617 146289 176650 191803 15154 228781 276565 41280 183373 224045 297928 266753 304635 266402 280173 117079 285760 252793 219123 78750 318945 187978 179178 318583 266590 172511 37060 22066 221208 24942 125167 57338 273606 248975 317106 192489 41517 20519 245455 276673 324870 253898 338324 328236 102869 345621 346748 182815 324103 172480 57504 201150
229 5523880676
10320 11255 10793 12745 11328 12867 12398 13933 17324 18021 16040 18388 15471 16171 12371 21459 17001 23224 22631 12847 25546 31921 24572 13334 16802 17778 14653 22242 34949 11092 38616 28002 33913 42457 34850 13676 43413 33297 19180 13798 42376 29897 29948 48374 11146 13392 37544 54403 22610 59212 45766 42791 38118 37453 43642 60986 28848 28673 31607 19198 43004 41567 38165 72588 63965 56014 59432 55222 26292 26990 57183 34215 80223 59802 21308 25863 60036 75138 31800 50152 62425 47419 74654 79484 12774 15918 79347 21988 46964 55138 53743 61257 82099 46919 45596 76875 93288 51778 80010 33591 100380 34924 110515 103493 78266 35468 60627 23024 19155 85284 81046 121237 23961 111002 54861 47078 47664 50630 104420 112127 60314 21274 103721 14589 16044 96427 89501 120933 32228 80330 107371 93008 129687 86870 81661 101014 121559 57494 87843 76162 11240 32631 96687 103390 63516 132096 126517 105993 138780 21945 43220 54515 141971 114294 121888 77760 125624 162538 111223 64283 54161 53489 130112 110211 119313 53898 127980 133746 19314 91832 147837 110222 182245 75403 118131 84049 46670 134325 11812 65414 103459 27770 140234 176093 181411 41020 35779 18223 30088 83372 78357 138403 165994 138807 77142 186955 203958 94875 188207 88729 133401 106295 186925 55292 113841 15740 141284 210855 135783 155295 185502 167792 121882 74057 207569 80129 101017 184382 21618 144825 79657 161222 67246 35221 135664 148069 234186 50511 23407
165 506285047184
10136 10745 11449 12730 13074 15366 12712 11039 15781 16577 19505 19748 14653 17404 19958 18127 16904 24283 12730 25523 17191 19045 13717 17575 25783 21699 32165 33922 11803 24029 10487 40808 31876 39038 44363 25483 26224 25270 21888 13813 31024 36036 13893 21982 32589 35558 21675 17701 19676 17081 14753 55839 56986 27968 49423 11837 60654 41796 59183 63869 18298 21502 13345 55083 66938 24593 62380 48884 66821 21440 24793 12626 34995 74707 15633 32628 47162 11912 24886 55909 87132 26182 82357 27561 39928 88192 80823 47140 32375 15343 11527 86991 96684 64204 85326 27909 95395 37221 12028 93037 45697 30756 20763 111393 72949 110456 47409 89951 70965 91986 87411 61653 24360 48168 13536 110275 45025 111527 69378 11531 105532 50295 79664 29342 127037 59892 103687 122636 136982 70900 31401 35623 18655 68582 88012 70918 72423 79946 48093 40418 143184 140404 19571 89352 65363 93040 76102 42387 120500 129516 69676 139201 52239 140650 88496 26429 102276 134685 84437 53377 122586 152283 10650 160406 83969
352 791164295170
10508 11571 11079 10146 10558 14824 10941 15334 15290 15793 16101 14034 21819 12034 13291 21273 18405 13370 14592 23783 24713 16130 16725 25435 31551 29231 16289 28594 25051 23382 28575 25528 33912 15664 25904 33517 31162 19746 24639 47794 23575 42999 35302 19944 47695 29777 34446 19929 11095 45120 24223 51327 48330 29135 55798 65973 19717 11336 63027 45604 57888 38180 61092 72661 21757 68085 68968 75867 45352 36166 10932 40750 50639 29982 55507 84716 23295 85524 87513 30816 12079 67724 82152 37864 71212 19745 73286 41011 74947 70316 90327 62438 81254 40352 84412 26294 56258 99164 95777 75510 71882 28465 93495 84636 15840 63494 30003 96340 47910 74464 96087 99683 79149 98631 17225 83845 10468 105240 91489 81396 20742 10599 112381 96784 107363 54549 122319 78155 103908 132593 112649 38155 52347 97948 134374 77837 96949 32770 86015 37324 18800 89833 148264 59356 68627 40900 17356 139360 107307 106071 131329 116177 134262 95351 15568 75093 73646 57717 69344 29296 100982 69924 33212 169401 148688 131338 158493 99191 29637 32028 103202 13193 58694 119417 99138 182240 105867 187702 39019 16638 102525 150362 114856 141107 98820 18971 88960 101088 103253 81602 86270 118598 36037 65069 125912 27235 40686 67282 139150 140490 77987 106974 148165 100988 58288 210044 61303 88817 151753 184812 193749 210554 50015 76407 197742 175140 159388 101593 132808 228251 44555 63246 10629 27271 32413 118796 221501 134539 11470 48851 131519 190978 45984 127293 31938 241763 109749 64093 229357 200150 247203 37117 201644 71117 24265 89176 250785 24936 22092 211583 176055 100333 205640 11486 39205 123352 173728 129235 32547 51580 245011 52033 72146 249853 125021 191158 160497 133087 171213 141988 49392 22376 49662 267117 193867 127981 82855 238806 160407 257358 62717 164043 172833 103851 291814 79458 169529 18207 137382 134375 48932 176521 42623 12243 271456 42765 28398 221727 163253 21548 250283 100699 145505 175213 120611 45413 134141 250940 228959 253109 202158 195967 244202 67310 259958 320586 236101 319095 22383 259031 241059 102563 102348 89911 230464 142814 328246 186320 318820 169641 10553 79248 113530 230247 87289 100457 129059 61225 20253 162427 32843 54066 234210 229535 144141 169456 165436 260086 52748 243623 68301 85343
139 646920616458
10898 10973 11219 10039 11925 12509 16863 10785 16600 17866 17655 10203 20320 20975 15246 14102 22260 16968 24740 24671 20072 21616 28015 17923 17781 16990 27768 17188 22498 23086 13672 36220 25358 24126 40294 25045 24794 12281 14629 44161 12062 48538 43436 22177 24634 20434 14705 26513 48841 29422 11951 32252 26933 56540 44164 62768 55407 50177 11598 17211 23259 17625 24768 62486 50550 75161 36276 22789 57404 69380 31383 28359 78347 15539 58444 70496 79609 34601 78595 12495 66778 15738 78332 93575 76951 37013 62871 67416 95253 43979 28418 18418 84381 59908 87748 45274 24540 106412 18703 92966 40920 35140 60547 10797 11601 16342 80249 51560 64511 47964 58133 81441 14837 110059 109512 29776 114025 85212 65185 12261 69236 14734 61952 66718 52929 72322 93517 123018 133925 11948 117426 116286 104106 116699 99922 12974 85636 10279 69855
188 973970584331
10189 10182 10561 12223 10428 13987 14506 10155 15961 19257 18831 18720 19361 12674 24367 24465 17254 10989 19334 12277 20899 14873 22198 27573 12934 31357 21084 22660 20413 35651 18603 12454 19927 32157 24180 14232 39453 28492 12211 48602 22212 41317 51662 38377 45688 22790 46922 30548 25590 51443 11024 52010 50387 47306 30561 44252 61740 66068 38887 25687 65919 15096 39447 38803 56053 39126 58325 60810 74796 35410 10348 74990 48747 61157 61344 75413 83735 66056 56368 70205 69765 35705 10028 42062 81268 43735 67214 95189 93951 21459 80831 25333 83364 59844 57390 70126 12010 39602 36524 70386 37596 19247 13788 51580 54754 67876 44314 78139 36336 99521 61185 77775 104116 50870 86596 46532 88478 40157 88149 107713 19456 52033 132882 133385 62191 121245 66849 13648 64650 86892 125373 140346 61214 41116 98273 66397 27450 24995 72694 129443 10172 28465 147351 96988 57632 58082 150286 43716 11421 156428 100486 94167 47428 113959 21942 43456 99939 24134 143990 165233 119730 39597 26021 65529 123727 29240 61922 59728 154585 42960 155796 21292 169264 96906 25844 55467 103464 29031 100472 168619 88475 12761 131970 190412 93818 45577 36357 185495
209 364931137132
106661 113113 104105 118582 108125 114303 130000 166849 137416 178315 200115 175823 165715 162611 101813 103178 152678 274137 159466 117574 239177 138857 180424 243813 348220 172610 313835 374739 251494 370366 157257 160759 216508 161086 348525 222910 106772 255301 362845 200334 235011 102571 387565 218099 366827 475972 389587 126236 359817 110752 172879 195901 350578 184323 646065 503560 479564 114709 352512 189096 561269 414624 617934 298735 614683 448314 702917 258690 316487 598324 330365 810417 366953 459316 540311 833392 486000 596119 417054 286299 194373 593120 146091 792529 682408 102189 470796 220883 746336 266244 651310 847400 639601 835633 430612 809168 414128 664471 875214 176063 504039 254080 210453 551282 931733 240685 312847 746569 993835 104504 504455 603060 1101945 987398 866722 1203615 980656 146209 743762 547548 302807 238957 897537 233659 1269433 601016 319904 1062453 1059351 218448 118973 523455 540887 1265625 879754 1118522 1235651 444281 261545 187030 581867 1041174 1287027 1343867 262194 851463 350517 136097 1338499 1194985 185355 1189223 1533561 962563 1582877 388915 1617144 1149491 157923 1529144 581417 1283359 1448380 1632571 1528177 353351 298662 1534135 1197823 998176 149650 553708 207572 1829766 890007 1688728 1013845 1279910 706346 132699 1511303 1336959 1052222 510484 1828493 1329741 118386 496240 137553 1115866 109282 1964949 1432959 181531 163240 883394 1011742 940002 1976321 971524 865176 205910 1532283 360065 469360 142511 533632 635302 679684
485 521903332859
104231 103207 119001 112321 135644 100768 166184 129205 132962 164657 166201 156830 107877 110152 169658 103100 221475 151650 147554 117802 299184 122420 167967 338105 248209 125405 209502 215766 356640 107663 118181 307436 180883 181071 266960 324395 385647 471918 229541 363112 448101 351988 142667 172983 325443 123769 253584 462629 292517 202389 271833 321092 423678 556901 167076 555338 450577 343540 367109 520393 105052 623568 392763 243505 103801 748310 258861 438695 619014 514022 192920 533054 736648 719188 775765 201163 791525 636870 770739 729005 475929 744732 540705 643719 445884 615357 784496 250593 246794 959456 196998 133631 207617 354611 669564 421083 820271 162155 179911 892297 878424 674804 143210 1127261 797376 647669 658512 915204 234192 645258 257227 363620 634779 447082 1042815 424087 202074 454494 1213363 276237 377038 971362 1271251 986267 1301623 471210 1076564 921327 110393 1213432 513444 356180 1044993 851199 311046 1033490 743119 103685 263304 1134093 541201 725209 394157 1258649 797448 1173937 587431 1097005 349456 1362735 1013062 1466671 1338052 1504810 433823 656743 986543 666747 369245 718675 1502080 811558 735915 460234 463272 434366 1695817 1184031 1025774 1563335 926912 306976 1604995 1738467 1732632 1462043 212630 1450886 699449 118689 1781178 225218 504232 1323322 1808135 1897694 1525549 1816157 499040 782574 1795588 845846 1866056 1249548 1841907 518251 1506254 214680 720656 1880705 451299 1837560 215479 638155 1047705 1897241 318758 102538 754331 1689614 604388 731761 991323 1768808 1393761 1739654 1412155 1185253 319134 1553262 1097964 1533013 2111072 198841 640858 1909005 1359127 892931 950364 1606736 1227454 1319865 1594717 2377146 2249527 2132088 156149 1429213 1048642 2314651 2116869 2072899 1543394 1010248 1199913 1887080 2459784 1526159 2346539 925070 1044162 619471 359352 150351 303678 941942 1287836 745131 733407 1720881 460469 1334345 461845 2037393 775112 1097723 2168947 2598387 2126834 2202532 1103389 1603678 2169876 2079612 348235 2584585 1757907 1805332 2556688 1735362 2574278 1482073 1172089 1473850 801429 2209851 618888 2392713 2156154 2511720 2933706 2637612 2224873 2855542 998218 2393705 1100630 1424765 3078011 2576824 450953 2410815 1554104 1570700 2283294 3069719 1816308 1246612 752202 405581 1240109 1146817 2039924 753529 1791248 2488123 829607 1714737 2824682 1946997 2137784 546157 2987105 2502544 2080315 1527575 1484708 3338747 843480 2618588 2010363 822324 2909388 778149 336892 3077575 3012381 2649279 3395632 474576 1450632 2811564 2821937 1672111 844593 3274056 3291847 2231669 2431487 1821205 2346540 1443920 1492515 1754426 1153809 2684001 216973 1211915 1248204 2936996 1094935 519352 674024 509971 3497706 944090 1487861 1971945 3322704 3695447 1739849 1078131 206968 1073730 3595307 2559863 3040964 1060607 1000965 3796525 1771854 1263421 3812443 2010890 2672947 3256100 2482154 624214 113462 3399250 919341 2732459 3460328 2032064 176387 3440005 2641163 1848661 2208116 2812233 3825144 1001466 993231 3363336 3135921 174256 3939606 3000721 1898275 337487 3557563 442380 2937685 158518 777871 3388594 2809492 3829349 1873595 564322 1341836 1314486 3057507 993678 1584056 431570 449223 402818 2239704 3857357 2418761 1392641 3270895 3641680 3165674 2497654 4318137 2452032 1765470 2252365 1587331 1741341 3297471 2401586 3763141 731598 2040806 3256001 315373 535933 2057715 2909367 2122586 3881750 3675839 358722 824578 1347564 4263677 3703964 1482959 246136 1555903 4068158 2426464 3616522 2087695 674959 4075198 1227666 959787 4484508 3085497 2186156 2528396 964146 2594572 3260733 4336729 1355363 521630 2706211 2527221 2353300 3799638
334 857541985714
109386 113986 120140 127905 114930 106149 160456 152455 136645 196553 182556 107104 228454 146796 175552 209764 108226 189169 235488 196447 163774 260160 100088 221814 115488 232388 109672 274685 177781 194315 343868 321614 318957 237054 126283 206616 196683 187622 401779 200121 343698 257967 193488 285254 295906 159108 409245 394512 562510 159723 529552 384939 335323 448524 121745 204879 261922 429747 157512 660386 394777 681101 323391 394382 176009 573510 426419 226665 544933 291983 539568 587818 563017 466942 304123 455136 548431 645361 878641 163643 739802 681025 666646 320294 516357 743278 197716 714427 709079 133568 959095 752581 465027 319137 427480 790741 354488 203189 213154 592109 858079 190883 831081 523488 438470 740463 886132 418344 508878 408886 902089 759673 1047955 651269 436565 1050709 868246 1013497 106507 946603 822858 347323 711401 555131 232479 817305 1013860 639530 282403 158899 579724 1391536 376707 1167072 1192325 1187730 144238 784734 278060 297257 928540 1340362 182940 154018 711383 1094123 1472234 181410 827043 1191850 1547876 1262709 1531973 1436201 690790 825180 982017 224328 727756 1550998 1506825 151414 1494986 183061 1708595 1399390 323054 278798 1309815 920179 1260329 760031 1522144 522809 334546 1352007 1776066 1083719 224694 899658 1648494 1699601 1317829 694203 452946 752107 1827997 1418149 1094462 1353775 556894 1841798 1368887 1214478 878422 1579338 763700 1487772 801778 1037606 1915005 886439 740233 1205606 1142853 1996592 195257 697868 1984542 869662 878118 319742 2143028 1731606 683621 1647701 1035116 1158670 443126 2112744 1411572 2269056 266499 1319990 1828787 549803 135143 1872546 2179175 1178247 1460752 2232722 1734926 1407375 1676944 748701 2247272 584419 2113424 2099743 2150914 1082023 1804803 2027986 900762 541315 1028762 529973 855631 1656235 2140665 315949 571043 1268427 1824298 950041 1540781 1252070 2500881 1259397 1744355 807937 1200983 1105367 2215010 2356068 316508 1124818 370439 516344 1522395 2294673 1295846 2756343 490168 2587741 2356504 645775 188007 2372947 194453 1866864 1034469 1048033 1681510 969988 2315516 597823 1448193 2633929 1726994 2226136 2365766 1730060 2667228 2074423 1455999 1979815 1846846 2515240 120832 1914761 245523 273611 1271567 1238630 3067760 1564391 1974745 550622 2412364 2098705 1429358 2859342 2772774 3007543 2567543 1596681 237876 1255616 3298406 270997 1845466 853537 3142118 218923 1492994 1681427 1808949 2725133 3152754 2172030 1325367 559410
194 823338906424
104887 118878 119684 107651 110772 137458 132941 144756 177242 127577 123242 129528 199257 196052 118658 193050 225591 203061 233477 141680 109371 253320 104839 201038 201816 294121 245852 117156 318843 137080 162308 335378 307667 110428 412683 232588 278070 288679 343536 243371 220452 196507 514989 475673 210348 303683 383403 536547 276537 117886 140924 383598 287398 522251 124034 642673 167662 334450 445760 387406 445212 524199 418687 621211 595066 755965 478430 757283 495210 723755 149702 617212 296420 594802 369643 423799 705712 878990 115529 748641 590588 150845 856557 750086 478716 790949 391796 542145 305183 283584 929011 449937 126996 767467 101456 552259 991946 306397 852328 686865 1096511 306661 228992 319044 1044932 138020 471669 949079 949118 515129 1063682 259169 436514 426206 832961 175413 370609 735817 326923 445426 1186196 218567 185381 607186 349059 1180588 618636 749687 377235 195607 1110403 720997 828476 222471 857705 504291 1306087 500943 912406 1357461 722773 622603 951503 316875 589648 623711 1425853 440883 1515054 146845 639467 833643 1405330 948162 594022 644869 1607204 967111 735744 286067 1448923 1705443 254305 918872 774798 902351 1105889 656032 915294 1642566 835067 1590678 1522324 1014257 1152636 934409 1346886 1783568 1089070 1399828 403708 1172625 165726 348077 855027 1117852 1258460 336982 143166 1945427 1250798 1790379 209059 850723
243 196035023634
100514 111400 127774 122200 127818 152607 166198 174951 171643 117004 126343 116922 159196 202097 195942 201329 232722 241757 267311 136589 194891 228653 246150 293179 331859 120351 260949 316626 162995 310297 309533 331618 193844 374875 331761 137178 296287 367786 449904 297873 127485 262918 450732 351000 426589 286948 295826 434748 105746 332876 609141 337252 339446 465695 503342 431533 123700 441430 638941 196265 554107 340726 692752 667348 259298 708224 364693 100221 383821 388920 634457 147921 221947 122721 542070 534784 661455 638417 368869 330817 433902 698257 887918 666657 485408 404380 955381 834089 599471 988267 136884 832091 230851 964456 605392 223368 487029 979717 259604 261317 891276 648908 804416 432409 578850 858708 927454 473928 925351 440454 178222 572047 1073747 1183280 958862 620184 194100 878778 288070 122610 717525 738390 612186 1123271 1333383 1084735 1319980 784768 796251 1388092 690152 617487 1176694 279242 863085 183805 267331 1239890 840855 777365 353274 111859 772035 1182350 923401 1216293 1360319 512742 896535 334054 1208468 1276522 1234031 428546 771631 1324755 1577790 852160 1596541 1430539 1370243 1267556 435620 737779 480304 1375009 1727523 504736 406840 966997 1788117 1762312 868657 1051272 1158459 1112047 217548 233612 458759 1103774 1178412 1771468 1729882 1697902 1827969 1659702 916375 1232272 1501101 1089667 847598 838578 1251343 1792787 1705917 1548279 819528 1139889 483535 1992983 1062139 1477480 521961 439263 258372 1542178 1640642 1822865 562436 204525 413779 1302254 1425117 1253368 1196866 556483 1396131 2162039 1686954 1407337 546281 1097538 1063179 550693 1765954 1223929 446574 2197099 353967 111156 570678 1046482 1698301 150506 616984 2096999 1717727 717906 961736 312938 640871 396284 1383098
266 549687979964
101252 103564 125581 102700 142400 132947 132840 117303 172936 138659 202163 139200 218492 169392 144964 250831 154807 225060 289161 160808 304629 100383 136695 326213 108021 133569 255032 266895 387790 285189 211769 385689 199179 162397 444060 283378 330540 143588 227033 402287 169129 428612 467874 447377 413738 379672 164755 538694 153319 128022 212299 444054 498293 361570 457745 445819 578717 638512 184504 210642 480992 192120 202287 576040 232290 441792 725471 722664 179386 505477 563893 726137 176055 358609 782766 777327 640746 644653 560854 624913 513677 412380 708640 869123 380066 575002 320618 580506 563642 856266 368426 252602 332147 388637 793974 842386 573988 958686 274258 207340 1042730 154788 442045 813038 323599 122269 809095 880091 143695 571096 851105 524335 315063 631241 476064 159126 627333 150839 450190 873598 1224088 282245 308118 155766 554655 1021112 1116547 394340 520483 953612 522994 1068097 702797 906919 953865 656707 245708 1388055 548495 1081865 226457 1396233 598350 1352592 571972 1283810 1473082 1403581 1028416 1220964 837586 1480452 1527909 629209 946776 1120786 1244106 908883 1687224 1604799 745804 1655696 307372 544526 1445257 501482 460478 645389 795391 824270 1366974 1089002 957587 1352764 835436 971093 1179210 1200384 1223825 183407 317574 843971 1825182 853454 874520 312259 1684469 390963 803274 469261 1705726 694937 1866786 1247655 1041215 150129 1924212 1967312 366758 1686863 1649722 184064 929914 953009 445330 1893857 1350205 512030 626896 1767356 1413050 135936 2190007 1650180 431600 747023 719900 873843 393143 177263 1397122 1822526 1739270 819213 1418081 230805 1061467 397315 1147202 1547456 2016332 693438 2064835 1330431 1177075 1595551 772618 2098150 1300502 1303377 2455463 2392208 761142 319902 126847 946626 126718 2102611 1221591 508748 371620 383301 2457801 1896921 2597577 1470367 1757153 1570052 423198 1522394 2310208 564188 456573 706954 900927 2301206
348 952780422775
4 12 19 21 2 24 6 32 71 88 88 30 111 119 18 86 40 162 146 19 178 10 209 16 75 109 75 88 244 30 135 140 290 135 108 321 57 53 258 351 257 363 71 435 188 410 63 369 283 346 84 369 233 48 117 170 445 76 511 107 95 432 521 299 19 128 585 617 437 637 576 232 472 612 142 382 98 12 626 496 260 745 126 572 182 28 566 622 23 48 827 531 906 163 508 734 958 234 463 393 252 127 453 357 747 239 339 363 1044 143 391 242 97 923 677 1022 545 1057 1136 658 650 1070 984 425 39 373 1134 475 323 351 197 1008 408 1219 819 511 621 657 539 146 1269 491 1031 26 1101 164 329 1127 3 604 4 1417 886 370 506 597 125 43 1396 1053 951 779 1415 10 1030 151 852 1153 458 1609 1084 871 1670 1703 779 1425 873 1755 1253 635 274 1794 1491 1448 338 1378 1245 1287 1677 1016 202 625 81 1001 888 1356 1053 398 972 739 661 1936 1375 648 365 1127 1470 1465 1475 108 1160 557 1607 1658 1180 1885 316 2021 844 687 521 420 1859 900 2038 1076 1456 2205 2034 1088 50 806 1297 1842 1248 925 1377 1843 821 347 194 937 475 1654 413 1494 1248 1921 76 749 1111 1034 2342 1434 2445 621 1923 2355 114 1447 130 2212 1921 980 1720 1758 1597 1775 619 1581 2205 2451 1550 1425 2616 998 741 57 347 2543 464 885 528 565 2196 1251 55 1533 1162 2411 502 2231 2643 2807 1104 56 202 2268 2012 416 594 329 691 216 1163 1326 64 2024 1360 798 3072 1609 2016 1185 1124 3093 1905 2508 620 907 3096 2226 1377 1527 2730 482 2799 2290 131 732 3111 3020 1903 2261 1129 274 7 1898 1693 1648 2014 898 2802 2300 1124 2946 289 439
168 800254361959
4 18 25 17 5 9 56 39 20 65 62 16 128 20 69 133 91 125 34 160 79 76 33 165 119 70 227 14 258 30 193 276 267 293 188 121 134 305 55 270 263 387 163 234 335 37 457 138 411 486 469 245 274 167 12 490 550 20 335 144 415 265 343 357 524 231 45 204 202 53 620 148 328 306 18 312 464 36 196 7 754 281 415 324 593 31 599 778 380 477 611 591 707 682 885 656 36 618 550 571 864 161 447 235 112 900 842 779 324 487 489 148 134 616 538 915 670 897 126 567 180 164 90 532 1029 861 875 300 1147 463 557 1154 1196 1098 1078 807 300 1063 1001 504 1366 1063 1021 7 517 925 928 561 1029 434 1146 155 851 94 715 1136 1495 109 1180 655 613 823 601 630 278 679 763 1461
289 554538275261
8 4 5 22 13 11 17 2 6 32 55 2 85 132 33 57 50 112 119 147 7 135 41 96 86 192 81 241 121 96 289 131 49 339 260 142 92 154 388 165 43 81 129 399 125 386 389 417 379 68 354 306 269 240 320 367 326 4 479 401 120 566 276 229 375 366 47 55 633 448 354 626 263 62 254 381 526 298 190 247 727 214 352 544 123 617 466 221 482 664 112 852 778 299 213 255 51 564 824 376 493 45 276 802 736 526 769 1006 448 922 495 224 468 1068 528 1147 1088 518 747 576 7 1119 665 366 1108 1150 760 1052 592 939 154 194 273 1316 618 1122 363 548 611 1254 734 260 815 1286 1217 78 1227 1140 1287 1241 124 1461 1512 1523 400 27 654 1222 11 863 712 995 666 562 542 30 1442 108 767 351 675 1158 1016 170 1541 997 802 816 1750 413 1745 543 1403 1187 1425 1578 682 1711 22 1294 76 1469 805 1599 1125 1938 262 1828 1834 1712 1881 1611 743 251 1443 1986 1629 478 633 1992 1489 1445 563 1012 401 1750 1962 1842 1835 815 1704 266 952 1501 1269 1980 2010 429 2085 1535 1639 2065 1502 1158 60 1609 1132 2063 2006 1729 485 666 550 1267 1994 430 1212 153 513 1954 1367 943 782 705 94 654 2128 641 2558 325 2524 1120 2486 493 2066 208 2505 973 85 1607 1975 1909 1985 396 383 590 1875 1200 1301 937 2133 2576 692 1348 2159 124 2532 1008 2658
217 927074712969
1 14 19 41 5 50 56 46 70 1 72 35 88 32 33 70 54 169 91 110 188 202 220 142 202 200 3 32 178 96 197 45 109 77 250 302 108 173 111 92 17 233 86 213 423 369 44 236 222 341 374 412 171 148 28 64 40 284 283 14 319 162 232 289 228 76 404 87 539 505 518 134 699 254 126 329 511 260 275 61 265 23 702 771 464 626 724 223 499 549 403 40 370 715 823 71 601 657 239 145 902 884 729 578 876 597 157 417 892 507 549 400 820 118 749 319 945 490 430 393 172 392 748 928 473 741 472 791 913 352 1075 1069 387 561 354 484 789 1260 616 1035 296 840 4 1271 739 73 285 1266 1018 1125 242 834 397 512 588 1328 681 447 130 126 429 519 1194 1119 1591 286 1491 829 1128 1038 105 42 816 1561 521 1048 1096 45 1286 521 137 738 371 36 1729 1616 1621 389 682 287 283 1623 49 454 1122 1893 450 365 1092 1531 339 784 1451 1874 132 647 1562 1724 152 429 1422 1805 461 694 1972 1587 1663
300 89401000000
1 2 3 4 5 6 7 8 9 10 11 12 13 14 15 16 17 18 19 20 21 22 23 24 25 26 27 28 29 30 31 32 33 34 35 36 37 38 39 40 41 42 43 44 45 46 47 48 49 50 51 52 53 54 55 56 57 58 59 60 61 62 63 64 65 66 67 68 69 70 71 72 73 74 75 76 77 78 79 80 81 82 83 84 85 86 87 88 89 90 91 92 93 94 95 96 97 98 99 100 101 102 103 104 105 106 107 108 109 110 111 112 113 114 115 116 117 118 119 120 121 122 123 124 125 126 127 128 129 130 131 132 133 134 135 136 137 138 139 140 141 142 143 144 145 146 147 148 149 150 151 152 153 154 155 156 157 158 159 160 161 162 163 164 165 166 167 168 169 170 171 172 173 174 175 176 177 178 179 180 181 182 183 184 185 186 187 188 189 190 191 192 193 194 195 196 197 198 199 200 201 202 203 204 205 206 207 208 209 210 211 212 213 214 215 216 217 218 219 220 221 222 223 224 225 226 227 228 229 230 231 232 233 234 235 236 237 238 239 240 241 242 243 244 245 246 247 248 249 250 251 252 253 254 255 256 257 258 259 260 261 262 263 264 265 266 267 268 269 270 271 272 273 274 275 276 277 278 279 280 281 282 283 284 285 286 287 288 289 290 291 292 293 294 295 296 297 298 298955449 1000000
350 121801000000
1 2 3 4 5 6 7 8 9 10 11 12 13 14 15 16 17 18 19 20 21 22 23 24 25 26 27 28 29 30 31 32 33 34 35 36 37 38 39 40 41 42 43 44 45 46 47 48 49 50 51 52 53 54 55 56 57 58 59 60 61 62 63 64 65 66 67 68 69 70 71 72 73 74 75 76 77 78 79 80 81 82 83 84 85 86 87 88 89 90 91 92 93 94 95 96 97 98 99 100 101 102 103 104 105 106 107 108 109 110 111 112 113 114 115 116 117 118 119 120 121 122 123 124 125 126 127 128 129 130 131 132 133 134 135 136 137 138 139 140 141 142 143 144 145 146 147 148 149 150 151 152 153 154 155 156 157 158 159 160 161 162 163 164 165 166 167 168 169 170 171 172 173 174 175 176 177 178 179 180 181 182 183 184 185 186 187 188 189 190 191 192 193 194 195 196 197 198 199 200 201 202 203 204 205 206 207 208 209 210 211 212 213 214 215 216 217 218 219 220 221 222 223 224 225 226 227 228 229 230 231 232 233 234 235 236 237 238 239 240 241 242 243 244 245 246 247 248 249 250 251 252 253 254 255 256 257 258 259 260 261 262 263 264 265 266 267 268 269 270 271 272 273 274 275 276 277 278 279 280 281 282 283 284 285 286 287 288 289 290 291 292 293 294 295 296 297 298 299 300 301 302 303 304 305 306 307 308 309 310 311 312 313 314 315 316 317 318 319 320 321 322 323 324 325 326 327 328 329 330 331 332 333 334 335 336 337 338 339 340 341 342 343 344 345 346 347 348 348939274 1000000
400 159201000000
1 2 3 4 5 6 7 8 9 10 11 12 13 14 15 16 17 18 19 20 21 22 23 24 25 26 27 28 29 30 31 32 33 34 35 36 37 38 39 40 41 42 43 44 45 46 47 48 49 50 51 52 53 54 55 56 57 58 59 60 61 62 63 64 65 66 67 68 69 70 71 72 73 74 75 76 77 78 79 80 81 82 83 84 85 86 87 88 89 90 91 92 93 94 95 96 97 98 99 100 101 102 103 104 105 106 107 108 109 110 111 112 113 114 115 116 117 118 119 120 121 122 123 124 125 126 127 128 129 130 131 132 133 134 135 136 137 138 139 140 141 142 143 144 145 146 147 148 149 150 151 152 153 154 155 156 157 158 159 160 161 162 163 164 165 166 167 168 169 170 171 172 173 174 175 176 177 178 179 180 181 182 183 184 185 186 187 188 189 190 191 192 193 194 195 196 197 198 199 200 201 202 203 204 205 206 207 208 209 210 211 212 213 214 215 216 217 218 219 220 221 222 223 224 225 226 227 228 229 230 231 232 233 234 235 236 237 238 239 240 241 242 243 244 245 246 247 248 249 250 251 252 253 254 255 256 257 258 259 260 261 262 263 264 265 266 267 268 269 270 271 272 273 274 275 276 277 278 279 280 281 282 283 284 285 286 287 288 289 290 291 292 293 294 295 296 297 298 299 300 301 302 303 304 305 306 307 308 309 310 311 312 313 314 315 316 317 318 319 320 321 322 323 324 325 326 327 328 329 330 331 332 333 334 335 336 337 338 339 340 341 342 343 344 345 346 347 348 349 350 351 352 353 354 355 356 357 358 359 360 361 362 363 364 365 366 367 368 369 370 371 372 373 374 375 376 377 378 379 380 381 382 383 384 385 386 387 388 389 390 391 392 393 394 395 396 397 398 398920599 1000000
450 201601000000
1 2 3 4 5 6 7 8 9 10 11 12 13 14 15 16 17 18 19 20 21 22 23 24 25 26 27 28 29 30 31 32 33 34 35 36 37 38 39 40 41 42 43 44 45 46 47 48 49 50 51 52 53 54 55 56 57 58 59 60 61 62 63 64 65 66 67 68 69 70 71 72 73 74 75 76 77 78 79 80 81 82 83 84 85 86 87 88 89 90 91 92 93 94 95 96 97 98 99 100 101 102 103 104 105 106 107 108 109 110 111 112 113 114 115 116 117 118 119 120 121 122 123 124 125 126 127 128 129 130 131 132 133 134 135 136 137 138 139 140 141 142 143 144 145 146 147 148 149 150 151 152 153 154 155 156 157 158 159 160 161 162 163 164 165 166 167 168 169 170 171 172 173 174 175 176 177 178 179 180 181 182 183 184 185 186 187 188 189 190 191 192 193 194 195 196 197 198 199 200 201 202 203 204 205 206 207 208 209 210 211 212 213 214 215 216 217 218 219 220 221 222 223 224 225 226 227 228 229 230 231 232 233 234 235 236 237 238 239 240 241 242 243 244 245 246 247 248 249 250 251 252 253 254 255 256 257 258 259 260 261 262 263 264 265 266 267 268 269 270 271 272 273 274 275 276 277 278 279 280 281 282 283 284 285 286 287 288 289 290 291 292 293 294 295 296 297 298 299 300 301 302 303 304 305 306 307 308 309 310 311 312 313 314 315 316 317 318 319 320 321 322 323 324 325 326 327 328 329 330 331 332 333 334 335 336 337 338 339 340 341 342 343 344 345 346 347 348 349 350 351 352 353 354 355 356 357 358 359 360 361 362 363 364 365 366 367 368 369 370 371 372 373 374 375 376 377 378 379 380 381 382 383 384 385 386 387 388 389 390 391 392 393 394 395 396 397 398 399 400 401 402 403 404 405 406 407 408 409 410 411 412 413 414 415 416 417 418 419 420 421 422 423 424 425 426 427 428 429 430 431 432 433 434 435 436 437 438 439 440 441 442 443 444 445 446 447 448 448899424 1000000
500 249001000000
1 2 3 4 5 6 7 8 9 10 11 12 13 14 15 16 17 18 19 20 21 22 23 24 25 26 27 28 29 30 31 32 33 34 35 36 37 38 39 40 41 42 43 44 45 46 47 48 49 50 51 52 53 54 55 56 57 58 59 60 61 62 63 64 65 66 67 68 69 70 71 72 73 74 75 76 77 78 79 80 81 82 83 84 85 86 87 88 89 90 91 92 93 94 95 96 97 98 99 100 101 102 103 104 105 106 107 108 109 110 111 112 113 114 115 116 117 118 119 120 121 122 123 124 125 126 127 128 129 130 131 132 133 134 135 136 137 138 139 140 141 142 143 144 145 146 147 148 149 150 151 152 153 154 155 156 157 158 159 160 161 162 163 164 165 166 167 168 169 170 171 172 173 174 175 176 177 178 179 180 181 182 183 184 185 186 187 188 189 190 191 192 193 194 195 196 197 198 199 200 201 202 203 204 205 206 207 208 209 210 211 212 213 214 215 216 217 218 219 220 221 222 223 224 225 226 227 228 229 230 231 232 233 234 235 236 237 238 239 240 241 242 243 244 245 246 247 248 249 250 251 252 253 254 255 256 257 258 259 260 261 262 263 264 265 266 267 268 269 270 271 272 273 274 275 276 277 278 279 280 281 282 283 284 285 286 287 288 289 290 291 292 293 294 295 296 297 298 299 300 301 302 303 304 305 306 307 308 309 310 311 312 313 314 315 316 317 318 319 320 321 322 323 324 325 326 327 328 329 330 331 332 333 334 335 336 337 338 339 340 341 342 343 344 345 346 347 348 349 350 351 352 353 354 355 356 357 358 359 360 361 362 363 364 365 366 367 368 369 370 371 372 373 374 375 376 377 378 379 380 381 382 383 384 385 386 387 388 389 390 391 392 393 394 395 396 397 398 399 400 401 402 403 404 405 406 407 408 409 410 411 412 413 414 415 416 417 418 419 420 421 422 423 424 425 426 427 428 429 430 431 432 433 434 435 436 437 438 439 440 441 442 443 444 445 446 447 448 449 450 451 452 453 454 455 456 457 458 459 460 461 462 463 464 465 466 467 468 469 470 471 472 473 474 475 476 477 478 479 480 481 482 483 484 485 486 487 488 489 490 491 492 493 494 495 496 497 498 498875749 1000000
500 249001000000
1 2 3 4 5 6 7 8 9 10 11 12 13 14 15 16 17 18 19 20 21 22 23 24 25 26 27 28 29 30 31 32 33 34 35 36 37 38 39 40 41 42 43 44 45 46 47 48 49 50 51 52 53 54 55 56 57 58 59 60 61 62 63 64 65 66 67 68 69 70 71 72 73 74 75 76 77 78 79 80 81 82 83 84 85 86 87 88 89 90 91 92 93 94 95 96 97 98 99 100 101 102 103 104 105 106 107 108 109 110 111 112 113 114 115 116 117 118 119 120 121 122 123 124 125 126 127 128 129 130 131 132 133 134 135 136 137 138 139 140 141 142 143 144 145 146 147 148 149 150 151 152 153 154 155 156 157 158 159 160 161 162 163 164 165 166 167 168 169 170 171 172 173 174 175 176 177 178 179 180 181 182 183 184 185 186 187 188 189 190 191 192 193 194 195 196 197 198 199 200 201 202 203 204 205 206 207 208 209 210 211 212 213 214 215 216 217 218 219 220 221 222 223 224 225 226 227 228 229 230 231 232 233 234 235 236 237 238 239 240 241 242 243 244 245 246 247 248 249 250 251 252 253 254 255 256 257 258 259 260 261 262 263 264 265 266 267 268 269 270 271 272 273 274 275 276 277 278 279 280 281 282 283 284 285 286 287 288 289 290 291 292 293 294 295 296 297 298 299 300 301 302 303 304 305 306 307 308 309 310 311 312 313 314 315 316 317 318 319 320 321 322 323 324 325 326 327 328 329 330 331 332 333 334 335 336 337 338 339 340 341 342 343 344 345 346 347 348 349 350 351 352 353 354 355 356 357 358 359 360 361 362 363 364 365 366 367 368 369 370 371 372 373 374 375 376 377 378 379 380 381 382 383 384 385 386 387 388 389 390 391 392 393 394 395 396 397 398 399 400 401 402 403 404 405 406 407 408 409 410 411 412 413 414 415 416 417 418 419 420 421 422 423 424 425 426 427 428 429 430 431 432 433 434 435 436 437 438 439 440 441 442 443 444 445 446 447 448 449 450 451 452 453 454 455 456 457 458 459 460 461 462 463 464 465 466 467 468 469 470 471 472 473 474 475 476 477 478 479 480 481 482 483 484 485 486 487 488 489 490 491 492 493 494 495 496 497 498 498875749 1000000
