42
20 70
2 14
16 15
11 7
19 11
16 13
8 20
18 11
10 13
7 16
15 6
1 9
12 4
20 4
2 7
8 2
13 1
13 11
1 7
3 6
3 17
3 18
16 4
18 16
16 5
19 17
4 14
13 8
15 9
8 12
12 6
5 18
20 9
3 10
1 16
8 16
14 11
16 6
5 10
20 16
14 19
20 15
6 10
18 6
15 18
5 11
15 4
16 14
18 19
10 8
2 18
6 17
19 6
9 19
18 13
10 17
7 5
10 1
17 5
17 1
12 7
19 8
1 4
4 11
11 15
15 17
18 9
4 8
14 7
19 2
4 19
14 50
12 3
6 14
12 2
12 11
11 14
1 3
9 1
2 13
10 11
13 6
4 3
9 4
7 4
4 12
12 9
13 12
6 4
13 9
7 14
10 3
8 9
9 5
6 1
12 10
6 2
14 4
8 10
2 4
10 13
1 2
8 4
14 9
14 5
10 1
4 10
1 11
1 4
6 5
3 14
5 13
11 6
7 5
6 12
13 4
13 1
3 5
3 9
6 8
10 5
8 14
19 20
18 4
7 10
19 7
18 19
2 7
1 7
16 2
5 13
9 19
16 14
8 15
19 15
7 15
14 9
14 15
15 12
17 13
8 10
4 12
15 2
12 24
12 7
11 9
6 8
2 5
2 7
1 6
7 10
10 12
12 4
1 10
10 5
11 5
2 9
8 4
3 5
1 5
6 12
3 8
8 12
5 9
3 10
8 9
2 4
11 10
8 13
5 2
7 2
6 3
7 4
1 7
5 1
1 6
5 3
5 8
2 1
8 7
6 7
5 7
6 15
6 2
1 6
5 2
4 2
2 1
5 4
4 6
3 2
5 3
1 5
3 6
1 3
4 3
5 6
4 1
93 911
38 15
47 52
11 60
89 25
67 57
1 19
90 20
15 82
20 3
28 89
63 18
81 23
74 35
42 5
21 58
63 5
60 46
52 34
27 17
36 23
86 34
8 92
73 17
45 55
58 39
87 37
32 82
84 83
32 12
40 78
30 65
61 31
54 5
83 57
57 60
32 1
46 21
64 58
83 24
22 50
1 16
83 40
86 48
48 23
11 69
58 34
9 15
26 34
5 44
51 15
69 9
76 82
47 82
49 16
16 77
1 35
39 26
57 30
14 17
89 12
85 93
65 47
55 61
20 51
57 35
38 68
31 4
54 22
36 77
93 8
10 6
57 51
30 66
32 83
12 78
43 49
46 85
27 83
58 88
14 82
60 73
25 46
3 87
10 1
54 79
24 6
15 49
1 9
38 84
4 32
4 26
90 24
58 75
69 82
65 81
91 74
88 69
73 47
54 87
68 41
4 9
92 41
67 68
89 84
21 28
17 63
60 38
46 72
5 3
33 66
12 81
26 47
93 38
36 50
74 69
66 13
91 44
45 63
56 40
66 64
92 84
49 35
45 76
26 30
23 86
28 39
34 89
79 21
53 31
50 38
42 81
44 82
2 53
68 66
76 37
79 7
93 74
73 78
27 8
7 30
44 14
46 50
72 15
29 88
64 89
78 32
64 55
16 63
6 5
93 65
81 14
1 77
47 15
32 64
69 55
89 5
86 31
6 28
72 80
73 56
13 42
72 25
29 37
54 20
8 74
73 38
56 41
27 52
32 62
28 62
27 45
87 15
82 8
32 51
11 66
78 93
27 47
52 23
89 53
43 58
16 64
73 26
15 28
21 73
84 50
44 63
24 61
92 65
67 5
82 72
82 58
46 81
9 31
9 47
10 13
47 36
83 33
5 1
76 85
16 44
34 69
71 74
3 12
81 84
39 9
42 71
21 75
7 61
92 37
6 86
34 37
18 48
18 32
9 14
48 22
67 66
18 5
73 31
88 24
79 28
84 29
54 53
90 27
52 39
87 45
59 87
62 29
93 56
39 50
21 89
64 93
79 85
9 44
52 31
24 87
46 76
29 71
8 68
49 25
76 19
64 14
82 62
26 88
75 8
46 23
29 14
72 57
91 73
30 16
60 89
72 49
50 62
4 29
40 36
86 55
44 49
56 60
45 35
30 41
13 61
53 73
27 28
81 24
85 17
13 72
56 52
44 41
25 39
34 43
90 28
72 1
25 31
76 56
43 87
45 34
25 66
10 37
54 7
13 93
17 24
18 40
41 77
62 63
33 84
38 56
15 65
27 53
84 55
32 42
90 26
12 64
75 10
9 82
88 12
78 22
2 42
92 72
81 71
56 54
58 56
49 47
4 54
42 35
24 51
30 33
2 46
93 36
67 80
80 84
7 90
48 5
45 78
88 92
15 62
89 55
79 92
21 90
70 39
80 53
43 24
70 63
25 6
72 69
43 15
89 38
26 81
12 90
25 82
22 23
35 82
90 75
8 39
50 82
76 4
58 74
6 54
78 8
24 80
58 32
84 76
32 87
73 45
80 69
74 92
49 7
61 41
90 72
4 86
32 28
67 8
13 89
31 21
28 57
15 39
41 47
5 15
41 31
44 60
1 59
6 64
81 11
82 11
56 91
46 22
20 34
27 2
2 81
47 29
58 10
20 74
32 67
82 49
85 68
92 1
78 84
91 90
51 81
13 4
90 40
64 91
66 9
7 22
26 86
26 40
55 12
17 11
13 62
83 42
87 8
2 62
81 79
87 11
74 83
74 64
49 19
82 10
12 10
3 25
19 74
53 56
76 81
30 87
39 69
21 36
22 57
78 13
79 93
42 78
27 64
12 61
90 66
43 93
90 37
78 48
63 51
63 28
37 20
92 15
49 53
26 23
48 82
63 74
31 16
8 29
27 5
34 81
25 71
32 6
39 61
19 17
56 18
48 76
30 24
6 29
36 52
61 33
75 40
79 44
3 77
46 54
52 53
68 33
53 4
32 89
20 59
24 76
46 78
51 13
35 2
67 93
43 55
36 16
34 8
48 88
54 89
64 60
9 19
77 28
84 18
18 35
40 42
84 91
12 46
59 58
62 68
72 37
45 10
78 15
91 32
17 39
7 24
8 71
50 28
26 1
39 67
11 83
91 15
74 12
11 44
53 55
86 37
85 53
37 84
74 68
10 17
49 63
51 7
27 12
61 52
44 2
36 78
56 22
5 53
40 57
25 16
52 33
73 16
52 88
68 39
55 27
75 18
44 62
79 42
39 44
76 49
52 3
2 54
59 48
2 16
11 92
68 22
86 73
70 71
90 39
78 16
65 6
53 39
26 83
31 48
20 29
26 79
45 66
34 55
40 25
65 1
93 51
68 71
27 35
2 77
26 22
60 92
92 81
39 49
20 5
5 13
6 35
61 51
91 47
35 67
42 27
83 31
91 11
71 15
41 59
36 18
16 86
23 88
44 48
80 60
87 41
19 2
76 33
83 41
93 73
37 33
42 56
9 76
90 8
69 27
12 69
38 54
51 25
57 65
7 91
13 47
27 58
13 20
18 68
62 16
44 26
31 70
36 9
69 62
79 65
39 5
52 2
11 46
29 38
76 73
63 79
69 29
70 9
18 7
70 44
14 77
54 21
72 8
28 55
14 23
6 66
18 73
92 36
41 67
13 9
74 88
10 26
74 9
27 20
42 31
28 65
76 93
80 86
19 92
2 24
2 69
49 12
4 2
34 6
14 36
1 29
36 81
68 54
79 76
93 71
19 88
4 68
48 10
51 46
70 69
50 2
26 42
27 80
79 75
42 68
26 43
69 19
39 62
21 68
83 67
82 16
46 45
54 14
86 25
93 18
55 33
19 10
87 89
53 76
48 15
43 39
77 42
25 11
31 12
28 49
56 51
12 29
29 82
45 80
26 57
39 45
89 81
47 30
37 73
7 59
12 11
17 26
22 77
32 49
39 48
18 6
17 28
73 68
50 67
77 73
60 35
51 39
91 36
7 37
31 81
59 8
28 13
5 84
76 31
68 20
16 39
47 34
16 75
73 82
32 60
66 22
46 42
59 29
87 63
34 27
81 74
49 77
39 86
64 42
90 23
92 23
63 14
82 33
76 41
41 65
79 20
84 69
81 3
8 23
21 85
87 48
9 77
85 30
59 6
42 29
42 45
86 59
66 49
66 38
54 45
12 45
49 17
84 23
67 81
72 30
49 71
45 41
2 90
9 11
5 52
45 77
70 29
16 13
82 38
17 88
52 73
76 75
31 24
65 17
19 47
46 15
9 41
6 61
42 49
37 49
22 33
10 4
63 40
14 57
63 42
67 18
49 81
40 21
70 74
13 11
88 14
17 91
85 62
2 89
23 62
50 58
45 89
68 14
24 36
58 79
19 39
67 40
66 12
25 59
79 77
71 32
77 67
15 52
33 71
64 36
78 38
14 92
92 26
26 70
77 23
47 61
23 41
37 24
29 41
23 33
31 29
75 20
67 86
57 9
12 67
26 54
30 68
11 28
53 30
7 33
15 45
58 57
10 66
55 74
74 51
37 38
50 26
70 21
62 8
37 80
67 38
79 50
32 11
6 48
8 9
22 39
87 5
63 69
66 7
66 44
72 88
13 88
19 81
53 38
58 77
34 60
67 79
67 88
20 47
21 53
10 87
10 54
1 82
18 57
45 68
63 80
12 65
34 87
23 75
39 1
49 83
11 36
16 32
75 35
42 86
41 82
87 49
36 12
42 10
92 70
47 33
48 91
70 32
18 64
9 55
20 50
62 90
24 23
31 93
55 24
24 57
82 92
39 72
90 50
85 84
50 10
46 9
80 19
24 68
12 80
26 64
50 27
46 43
19 18
39 93
67 92
10 67
31 79
25 50
37 77
41 32
78 54
9 64
7 21
57 73
87 93
67 34
82 64
29 93
3 26
56 49
52 63
73 30
18 62
38 22
27 91
51 78
31 45
29 66
43 75
65 8
8 3
14 1
35 47
35 83
24 52
33 4
83 56
31 14
2 82
69 16
1 30
71 86
5 70
12 1
46 75
8 13
14 83
15 22
68 13
55 82
86 14
13 53
90 73
72 38
81 50
7 12
170 720
162 109
61 126
161 88
121 145
164 134
71 53
27 124
130 5
71 9
41 166
20 44
164 99
168 144
30 76
30 78
152 20
132 20
35 124
89 43
158 111
57 11
92 104
151 72
114 142
92 76
81 26
14 66
129 39
51 76
105 40
53 112
166 114
5 13
62 34
62 125
112 111
162 33
129 93
91 115
71 140
41 6
102 113
73 22
32 85
155 52
151 112
92 4
100 45
106 154
109 124
100 108
29 18
137 106
2 145
77 133
155 67
155 101
77 97
15 51
153 138
87 84
23 83
101 12
158 150
54 73
41 24
37 25
48 19
85 66
74 165
95 129
68 1
55 92
21 159
22 54
50 121
16 91
96 108
30 88
132 32
69 150
128 4
151 85
92 156
124 64
22 114
144 13
3 40
52 106
23 102
139 169
10 29
53 100
86 116
147 53
75 150
66 38
78 97
131 132
25 107
80 27
107 41
126 53
87 59
155 81
149 13
81 93
24 124
158 80
142 81
86 71
112 156
62 100
60 18
144 138
45 126
131 54
112 104
2 53
16 84
132 40
75 2
46 160
71 55
133 4
109 91
46 10
104 25
1 107
22 18
161 38
170 20
129 76
26 60
127 32
72 120
17 97
106 34
31 158
123 47
135 17
34 167
114 125
160 50
95 89
32 30
121 65
71 7
108 27
42 114
61 55
105 156
115 112
158 97
3 2
144 52
162 97
1 102
91 36
125 169
145 161
107 14
106 73
91 29
117 13
47 72
103 62
41 161
149 33
94 34
72 80
93 87
57 54
127 140
4 88
92 129
43 121
168 46
55 94
48 144
135 16
94 38
55 88
108 65
69 52
148 57
86 68
16 41
54 118
106 159
61 170
143 124
98 17
159 99
121 108
145 22
91 139
104 11
56 38
82 162
16 40
112 71
64 146
77 45
138 159
27 6
108 2
15 5
137 71
73 136
96 43
156 100
77 63
86 58
33 95
87 24
158 83
154 49
130 27
122 53
91 148
131 108
46 167
28 130
145 167
45 21
123 106
13 158
120 27
50 128
68 120
159 119
96 48
39 166
47 56
169 84
158 140
107 169
133 34
57 43
8 89
163 62
170 143
108 41
63 47
77 92
70 157
139 109
73 84
46 62
102 49
150 73
75 163
88 2
41 18
97 140
39 126
3 82
76 9
138 53
75 26
166 107
64 97
1 41
16 136
62 132
37 27
21 160
74 113
34 154
70 134
100 73
15 45
100 64
41 52
168 120
95 150
100 39
121 163
106 93
2 141
155 10
129 160
62 140
66 71
127 9
18 162
123 63
52 139
50 58
23 68
16 39
84 48
68 153
85 130
75 167
50 74
156 110
52 161
3 101
45 33
47 38
95 70
10 14
131 170
101 159
71 1
126 41
57 107
3 124
27 39
81 72
140 90
80 50
13 30
87 66
74 129
14 165
147 34
90 82
35 133
91 35
35 169
121 52
143 71
6 13
132 61
46 158
147 75
48 151
168 93
159 31
86 156
123 48
14 38
45 159
12 107
140 119
113 170
83 162
150 110
66 54
42 103
102 38
18 8
77 148
2 33
63 119
7 113
151 98
1 163
136 14
50 94
122 26
135 110
123 101
99 100
142 36
71 67
69 105
13 14
136 157
31 98
156 153
12 75
60 47
123 129
164 146
139 145
63 118
154 42
94 22
43 37
147 66
105 64
106 80
81 138
63 40
15 40
150 79
143 77
134 33
161 29
29 167
150 67
66 6
13 162
4 44
124 156
129 118
130 152
85 164
61 87
13 100
92 97
63 62
112 107
113 19
159 14
99 95
46 161
151 18
168 151
9 126
51 45
58 72
100 33
133 96
136 154
63 98
105 155
44 90
13 121
150 68
157 28
32 81
137 101
83 142
15 66
92 17
164 107
160 121
5 162
152 94
101 130
155 109
63 67
54 2
9 161
118 25
56 152
128 49
64 118
91 153
34 105
114 128
162 121
39 82
96 81
166 124
159 128
97 53
53 8
94 36
148 113
44 72
109 41
144 151
56 111
32 8
99 60
53 131
146 101
92 125
147 25
112 62
42 68
113 15
12 2
155 68
17 80
136 2
20 36
43 23
118 35
104 95
11 22
127 37
87 50
32 106
135 18
41 97
140 48
71 79
80 9
99 53
124 98
11 129
104 113
68 60
11 56
144 89
133 1
111 124
152 69
44 45
168 47
150 135
154 103
44 5
110 72
20 18
162 105
89 66
163 153
29 77
152 67
110 160
22 112
51 16
122 14
84 153
35 78
46 99
18 156
62 83
162 95
75 6
111 152
45 62
107 43
124 129
158 69
30 118
41 116
147 168
145 28
147 126
75 62
39 110
152 63
124 72
80 109
89 28
141 26
77 138
141 84
3 11
17 165
18 84
133 5
6 98
164 87
94 166
113 70
76 47
35 28
168 76
22 107
7 149
65 113
122 98
124 71
163 79
58 6
85 37
79 76
133 25
166 162
75 16
106 43
68 10
3 58
58 152
62 167
146 108
146 96
100 32
17 47
134 81
22 103
144 118
101 35
101 66
28 100
85 53
43 41
10 79
109 12
160 117
103 53
134 114
90 55
110 62
36 147
78 4
58 127
16 83
134 9
145 58
122 45
76 15
119 161
130 89
50 148
20 149
130 136
110 71
158 27
14 112
56 72
20 43
28 164
3 50
120 98
45 104
19 10
52 35
155 76
133 170
90 150
130 80
113 28
148 157
52 67
45 73
134 72
1 103
32 153
144 20
83 32
153 6
53 17
23 15
137 92
81 127
80 105
164 149
142 107
134 115
46 100
137 74
99 120
102 66
89 134
22 75
120 51
151 142
164 84
2 116
144 107
91 106
25 32
150 59
74 72
73 7
132 156
111 165
16 8
59 131
151 78
128 26
40 164
116 21
55 91
170 147
158 35
163 154
90 17
17 160
31 137
109 115
25 58
9 21
164 55
149 81
46 27
90 53
78 61
144 68
99 113
75 9
43 66
59 18
97 52
39 151
90 66
55 96
61 105
71 23
166 165
80 67
160 64
13 86
43 123
66 130
48 100
34 126
84 155
165 145
72 144
117 93
125 115
4 123
79 97
68 118
128 1
114 44
112 48
165 103
155 153
72 2
3 104
102 31
170 152
110 19
32 15
91 48
102 117
33 79
124 104
75 64
141 70
151 163
3 123
56 8
140 77
50 122
154 82
119 93
21 147
142 86
39 149
17 73
132 50
38 12
17 140
155 43
58 91
25 114
55 727
28 17
35 32
20 31
51 29
38 25
19 14
54 34
37 27
23 53
21 25
13 1
47 18
54 29
9 51
18 48
4 2
15 9
32 29
48 7
4 17
28 20
47 9
20 18
44 22
16 9
12 15
8 29
12 33
50 22
18 42
37 17
47 19
51 49
31 39
54 43
17 43
11 41
5 20
34 39
23 52
4 46
46 53
42 32
22 30
1 8
6 50
38 53
37 10
23 16
11 39
33 37
31 15
35 15
39 10
39 23
41 15
24 50
37 54
29 26
39 54
54 45
14 7
12 1
12 38
46 12
27 38
38 28
44 53
18 52
51 21
20 51
44 17
53 36
16 14
39 3
26 11
33 34
33 18
33 11
23 51
28 4
15 27
28 35
10 45
10 2
47 14
27 29
20 17
2 46
50 37
54 18
49 3
12 21
25 50
35 19
51 14
19 29
45 9
21 13
23 49
26 52
37 7
7 5
1 14
20 43
32 48
42 31
55 17
46 17
6 44
30 48
19 54
47 42
25 27
2 52
52 30
20 2
50 47
15 1
43 14
16 53
36 7
5 27
35 38
28 11
12 43
41 21
5 53
8 51
43 26
27 40
37 20
9 54
45 36
55 25
1 28
31 3
34 50
1 39
36 3
38 24
37 52
39 50
6 29
8 30
9 4
21 39
20 33
1 16
27 47
35 12
54 47
28 39
4 12
38 5
18 43
39 51
1 6
18 10
7 22
7 15
43 10
11 6
47 12
55 16
6 42
17 9
17 26
19 7
53 33
40 35
16 52
34 3
15 44
22 5
10 46
6 37
24 53
20 47
33 21
50 29
49 48
37 11
6 38
11 24
40 33
47 7
24 28
14 37
7 31
22 46
44 51
37 30
34 18
50 10
44 37
26 21
35 42
33 48
12 19
2 17
39 30
55 53
2 15
32 39
32 6
53 12
52 40
29 3
11 34
15 50
51 17
43 16
37 49
55 48
10 29
38 51
55 24
40 38
25 11
7 40
17 36
29 21
25 45
55 45
51 10
4 37
5 32
41 25
38 47
48 4
4 44
14 46
13 29
10 25
6 24
31 14
2 54
5 31
13 4
9 50
8 2
47 55
46 28
32 22
8 7
50 12
14 17
13 40
37 13
25 24
1 32
35 23
29 22
25 48
14 22
20 55
19 55
10 35
11 18
10 26
19 33
40 30
48 46
7 34
6 17
14 11
11 12
29 45
1 17
4 15
8 46
50 55
39 20
49 45
12 40
51 50
32 47
49 31
52 20
19 36
1 36
30 49
22 28
32 45
12 29
41 34
37 28
6 2
16 50
36 16
33 1
21 47
45 21
36 23
3 53
3 10
9 53
25 28
37 24
16 2
51 30
16 44
2 22
45 40
17 5
11 43
48 42
38 30
52 5
50 46
9 33
15 33
21 17
18 8
36 30
31 35
42 38
36 31
4 1
20 14
28 29
10 17
18 46
6 14
14 24
53 26
29 49
40 5
23 12
5 50
13 26
51 53
19 17
27 44
33 30
23 15
41 51
52 3
16 33
34 6
43 29
26 41
3 35
52 6
52 47
14 35
49 43
10 5
12 55
25 6
41 36
25 51
48 31
30 12
52 38
11 35
13 39
16 4
16 11
26 40
15 46
35 34
51 16
5 3
38 1
48 34
35 8
19 32
29 55
27 1
55 21
23 41
38 19
27 21
35 2
45 39
40 54
38 43
49 54
42 51
16 39
14 36
35 46
3 26
13 49
33 45
27 52
55 7
50 4
21 9
5 24
47 33
19 37
16 21
27 2
35 25
22 15
25 52
40 34
20 36
34 27
51 18
50 3
22 24
2 41
28 34
54 13
5 4
10 14
36 15
14 40
46 27
42 3
6 8
24 34
41 35
27 33
51 5
44 12
36 51
47 40
53 10
42 34
46 51
45 20
10 16
36 26
55 22
2 44
19 3
13 11
13 38
3 9
6 47
52 1
45 3
55 35
49 42
37 47
9 11
40 44
10 42
40 51
47 1
45 17
34 46
35 39
25 26
39 37
49 34
11 17
25 33
9 38
55 9
46 52
7 53
41 24
48 20
34 26
52 31
50 2
24 13
22 37
22 43
28 51
26 32
8 28
19 10
38 10
43 55
49 18
9 8
48 23
54 12
24 33
50 1
43 3
2 7
48 19
11 48
31 12
24 20
13 7
42 16
14 55
24 29
20 54
40 53
5 18
34 14
32 12
48 22
16 54
31 13
49 40
40 20
28 14
16 47
53 35
47 31
48 44
19 9
24 17
29 31
31 50
10 27
42 23
44 35
45 41
41 4
18 16
24 4
49 21
46 3
22 47
48 16
6 3
7 42
51 54
2 12
41 6
54 26
55 40
19 46
34 29
27 26
6 9
44 49
35 45
52 49
21 28
51 26
41 30
54 30
41 49
54 7
33 4
16 15
24 1
39 14
42 46
35 50
24 9
52 8
41 22
43 44
9 43
35 24
8 19
11 51
15 55
41 53
36 49
1 25
34 52
32 27
48 43
11 5
1 21
45 4
8 12
21 38
22 51
14 38
33 14
19 27
36 44
32 16
29 46
46 37
42 8
4 36
55 31
7 24
16 38
35 18
41 20
48 45
48 39
23 18
43 35
47 28
25 8
43 25
1 7
7 23
53 15
37 5
7 18
43 24
53 4
32 34
14 45
55 33
27 3
12 20
46 54
36 29
25 12
37 53
8 53
19 50
43 42
18 30
43 46
45 12
49 38
37 25
17 53
11 54
38 37
13 2
34 9
36 42
5 42
42 9
38 33
21 54
8 34
55 37
6 16
5 28
33 44
11 31
31 4
14 4
9 29
30 29
29 7
9 2
1 10
16 12
46 38
7 44
2 51
19 11
31 8
3 40
55 36
40 24
21 30
8 33
35 37
20 44
3 17
33 50
7 38
28 54
32 9
11 46
45 5
41 37
26 1
14 8
40 41
28 16
5 43
19 42
19 23
53 30
40 46
19 6
47 5
6 26
26 19
22 31
49 28
54 48
23 25
39 26
6 15
26 24
44 29
48 10
48 38
13 46
23 26
15 37
22 3
10 44
9 35
14 30
33 51
39 18
21 10
52 53
48 13
8 41
19 30
42 11
36 39
44 26
48 14
8 45
15 5
22 54
13 43
39 49
45 22
11 2
10 22
55 6
9 7
26 37
25 36
8 36
11 27
45 44
33 41
29 2
42 41
48 6
6 40
16 35
52 54
10 23
43 4
27 14
28 36
23 13
49 35
51 31
42 50
1 23
49 12
24 18
117 579
81 80
66 38
100 92
5 30
40 65
71 63
37 50
32 62
63 97
84 28
55 70
112 51
22 93
23 69
10 80
80 106
17 6
99 30
52 98
18 88
29 102
38 21
62 42
113 83
21 8
84 48
115 76
61 70
14 52
54 6
111 76
50 59
20 96
66 21
79 110
11 117
79 75
20 108
110 35
81 58
31 6
45 63
38 108
48 71
93 79
53 68
27 14
2 68
6 98
30 10
91 77
90 95
28 47
8 105
55 69
69 47
46 21
78 1
82 78
69 91
51 102
92 111
7 44
101 47
27 66
94 29
79 60
33 102
91 2
114 111
100 108
45 60
101 56
92 4
68 108
115 63
103 81
64 12
54 26
45 15
46 25
96 73
103 107
97 103
107 108
34 60
89 68
31 84
67 100
82 6
59 47
6 41
84 41
41 39
45 33
65 90
60 50
4 46
103 8
21 93
77 109
30 15
88 39
3 75
4 7
116 11
27 28
24 4
37 49
18 116
66 114
41 93
7 67
110 73
44 80
114 62
91 84
78 41
91 73
51 32
98 84
56 109
15 79
84 74
51 68
44 24
56 32
75 59
38 75
20 67
65 57
28 109
54 11
106 74
53 81
65 109
39 35
59 92
26 98
83 54
27 53
84 2
34 50
29 1
55 74
42 103
2 87
16 59
48 17
114 52
95 51
107 7
100 17
86 83
6 102
45 40
4 32
26 74
29 113
44 26
68 35
44 111
117 65
49 18
86 44
24 83
87 42
112 17
56 36
81 25
93 26
57 15
37 17
112 113
7 96
17 18
106 117
95 74
62 19
68 99
36 22
77 83
2 78
27 6
79 103
62 80
67 111
97 43
99 16
111 6
35 27
18 41
68 82
57 5
94 16
33 97
26 88
11 44
83 85
12 29
105 113
14 49
63 86
34 19
116 54
62 37
100 91
106 36
60 104
1 64
17 47
101 10
81 31
9 81
68 64
20 86
46 113
33 53
77 72
78 72
54 33
92 74
76 11
103 59
87 74
22 33
96 80
41 111
2 21
78 94
56 9
18 90
83 22
63 28
103 30
97 57
48 90
111 58
104 36
64 111
26 41
8 83
54 108
74 107
103 66
49 78
114 36
45 91
88 94
81 29
38 91
24 32
72 37
85 117
103 100
23 92
103 80
23 111
23 117
74 71
81 116
72 69
35 26
104 22
68 24
93 1
62 50
75 115
103 62
69 50
16 36
20 36
68 57
7 86
41 79
80 31
102 80
46 67
75 9
70 7
80 55
23 26
39 92
7 9
56 105
81 110
97 112
72 16
102 18
49 86
22 85
29 37
35 31
70 12
14 42
66 113
106 23
19 77
83 57
7 60
86 39
6 30
91 48
96 98
55 112
87 50
113 32
62 112
38 105
3 99
98 68
95 71
114 102
97 39
94 3
37 91
44 13
81 98
62 66
41 13
63 27
112 1
74 42
37 9
26 84
85 98
40 12
39 75
61 53
27 26
84 25
79 81
72 32
98 89
102 115
86 41
24 109
43 1
40 75
16 28
88 77
56 108
108 74
110 103
48 26
16 51
57 37
23 84
8 30
27 51
26 9
92 46
112 54
20 44
106 50
27 36
82 116
72 96
8 2
32 5
103 104
33 38
48 69
3 54
93 90
88 7
56 106
99 60
23 99
5 73
1 16
69 101
12 11
3 100
67 53
110 55
61 110
22 84
106 35
10 31
9 57
88 30
17 14
80 99
36 38
117 64
105 81
104 102
116 96
117 5
37 112
71 38
69 66
27 101
29 54
22 15
90 80
87 69
66 68
102 2
29 95
42 104
108 37
108 76
52 68
106 116
85 2
92 105
19 49
21 111
117 112
45 61
106 10
1 99
68 70
104 78
114 17
44 117
113 99
62 40
13 107
51 90
80 18
34 33
9 72
87 83
50 91
53 117
32 75
41 69
81 11
13 115
93 55
100 113
81 32
42 4
18 31
13 3
84 61
99 21
40 68
47 100
33 30
82 13
61 1
76 110
10 12
4 43
81 28
107 26
87 59
47 5
33 13
48 9
30 26
6 101
88 101
70 67
53 104
70 15
17 16
9 54
98 11
104 50
111 103
27 22
76 18
116 37
39 70
85 84
42 44
81 61
39 12
10 13
73 33
58 23
17 32
97 8
81 65
30 41
70 46
47 73
17 64
47 54
16 8
106 6
56 71
39 79
9 28
3 90
55 58
46 78
49 6
101 17
112 108
116 80
50 13
46 73
71 59
47 6
27 17
24 13
19 43
39 71
25 55
62 116
63 30
19 18
104 62
82 114
43 22
102 94
57 72
58 30
29 106
72 99
84 95
30 12
76 98
25 79
56 37
113 40
10 40
60 103
29 61
31 23
101 66
84 14
92 22
50 2
85 110
112 34
88 83
18 62
39 87
34 59
45 108
54 7
13 103
114 35
44 74
74 23
75 104
21 56
112 15
38 64
47 8
2 75
104 37
4 67
49 10
106 92
15 48
101 53
70 24
28 113
66 1
1 3
39 1
90 59
114 86
96 99
90 34
44 34
74 97
29 63
111 71
102 96
13 1
5 6
17 50
39 25
24 1
36 4
61 49
26 86
14 21
57 74
95 39
133 919
112 87
92 80
98 19
63 80
130 17
76 116
67 34
25 49
21 8
19 46
93 131
70 48
111 131
62 99
67 20
34 93
49 117
17 6
22 90
30 56
61 68
79 60
115 39
47 2
116 130
36 126
107 39
51 64
65 25
63 58
94 45
64 131
82 65
21 49
69 45
82 6
97 40
64 2
70 51
108 46
48 115
21 32
97 101
19 1
64 1
88 117
69 1
75 70
3 129
29 89
95 6
78 27
113 48
78 93
116 49
99 23
128 12
93 67
122 37
111 130
7 57
14 87
14 32
5 95
44 9
25 122
34 28
105 99
97 41
30 3
47 14
72 127
47 38
37 124
56 39
30 75
36 29
114 96
94 23
85 77
84 105
56 133
29 103
76 91
13 72
89 119
67 63
104 105
68 44
94 78
113 98
100 14
2 119
120 59
87 123
41 106
45 56
93 92
33 24
131 21
66 28
19 83
125 49
35 57
104 53
33 58
52 10
78 8
2 100
25 75
46 87
26 89
24 66
37 84
79 54
106 61
43 31
108 119
46 93
131 32
107 121
84 43
110 36
77 4
108 112
81 30
33 71
86 20
30 111
115 50
7 123
60 133
105 41
107 105
65 51
19 35
76 74
6 1
68 111
39 101
105 131
5 127
125 98
28 112
117 67
79 49
3 99
17 48
122 118
27 105
30 49
19 20
51 39
13 15
47 100
131 18
19 102
34 88
6 61
85 129
113 112
13 124
63 49
91 31
79 25
5 101
62 80
117 47
119 21
117 74
85 25
121 72
6 89
36 122
118 54
27 60
55 38
125 110
93 63
68 25
39 126
30 8
37 50
3 28
128 76
22 37
123 11
126 57
14 89
16 90
41 29
9 73
73 90
58 9
121 133
77 97
31 33
15 84
38 86
116 64
27 16
125 40
13 101
48 129
92 123
117 36
3 95
1 128
116 19
129 9
105 128
91 81
88 5
102 84
42 78
33 30
75 101
55 109
87 55
4 10
24 127
127 133
93 89
79 36
92 128
7 99
101 33
103 96
132 83
125 65
126 64
14 12
104 78
93 52
45 67
63 122
47 26
118 13
128 28
22 92
59 96
84 91
23 12
112 68
121 102
71 40
112 25
46 44
131 25
90 40
103 106
23 97
50 63
20 133
21 111
94 84
128 107
20 63
36 103
3 112
115 122
57 17
58 114
34 23
20 61
17 2
109 36
59 46
5 80
77 109
39 77
4 29
72 111
77 55
129 12
27 12
57 5
127 25
47 6
25 2
105 120
90 25
57 23
114 63
5 38
130 6
122 52
122 121
70 46
96 85
35 76
35 62
129 75
64 61
124 38
23 53
13 105
43 62
3 90
38 128
91 52
67 75
21 46
57 123
115 55
120 80
98 43
27 79
102 116
43 130
63 19
59 60
63 4
72 101
29 115
63 40
38 106
33 53
22 42
17 4
33 19
100 1
83 119
13 86
63 22
38 81
39 50
55 133
42 45
46 133
1 82
21 93
109 107
122 125
70 52
62 89
14 27
35 58
82 92
110 9
84 80
69 62
128 104
64 11
113 16
10 79
123 122
70 22
29 85
14 75
52 16
133 25
16 47
92 26
54 114
29 133
18 34
86 89
44 89
70 90
52 61
98 16
122 39
48 4
93 75
37 64
126 89
109 86
108 69
114 30
44 28
126 38
67 56
92 25
126 28
81 86
51 3
46 125
6 8
110 89
57 65
21 64
85 90
76 36
57 86
104 123
104 31
74 81
83 110
50 8
121 74
51 63
36 41
19 129
131 10
118 87
118 40
17 99
62 49
125 57
53 61
46 28
58 11
10 6
35 98
56 26
89 72
35 75
69 22
41 5
133 131
124 4
7 29
109 78
10 98
43 112
62 52
115 40
115 84
43 92
91 36
105 93
36 105
109 5
15 119
106 25
12 64
59 55
56 65
31 19
5 17
112 30
125 83
126 73
78 51
15 70
47 10
30 98
102 85
8 41
132 52
90 89
90 55
39 19
15 31
53 113
112 34
82 26
33 18
24 43
42 50
45 6
25 36
128 5
32 30
94 101
24 94
120 113
40 108
55 61
121 45
104 25
87 121
41 2
16 115
2 35
27 132
52 106
40 46
40 126
132 17
12 85
85 5
36 20
83 56
94 113
85 57
123 82
31 130
70 91
133 87
54 124
21 35
115 37
56 112
76 114
129 66
50 4
113 82
40 72
46 30
1 24
119 20
43 102
103 20
32 54
48 2
36 112
92 129
61 76
106 43
104 81
72 99
17 58
133 48
36 82
133 123
37 32
14 8
4 35
75 131
3 23
79 78
39 23
85 78
82 48
66 103
55 45
28 99
93 125
98 42
103 4
89 75
117 3
15 101
32 8
64 104
21 4
119 91
34 86
51 66
116 61
18 69
31 62
55 73
2 85
123 124
32 90
104 49
108 78
44 96
133 12
62 60
90 121
29 40
31 44
95 51
51 103
115 104
38 12
41 52
90 126
57 72
8 61
86 71
6 119
18 56
42 36
89 48
129 124
24 78
69 25
44 57
74 32
13 21
17 128
33 17
104 80
68 81
22 62
50 32
100 6
125 1
35 132
19 81
17 105
118 71
26 109
106 12
110 10
16 26
65 130
110 124
107 99
10 9
46 60
63 47
110 6
82 98
31 67
25 45
15 85
107 81
69 121
9 114
9 93
69 127
130 121
66 121
23 102
104 26
28 88
80 33
121 80
43 47
74 84
91 54
43 97
105 124
25 124
27 124
88 6
129 79
63 16
76 108
120 71
36 128
28 73
114 102
5 99
66 13
41 46
29 47
2 104
1 40
40 4
119 66
119 53
41 90
99 121
82 112
47 53
73 100
44 1
127 86
47 24
118 83
41 127
41 79
17 50
61 91
130 54
85 112
32 113
50 88
32 83
67 6
42 111
82 56
73 44
69 6
97 34
36 51
4 64
19 65
93 49
24 115
23 108
55 53
16 123
26 48
33 50
22 58
66 111
79 3
69 7
126 31
123 9
110 112
69 5
130 23
93 130
29 42
128 48
80 54
2 122
31 100
118 15
54 133
5 3
9 98
52 98
99 20
102 61
67 83
19 112
65 62
17 12
94 79
19 44
51 13
110 104
96 90
85 69
83 131
114 108
34 70
98 33
107 52
77 111
43 123
47 120
96 43
77 9
20 114
100 69
123 112
63 10
85 34
133 36
111 87
124 19
31 3
6 29
11 120
83 15
57 69
37 66
92 65
50 75
51 68
64 122
45 74
3 19
58 36
72 7
15 34
16 96
96 121
92 85
84 88
127 99
113 91
123 125
109 19
82 2
89 98
87 17
131 16
75 18
133 41
26 76
88 44
67 133
15 77
74 8
42 97
81 50
16 14
72 26
110 121
1 67
12 95
19 104
105 6
82 110
5 6
44 37
86 65
35 93
2 50
83 114
21 31
127 82
63 72
58 96
84 22
84 101
127 96
28 105
38 56
93 4
37 118
2 127
60 103
30 74
56 131
120 26
112 58
21 87
130 48
120 74
60 45
90 133
28 76
130 58
22 47
75 57
115 73
90 105
72 17
114 49
74 61
124 43
92 61
87 37
110 120
123 88
95 119
4 53
67 41
55 107
83 24
131 46
85 35
108 131
119 52
33 39
112 4
43 79
129 70
27 130
90 23
112 44
59 104
74 49
54 39
25 3
3 126
44 91
115 77
85 87
87 45
46 117
86 58
123 47
2 83
60 113
57 1
90 11
60 26
110 86
41 118
95 93
125 44
80 77
78 36
97 53
81 111
123 55
42 68
62 129
51 14
15 9
132 99
89 102
3 41
40 124
48 87
40 17
46 23
30 11
28 54
11 12
45 18
88 87
101 133
120 45
119 55
44 2
88 8
81 20
62 33
87 36
81 57
63 94
70 82
124 66
30 17
29 65
78 59
74 10
64 25
14 113
130 80
67 127
21 128
121 35
64 114
45 105
83 13
78 6
28 5
63 131
24 42
118 51
31 24
132 105
12 125
71 112
6 125
60 3
73 75
112 60
107 83
72 96
123 79
60 67
57 129
126 130
67 74
33 29
25 73
130 20
99 108
92 41
7 82
129 115
92 103
46 10
108 84
15 93
13 93
109 127
79 98
10 99
69 125
4 58
106 59
115 880
50 25
78 94
26 40
78 27
56 96
19 106
4 90
21 109
8 110
8 73
23 15
2 13
79 10
36 35
39 67
98 114
55 102
62 37
108 58
64 5
12 17
84 1
36 43
35 11
37 17
15 53
48 33
95 61
61 84
55 66
54 109
9 56
113 101
62 9
45 40
21 27
105 96
107 66
3 103
77 58
46 94
41 89
28 18
10 113
15 33
2 75
85 19
98 85
100 92
50 87
91 34
54 99
97 42
64 66
81 75
3 5
98 46
19 105
14 11
1 32
31 33
69 41
18 85
54 72
91 48
93 96
39 15
51 1
3 97
81 26
37 99
82 11
106 56
92 110
53 97
103 30
107 105
29 90
21 9
93 63
9 72
8 62
18 5
21 87
92 3
90 115
37 71
77 67
62 92
38 90
72 61
15 89
33 112
34 36
83 53
39 47
91 55
51 99
40 70
100 24
79 35
65 75
67 103
43 104
42 23
76 1
107 78
19 77
84 108
48 64
16 8
11 74
77 17
115 64
107 90
84 56
49 81
14 22
53 66
105 115
86 79
59 2
73 22
62 95
98 104
70 49
30 113
79 22
19 110
72 17
105 108
12 83
111 103
100 102
85 49
109 38
86 47
51 112
112 44
98 17
50 71
23 7
40 18
35 59
50 43
5 106
27 93
44 8
51 22
63 34
76 12
81 99
12 74
95 92
13 108
92 61
56 52
95 104
16 51
85 68
40 1
92 108
93 62
5 80
25 62
109 18
114 8
34 95
103 21
20 109
18 105
24 50
56 74
91 68
37 103
52 69
32 2
55 75
74 89
94 63
32 83
84 3
23 110
56 59
77 66
27 100
88 25
114 27
55 26
110 26
114 53
76 85
5 9
95 59
2 49
53 19
72 4
34 4
60 48
3 22
40 67
62 47
50 17
51 102
81 102
28 90
3 38
1 54
32 13
35 14
89 8
92 16
81 47
95 38
115 43
76 3
55 39
58 52
42 14
41 13
66 112
21 105
15 77
18 35
102 53
99 95
26 114
79 60
53 29
106 46
20 44
11 94
65 90
83 39
91 85
57 75
64 92
52 45
82 40
93 17
61 26
43 100
87 38
96 51
100 66
32 33
3 65
78 10
60 109
41 9
105 26
56 61
11 64
98 94
54 73
96 100
90 59
106 103
30 36
41 30
19 67
27 23
69 13
19 30
74 77
18 51
33 3
10 39
63 26
38 78
56 22
43 32
14 4
57 14
40 91
90 11
53 43
99 109
103 18
17 105
19 80
101 13
68 29
71 74
5 113
77 81
56 83
52 10
89 94
56 87
68 30
111 66
35 47
83 115
60 68
81 89
85 40
31 88
46 1
106 68
15 111
23 93
8 102
110 59
65 68
27 92
65 44
41 64
67 7
9 27
112 4
107 9
61 4
62 71
14 62
66 97
45 73
14 98
46 86
31 79
113 41
98 53
23 29
6 27
93 66
94 53
1 26
14 84
93 72
4 11
73 71
114 109
41 91
30 86
2 42
75 31
55 11
28 43
75 33
6 91
65 46
104 109
101 58
33 17
1 111
31 67
10 61
70 34
42 27
47 6
75 9
64 53
27 49
25 35
20 58
59 57
10 71
63 61
90 53
67 85
105 112
17 61
30 51
19 31
56 71
52 18
48 115
60 65
33 85
3 110
11 73
12 84
70 32
35 42
60 41
94 81
20 48
76 28
82 99
18 87
41 103
100 13
68 37
82 86
76 16
104 29
40 80
102 20
110 41
19 54
10 114
8 60
50 64
57 107
104 79
43 94
62 111
99 75
50 54
95 115
58 61
110 62
70 41
66 31
96 44
49 5
104 52
53 30
90 17
25 70
103 57
56 11
49 99
11 97
114 29
47 14
10 42
36 76
6 30
7 95
82 29
3 63
51 43
33 10
25 48
52 86
109 94
77 68
32 111
79 83
49 19
102 59
98 23
23 44
112 41
96 62
5 43
11 17
83 22
73 23
1 95
102 48
29 99
108 85
87 51
28 9
55 56
7 15
66 35
42 86
65 21
94 24
62 84
37 4
11 7
87 23
104 40
17 63
28 29
85 29
8 55
35 103
37 60
101 46
74 90
62 34
16 107
72 98
41 2
84 22
113 71
80 92
79 105
34 45
114 31
29 64
103 104
77 101
49 98
82 30
19 25
99 6
97 2
4 95
54 70
73 102
87 94
14 9
104 19
39 18
12 42
76 115
18 27
60 1
43 86
70 91
106 6
64 3
6 15
42 50
86 29
40 92
111 90
74 49
16 112
52 114
49 108
70 1
111 107
15 75
69 18
39 101
55 71
20 104
91 37
12 103
95 29
17 60
15 81
112 27
44 84
111 110
107 20
79 27
102 90
99 59
113 61
107 18
42 56
23 30
99 20
87 70
75 35
87 53
16 19
105 110
110 6
5 86
106 97
17 1
11 77
103 84
20 111
1 69
31 14
95 110
111 19
16 58
94 101
33 101
81 30
64 94
8 12
89 78
109 52
75 11
21 57
52 25
53 67
56 97
33 104
52 115
16 29
74 82
41 24
41 28
70 59
107 25
21 40
82 58
94 29
95 114
65 78
80 82
29 61
10 26
33 26
41 19
97 98
60 56
16 2
101 38
61 37
51 10
103 31
102 71
36 39
20 22
72 77
4 49
46 87
97 14
60 57
110 73
44 100
58 111
76 114
82 75
2 83
97 72
19 74
84 67
77 105
88 15
108 17
59 5
88 87
60 84
21 38
55 34
82 102
100 70
78 15
112 106
43 29
106 92
28 40
109 86
85 20
13 6
80 11
68 75
111 30
113 16
1 107
86 16
105 39
9 115
36 74
9 95
20 74
9 47
46 44
37 51
76 98
55 28
115 28
88 95
5 82
53 95
101 47
19 5
113 27
24 27
82 95
102 63
24 44
55 94
41 47
44 48
52 72
106 64
88 82
110 4
51 86
100 18
84 26
112 40
67 100
106 4
6 53
53 54
51 113
102 12
4 1
54 79
79 11
88 108
51 78
71 54
111 81
31 17
96 39
35 111
26 27
51 95
39 58
3 30
22 76
61 53
35 81
96 95
39 48
75 96
104 73
42 78
18 83
97 85
109 55
113 108
27 53
109 40
95 65
29 98
104 31
26 54
87 110
55 96
76 15
40 99
105 65
67 64
46 63
71 69
32 102
27 10
58 32
61 62
48 28
41 16
75 76
83 91
107 74
103 40
65 48
10 35
98 16
109 69
55 16
41 55
89 93
18 53
94 30
52 74
44 59
86 112
45 83
10 59
22 28
35 104
92 77
114 83
35 101
96 52
50 99
41 29
111 114
1 16
56 49
72 12
49 32
105 27
68 114
61 52
1 8
67 10
29 6
50 13
80 52
67 75
94 17
110 51
90 80
95 100
5 25
92 49
42 85
111 108
106 14
17 95
7 66
67 15
41 15
15 17
103 71
79 25
13 16
100 103
112 101
58 65
39 56
59 62
30 32
29 51
66 28
69 48
103 91
2 82
89 56
96 84
40 96
3 52
58 40
1 65
24 34
39 41
11 100
75 16
75 114
40 15
36 81
39 88
21 18
55 63
35 100
64 1
43 103
94 36
89 16
7 79
22 72
64 103
29 58
61 31
101 111
95 3
41 50
24 84
54 8
66 106
89 113
111 2
64 74
112 60
108 83
45 85
109 32
27 59
31 69
40 20
64 63
6 46
43 109
73 26
50 26
11 70
108 100
33 46
7 109
43 99
14 46
29 84
104 1
14 88
58 36
109 15
39 99
2 110
94 79
113 95
81 86
96 6
2 12
55 74
18 11
86 93
14 80
64 2
89 106
112 63
49 96
82 34
110 104
65 47
27 95
31 6
93 83
14 102
91 23
3 20
99 11
8 107
49 61
58 56
115 66
88 97
22 109
74 63
106 111
90 98
55 68
108 42
69 24
107 34
98 69
31 110
39 64
33 41
100 42
30 106
357 614
281 241
287 321
285 53
172 207
222 185
331 101
323 165
98 160
84 61
178 348
262 17
286 303
6 37
281 84
95 38
125 265
130 324
99 323
93 211
342 51
26 110
252 258
202 350
217 165
12 76
317 80
254 42
73 156
86 306
133 68
296 49
143 223
41 348
322 243
314 148
70 158
47 24
249 213
69 220
140 279
281 252
189 296
117 281
288 64
298 326
229 345
80 182
130 200
311 217
155 200
249 44
335 190
77 33
7 343
80 4
15 88
42 227
192 248
13 337
117 293
89 30
114 156
196 175
317 119
194 199
301 186
31 173
133 128
112 74
181 5
329 199
331 32
258 7
82 132
223 264
333 3
184 248
300 224
263 41
201 43
42 213
104 63
267 191
53 270
355 266
245 34
137 151
133 333
134 313
44 14
74 211
89 97
86 210
119 246
195 62
335 176
235 180
55 280
253 206
130 164
145 197
284 245
190 191
231 282
334 90
336 189
81 66
124 12
219 43
227 332
201 83
184 145
111 29
357 87
116 63
205 29
97 355
274 144
41 211
352 23
117 73
217 111
162 167
271 218
141 59
101 280
72 221
268 74
105 51
219 32
100 59
278 46
320 342
88 4
254 19
201 196
204 286
90 174
352 234
167 72
331 40
186 299
252 153
18 228
324 184
345 181
209 229
158 3
58 298
204 145
262 52
185 153
266 47
74 290
88 81
47 308
104 289
52 185
277 296
190 18
89 110
209 345
169 2
188 191
283 227
146 307
335 100
9 108
2 241
355 332
344 253
182 301
87 200
150 184
87 107
221 216
301 342
338 275
84 107
10 176
235 315
288 341
308 24
232 153
138 38
110 278
351 174
48 351
260 35
91 290
256 344
252 21
122 198
237 339
197 345
101 231
222 166
291 341
101 53
337 232
105 276
216 17
270 1
236 263
286 201
74 200
149 42
143 108
191 300
22 237
246 345
174 164
299 304
54 96
110 40
309 354
220 100
190 327
116 25
78 86
236 244
185 164
142 87
149 70
285 120
133 54
146 323
59 230
131 212
130 203
79 351
162 254
147 102
4 277
334 166
158 198
296 311
53 24
165 289
68 231
303 236
278 94
143 168
60 211
299 38
276 205
86 159
216 188
139 50
124 7
316 329
227 26
266 205
137 150
157 335
91 305
188 213
193 335
139 58
40 206
273 98
67 74
2 249
28 239
96 64
54 349
48 340
237 178
101 5
94 135
93 208
77 44
166 129
265 251
315 181
343 223
65 161
131 276
80 339
295 6
37 4
170 310
84 209
35 244
49 62
273 71
328 256
316 141
226 160
327 345
344 192
140 324
338 268
8 349
246 154
3 29
98 181
300 286
110 132
75 217
296 286
298 188
179 117
95 92
116 217
20 14
106 288
277 260
267 20
293 324
97 139
353 7
173 287
74 279
21 129
349 145
255 149
128 142
59 148
207 335
57 307
215 42
44 138
68 192
38 7
136 16
328 28
120 224
276 109
357 249
272 50
29 122
347 107
67 85
53 356
31 176
161 102
94 306
150 330
128 19
97 94
235 278
291 121
180 241
32 119
99 284
321 296
218 177
42 310
273 38
313 304
138 20
341 187
39 114
337 220
244 119
7 295
211 278
142 83
131 304
286 128
15 335
186 148
166 292
321 177
145 283
107 263
236 130
326 250
228 139
340 173
28 290
322 138
94 11
137 12
326 122
25 246
262 282
72 302
86 256
194 43
195 268
303 179
208 204
145 71
120 194
133 70
342 352
304 330
282 30
322 244
236 262
340 245
11 281
112 330
284 186
261 61
300 113
76 291
239 282
194 140
245 336
80 343
344 21
277 261
199 142
214 190
259 314
308 30
215 134
43 57
211 14
221 181
121 328
121 318
270 47
108 346
42 126
163 156
34 57
125 218
171 206
88 6
195 198
126 239
275 153
339 285
298 299
185 11
53 247
73 112
120 35
65 22
131 135
261 117
107 206
56 357
312 29
291 96
119 101
314 329
87 133
224 71
85 247
134 85
317 99
119 132
53 172
9 282
39 289
10 123
345 132
60 175
159 204
171 234
45 346
174 188
123 141
245 17
240 265
84 43
47 31
89 100
227 355
87 311
113 67
195 172
265 336
279 230
65 299
262 29
145 297
66 6
251 240
195 103
25 55
122 111
280 284
329 50
293 307
336 57
282 292
155 45
129 251
210 235
143 337
188 123
86 215
244 24
281 50
208 90
161 34
51 29
27 124
280 339
109 291
333 231
53 274
284 21
223 31
140 136
267 75
96 49
94 189
140 177
314 178
46 236
327 270
106 122
201 337
254 210
95 44
262 169
304 312
246 159
151 195
71 104
69 81
289 12
247 135
154 92
37 79
165 227
226 123
232 233
49 23
14 296
164 196
201 326
63 264
43 303
257 192
76 185
15 305
166 181
116 151
222 160
144 194
294 241
307 28
95 73
4 159
78 137
121 137
84 261
19 78
197 194
300 294
329 74
356 327
191 166
173 110
197 164
144 242
330 70
261 31
178 243
164 153
246 158
345 351
144 320
16 20
250 219
282 241
221 183
97 290
89 75
54 263
121 332
84 339
191 5
59 94
201 103
239 357
336 281
49 140
15 218
140 209
217 333
333 325
2 157
24 103
299 242
226 325
259 38
101 216
113 308
184 181
319 182
329 335
44 93
121 222
281 173
311 235
206 167
345 297
98 259
11 86
318 131
91 99
220 98
224 160
223 49
110 222
32 201
307 209
347 299
356 38
148 12
299 291
298 196
296 223
1 107
302 187
422 263
44 377
4 378
386 328
225 99
170 283
86 243
300 343
390 270
152 15
277 66
304 258
340 60
335 310
94 409
328 215
178 319
41 251
363 345
366 382
134 82
413 417
313 232
117 422
50 392
215 158
80 65
14 262
50 361
193 371
174 186
281 37
288 202
33 118
119 69
194 292
234 73
280 163
397 18
169 45
147 357
274 298
153 182
255 396
314 15
215 131
395 281
408 197
127 161
220 383
15 378
270 22
407 36
159 371
279 149
133 302
259 399
263 375
159 273
125 119
386 192
381 27
247 67
177 35
205 403
2 308
37 197
316 97
161 362
317 297
411 362
47 184
366 393
276 71
345 375
184 175
230 273
181 31
80 3
377 352
318 244
126 64
198 107
368 350
126 372
42 184
422 2
315 39
212 348
98 169
216 332
195 215
232 163
164 258
381 67
398 151
66 383
50 412
124 273
129 38
229 345
84 226
181 315
367 275
312 176
341 352
151 420
8 158
71 304
222 350
194 34
349 187
244 156
60 167
317 23
228 377
113 251
113 150
225 238
357 90
262 111
328 45
142 75
402 197
407 404
18 329
71 320
212 5
310 62
419 420
45 381
118 323
403 170
417 59
70 188
310 11
11 287
210 103
212 8
133 370
353 282
250 169
390 290
269 56
68 82
106 315
300 266
179 365
173 294
206 9
318 377
126 200
278 319
115 282
419 90
153 142
2 294
119 219
80 372
251 4
96 98
191 7
416 291
34 422
327 85
149 11
127 395
5 36
22 145
153 80
9 201
230 94
9 61
284 361
4 368
189 418
54 314
33 235
183 235
233 258
215 383
260 28
167 44
17 222
237 26
414 2
371 226
223 232
325 163
328 9
5 296
408 237
374 413
241 217
269 301
150 331
174 27
325 401
84 192
111 255
160 121
123 299
395 58
73 410
191 24
26 218
167 394
266 149
151 402
136 180
107 281
85 104
255 82
320 158
190 234
108 113
219 74
174 118
270 15
230 332
256 26
188 310
397 271
260 55
94 190
286 93
8 391
4 154
225 34
412 390
199 206
126 256
348 268
177 39
217 5
386 392
42 239
127 403
2 177
416 6
395 89
317 14
380 61
413 328
115 33
67 361
159 359
410 148
141 384
71 361
317 412
50 1
192 149
222 157
333 181
416 404
146 46
144 226
84 99
19 253
400 87
416 325
75 155
194 322
240 905
68 90
177 35
45 18
45 239
4 31
204 45
93 87
28 3
183 239
103 221
41 31
183 136
2 208
22 161
148 21
181 133
148 93
178 72
36 178
55 199
137 197
236 100
44 17
96 98
15 238
78 32
27 52
221 73
205 69
50 99
144 72
18 208
1 177
204 224
45 58
184 169
206 26
211 140
46 165
75 43
88 29
196 107
231 233
21 112
177 168
79 91
95 33
225 33
89 65
84 46
192 15
104 84
30 37
226 74
16 143
220 143
212 240
9 14
34 185
90 235
106 67
229 123
195 27
31 20
170 207
175 203
198 234
78 97
49 157
65 80
68 223
54 77
216 59
81 199
95 63
84 160
81 171
68 210
119 120
95 195
20 96
161 78
101 239
237 89
119 192
161 134
35 143
52 97
185 123
59 60
191 86
9 57
87 53
53 166
220 81
105 198
157 186
19 165
18 103
99 160
235 76
155 5
189 66
194 68
226 108
125 108
180 56
219 71
11 125
91 74
88 103
215 1
156 219
11 153
145 198
14 140
54 103
98 214
41 94
211 192
223 177
24 49
237 79
215 81
116 205
16 55
234 84
91 152
90 177
210 124
38 3
198 75
88 214
209 116
21 38
62 42
79 14
35 221
136 85
90 179
84 235
73 19
167 102
107 90
51 49
16 74
49 20
16 224
30 232
157 62
36 130
175 5
196 30
1 159
211 66
43 190
219 40
194 155
74 184
144 71
151 65
79 152
132 93
144 99
190 103
18 194
195 67
7 82
34 157
58 27
152 80
144 154
239 48
239 201
102 57
74 201
137 183
76 132
164 148
58 139
38 210
81 207
203 129
34 91
210 9
89 85
4 93
239 172
116 113
236 204
107 32
218 144
233 109
8 70
222 55
150 80
201 135
196 94
172 15
20 34
235 37
165 209
232 131
153 115
180 208
239 135
39 224
157 166
71 61
197 20
210 167
219 49
57 99
131 20
206 111
198 74
155 172
48 8
100 2
107 112
76 142
160 142
22 83
78 53
96 90
161 125
168 200
36 155
72 50
138 43
152 87
49 90
215 6
240 137
121 150
159 37
26 136
66 230
21 98
156 4
176 117
158 6
140 238
41 230
145 123
98 152
44 136
192 57
23 156
155 23
232 182
52 40
211 119
10 14
21 42
132 131
14 132
74 220
69 10
123 140
138 156
120 191
175 213
91 104
221 102
34 29
24 71
181 64
48 201
37 166
23 174
37 221
115 186
146 94
39 91
102 24
107 172
62 99
136 37
224 34
93 106
227 10
189 151
148 84
116 196
179 9
49 34
191 213
101 155
237 133
29 217
202 55
70 138
11 146
19 51
154 43
200 16
232 37
117 161
204 110
231 102
216 163
139 127
2 200
153 217
81 91
160 10
101 200
3 203
42 216
173 222
213 3
138 152
57 204
49 188
168 102
159 138
111 1
127 191
50 135
240 180
210 173
122 221
80 222
218 50
5 41
63 178
162 222
140 133
158 27
32 153
141 81
5 20
43 170
72 106
132 216
185 104
96 95
39 152
195 231
114 198
144 201
134 24
94 50
65 211
225 219
190 118
83 108
223 229
32 188
112 20
95 111
214 20
113 8
32 60
199 212
11 109
34 201
185 115
175 51
84 111
205 54
9 227
125 197
68 78
192 97
89 161
196 12
17 60
218 28
214 48
144 90
178 40
100 22
25 214
162 151
2 10
180 131
105 180
117 65
225 173
177 180
137 192
50 179
110 88
23 154
142 11
38 215
156 106
64 130
229 3
128 98
209 61
135 211
60 189
108 91
168 15
139 3
196 168
70 213
159 185
240 30
25 120
91 157
191 35
150 34
222 33
227 187
6 150
189 178
108 21
106 121
78 159
10 99
15 60
28 19
178 163
40 143
240 97
228 154
41 128
117 208
199 50
210 55
1 136
125 41
169 195
77 183
127 52
220 42
113 232
16 46
173 144
132 179
97 146
172 60
224 167
162 197
148 122
192 93
100 175
93 65
187 9
235 196
17 130
97 239
203 87
9 81
87 46
176 157
21 17
76 78
31 153
163 46
190 153
204 67
173 114
140 220
79 233
69 227
110 187
102 34
119 238
153 236
90 230
55 96
43 73
198 47
73 169
62 46
83 218
15 81
60 239
16 80
75 237
8 115
23 37
74 202
89 181
213 220
147 235
100 93
167 87
8 161
186 224
8 78
135 207
186 128
96 94
78 60
218 62
177 162
23 232
6 40
41 139
26 195
124 209
92 41
112 13
167 232
225 89
199 177
11 78
191 177
36 67
27 176
211 44
152 124
180 201
220 159
20 56
23 181
220 106
37 230
124 162
63 21
161 54
175 89
91 170
12 189
146 51
182 29
214 14
234 32
207 51
228 115
11 152
226 64
122 6
63 100
38 189
72 37
189 50
210 84
56 23
56 135
29 101
119 216
37 174
110 35
225 70
228 179
162 87
56 136
86 215
24 131
54 165
162 161
148 183
18 211
125 106
98 184
89 109
196 75
2 4
119 220
185 172
222 113
28 155
170 76
86 41
197 51
68 34
190 143
60 200
205 41
207 20
87 180
7 88
179 34
141 194
82 183
48 219
229 149
169 170
27 23
97 15
204 75
82 125
36 14
153 87
73 146
112 167
192 210
67 200
146 171
203 86
106 143
57 71
28 107
222 17
157 121
96 180
68 30
178 34
198 208
93 232
158 77
20 132
128 61
190 174
70 125
162 13
154 76
112 140
104 177
192 151
49 169
84 96
204 172
193 114
169 8
21 84
110 44
78 150
141 225
107 135
69 37
102 15
26 32
140 67
172 77
109 105
124 144
19 142
16 113
189 81
124 192
197 180
114 5
81 23
17 227
163 3
23 131
216 54
118 88
240 17
145 106
72 78
210 216
221 13
7 139
84 152
195 89
114 12
211 21
153 24
104 29
130 56
143 34
25 4
184 146
137 130
74 208
108 57
97 16
36 216
218 60
82 222
116 52
92 6
104 38
105 219
230 15
11 190
183 98
58 138
56 172
145 38
152 210
174 65
12 82
3 151
231 167
196 97
178 20
79 81
112 125
160 229
182 33
36 153
151 196
173 156
124 195
207 67
228 62
157 161
140 173
165 34
124 38
11 217
33 234
215 234
226 186
184 115
187 27
77 208
38 158
139 67
137 38
50 80
109 195
145 233
78 174
236 214
118 216
128 37
180 25
50 202
143 20
181 237
190 226
7 16
88 155
170 186
93 225
225 221
15 51
132 149
4 13
204 38
195 123
33 38
15 80
114 229
158 170
75 78
4 61
8 226
88 70
123 50
59 87
26 127
162 233
194 47
162 59
214 119
114 190
23 114
82 159
207 153
208 221
54 134
165 8
92 222
225 186
74 51
198 125
222 136
15 20
170 147
27 108
190 59
96 28
215 153
9 199
155 236
160 233
35 183
102 216
201 125
61 219
4 108
224 183
133 62
152 188
160 35
209 21
192 193
23 112
234 201
87 202
36 4
189 106
111 38
182 26
86 163
13 83
11 13
99 236
177 167
31 160
142 9
183 117
93 203
19 107
68 233
168 142
53 31
34 12
194 102
64 61
187 157
66 12
80 151
165 140
221 22
28 23
83 221
158 240
59 166
46 218
58 198
1 118
95 208
110 71
184 156
151 225
33 80
38 65
65 158
181 116
60 195
239 46
178 196
123 235
61 73
143 237
170 21
197 113
224 220
73 105
212 69
139 187
160 60
72 126
166 123
45 29
138 87
240 204
132 32
87 193
121 68
189 18
1 78
62 233
188 23
16 118
157 48
227 98
194 137
144 141
215 112
36 107
109 92
42 173
116 161
76 209
70 209
216 240
4 228
144 89
234 60
152 116
49 26
73 119
151 161
88 222
34 158
99 55
54 150
136 141
26 227
43 46
148 112
87 213
178 203
15 66
212 54
147 159
234 136
23 42
36 129
144 27
101 135
94 139
92 90
158 7
2 82
201 232
37 186
66 184
52 210
23 1
227 152
122 89
227 222
95 189
119 195
178 161
137 122
26 162
200 70
216 175
165 152
194 26
231 124
33 35
112 93
184 23
105 182
31 180
69 177
135 164
45 232
421 423
123 325
72 395
316 223
414 38
317 208
144 387
115 264
149 392
106 79
121 317
155 42
163 340
287 144
294 320
316 386
255 367
18 54
30 271
299 81
307 171
30 195
141 312
159 320
96 360
282 255
338 144
348 137
70 385
59 145
181 25
404 65
158 292
110 304
164 114
95 153
56 145
400 264
64 307
399 126
370 97
287 254
284 38
281 299
56 104
404 59
121 129
377 321
142 39
331 137
5 323
300 81
370 352
392 61
73 201
224 172
1 18
157 126
410 292
182 40
242 187
27 35
385 60
356 363
261 68
419 137
416 325
219 407
297 221
249 159
303 40
345 43
47 176
168 86
420 30
135 101
354 90
42 202
304 240
310 226
171 105
351 337
115 162
56 129
194 374
351 391
328 342
205 23
98 49
155 45
92 337
222 242
319 308
4 182
126 270
379 42
399 27
83 128
80 106
277 223
190 124
55 384
16 421
15 301
143 123
404 344
130 40
240 337
253 25
127 240
392 228
213 265
188 297
22 167
112 279
221 92
180 1
225 403
373 72
333 124
154 206
394 66
62 345
126 372
45 64
29 12
257 256
230 408
28 278
190 278
99 229
211 93
253 68
286 89
175 409
384 323
83 270
56 406
345 198
375 22
193 360
415 195
14 131
353 307
385 341
219 291
10 196
285 273
267 342
325 142
179 83
161 370
283 32
198 39
256 79
357 338
124 381
125 18
251 110
14 120
22 180
197 43
326 270
197 372
269 372
254 215
173 328
7 56
243 213
396 172
420 316
1 379
297 390
350 191
169 90
257 327
212 71
241 218
347 386
262 239
79 85
226 181
244 333
192 340
277 17
260 338
288 245
218 155
100 183
418 379
107 25
367 47
98 38
85 244
301 331
91 257
125 199
218 126
352 189
71 395
257 75
274 71
236 312
372 211
374 354
323 40
277 352
402 404
71 266
334 400
81 161
273 81
186 128
28 356
331 44
191 140
37 338
115 181
304 393
385 361
45 185
299 114
349 301
343 320
77 264
364 127
87 200
276 316
233 78
120 130
315 108
182 235
291 82
331 215
198 211
318 111
336 177
407 75
285 6
104 301
45 127
5 135
383 202
124 419
3 212
358 187
308 226
27 402
411 10
245 154
130 179
370 340
134 363
105 34
345 80
365 335
305 113
384 302
276 189
400 378
270 224
8 221
192 305
54 261
191 146
50 401
398 139
38 356
202 310
361 318
243 353
51 309
324 224
133 88
1 33
144 292
311 183
264 142
146 310
99 179
246 260
396 106
121 204
217 420
229 379
279 210
409 293
120 13
393 206
23 224
300 295
215 376
17 114
37 78
220 264
346 421
331 285
280 108
190 333
259 65
95 46
50 52
308 270
192 401
361 390
15 186
316 124
349 110
312 413
164 373
344 253
66 313
180 317
418 412
315 334
72 195
294 1
107 401
120 292
240 223
58 7
104 295
119 200
419 351
205 172
43 326
318 418
140 346
348 199
294 186
296 288
126 145
246 48
284 350
322 5
160 236
136 140
317 41
287 209
17 385
157 116
157 294
243 119
114 69
111 355
268 291
187 203
402 363
240 47
2 378
201 255
384 350
294 181
219 110
134 28
403 87
390 11
90 38
305 196
405 115
311 327
281 28
156 347
145 239
296 284
229 332
116 419
152 362
128 214
242 129
217 51
101 296
29 268
131 75
113 78
46 233
6 327
308 57
77 248
308 180
175 380
264 113
7 346
33 66
366 71
347 340
269 76
288 72
285 390
88 189
133 232
350 366
234 327
235 102
127 106
233 228
265 295
83 24
324 398
179 360
324 107
192 247
15 255
84 378
90 341
402 396
41 235
94 336
221 370
288 328
204 238
293 377
355 207
379 8
184 418
301 199
195 263
359 44
156 11
63 27
302 300
126 353
284 405
136 128
250 364
211 193
204 134
126 91
33 53
23 39
186 88
54 231
121 40
152 115
161 84
89 185
200 145
174 117
236 71
31 186
203 223
245 224
176 111
192 177
39 77
206 152
62 45
37 127
111 188
127 99
43 174
22 223
165 217
74 72
155 204
143 216
213 21
60 114
221 208
185 149
35 188
213 167
82 100
171 230
7 77
138 73
155 133
17 92
17 138
240 227
63 154
142 201
193 239
241 103
108 127
29 142
225 5
160 188
50 175
237 59
3 188
235 44
239 134
118 229
93 32
64 18
55 124
242 22
31 170
178 89
184 136
14 16
206 30
87 108
226 132
6 235
60 6
19 176
125 166
235 41
125 149
110 165
180 13
143 161
137 114
57 129
130 72
40 104
220 139
212 102
76 28
236 222
158 20
139 46
221 35
136 160
241 119
122 177
196 157
37 193
189 126
118 192
209 84
124 210
153 91
176 134
24 107
173 85
49 223
50 140
19 112
207 190
211 203
17 94
70 85
100 44
135 11
151 158
17 141
142 112
37 21
48 198
202 58
53 236
2 111
2 104
91 87
195 207
201 38
139 244
222 20
250 238
192 81
248 65
229 27
88 61
47 195
73 79
197 9
97 182
58 184
51 245
94 214
210 10
21 142
7 239
33 123
140 143
97 151
48 111
106 93
65 29
2 7
169 91
55 31
18 31
25 198
50 29
15 66
227 122
126 160
66 225
87 246
165 229
107 40
245 156
237 6
42 212
117 229
183 89
28 135
15 237
233 160
155 83
174 28
83 35
115 117
188 136
179 187
205 60
248 70
82 220
46 249
101 28
2 15
136 210
74 25
26 102
29 83
71 194
221 56
229 219
232 168
169 188
57 180
129 52
65 69
103 232
39 122
186 118
160 144
224 125
110 95
227 26
32 232
55 59
141 170
228 111
116 95
232 136
181 153
46 213
124 117
152 31
51 241
105 96
238 26
72 43
10 182
33 7
166 34
249 207
8 125
48 59
25 16
212 226
52 153
8 48
124 118
2 39
29 47
30 200
228 207
103 61
96 139
226 46
10 139
192 70
109 146
207 102
123 151
24 209
231 79
73 200
216 152
144 14
243 32
223 83
165 145
176 203
57 114
250 12
248 49
201 230
185 31
165 142
24 150
194 105
156 44
192 167
175 203
58 234
145 80
148 222
36 171
225 18
46 224
148 58
88 103
87 221
138 229
8 106
137 201
8 44
49 1
162 78
247 197
32 43
165 132
200 106
181 106
134 221
43 49
243 148
191 189
236 38
119 97
207 97
225 47
184 182
185 188
201 246
171 109
245 98
54 162
9 12
66 246
193 39
173 44
146 178
247 39
217 128
190 188
241 155
206 181
152 184
235 63
5 3
157 15
53 72
132 180
19 219
47 227
81 57
90 156
103 48
24 162
228 181
74 177
18 47
106 46
114 159
146 88
236 178
55 89
115 26
1 140
51 153
206 230
207 115
4 58
244 27
66 14
147 97
149 233
189 186
41 217
171 132
137 170
79 224
237 152
192 31
135 182
113 33
207 133
239 58
71 78
240 79
169 68
216 19
205 112
208 240
175 226
32 193
57 38
116 19
157 127
7 114
77 14
52 48
199 34
108 42
209 233
121 165
10 46
215 27
153 195
25 55
69 66
295 286
212 144
113 90
35 279
131 235
173 171
222 148
180 2
295 236
248 152
177 7
219 80
191 12
4 162
144 90
233 293
2 44
195 179
136 243
115 152
125 293
258 210
257 95
254 142
198 151
152 202
89 10
281 43
267 294
17 199
237 42
203 96
224 83
243 237
173 193
88 43
270 288
17 27
70 58
64 221
139 76
88 139
219 94
109 26
31 73
26 252
98 117
226 229
29 270
290 70
36 30
125 289
34 174
256 272
171 114
176 118
247 289
176 218
237 28
94 89
116 239
275 112
178 26
74 181
177 288
242 227
121 283
251 25
6 87
280 149
289 85
252 148
244 236
187 103
272 144
15 288
147 174
7 240
12 54
123 84
87 81
179 228
143 51
148 85
173 278
7 45
208 279
51 114
278 213
64 202
69 224
191 21
29 260
258 214
81 85
254 149
196 152
52 39
27 242
34 53
212 227
262 57
72 9
19 193
42 191
214 189
174 91
4 95
244 109
20 208
39 193
150 75
190 87
282 76
199 37
77 37
84 120
124 289
81 256
110 50
249 109
35 186
156 201
260 63
80 38
80 105
192 50
181 230
184 28
277 19
112 133
100 73
27 258
170 256
202 122
78 16
266 167
275 172
90 164
242 1
289 185
69 87
20 108
224 176
130 88
209 292
17 88
170 128
269 172
116 69
166 80
69 209
190 238
84 277
256 223
64 213
128 212
229 47
244 122
252 140
115 49
122 291
78 93
8 102
137 100
289 140
61 201
33 234
246 165
257 194
259 73
85 44
27 192
236 176
167 37
42 137
66 253
233 153
76 82
171 119
124 97
156 294
30 155
14 69
207 51
284 64
204 40
26 250
103 19
83 82
41 281
56 256
40 124
45 168
295 35
277 233
120 41
89 66
282 97
153 64
272 262
120 179
109 196
144 40
164 290
83 259
176 292
262 78
232 234
113 189
45 266
192 137
1 218
193 176
198 74
101 61
184 249
188 97
200 65
58 29
6 244
275 30
55 285
136 146
83 237
281 218
23 245
23 43
220 148
1 167
102 28
192 271
116 18
193 121
26 97
218 173
2 121
132 194
108 77
136 195
53 52
268 119
252 75
123 93
35 51
252 180
86 91
268 103
79 135
13 113
226 194
141 64
213 274
36 82
236 261
227 40
146 152
257 198
74 194
205 66
166 267
232 61
7 288
269 220
216 247
287 89
175 4
177 111
98 288
96 207
103 146
175 164
204 97
13 31
220 198
225 262
137 68
137 255
74 243
230 187
217 264
53 218
42 102
37 62
282 156
148 204
23 115
32 496
27 23
32 7
25 17
3 10
3 6
3 20
4 29
7 31
26 22
8 32
25 23
24 29
21 22
31 6
1 9
16 8
4 28
10 15
24 27
12 32
25 2
15 3
6 8
9 13
10 9
1 8
14 19
11 16
2 31
16 12
14 5
27 2
31 17
24 4
25 21
2 6
32 23
15 4
10 24
13 7
16 18
18 15
26 23
24 14
30 18
29 2
11 22
23 17
16 4
25 26
10 31
7 29
28 16
22 17
30 27
2 24
11 18
3 11
5 21
2 8
4 21
11 19
23 24
22 12
29 16
23 3
6 17
4 25
21 6
23 10
10 6
27 31
2 21
12 21
19 32
15 27
3 21
5 22
1 12
25 30
25 19
22 31
6 25
24 31
2 18
32 4
8 5
10 16
6 18
5 27
8 23
30 5
8 14
7 10
5 3
19 15
31 29
1 19
26 32
1 11
17 9
16 13
22 24
18 26
10 25
11 17
22 9
32 18
11 12
20 27
14 16
12 17
9 5
15 28
24 9
1 4
12 3
26 31
29 1
20 21
25 18
3 13
25 28
21 16
2 15
31 21
15 26
11 10
28 17
19 23
30 28
18 4
26 21
1 14
19 5
5 7
12 18
31 4
14 15
5 12
9 32
15 32
27 28
30 8
23 9
29 3
19 3
29 27
30 7
21 1
2 28
13 12
21 8
11 25
8 18
21 13
28 11
9 16
15 11
13 22
20 17
13 15
9 25
7 21
16 20
27 1
16 24
10 21
23 22
32 30
5 13
2 4
22 3
14 2
14 20
23 31
10 14
24 25
1 6
9 31
2 30
9 27
12 14
30 16
32 21
22 7
5 17
12 19
15 31
3 24
15 12
30 9
2 20
22 14
19 7
6 9
14 29
17 32
19 6
31 1
3 1
11 20
4 3
18 19
16 5
24 6
17 1
1 28
22 6
11 32
14 17
14 6
28 13
10 28
19 21
2 13
13 10
21 11
13 1
1 7
9 3
29 26
4 14
5 11
31 32
3 28
24 17
18 21
28 22
13 27
24 12
12 26
30 26
2 16
29 22
8 12
10 19
21 30
19 20
6 23
17 7
3 26
21 28
12 2
17 18
9 2
4 23
31 28
8 9
3 31
18 28
2 11
2 5
23 16
11 30
15 16
26 16
7 28
2 10
26 19
4 27
7 11
22 25
16 17
7 14
6 30
4 5
8 3
16 6
21 15
10 17
29 30
17 19
1 5
31 8
24 30
27 25
13 6
29 9
7 20
18 1
26 28
18 5
12 29
30 12
13 20
30 14
10 26
31 30
1 10
29 25
8 29
13 23
20 10
13 4
25 14
16 7
26 27
4 12
19 9
26 24
15 8
18 20
20 24
2 19
5 32
27 3
10 12
23 5
10 30
21 17
30 23
4 22
24 1
26 1
16 31
20 28
24 28
2 7
26 9
16 1
14 31
28 6
25 1
15 25
22 8
10 4
2 23
25 12
32 10
22 27
30 1
5 25
7 12
28 23
9 15
4 19
14 21
28 8
9 21
19 29
2 22
27 21
9 14
11 27
20 9
8 26
24 18
18 13
14 27
27 32
19 28
20 5
3 14
26 14
3 7
27 8
19 22
17 29
30 15
7 8
12 28
31 25
27 6
18 7
27 17
4 20
30 17
11 13
13 25
31 20
4 9
3 18
18 27
20 29
8 4
30 20
12 20
8 17
9 11
17 2
21 24
25 16
14 28
13 19
3 17
10 18
15 7
5 29
19 27
9 7
30 3
5 10
3 2
7 27
12 9
17 15
21 23
19 24
29 10
7 26
26 2
23 1
10 22
4 17
29 28
11 4
14 23
13 24
18 23
32 6
15 6
22 16
15 29
25 32
8 20
13 29
13 30
32 16
23 12
24 8
6 7
24 7
8 19
19 16
11 23
27 10
11 6
11 8
6 4
26 11
1 2
13 8
25 8
24 32
3 32
7 25
6 5
13 14
15 24
11 31
20 25
26 4
15 1
16 3
13 32
23 20
8 10
26 20
6 29
14 18
9 18
5 15
7 23
22 32
6 12
27 12
2 32
26 6
31 13
18 29
31 5
22 1
15 22
24 11
11 29
16 27
26 13
20 1
32 14
29 21
30 22
18 31
23 29
18 22
28 9
32 29
30 4
24 5
17 13
28 32
19 30
20 6
12 31
31 19
5 28
11 14
23 15
20 32
3 25
20 22
5 26
15 20
26 17
1 32
7 4
44 946
31 19
29 15
33 3
21 3
26 34
6 41
5 35
10 8
27 41
14 3
7 23
11 3
36 30
18 2
5 30
28 27
8 6
10 9
33 21
11 14
43 15
16 33
4 22
42 22
34 20
29 39
44 19
37 39
38 10
35 23
6 23
24 9
42 37
11 15
33 13
32 18
2 28
5 9
41 15
2 15
13 3
6 31
15 8
22 21
44 34
9 37
27 8
5 15
20 25
17 29
38 13
21 2
37 29
36 4
1 44
42 36
26 2
11 36
9 32
30 1
5 33
33 9
42 39
29 33
7 21
36 20
42 14
38 9
42 40
22 10
32 35
8 43
10 40
9 16
38 8
24 6
24 30
3 16
40 41
40 38
9 8
5 3
26 30
18 40
27 13
26 15
25 39
40 11
10 5
28 24
41 24
24 16
42 43
17 33
33 38
1 14
2 33
29 28
10 3
42 4
22 1
3 43
37 44
33 39
23 43
39 22
7 1
25 29
11 31
1 43
15 27
39 23
27 3
31 32
39 1
20 10
14 13
33 25
30 27
38 41
12 42
14 37
43 40
41 10
17 32
25 32
11 4
18 39
19 1
7 41
17 18
28 33
5 41
3 19
7 39
1 35
28 10
22 2
12 39
39 38
12 30
8 35
15 18
34 13
2 31
35 34
12 20
40 3
4 8
10 7
29 22
11 21
17 22
43 32
23 32
10 19
4 6
43 18
43 7
5 43
35 16
11 26
2 6
20 31
30 37
38 16
9 39
12 4
24 2
33 18
33 10
38 28
34 5
15 10
16 17
32 7
16 34
13 7
10 30
30 32
35 7
26 28
21 6
41 1
13 16
13 21
40 44
31 37
18 24
3 35
27 7
21 15
29 2
3 20
17 11
25 11
29 13
36 38
3 34
6 3
28 18
24 1
2 30
42 7
5 20
21 8
36 19
40 27
17 24
31 44
38 19
28 21
1 27
4 26
44 10
44 26
19 9
23 38
37 18
40 21
12 26
7 18
42 6
1 20
33 37
37 38
39 10
32 37
37 34
15 9
9 30
18 34
27 20
39 24
14 16
18 13
32 10
26 23
35 41
4 18
37 21
3 22
20 18
13 41
21 25
14 10
12 9
25 41
39 3
33 41
11 32
24 42
34 32
5 36
1 6
44 8
32 20
17 23
2 44
14 43
28 40
7 16
15 42
5 11
42 11
3 8
28 3
29 26
25 22
2 42
43 4
28 31
2 19
40 29
42 25
17 3
9 11
30 29
26 35
43 22
31 33
27 18
31 9
22 35
27 36
37 7
5 28
16 32
9 44
1 31
16 21
43 34
25 7
39 31
35 13
18 42
27 43
24 7
44 33
40 14
21 35
20 33
2 11
23 11
43 36
40 7
6 43
39 41
3 25
34 4
33 40
15 20
34 10
22 33
5 7
12 1
22 15
24 3
41 4
36 3
14 7
11 43
14 32
3 9
10 36
29 6
31 26
9 25
22 5
30 3
10 11
25 35
14 29
35 39
31 21
19 28
15 1
4 9
5 19
14 34
44 11
36 23
18 36
34 17
34 33
23 37
14 27
14 26
8 16
9 27
42 21
39 40
16 12
35 18
23 15
31 23
32 27
36 7
8 31
12 40
1 18
27 25
2 4
30 28
19 16
36 35
32 21
18 11
44 12
23 5
16 28
13 36
35 38
19 39
36 33
2 7
27 5
24 10
3 18
14 31
39 13
43 10
7 33
44 4
5 14
22 7
10 1
2 27
13 23
39 15
25 17
7 20
3 1
30 41
24 25
24 27
26 13
34 24
20 42
43 26
13 6
29 43
2 38
26 37
38 20
42 17
40 15
16 20
24 4
31 13
7 38
44 32
7 34
6 40
25 16
43 12
24 26
20 14
40 37
31 27
3 2
41 32
43 16
1 38
37 16
31 30
18 31
28 7
34 40
36 2
25 8
26 10
16 26
2 5
38 12
4 32
37 1
44 43
37 27
37 28
26 5
34 39
44 6
18 5
17 15
3 38
11 1
34 19
9 35
2 34
30 21
4 15
5 29
27 38
18 9
35 40
43 19
12 24
28 22
28 43
12 13
11 12
3 31
4 29
27 10
14 2
44 7
10 12
7 29
6 35
1 23
5 12
21 38
44 42
5 16
29 27
30 11
42 35
29 16
33 6
28 20
26 20
44 20
6 18
14 44
30 20
6 7
26 39
31 24
8 13
22 41
12 35
42 30
38 43
27 21
9 22
4 19
29 11
14 4
32 2
15 12
33 23
41 19
24 5
19 29
7 30
22 16
14 21
18 38
13 22
7 3
2 37
19 12
23 19
37 36
26 41
15 3
23 44
35 19
31 17
41 31
29 41
28 23
35 14
21 17
22 32
40 5
1 28
13 10
13 32
32 42
36 29
30 35
14 41
9 42
22 6
43 33
3 26
26 32
5 38
28 14
9 2
2 20
11 20
34 1
4 30
5 13
43 35
44 24
23 16
17 19
21 4
25 12
15 38
1 36
38 29
40 1
16 11
27 12
11 38
12 28
21 34
34 29
28 11
39 36
24 19
42 29
29 18
31 7
15 14
26 18
29 23
2 25
6 34
3 44
42 23
25 4
39 6
19 18
13 15
20 43
12 41
14 23
40 16
2 16
34 8
37 17
36 6
26 22
28 36
25 5
43 24
20 8
24 21
34 15
41 44
5 42
38 32
17 4
14 24
23 27
22 40
35 4
32 24
2 39
25 14
40 8
27 26
14 30
44 27
36 12
30 13
39 44
4 31
30 6
14 17
26 40
38 17
32 8
34 38
14 19
19 25
20 23
29 9
3 4
35 28
20 13
16 44
42 8
16 4
44 25
23 18
42 34
11 34
6 32
37 12
9 34
6 26
35 10
31 10
8 29
24 33
26 42
22 14
10 29
8 14
28 15
19 13
20 22
28 17
38 44
16 18
34 41
6 14
13 37
11 13
28 32
29 35
17 36
8 23
36 41
21 39
30 43
44 36
10 25
5 6
30 34
8 26
10 42
11 6
38 6
32 39
4 40
13 43
24 13
19 27
34 28
9 14
20 24
24 29
35 24
21 5
4 23
41 28
17 5
28 44
16 6
12 6
41 37
13 2
5 37
12 34
36 24
42 19
14 12
17 12
16 36
21 18
15 32
44 15
3 41
8 30
10 17
18 25
9 13
37 11
1 25
36 26
2 43
20 29
7 26
1 21
35 11
32 5
13 28
4 39
40 23
33 19
33 27
12 29
20 40
36 32
25 28
8 39
31 25
30 33
1 5
3 12
22 34
30 25
16 30
33 11
27 42
26 38
44 21
41 9
19 8
35 33
25 15
8 36
12 23
35 37
25 37
20 37
20 4
21 9
37 19
43 37
15 16
40 19
39 16
41 18
9 7
31 15
34 36
42 38
13 25
1 4
13 4
9 36
2 8
31 29
41 16
20 21
43 31
6 15
25 40
23 3
44 13
17 9
20 9
31 34
42 3
15 7
14 18
36 14
29 44
18 8
39 17
19 6
5 39
3 37
17 8
11 19
8 37
7 4
33 42
8 41
23 2
22 44
28 8
11 7
23 24
20 41
31 40
38 30
35 2
43 25
30 23
31 35
44 5
44 30
18 22
24 37
10 18
21 23
20 19
19 7
18 30
30 17
38 24
17 1
22 11
1 9
41 43
17 27
6 10
10 16
11 39
4 38
12 32
28 39
36 21
10 37
12 18
42 28
17 35
1 33
37 6
33 26
10 4
12 21
11 24
36 31
20 35
33 8
9 23
31 16
15 30
10 2
33 32
41 21
25 23
40 36
14 33
9 28
43 9
7 17
1 29
40 17
15 36
29 21
44 18
21 19
4 37
26 25
2 17
8 24
38 14
22 31
40 9
35 44
9 26
17 41
15 19
22 24
42 41
27 35
35 15
40 32
39 20
2 40
3 32
40 24
26 21
22 23
27 6
31 5
13 42
12 7
8 22
36 22
13 17
27 39
19 22
19 30
5 4
10 23
20 17
31 38
40 30
19 32
17 43
20 6
16 42
26 17
25 38
17 44
37 15
6 9
6 25
1 42
19 26
3 29
33 15
5 8
27 11
21 43
30 22
27 22
34 27
1 16
8 12
41 23
11 8
17 6
28 4
33 12
41 11
27 16
12 2
38 22
26 1
30 39
28 6
24 15
32 1
12 31
8 1
12 22
1 2
4 27
39 14
32 29
2 41
13 1
13 40
33 4
39 43
36 25
22 37
34 23
8 7
31 42
10 21
25 34
24 276
24 19
14 12
6 2
1 24
8 21
5 9
7 19
1 23
14 6
5 19
20 14
12 13
10 16
17 18
6 3
2 13
12 22
8 4
22 23
22 1
7 2
22 20
9 19
15 9
4 13
7 16
17 15
6 9
24 4
11 16
21 9
10 22
5 11
10 12
10 21
14 16
4 5
24 13
18 22
11 8
13 18
18 11
19 21
22 11
18 1
24 21
23 24
22 19
6 21
6 20
1 21
16 19
21 18
17 13
4 6
19 11
7 23
9 11
16 12
14 19
12 23
13 23
16 23
21 11
18 24
3 5
11 3
13 7
14 11
24 15
14 8
15 5
4 18
6 18
3 18
20 1
14 21
20 8
9 18
20 15
11 7
7 1
3 24
2 20
2 12
17 14
6 16
3 4
13 8
17 11
22 13
3 22
17 8
24 17
15 22
19 12
9 10
7 24
2 19
20 19
7 12
4 23
6 15
17 19
3 17
9 16
21 13
5 6
18 5
10 17
20 4
9 22
11 24
16 24
21 15
14 15
9 2
20 9
22 4
3 7
5 17
13 15
12 18
12 6
7 22
5 23
14 22
16 15
18 2
9 1
2 1
4 11
18 15
7 21
24 14
3 23
7 14
13 6
17 1
17 6
24 22
3 15
1 13
19 1
8 1
14 2
22 8
1 11
24 6
16 5
18 16
16 21
3 1
6 11
15 1
9 24
4 12
17 7
13 5
18 7
17 21
20 11
1 5
20 13
12 11
22 16
2 22
4 2
6 7
1 14
9 23
12 8
19 4
22 17
9 12
11 10
11 15
4 15
24 2
11 13
2 10
16 8
10 20
5 8
12 17
4 14
23 19
2 17
7 10
2 23
10 18
16 1
7 8
23 15
13 16
16 2
14 13
3 19
19 13
21 12
10 15
16 17
23 17
21 3
7 5
21 22
21 20
20 5
4 1
3 10
23 11
3 13
6 23
24 8
20 18
13 10
6 22
9 13
3 14
5 14
19 15
19 10
4 16
20 16
17 9
18 19
3 20
15 2
9 14
17 4
14 10
7 15
23 14
15 12
12 24
4 9
14 18
12 3
20 24
6 1
24 5
8 15
6 19
17 20
11 2
12 1
8 18
4 21
10 5
8 19
8 23
21 2
23 10
10 4
5 22
20 7
4 7
23 18
8 3
6 10
3 2
2 5
5 12
8 9
20 12
24 10
20 23
9 7
21 5
3 9
1 10
21 23
2 8
8 6
16 3
10 8
35 595
34 30
32 26
7 21
19 17
14 33
22 30
24 1
6 7
31 20
24 32
31 6
27 3
8 12
14 17
2 20
30 10
5 25
8 35
17 23
12 23
11 13
12 14
22 5
10 27
9 8
31 8
35 31
23 6
8 10
7 14
34 18
5 29
33 28
9 31
24 27
35 33
16 11
12 32
8 21
28 20
33 32
27 19
11 25
3 14
12 9
10 34
16 9
8 11
35 30
23 1
30 14
1 14
14 15
23 31
20 32
4 10
7 2
11 19
4 23
31 1
26 30
14 27
6 14
26 5
12 25
29 18
24 22
12 10
14 34
31 19
35 18
11 10
20 24
1 32
13 18
28 31
13 17
4 22
32 23
11 9
12 16
4 8
22 13
22 31
19 13
26 19
27 32
35 27
30 18
4 19
27 28
14 23
6 17
6 3
28 19
34 31
34 19
29 25
20 14
35 5
7 34
5 27
17 20
18 32
22 28
21 32
31 27
27 23
21 22
16 8
5 12
3 15
27 18
25 7
3 33
10 28
17 35
11 32
7 31
6 16
12 21
4 11
25 31
5 24
21 23
31 5
25 34
11 34
24 31
21 24
18 19
7 10
27 11
1 7
24 6
35 14
3 24
30 6
33 19
22 2
8 25
30 20
4 16
19 5
24 26
18 33
2 30
33 30
6 13
30 21
19 14
33 34
22 16
34 5
10 29
1 26
19 16
2 10
6 10
26 17
5 8
27 6
15 5
27 21
2 3
9 29
32 31
16 28
26 35
25 24
2 27
14 26
21 33
4 34
13 14
13 1
3 35
26 23
30 9
17 5
7 23
25 28
17 9
11 15
2 12
12 28
1 33
32 14
30 11
22 17
19 1
13 35
28 18
15 4
21 6
5 13
9 26
31 10
5 9
26 2
26 22
28 5
7 29
28 30
35 25
2 28
35 15
17 3
16 24
7 9
5 2
34 35
15 7
16 14
20 21
14 25
5 33
28 6
10 13
15 27
33 31
4 31
20 11
27 26
33 27
24 35
9 27
9 20
31 3
12 19
25 30
15 30
29 12
35 2
7 18
26 18
17 11
25 23
21 26
18 5
11 31
18 6
23 10
28 4
21 16
32 35
35 12
24 8
13 32
2 17
4 12
1 27
32 29
19 23
18 16
22 33
21 10
22 11
26 33
22 8
33 12
33 11
24 19
15 25
17 30
3 21
3 4
22 1
1 6
22 34
10 22
3 8
7 20
12 6
1 34
25 27
30 4
23 5
16 31
26 34
21 1
26 13
1 8
6 5
30 29
26 4
16 17
19 30
2 9
12 20
28 34
11 28
22 7
3 29
12 24
23 35
23 22
35 10
8 29
21 14
15 20
34 20
29 31
4 7
8 14
20 23
5 4
29 1
28 14
6 34
18 4
2 34
31 26
23 8
25 1
19 22
2 15
3 20
14 2
3 32
7 19
32 6
13 4
8 26
23 18
18 22
24 10
28 15
14 4
5 16
34 12
29 33
26 25
15 1
16 3
15 13
17 8
4 32
3 34
17 31
32 9
14 24
18 8
28 29
5 10
6 19
2 8
9 10
13 7
21 2
15 8
15 17
4 27
17 7
12 17
1 5
10 18
4 25
2 29
33 15
26 16
22 35
28 24
11 7
19 21
16 34
17 24
20 10
11 26
1 17
25 9
32 25
21 13
7 8
2 4
9 23
25 22
15 21
6 20
7 35
14 31
7 30
6 25
29 24
16 10
28 3
10 33
10 26
30 32
3 10
28 32
29 22
18 14
25 2
29 26
29 16
6 4
24 18
30 8
12 1
30 27
23 15
34 21
27 34
25 33
22 27
3 12
35 28
23 11
13 29
35 6
33 24
10 32
9 19
15 18
17 18
12 30
20 16
5 7
16 33
2 1
2 24
11 12
11 1
24 13
11 18
18 1
24 4
9 14
17 34
29 14
1 16
35 9
28 8
25 10
9 3
31 13
21 28
32 17
2 19
20 26
16 35
3 26
29 19
34 8
34 15
11 3
2 13
5 11
13 20
35 19
26 15
26 6
31 18
10 19
33 13
21 35
11 2
13 25
19 15
18 3
33 4
19 8
11 24
26 28
12 13
15 24
20 22
32 16
16 7
23 29
15 31
4 1
9 33
20 5
3 5
6 29
30 5
34 13
18 12
7 28
27 29
9 24
25 16
16 30
4 21
13 3
8 20
29 21
27 8
33 17
24 7
17 27
29 35
18 2
18 9
20 19
22 12
33 2
34 9
22 9
7 32
3 25
2 32
11 29
8 13
24 30
27 7
8 6
1 28
32 5
1 10
19 3
6 11
31 2
4 17
27 16
24 34
7 26
6 9
11 35
5 14
13 30
11 21
20 4
7 12
13 27
28 13
1 3
30 3
10 14
31 21
2 23
33 6
6 2
15 22
18 21
27 20
20 35
16 2
34 23
22 14
9 13
31 30
29 15
20 18
8 33
19 32
10 17
23 3
24 23
22 6
5 21
18 25
27 12
16 23
19 25
15 16
15 32
4 35
20 1
25 21
10 15
29 20
14 11
33 23
16 13
3 7
33 7
34 32
15 6
23 13
17 29
22 32
34 29
20 25
28 9
21 17
22 3
1 9
31 12
35 1
12 15
4 29
9 15
1 30
4 9
20 33
23 30
28 23
12 26
32 8
17 25
28 17
9 21
27 351
7 15
5 11
5 7
3 15
10 16
10 2
16 3
7 21
23 7
17 4
17 14
20 19
19 6
15 5
10 7
14 6
8 6
25 18
24 18
3 5
5 22
20 14
7 24
25 20
12 4
23 10
6 10
27 5
21 22
5 18
6 1
19 14
21 16
13 18
24 17
11 3
11 13
22 27
15 22
14 5
15 23
8 12
16 25
15 10
27 1
14 15
15 18
19 8
16 5
23 27
20 4
18 2
15 2
23 8
27 25
7 11
18 10
23 13
25 14
3 8
6 3
15 1
27 8
14 16
9 20
11 1
6 26
27 15
8 26
2 1
9 24
21 23
25 26
27 11
20 10
10 21
22 3
11 2
23 26
18 17
15 11
9 4
5 2
20 11
22 16
15 6
13 27
13 3
18 22
23 16
4 27
23 14
26 21
22 17
15 13
7 26
26 14
8 25
27 9
22 2
24 8
15 26
11 6
20 26
2 13
6 17
25 13
12 3
6 12
7 9
1 26
19 7
8 5
2 12
21 27
10 12
14 27
10 14
17 8
22 23
16 2
3 7
9 22
6 23
4 21
24 6
9 15
22 11
2 9
3 18
4 13
19 2
20 5
26 19
25 3
23 25
27 26
16 8
17 3
14 8
17 27
13 26
11 18
20 8
22 14
13 16
12 16
10 22
16 24
1 3
19 12
18 1
10 3
26 4
24 23
9 8
19 10
3 14
10 26
5 21
19 15
4 22
22 13
9 16
8 18
10 25
13 6
24 11
12 7
14 12
26 24
15 25
16 4
8 11
12 21
13 19
8 2
14 7
21 14
14 18
5 19
9 3
20 2
11 12
25 9
17 16
21 8
7 18
1 19
12 25
15 21
1 20
1 22
19 16
3 27
19 24
25 6
4 1
2 24
17 9
5 23
1 21
22 25
18 4
1 24
20 6
18 16
22 19
12 24
25 11
2 25
11 14
6 4
1 16
11 16
9 11
25 24
18 20
12 5
27 10
4 15
23 9
2 27
17 19
12 26
10 8
17 1
2 23
21 18
11 19
9 13
21 24
18 23
24 13
23 12
11 10
7 27
20 7
13 8
9 19
23 19
11 21
7 4
1 5
19 25
3 23
14 24
16 7
13 1
12 9
2 14
9 14
6 2
12 13
3 24
13 21
20 27
22 12
12 20
5 17
3 2
21 3
24 22
1 12
17 2
1 10
20 22
15 16
7 6
9 1
19 21
20 17
18 12
1 23
9 26
17 15
5 24
2 26
7 17
4 14
20 23
7 13
25 1
7 1
22 8
13 5
25 17
10 24
12 15
21 6
11 26
18 26
5 4
2 4
5 26
1 8
20 13
17 11
22 26
3 20
27 18
26 17
4 24
23 4
16 20
25 7
6 18
10 9
6 5
19 3
10 4
27 24
21 2
4 19
4 3
21 17
16 27
6 16
10 13
9 18
24 20
5 9
8 15
6 9
17 10
27 6
23 11
5 10
8 4
5 25
8 7
19 18
4 11
14 13
24 15
27 19
1 14
25 21
25 4
3 26
22 7
21 20
2 7
16 26
12 17
23 17
17 13
12 27
15 20
9 21
22 6
39 741
1 2
1 3
1 4
1 5
1 6
1 7
1 8
1 9
1 10
1 11
1 12
1 13
1 14
1 15
1 16
1 17
1 18
1 19
1 20
1 21
1 22
1 23
1 24
1 25
1 26
1 27
1 28
1 29
1 30
1 31
1 32
1 33
1 34
1 35
1 36
1 37
1 38
1 39
2 3
2 4
2 5
2 6
2 7
2 8
2 9
2 10
2 11
2 12
2 13
2 14
2 15
2 16
2 17
2 18
2 19
2 20
2 21
2 22
2 23
2 24
2 25
2 26
2 27
2 28
2 29
2 30
2 31
2 32
2 33
2 34
2 35
2 36
2 37
2 38
2 39
3 4
3 5
3 6
3 7
3 8
3 9
3 10
3 11
3 12
3 13
3 14
3 15
3 16
3 17
3 18
3 19
3 20
3 21
3 22
3 23
3 24
3 25
3 26
3 27
3 28
3 29
3 30
3 31
3 32
3 33
3 34
3 35
3 36
3 37
3 38
3 39
4 5
4 6
4 7
4 8
4 9
4 10
4 11
4 12
4 13
4 14
4 15
4 16
4 17
4 18
4 19
4 20
4 21
4 22
4 23
4 24
4 25
4 26
4 27
4 28
4 29
4 30
4 31
4 32
4 33
4 34
4 35
4 36
4 37
4 38
4 39
5 6
5 7
5 8
5 9
5 10
5 11
5 12
5 13
5 14
5 15
5 16
5 17
5 18
5 19
5 20
5 21
5 22
5 23
5 24
5 25
5 26
5 27
5 28
5 29
5 30
5 31
5 32
5 33
5 34
5 35
5 36
5 37
5 38
5 39
6 7
6 8
6 9
6 10
6 11
6 12
6 13
6 14
6 15
6 16
6 17
6 18
6 19
6 20
6 21
6 22
6 23
6 24
6 25
6 26
6 27
6 28
6 29
6 30
6 31
6 32
6 33
6 34
6 35
6 36
6 37
6 38
6 39
7 8
7 9
7 10
7 11
7 12
7 13
7 14
7 15
7 16
7 17
7 18
7 19
7 20
7 21
7 22
7 23
7 24
7 25
7 26
7 27
7 28
7 29
7 30
7 31
7 32
7 33
7 34
7 35
7 36
7 37
7 38
7 39
8 9
8 10
8 11
8 12
8 13
8 14
8 15
8 16
8 17
8 18
8 19
8 20
8 21
8 22
8 23
8 24
8 25
8 26
8 27
8 28
8 29
8 30
8 31
8 32
8 33
8 34
8 35
8 36
8 37
8 38
8 39
9 10
9 11
9 12
9 13
9 14
9 15
9 16
9 17
9 18
9 19
9 20
9 21
9 22
9 23
9 24
9 25
9 26
9 27
9 28
9 29
9 30
9 31
9 32
9 33
9 34
9 35
9 36
9 37
9 38
9 39
10 11
10 12
10 13
10 14
10 15
10 16
10 17
10 18
10 19
10 20
10 21
10 22
10 23
10 24
10 25
10 26
10 27
10 28
10 29
10 30
10 31
10 32
10 33
10 34
10 35
10 36
10 37
10 38
10 39
11 12
11 13
11 14
11 15
11 16
11 17
11 18
11 19
11 20
11 21
11 22
11 23
11 24
11 25
11 26
11 27
11 28
11 29
11 30
11 31
11 32
11 33
11 34
11 35
11 36
11 37
11 38
11 39
12 13
12 14
12 15
12 16
12 17
12 18
12 19
12 20
12 21
12 22
12 23
12 24
12 25
12 26
12 27
12 28
12 29
12 30
12 31
12 32
12 33
12 34
12 35
12 36
12 37
12 38
12 39
13 14
13 15
13 16
13 17
13 18
13 19
13 20
13 21
13 22
13 23
13 24
13 25
13 26
13 27
13 28
13 29
13 30
13 31
13 32
13 33
13 34
13 35
13 36
13 37
13 38
13 39
14 15
14 16
14 17
14 18
14 19
14 20
14 21
14 22
14 23
14 24
14 25
14 26
14 27
14 28
14 29
14 30
14 31
14 32
14 33
14 34
14 35
14 36
14 37
14 38
14 39
15 16
15 17
15 18
15 19
15 20
15 21
15 22
15 23
15 24
15 25
15 26
15 27
15 28
15 29
15 30
15 31
15 32
15 33
15 34
15 35
15 36
15 37
15 38
15 39
16 17
16 18
16 19
16 20
16 21
16 22
16 23
16 24
16 25
16 26
16 27
16 28
16 29
16 30
16 31
16 32
16 33
16 34
16 35
16 36
16 37
16 38
16 39
17 18
17 19
17 20
17 21
17 22
17 23
17 24
17 25
17 26
17 27
17 28
17 29
17 30
17 31
17 32
17 33
17 34
17 35
17 36
17 37
17 38
17 39
18 19
18 20
18 21
18 22
18 23
18 24
18 25
18 26
18 27
18 28
18 29
18 30
18 31
18 32
18 33
18 34
18 35
18 36
18 37
18 38
18 39
19 20
19 21
19 22
19 23
19 24
19 25
19 26
19 27
19 28
19 29
19 30
19 31
19 32
19 33
19 34
19 35
19 36
19 37
19 38
19 39
20 21
20 22
20 23
20 24
20 25
20 26
20 27
20 28
20 29
20 30
20 31
20 32
20 33
20 34
20 35
20 36
20 37
20 38
20 39
21 22
21 23
21 24
21 25
21 26
21 27
21 28
21 29
21 30
21 31
21 32
21 33
21 34
21 35
21 36
21 37
21 38
21 39
22 23
22 24
22 25
22 26
22 27
22 28
22 29
22 30
22 31
22 32
22 33
22 34
22 35
22 36
22 37
22 38
22 39
23 24
23 25
23 26
23 27
23 28
23 29
23 30
23 31
23 32
23 33
23 34
23 35
23 36
23 37
23 38
23 39
24 25
24 26
24 27
24 28
24 29
24 30
24 31
24 32
24 33
24 34
24 35
24 36
24 37
24 38
24 39
25 26
25 27
25 28
25 29
25 30
25 31
25 32
25 33
25 34
25 35
25 36
25 37
25 38
25 39
26 27
26 28
26 29
26 30
26 31
26 32
26 33
26 34
26 35
26 36
26 37
26 38
26 39
27 28
27 29
27 30
27 31
27 32
27 33
27 34
27 35
27 36
27 37
27 38
27 39
28 29
28 30
28 31
28 32
28 33
28 34
28 35
28 36
28 37
28 38
28 39
29 30
29 31
29 32
29 33
29 34
29 35
29 36
29 37
29 38
29 39
30 31
30 32
30 33
30 34
30 35
30 36
30 37
30 38
30 39
31 32
31 33
31 34
31 35
31 36
31 37
31 38
31 39
32 33
32 34
32 35
32 36
32 37
32 38
32 39
33 34
33 35
33 36
33 37
33 38
33 39
34 35
34 36
34 37
34 38
34 39
35 36
35 37
35 38
35 39
36 37
36 38
36 39
37 38
37 39
38 39
36 630
1 2
1 3
1 4
1 5
1 6
1 7
1 8
1 9
1 10
1 11
1 12
1 13
1 14
1 15
1 16
1 17
1 18
1 19
1 20
1 21
1 22
1 23
1 24
1 25
1 26
1 27
1 28
1 29
1 30
1 31
1 32
1 33
1 34
1 35
1 36
2 3
2 4
2 5
2 6
2 7
2 8
2 9
2 10
2 11
2 12
2 13
2 14
2 15
2 16
2 17
2 18
2 19
2 20
2 21
2 22
2 23
2 24
2 25
2 26
2 27
2 28
2 29
2 30
2 31
2 32
2 33
2 34
2 35
2 36
3 4
3 5
3 6
3 7
3 8
3 9
3 10
3 11
3 12
3 13
3 14
3 15
3 16
3 17
3 18
3 19
3 20
3 21
3 22
3 23
3 24
3 25
3 26
3 27
3 28
3 29
3 30
3 31
3 32
3 33
3 34
3 35
3 36
4 5
4 6
4 7
4 8
4 9
4 10
4 11
4 12
4 13
4 14
4 15
4 16
4 17
4 18
4 19
4 20
4 21
4 22
4 23
4 24
4 25
4 26
4 27
4 28
4 29
4 30
4 31
4 32
4 33
4 34
4 35
4 36
5 6
5 7
5 8
5 9
5 10
5 11
5 12
5 13
5 14
5 15
5 16
5 17
5 18
5 19
5 20
5 21
5 22
5 23
5 24
5 25
5 26
5 27
5 28
5 29
5 30
5 31
5 32
5 33
5 34
5 35
5 36
6 7
6 8
6 9
6 10
6 11
6 12
6 13
6 14
6 15
6 16
6 17
6 18
6 19
6 20
6 21
6 22
6 23
6 24
6 25
6 26
6 27
6 28
6 29
6 30
6 31
6 32
6 33
6 34
6 35
6 36
7 8
7 9
7 10
7 11
7 12
7 13
7 14
7 15
7 16
7 17
7 18
7 19
7 20
7 21
7 22
7 23
7 24
7 25
7 26
7 27
7 28
7 29
7 30
7 31
7 32
7 33
7 34
7 35
7 36
8 9
8 10
8 11
8 12
8 13
8 14
8 15
8 16
8 17
8 18
8 19
8 20
8 21
8 22
8 23
8 24
8 25
8 26
8 27
8 28
8 29
8 30
8 31
8 32
8 33
8 34
8 35
8 36
9 10
9 11
9 12
9 13
9 14
9 15
9 16
9 17
9 18
9 19
9 20
9 21
9 22
9 23
9 24
9 25
9 26
9 27
9 28
9 29
9 30
9 31
9 32
9 33
9 34
9 35
9 36
10 11
10 12
10 13
10 14
10 15
10 16
10 17
10 18
10 19
10 20
10 21
10 22
10 23
10 24
10 25
10 26
10 27
10 28
10 29
10 30
10 31
10 32
10 33
10 34
10 35
10 36
11 12
11 13
11 14
11 15
11 16
11 17
11 18
11 19
11 20
11 21
11 22
11 23
11 24
11 25
11 26
11 27
11 28
11 29
11 30
11 31
11 32
11 33
11 34
11 35
11 36
12 13
12 14
12 15
12 16
12 17
12 18
12 19
12 20
12 21
12 22
12 23
12 24
12 25
12 26
12 27
12 28
12 29
12 30
12 31
12 32
12 33
12 34
12 35
12 36
13 14
13 15
13 16
13 17
13 18
13 19
13 20
13 21
13 22
13 23
13 24
13 25
13 26
13 27
13 28
13 29
13 30
13 31
13 32
13 33
13 34
13 35
13 36
14 15
14 16
14 17
14 18
14 19
14 20
14 21
14 22
14 23
14 24
14 25
14 26
14 27
14 28
14 29
14 30
14 31
14 32
14 33
14 34
14 35
14 36
15 16
15 17
15 18
15 19
15 20
15 21
15 22
15 23
15 24
15 25
15 26
15 27
15 28
15 29
15 30
15 31
15 32
15 33
15 34
15 35
15 36
16 17
16 18
16 19
16 20
16 21
16 22
16 23
16 24
16 25
16 26
16 27
16 28
16 29
16 30
16 31
16 32
16 33
16 34
16 35
16 36
17 18
17 19
17 20
17 21
17 22
17 23
17 24
17 25
17 26
17 27
17 28
17 29
17 30
17 31
17 32
17 33
17 34
17 35
17 36
18 19
18 20
18 21
18 22
18 23
18 24
18 25
18 26
18 27
18 28
18 29
18 30
18 31
18 32
18 33
18 34
18 35
18 36
19 20
19 21
19 22
19 23
19 24
19 25
19 26
19 27
19 28
19 29
19 30
19 31
19 32
19 33
19 34
19 35
19 36
20 21
20 22
20 23
20 24
20 25
20 26
20 27
20 28
20 29
20 30
20 31
20 32
20 33
20 34
20 35
20 36
21 22
21 23
21 24
21 25
21 26
21 27
21 28
21 29
21 30
21 31
21 32
21 33
21 34
21 35
21 36
22 23
22 24
22 25
22 26
22 27
22 28
22 29
22 30
22 31
22 32
22 33
22 34
22 35
22 36
23 24
23 25
23 26
23 27
23 28
23 29
23 30
23 31
23 32
23 33
23 34
23 35
23 36
24 25
24 26
24 27
24 28
24 29
24 30
24 31
24 32
24 33
24 34
24 35
24 36
25 26
25 27
25 28
25 29
25 30
25 31
25 32
25 33
25 34
25 35
25 36
26 27
26 28
26 29
26 30
26 31
26 32
26 33
26 34
26 35
26 36
27 28
27 29
27 30
27 31
27 32
27 33
27 34
27 35
27 36
28 29
28 30
28 31
28 32
28 33
28 34
28 35
28 36
29 30
29 31
29 32
29 33
29 34
29 35
29 36
30 31
30 32
30 33
30 34
30 35
30 36
31 32
31 33
31 34
31 35
31 36
32 33
32 34
32 35
32 36
33 34
33 35
33 36
34 35
34 36
35 36
37 666
1 2
1 3
1 4
1 5
1 6
1 7
1 8
1 9
1 10
1 11
1 12
1 13
1 14
1 15
1 16
1 17
1 18
1 19
1 20
1 21
1 22
1 23
1 24
1 25
1 26
1 27
1 28
1 29
1 30
1 31
1 32
1 33
1 34
1 35
1 36
1 37
2 3
2 4
2 5
2 6
2 7
2 8
2 9
2 10
2 11
2 12
2 13
2 14
2 15
2 16
2 17
2 18
2 19
2 20
2 21
2 22
2 23
2 24
2 25
2 26
2 27
2 28
2 29
2 30
2 31
2 32
2 33
2 34
2 35
2 36
2 37
3 4
3 5
3 6
3 7
3 8
3 9
3 10
3 11
3 12
3 13
3 14
3 15
3 16
3 17
3 18
3 19
3 20
3 21
3 22
3 23
3 24
3 25
3 26
3 27
3 28
3 29
3 30
3 31
3 32
3 33
3 34
3 35
3 36
3 37
4 5
4 6
4 7
4 8
4 9
4 10
4 11
4 12
4 13
4 14
4 15
4 16
4 17
4 18
4 19
4 20
4 21
4 22
4 23
4 24
4 25
4 26
4 27
4 28
4 29
4 30
4 31
4 32
4 33
4 34
4 35
4 36
4 37
5 6
5 7
5 8
5 9
5 10
5 11
5 12
5 13
5 14
5 15
5 16
5 17
5 18
5 19
5 20
5 21
5 22
5 23
5 24
5 25
5 26
5 27
5 28
5 29
5 30
5 31
5 32
5 33
5 34
5 35
5 36
5 37
6 7
6 8
6 9
6 10
6 11
6 12
6 13
6 14
6 15
6 16
6 17
6 18
6 19
6 20
6 21
6 22
6 23
6 24
6 25
6 26
6 27
6 28
6 29
6 30
6 31
6 32
6 33
6 34
6 35
6 36
6 37
7 8
7 9
7 10
7 11
7 12
7 13
7 14
7 15
7 16
7 17
7 18
7 19
7 20
7 21
7 22
7 23
7 24
7 25
7 26
7 27
7 28
7 29
7 30
7 31
7 32
7 33
7 34
7 35
7 36
7 37
8 9
8 10
8 11
8 12
8 13
8 14
8 15
8 16
8 17
8 18
8 19
8 20
8 21
8 22
8 23
8 24
8 25
8 26
8 27
8 28
8 29
8 30
8 31
8 32
8 33
8 34
8 35
8 36
8 37
9 10
9 11
9 12
9 13
9 14
9 15
9 16
9 17
9 18
9 19
9 20
9 21
9 22
9 23
9 24
9 25
9 26
9 27
9 28
9 29
9 30
9 31
9 32
9 33
9 34
9 35
9 36
9 37
10 11
10 12
10 13
10 14
10 15
10 16
10 17
10 18
10 19
10 20
10 21
10 22
10 23
10 24
10 25
10 26
10 27
10 28
10 29
10 30
10 31
10 32
10 33
10 34
10 35
10 36
10 37
11 12
11 13
11 14
11 15
11 16
11 17
11 18
11 19
11 20
11 21
11 22
11 23
11 24
11 25
11 26
11 27
11 28
11 29
11 30
11 31
11 32
11 33
11 34
11 35
11 36
11 37
12 13
12 14
12 15
12 16
12 17
12 18
12 19
12 20
12 21
12 22
12 23
12 24
12 25
12 26
12 27
12 28
12 29
12 30
12 31
12 32
12 33
12 34
12 35
12 36
12 37
13 14
13 15
13 16
13 17
13 18
13 19
13 20
13 21
13 22
13 23
13 24
13 25
13 26
13 27
13 28
13 29
13 30
13 31
13 32
13 33
13 34
13 35
13 36
13 37
14 15
14 16
14 17
14 18
14 19
14 20
14 21
14 22
14 23
14 24
14 25
14 26
14 27
14 28
14 29
14 30
14 31
14 32
14 33
14 34
14 35
14 36
14 37
15 16
15 17
15 18
15 19
15 20
15 21
15 22
15 23
15 24
15 25
15 26
15 27
15 28
15 29
15 30
15 31
15 32
15 33
15 34
15 35
15 36
15 37
16 17
16 18
16 19
16 20
16 21
16 22
16 23
16 24
16 25
16 26
16 27
16 28
16 29
16 30
16 31
16 32
16 33
16 34
16 35
16 36
16 37
17 18
17 19
17 20
17 21
17 22
17 23
17 24
17 25
17 26
17 27
17 28
17 29
17 30
17 31
17 32
17 33
17 34
17 35
17 36
17 37
18 19
18 20
18 21
18 22
18 23
18 24
18 25
18 26
18 27
18 28
18 29
18 30
18 31
18 32
18 33
18 34
18 35
18 36
18 37
19 20
19 21
19 22
19 23
19 24
19 25
19 26
19 27
19 28
19 29
19 30
19 31
19 32
19 33
19 34
19 35
19 36
19 37
20 21
20 22
20 23
20 24
20 25
20 26
20 27
20 28
20 29
20 30
20 31
20 32
20 33
20 34
20 35
20 36
20 37
21 22
21 23
21 24
21 25
21 26
21 27
21 28
21 29
21 30
21 31
21 32
21 33
21 34
21 35
21 36
21 37
22 23
22 24
22 25
22 26
22 27
22 28
22 29
22 30
22 31
22 32
22 33
22 34
22 35
22 36
22 37
23 24
23 25
23 26
23 27
23 28
23 29
23 30
23 31
23 32
23 33
23 34
23 35
23 36
23 37
24 25
24 26
24 27
24 28
24 29
24 30
24 31
24 32
24 33
24 34
24 35
24 36
24 37
25 26
25 27
25 28
25 29
25 30
25 31
25 32
25 33
25 34
25 35
25 36
25 37
26 27
26 28
26 29
26 30
26 31
26 32
26 33
26 34
26 35
26 36
26 37
27 28
27 29
27 30
27 31
27 32
27 33
27 34
27 35
27 36
27 37
28 29
28 30
28 31
28 32
28 33
28 34
28 35
28 36
28 37
29 30
29 31
29 32
29 33
29 34
29 35
29 36
29 37
30 31
30 32
30 33
30 34
30 35
30 36
30 37
31 32
31 33
31 34
31 35
31 36
31 37
32 33
32 34
32 35
32 36
32 37
33 34
33 35
33 36
33 37
34 35
34 36
34 37
35 36
35 37
36 37
43 903
1 2
1 3
1 4
1 5
1 6
1 7
1 8
1 9
1 10
1 11
1 12
1 13
1 14
1 15
1 16
1 17
1 18
1 19
1 20
1 21
1 22
1 23
1 24
1 25
1 26
1 27
1 28
1 29
1 30
1 31
1 32
1 33
1 34
1 35
1 36
1 37
1 38
1 39
1 40
1 41
1 42
1 43
2 3
2 4
2 5
2 6
2 7
2 8
2 9
2 10
2 11
2 12
2 13
2 14
2 15
2 16
2 17
2 18
2 19
2 20
2 21
2 22
2 23
2 24
2 25
2 26
2 27
2 28
2 29
2 30
2 31
2 32
2 33
2 34
2 35
2 36
2 37
2 38
2 39
2 40
2 41
2 42
2 43
3 4
3 5
3 6
3 7
3 8
3 9
3 10
3 11
3 12
3 13
3 14
3 15
3 16
3 17
3 18
3 19
3 20
3 21
3 22
3 23
3 24
3 25
3 26
3 27
3 28
3 29
3 30
3 31
3 32
3 33
3 34
3 35
3 36
3 37
3 38
3 39
3 40
3 41
3 42
3 43
4 5
4 6
4 7
4 8
4 9
4 10
4 11
4 12
4 13
4 14
4 15
4 16
4 17
4 18
4 19
4 20
4 21
4 22
4 23
4 24
4 25
4 26
4 27
4 28
4 29
4 30
4 31
4 32
4 33
4 34
4 35
4 36
4 37
4 38
4 39
4 40
4 41
4 42
4 43
5 6
5 7
5 8
5 9
5 10
5 11
5 12
5 13
5 14
5 15
5 16
5 17
5 18
5 19
5 20
5 21
5 22
5 23
5 24
5 25
5 26
5 27
5 28
5 29
5 30
5 31
5 32
5 33
5 34
5 35
5 36
5 37
5 38
5 39
5 40
5 41
5 42
5 43
6 7
6 8
6 9
6 10
6 11
6 12
6 13
6 14
6 15
6 16
6 17
6 18
6 19
6 20
6 21
6 22
6 23
6 24
6 25
6 26
6 27
6 28
6 29
6 30
6 31
6 32
6 33
6 34
6 35
6 36
6 37
6 38
6 39
6 40
6 41
6 42
6 43
7 8
7 9
7 10
7 11
7 12
7 13
7 14
7 15
7 16
7 17
7 18
7 19
7 20
7 21
7 22
7 23
7 24
7 25
7 26
7 27
7 28
7 29
7 30
7 31
7 32
7 33
7 34
7 35
7 36
7 37
7 38
7 39
7 40
7 41
7 42
7 43
8 9
8 10
8 11
8 12
8 13
8 14
8 15
8 16
8 17
8 18
8 19
8 20
8 21
8 22
8 23
8 24
8 25
8 26
8 27
8 28
8 29
8 30
8 31
8 32
8 33
8 34
8 35
8 36
8 37
8 38
8 39
8 40
8 41
8 42
8 43
9 10
9 11
9 12
9 13
9 14
9 15
9 16
9 17
9 18
9 19
9 20
9 21
9 22
9 23
9 24
9 25
9 26
9 27
9 28
9 29
9 30
9 31
9 32
9 33
9 34
9 35
9 36
9 37
9 38
9 39
9 40
9 41
9 42
9 43
10 11
10 12
10 13
10 14
10 15
10 16
10 17
10 18
10 19
10 20
10 21
10 22
10 23
10 24
10 25
10 26
10 27
10 28
10 29
10 30
10 31
10 32
10 33
10 34
10 35
10 36
10 37
10 38
10 39
10 40
10 41
10 42
10 43
11 12
11 13
11 14
11 15
11 16
11 17
11 18
11 19
11 20
11 21
11 22
11 23
11 24
11 25
11 26
11 27
11 28
11 29
11 30
11 31
11 32
11 33
11 34
11 35
11 36
11 37
11 38
11 39
11 40
11 41
11 42
11 43
12 13
12 14
12 15
12 16
12 17
12 18
12 19
12 20
12 21
12 22
12 23
12 24
12 25
12 26
12 27
12 28
12 29
12 30
12 31
12 32
12 33
12 34
12 35
12 36
12 37
12 38
12 39
12 40
12 41
12 42
12 43
13 14
13 15
13 16
13 17
13 18
13 19
13 20
13 21
13 22
13 23
13 24
13 25
13 26
13 27
13 28
13 29
13 30
13 31
13 32
13 33
13 34
13 35
13 36
13 37
13 38
13 39
13 40
13 41
13 42
13 43
14 15
14 16
14 17
14 18
14 19
14 20
14 21
14 22
14 23
14 24
14 25
14 26
14 27
14 28
14 29
14 30
14 31
14 32
14 33
14 34
14 35
14 36
14 37
14 38
14 39
14 40
14 41
14 42
14 43
15 16
15 17
15 18
15 19
15 20
15 21
15 22
15 23
15 24
15 25
15 26
15 27
15 28
15 29
15 30
15 31
15 32
15 33
15 34
15 35
15 36
15 37
15 38
15 39
15 40
15 41
15 42
15 43
16 17
16 18
16 19
16 20
16 21
16 22
16 23
16 24
16 25
16 26
16 27
16 28
16 29
16 30
16 31
16 32
16 33
16 34
16 35
16 36
16 37
16 38
16 39
16 40
16 41
16 42
16 43
17 18
17 19
17 20
17 21
17 22
17 23
17 24
17 25
17 26
17 27
17 28
17 29
17 30
17 31
17 32
17 33
17 34
17 35
17 36
17 37
17 38
17 39
17 40
17 41
17 42
17 43
18 19
18 20
18 21
18 22
18 23
18 24
18 25
18 26
18 27
18 28
18 29
18 30
18 31
18 32
18 33
18 34
18 35
18 36
18 37
18 38
18 39
18 40
18 41
18 42
18 43
19 20
19 21
19 22
19 23
19 24
19 25
19 26
19 27
19 28
19 29
19 30
19 31
19 32
19 33
19 34
19 35
19 36
19 37
19 38
19 39
19 40
19 41
19 42
19 43
20 21
20 22
20 23
20 24
20 25
20 26
20 27
20 28
20 29
20 30
20 31
20 32
20 33
20 34
20 35
20 36
20 37
20 38
20 39
20 40
20 41
20 42
20 43
21 22
21 23
21 24
21 25
21 26
21 27
21 28
21 29
21 30
21 31
21 32
21 33
21 34
21 35
21 36
21 37
21 38
21 39
21 40
21 41
21 42
21 43
22 23
22 24
22 25
22 26
22 27
22 28
22 29
22 30
22 31
22 32
22 33
22 34
22 35
22 36
22 37
22 38
22 39
22 40
22 41
22 42
22 43
23 24
23 25
23 26
23 27
23 28
23 29
23 30
23 31
23 32
23 33
23 34
23 35
23 36
23 37
23 38
23 39
23 40
23 41
23 42
23 43
24 25
24 26
24 27
24 28
24 29
24 30
24 31
24 32
24 33
24 34
24 35
24 36
24 37
24 38
24 39
24 40
24 41
24 42
24 43
25 26
25 27
25 28
25 29
25 30
25 31
25 32
25 33
25 34
25 35
25 36
25 37
25 38
25 39
25 40
25 41
25 42
25 43
26 27
26 28
26 29
26 30
26 31
26 32
26 33
26 34
26 35
26 36
26 37
26 38
26 39
26 40
26 41
26 42
26 43
27 28
27 29
27 30
27 31
27 32
27 33
27 34
27 35
27 36
27 37
27 38
27 39
27 40
27 41
27 42
27 43
28 29
28 30
28 31
28 32
28 33
28 34
28 35
28 36
28 37
28 38
28 39
28 40
28 41
28 42
28 43
29 30
29 31
29 32
29 33
29 34
29 35
29 36
29 37
29 38
29 39
29 40
29 41
29 42
29 43
30 31
30 32
30 33
30 34
30 35
30 36
30 37
30 38
30 39
30 40
30 41
30 42
30 43
31 32
31 33
31 34
31 35
31 36
31 37
31 38
31 39
31 40
31 41
31 42
31 43
32 33
32 34
32 35
32 36
32 37
32 38
32 39
32 40
32 41
32 42
32 43
33 34
33 35
33 36
33 37
33 38
33 39
33 40
33 41
33 42
33 43
34 35
34 36
34 37
34 38
34 39
34 40
34 41
34 42
34 43
35 36
35 37
35 38
35 39
35 40
35 41
35 42
35 43
36 37
36 38
36 39
36 40
36 41
36 42
36 43
37 38
37 39
37 40
37 41
37 42
37 43
38 39
38 40
38 41
38 42
38 43
39 40
39 41
39 42
39 43
40 41
40 42
40 43
41 42
41 43
42 43
31 465
1 2
1 3
1 4
1 5
1 6
1 7
1 8
1 9
1 10
1 11
1 12
1 13
1 14
1 15
1 16
1 17
1 18
1 19
1 20
1 21
1 22
1 23
1 24
1 25
1 26
1 27
1 28
1 29
1 30
1 31
2 3
2 4
2 5
2 6
2 7
2 8
2 9
2 10
2 11
2 12
2 13
2 14
2 15
2 16
2 17
2 18
2 19
2 20
2 21
2 22
2 23
2 24
2 25
2 26
2 27
2 28
2 29
2 30
2 31
3 4
3 5
3 6
3 7
3 8
3 9
3 10
3 11
3 12
3 13
3 14
3 15
3 16
3 17
3 18
3 19
3 20
3 21
3 22
3 23
3 24
3 25
3 26
3 27
3 28
3 29
3 30
3 31
4 5
4 6
4 7
4 8
4 9
4 10
4 11
4 12
4 13
4 14
4 15
4 16
4 17
4 18
4 19
4 20
4 21
4 22
4 23
4 24
4 25
4 26
4 27
4 28
4 29
4 30
4 31
5 6
5 7
5 8
5 9
5 10
5 11
5 12
5 13
5 14
5 15
5 16
5 17
5 18
5 19
5 20
5 21
5 22
5 23
5 24
5 25
5 26
5 27
5 28
5 29
5 30
5 31
6 7
6 8
6 9
6 10
6 11
6 12
6 13
6 14
6 15
6 16
6 17
6 18
6 19
6 20
6 21
6 22
6 23
6 24
6 25
6 26
6 27
6 28
6 29
6 30
6 31
7 8
7 9
7 10
7 11
7 12
7 13
7 14
7 15
7 16
7 17
7 18
7 19
7 20
7 21
7 22
7 23
7 24
7 25
7 26
7 27
7 28
7 29
7 30
7 31
8 9
8 10
8 11
8 12
8 13
8 14
8 15
8 16
8 17
8 18
8 19
8 20
8 21
8 22
8 23
8 24
8 25
8 26
8 27
8 28
8 29
8 30
8 31
9 10
9 11
9 12
9 13
9 14
9 15
9 16
9 17
9 18
9 19
9 20
9 21
9 22
9 23
9 24
9 25
9 26
9 27
9 28
9 29
9 30
9 31
10 11
10 12
10 13
10 14
10 15
10 16
10 17
10 18
10 19
10 20
10 21
10 22
10 23
10 24
10 25
10 26
10 27
10 28
10 29
10 30
10 31
11 12
11 13
11 14
11 15
11 16
11 17
11 18
11 19
11 20
11 21
11 22
11 23
11 24
11 25
11 26
11 27
11 28
11 29
11 30
11 31
12 13
12 14
12 15
12 16
12 17
12 18
12 19
12 20
12 21
12 22
12 23
12 24
12 25
12 26
12 27
12 28
12 29
12 30
12 31
13 14
13 15
13 16
13 17
13 18
13 19
13 20
13 21
13 22
13 23
13 24
13 25
13 26
13 27
13 28
13 29
13 30
13 31
14 15
14 16
14 17
14 18
14 19
14 20
14 21
14 22
14 23
14 24
14 25
14 26
14 27
14 28
14 29
14 30
14 31
15 16
15 17
15 18
15 19
15 20
15 21
15 22
15 23
15 24
15 25
15 26
15 27
15 28
15 29
15 30
15 31
16 17
16 18
16 19
16 20
16 21
16 22
16 23
16 24
16 25
16 26
16 27
16 28
16 29
16 30
16 31
17 18
17 19
17 20
17 21
17 22
17 23
17 24
17 25
17 26
17 27
17 28
17 29
17 30
17 31
18 19
18 20
18 21
18 22
18 23
18 24
18 25
18 26
18 27
18 28
18 29
18 30
18 31
19 20
19 21
19 22
19 23
19 24
19 25
19 26
19 27
19 28
19 29
19 30
19 31
20 21
20 22
20 23
20 24
20 25
20 26
20 27
20 28
20 29
20 30
20 31
21 22
21 23
21 24
21 25
21 26
21 27
21 28
21 29
21 30
21 31
22 23
22 24
22 25
22 26
22 27
22 28
22 29
22 30
22 31
23 24
23 25
23 26
23 27
23 28
23 29
23 30
23 31
24 25
24 26
24 27
24 28
24 29
24 30
24 31
25 26
25 27
25 28
25 29
25 30
25 31
26 27
26 28
26 29
26 30
26 31
27 28
27 29
27 30
27 31
28 29
28 30
28 31
29 30
29 31
30 31
845 187
323 753
88 409
659 75
343 509
465 678
227 403
322 459
802 390
641 34
739 545
614 366
13 604
712 225
117 570
415 777
215 548
39 311
713 269
476 351
588 622
813 657
359 454
760 576
845 694
671 713
736 177
583 834
429 720
787 235
369 333
707 278
94 148
704 552
144 137
631 604
795 339
186 816
208 835
365 429
720 701
502 226
105 601
783 707
623 366
43 296
424 35
15 54
542 341
355 424
82 551
240 274
588 227
601 268
200 687
381 96
728 478
740 487
211 509
45 803
412 60
738 159
581 565
355 83
572 513
54 156
292 477
809 292
397 337
759 669
86 538
641 721
709 843
789 465
480 408
438 54
419 653
130 434
467 821
642 565
427 804
506 415
283 689
318 545
614 203
273 312
635 609
410 295
41 835
544 408
87 75
502 571
380 788
609 52
726 240
68 237
733 417
371 610
161 393
827 723
745 536
511 37
253 823
73 412
173 242
385 157
490 253
324 46
838 285
410 494
483 493
637 593
807 151
485 589
625 599
26 318
257 687
373 698
52 795
296 355
405 452
338 833
362 111
690 193
606 139
366 718
724 409
405 819
351 712
485 634
434 750
530 314
266 336
515 625
470 683
329 479
417 225
72 611
660 630
550 841
148 828
531 543
73 206
241 324
293 182
494 617
632 406
583 652
159 340
814 700
429 342
545 515
273 764
589 639
400 372
401 777
732 628
183 642
704 642
446 432
254 772
281 4
318 91
821 228
131 195
367 124
708 165
751 422
420 642
844 810
37 556
593 277
208 679
352 14
739 483
753 156
240 378
101 382
36 448
41 279
333 571
28 650
574 246
185 380
844 33
283 608
620 828
485 265
861 280
456 210
164 738
334 431
651 186
713 404
75 559
283 152
35 794
730 673
310 379
52 810
226 721
538 811
421 108
141 635
565 137
803 246
830 375
308 709
540 438
789 836
481 436
40 691
157 470
40 248
359 27
146 621
151 120
316 40
825 826
318 193
310 91
70 5
502 661
405 674
226 436
366 329
177 247
229 832
741 441
751 352
506 84
541 689
70 706
550 835
422 417
791 142
89 559
438 241
547 821
621 233
413 243
833 557
415 267
755 165
58 153
558 240
701 265
729 393
665 558
81 139
122 726
315 616
91 80
713 1
787 632
375 388
474 685
636 195
466 38
517 660
647 250
669 41
205 839
485 201
429 241
833 508
576 276
83 687
464 110
628 67
357 424
229 642
172 776
439 80
211 78
846 643
699 850
634 759
180 42
730 809
825 228
59 634
459 294
275 85
458 722
843 374
290 216
168 731
520 294
544 636
133 169
345 820
87 687
72 829
238 108
79 559
264 33
678 516
773 406
65 63
141 600
367 7
70 579
457 618
338 647
29 144
460 212
48 834
367 551
391 421
167 376
18 604
130 803
79 598
542 359
200 809
402 490
855 652
219 53
784 495
561 563
190 777
305 230
846 129
471 709
483 578
791 738
591 606
475 143
454 42
256 22
419 588
368 610
587 560
572 311
258 782
789 400
239 845
244 368
33 525
151 43
170 638
524 776
402 452
19 732
186 179
152 243
311 44
847 656
496 582
276 135
854 406
152 422
747 823
602 28
787 202
842 352
199 810
542 624
61 261
454 848
741 201
208 273
180 484
25 659
716 718
379 582
525 245
754 797
200 770
583 458
107 578
492 329
527 457
469 106
459 380
420 398
639 603
148 342
181 427
352 126
591 124
378 674
87 545
783 740
162 329
861 444
11 287
456 725
314 677
108 460
188 523
668 56
617 604
303 804
322 776
793 620
393 549
808 848
643 58
540 232
116 446
129 612
649 346
325 45
511 860
296 29
705 632
618 402
191 727
744 410
461 507
273 601
460 314
656 371
129 349
716 19
40 790
272 853
298 708
510 573
414 410
322 293
304 18
80 197
234 217
430 615
310 118
260 582
336 335
806 781
212 626
670 755
410 613
333 313
534 262
521 624
247 464
512 700
147 804
114 696
395 485
644 412
294 768
459 555
495 683
596 727
257 329
151 417
478 471
824 846
199 281
690 574
302 452
506 388
816 175
449 472
820 803
694 640
687 827
536 847
616 577
399 267
772 846
159 330
856 504
277 119
573 112
446 272
544 258
76 486
375 449
217 372
273 16
311 337
480 119
72 253
282 72
482 9
522 223
230 4
44 275
262 145
128 393
25 483
542 381
128 228
396 33
194 186
237 22
352 195
309 168
317 135
417 168
434 170
398 438
519 367
370 273
76 509
45 478
342 538
350 351
37 518
394 238
238 294
357 362
181 194
360 345
240 482
175 184
133 104
430 316
165 325
129 153
381 470
96 74
252 336
373 11
17 28
362 408
76 100
352 67
348 80
434 201
72 174
68 208
255 154
21 224
240 479
420 37
150 492
171 436
380 87
461 133
393 502
474 30
226 40
256 79
151 221
238 245
18 481
105 334
500 468
384 131
434 280
482 329
367 29
66 513
240 215
511 407
513 220
536 369
363 486
416 533
359 515
473 316
257 165
339 121
137 456
192 150
138 211
413 80
224 242
28 217
404 269
460 534
377 535
533 114
410 124
407 212
491 395
116 126
400 375
321 225
173 418
471 536
77 147
79 253
386 194
211 419
335 7
288 220
100 426
86 274
535 296
117 357
450 459
225 345
29 299
188 221
96 461
251 61
135 450
207 461
264 111
130 231
12 492
18 270
447 309
82 371
65 110
293 312
520 290
132 430
337 423
120 239
49 494
371 358
442 336
205 52
200 298
295 268
477 278
259 409
120 404
496 72
207 248
367 246
281 94
167 253
313 359
340 416
284 233
218 487
288 47
340 288
371 46
36 476
27 305
31 371
107 193
397 275
236 241
80 65
237 154
18 104
8 476
24 353
77 284
443 193
296 311
106 535
249 355
220 129
197 96
27 441
418 49
118 393
219 108
38 498
189 285
370 143
537 267
24 204
444 516
247 458
247 162
399 438
235 127
532 3
321 474
441 369
87 150
172 525
469 351
68 380
319 377
183 406
269 524
145 133
339 56
96 229
172 210
253 469
22 515
21 206
249 300
420 459
433 478
163 370
459 324
314 459
104 399
498 254
266 77
237 309
456 15
88 230
343 459
105 291
230 28
362 171
355 276
240 478
165 278
414 320
450 411
147 129
493 393
87 11
480 144
190 369
512 216
504 243
196 311
164 391
230 517
416 295
437 232
223 202
280 227
343 362
407 390
340 154
95 482
349 416
290 525
481 501
334 289
167 195
498 196
406 450
320 102
38 302
273 207
187 503
254 266
542 527
819 281
117 479
621 677
210 213
815 539
611 322
389 231
130 727
54 644
137 362
121 497
233 687
808 128
323 212
765 476
337 725
728 436
544 263
604 78
670 462
589 217
348 476
759 505
337 596
310 35
93 442
317 594
532 538
134 578
606 733
707 582
236 601
434 101
239 606
520 187
770 555
137 111
772 276
399 16
363 280
308 453
67 364
6 571
33 67
633 179
122 172
152 482
307 550
242 116
233 512
273 530
242 649
432 556
653 445
252 343
392 68
271 649
354 213
46 64
704 616
652 299
382 537
384 430
714 611
407 466
493 738
447 441
418 403
58 259
561 591
713 3
160 159
77 616
186 190
336 154
376 569
236 675
609 268
498 76
355 734
19 742
744 519
663 703
134 615
116 401
417 29
807 191
592 663
77 768
189 611
632 94
118 270
317 241
193 782
677 109
136 779
279 134
467 25
406 264
647 764
134 535
307 237
646 680
529 781
275 303
746 270
551 579
144 382
249 400
325 749
553 616
517 516
407 716
538 357
653 341
716 650
526 228
484 760
611 640
819 443
331 481
361 531
388 479
628 250
272 110
727 181
27 261
689 447
93 66
772 277
605 321
701 391
128 697
546 29
533 280
226 309
380 526
569 418
298 106
66 358
688 801
468 433
89 387
215 161
322 282
739 300
142 215
104 428
298 716
261 276
512 26
341 131
208 84
205 709
293 401
195 691
226 637
421 110
359 93
667 799
96 607
587 236
640 664
27 699
3 708
379 164
98 521
669 389
76 43
317 656
245 476
255 736
136 254
806 799
713 136
525 707
218 11
57 477
714 646
729 291
182 517
745 168
268 656
720 76
74 448
707 67
265 296
94 299
373 514
525 655
210 769
739 671
114 485
309 730
733 31
750 734
752 228
86 46
206 414
72 277
39 388
449 358
208 318
659 615
493 254
185 800
205 293
340 189
509 175
709 668
253 571
43 42
64 351
112 631
280 694
632 344
531 76
560 704
27 428
815 237
248 721
400 744
478 311
222 194
579 173
435 164
221 211
286 328
355 10
629 161
663 800
461 396
808 44
349 267
448 572
430 670
524 687
496 676
363 693
117 403
74 45
157 534
728 491
765 443
751 490
74 366
258 765
548 157
702 124
624 472
517 197
254 156
735 265
66 184
383 405
226 137
138 292
408 448
189 812
11 67
544 325
427 739
797 532
721 593
624 259
412 99
64 710
284 227
462 95
612 709
612 779
410 776
36 714
760 23
255 79
712 535
13 211
661 168
289 773
461 632
739 510
237 190
815 237
577 784
268 519
625 634
673 596
178 28
424 401
639 814
84 788
706 729
418 548
20 218
387 433
536 444
151 232
483 774
803 152
442 118
73 773
510 206
572 198
339 117
86 206
165 108
430 35
359 381
736 631
468 216
663 9
562 626
178 535
579 64
646 215
66 606
766 613
117 693
674 640
530 415
7 268
116 706
377 131
93 35
109 273
154 520
240 717
617 556
257 191
624 153
534 159
515 561
148 319
378 322
85 444
52 717
118 28
323 330
601 441
392 255
291 626
756 77
245 424
440 34
399 531
582 501
107 528
471 756
260 693
49 796
727 491
305 421
107 675
472 583
109 652
177 800
757 103
144 496
542 168
239 98
375 561
276 376
593 557
313 345
47 612
599 774
813 755
712 164
234 248
114 434
318 769
60 627
331 86
532 339
549 84
695 573
530 211
201 484
740 612
483 127
252 294
503 764
560 309
358 186
517 165
285 291
157 297
718 336
450 32
325 18
54 218
514 77
148 343
715 526
72 563
670 96
150 475
133 672
551 579
425 332
735 325
254 370
152 694
448 541
268 738
640 161
30 525
503 92
721 306
405 12
519 601
628 260
814 786
131 623
109 458
122 54
421 744
780 698
786 472
54 237
738 259
419 796
188 59
312 75
235 374
164 707
714 415
174 641
223 564
588 143
556 380
760 38
499 737
35 293
62 96
403 63
533 437
500 537
609 227
60 718
512 124
742 106
65 18
6 457
596 483
236 604
325 691
46 574
19 548
128 429
19 345
798 670
118 371
356 663
113 718
338 689
685 61
306 409
389 552
67 569
241 109
517 334
661 14
232 746
236 537
581 559
212 689
603 276
129 501
547 220
336 317
579 707
461 805
144 359
204 220
365 221
78 346
696 325
736 148
783 54
532 361
777 758
159 101
64 374
548 158
266 105
19 164
685 279
119 646
587 143
433 802
159 299
378 175
306 152
87 354
4 50
47 610
775 99
154 316
302 22
710 9
608 612
723 496
217 149
514 434
195 568
334 323
399 74
761 728
776 424
255 620
746 263
124 356
492 719
453 129
58 737
115 430
485 626
298 646
20 666
883 177
706 675
817 417
508 496
215 434
590 363
762 33
679 693
253 451
564 534
496 306
633 857
62 744
770 63
246 727
646 166
7 604
258 795
63 501
686 807
296 599
823 121
486 28
195 794
457 101
539 393
379 225
810 102
401 617
797 728
791 585
513 667
450 782
383 348
703 379
435 263
312 677
428 213
550 352
446 558
530 469
798 287
291 507
321 219
252 421
299 398
833 145
305 436
117 525
684 266
881 173
180 777
567 627
347 470
691 609
380 411
880 166
644 824
345 344
727 259
675 177
142 568
527 63
330 788
386 493
609 390
470 350
413 744
667 88
45 75
161 300
343 353
767 573
113 637
611 153
126 168
259 471
600 317
430 15
526 847
608 584
337 354
179 838
811 337
393 149
161 210
378 601
305 837
76 547
853 802
235 699
218 790
421 686
469 724
617 465
457 189
756 822
780 469
680 145
239 628
590 700
741 528
515 823
747 122
191 838
830 424
88 439
122 332
109 776
602 455
678 13
198 613
540 472
48 839
837 655
278 53
516 429
354 32
139 179
14 456
471 550
507 164
116 827
792 549
216 372
374 176
604 696
333 843
290 688
515 477
353 681
814 593
492 357
507 608
106 437
491 126
12 679
195 478
223 130
603 560
47 558
336 786
787 37
192 54
75 100
871 839
659 651
34 712
134 302
349 846
785 619
659 525
296 580
52 731
273 489
646 379
856 332
442 772
251 763
499 529
585 112
536 525
492 450
611 654
121 652
201 454
298 532
392 851
779 615
87 82
89 862
317 37
540 142
56 621
188 204
721 591
480 484
546 576
172 675
170 132
84 115
132 50
136 150
15 148
128 75
31 26
65 107
165 90
139 24
116 33
83 3
163 153
158 43
4 12
109 158
18 32
65 147
5 83
5 13
119 69
120 98
165 99
146 15
172 161
100 15
46 73
59 167
88 65
116 41
111 96
138 43
52 56
31 111
62 96
49 114
145 39
42 159
160 123
28 63
6 61
27 76
18 129
87 128
110 137
70 115
25 102
45 135
159 90
84 9
76 43
41 169
123 85
99 81
72 116
161 143
119 152
168 47
23 152
7 52
70 143
1 72
58 60
66 22
13 121
48 94
6 46
10 150
102 56
99 57
126 45
116 108
116 49
34 66
144 141
172 98
117 27
93 7
56 27
30 88
161 152
34 124
45 112
34 94
154 127
64 57
12 140
131 124
16 144
107 124
119 149
67 137
160 39
154 40
82 139
150 11
45 90
149 50
166 24
7 38
135 18
106 12
72 7
142 51
46 158
107 33
36 41
112 118
96 129
6 92
168 54
22 31
76 29
46 10
11 18
47 166
162 125
35 153
137 90
77 26
18 83
64 8
138 81
116 99
130 43
168 9
115 48
124 12
41 165
58 162
12 169
139 41
137 117
14 141
50 90
104 47
77 153
17 122
118 78
101 138
52 135
166 164
150 114
29 135
85 167
100 168
87 53
91 26
141 143
128 91
135 138
132 33
57 48
148 127
157 27
20 71
120 72
48 119
130 165
161 156
27 70
119 70
130 154
90 128
61 167
43 72
88 26
104 97
140 72
139 71
80 147
125 93
84 34
153 26
158 32
163 150
121 131
87 165
58 104
42 129
58 100
135 134
3 11
143 168
69 27
67 134
172 60
37 17
153 20
130 89
60 77
24 18
158 65
30 120
121 169
42 117
40 64
109 76
35 124
110 15
169 55
89 31
111 25
33 85
145 98
17 9
172 9
127 169
69 4
142 157
45 49
171 3
157 105
83 147
95 77
61 100
56 137
12 60
101 128
81 133
111 34
100 154
116 4
102 39
98 48
86 134
27 151
100 144
83 60
24 14
2 53
4 46
148 69
18 116
13 106
156 160
58 13
117 20
100 153
127 49
77 149
169 129
103 2
131 144
39 28
105 165
58 41
84 26
114 147
95 82
39 62
98 162
161 89
85 133
136 66
161 45
79 22
61 86
69 141
54 119
133 69
32 165
134 85
170 111
37 105
63 122
59 166
155 119
69 5
21 31
59 76
16 169
97 159
144 58
73 126
108 15
116 78
81 59
101 122
33 166
10 163
10 7
86 152
39 56
70 36
168 25
165 8
114 82
124 101
67 43
102 94
129 19
78 59
45 30
34 13
39 103
36 133
36 144
52 87
58 170
132 48
25 123
17 139
108 74
68 104
127 151
116 1
94 45
83 7
118 94
96 40
157 102
84 136
141 42
94 139
22 89
34 53
170 89
157 68
45 138
53 129
132 30
143 41
152 39
52 82
1 22
39 76
135 71
110 108
24 137
143 50
76 48
48 125
62 9
107 120
58 172
86 68
99 127
96 110
14 98
5 15
29 128
102 124
58 157
84 156
104 114
10 127
97 93
29 84
141 166
51 63
99 142
14 162
77 141
118 149
157 131
61 144
142 63
152 148
3 58
161 49
147 111
80 33
42 80
102 11
106 7
139 144
111 82
41 136
152 51
62 146
95 34
60 17
24 72
40 56
166 74
127 36
107 166
119 17
150 74
123 35
150 49
31 92
41 63
99 119
12 133
139 168
81 28
135 30
42 123
56 156
107 3
54 77
73 108
95 64
152 15
135 89
5 114
129 166
74 20
75 29
106 17
118 65
93 40
157 171
153 143
104 86
9 130
142 14
16 3
162 22
18 8
31 33
111 121
155 25
42 83
97 90
24 94
140 65
132 75
33 13
106 107
57 158
80 59
127 85
32 42
70 12
99 145
168 98
158 151
18 141
30 163
46 37
38 153
127 52
137 15
135 122
124 62
26 89
121 120
98 117
167 142
159 89
164 23
150 75
140 24
138 170
10 55
54 7
70 125
105 154
104 145
161 71
83 4
101 61
80 164
18 152
60 109
99 91
61 69
70 110
136 20
111 97
151 148
52 99
22 133
32 48
2 10
17 11
155 107
79 129
70 168
123 110
109 45
5 87
8 95
42 43
150 145
165 54
43 60
54 5
104 4
142 85
161 65
47 117
101 142
31 65
34 169
80 75
105 49
149 121
19 99
36 97
49 97
163 43
88 123
4 20
84 4
36 34
75 27
33 35
56 46
134 165
115 2
161 62
132 77
114 42
73 172
148 140
90 94
108 96
159 54
132 124
125 44
65 133
119 166
130 92
74 65
16 130
124 133
108 71
157 146
41 6
75 151
109 119
133 41
119 102
79 137
86 69
36 110
39 18
134 151
40 113
28 90
61 105
92 74
35 166
109 112
148 22
52 6
44 136
134 84
36 141
161 160
94 108
22 14
78 80
156 164
114 160
45 170
131 118
169 119
111 56
163 165
108 40
17 157
167 30
68 112
52 102
116 5
47 137
17 1
145 24
145 89
19 98
110 48
84 132
158 118
170 145
1 88
75 7
60 81
136 128
82 69
61 125
12 107
154 74
90 143
33 165
154 36
75 87
4 9
31 58
165 75
27 98
38 128
154 149
27 63
23 163
148 103
2 168
146 129
19 37
21 34
27 145
67 19
33 94
86 157
101 60
86 124
35 121
141 43
84 151
74 171
74 21
15 122
100 27
163 64
102 1
24 47
2 26
27 146
32 94
16 71
106 9
19 168
18 30
111 113
76 53
44 89
103 145
23 130
103 123
111 103
91 74
77 62
74 97
6 76
162 33
130 54
172 153
124 118
164 37
2 81
150 125
41 37
162 7
51 14
35 82
146 105
10 42
167 133
34 50
147 21
10 27
110 5
137 98
121 41
74 101
161 54
125 82
160 129
145 115
14 116
151 92
157 84
154 123
54 166
162 51
68 87
36 27
17 107
68 11
154 156
137 97
22 168
138 111
146 33
132 118
33 26
72 41
111 35
58 105
139 93
16 55
179 793
25 162
123 139
90 109
104 153
157 165
3 65
125 20
81 177
46 13
97 141
171 39
57 111
46 41
84 41
168 153
99 138
123 26
31 149
31 127
90 25
17 174
130 97
154 90
29 174
167 147
44 86
170 64
114 87
19 69
5 163
103 31
89 150
136 112
92 137
139 24
154 127
77 96
15 126
98 40
60 69
89 169
110 139
32 144
139 79
165 72
162 109
167 54
148 174
62 20
158 34
2 166
51 72
83 168
110 34
154 77
54 151
128 83
30 154
137 175
54 22
44 85
138 7
17 131
91 71
116 65
161 68
159 169
60 7
101 87
128 10
60 65
80 76
113 102
26 101
83 115
78 163
157 146
120 170
142 14
70 48
69 34
144 10
39 170
138 35
153 36
155 143
119 62
112 157
167 64
16 92
110 112
16 112
61 13
10 65
70 65
38 97
156 35
73 143
50 166
13 52
25 19
159 22
84 105
47 162
34 62
125 7
143 31
109 120
157 147
30 65
51 58
49 10
15 102
130 125
95 51
23 129
136 18
35 43
159 49
79 105
133 50
71 112
79 68
162 168
77 140
13 147
150 17
171 116
37 22
16 22
159 55
69 72
135 39
3 29
179 174
59 5
23 97
169 2
79 42
87 153
116 148
120 64
66 33
127 33
112 58
32 125
127 32
160 136
158 117
75 113
153 118
32 62
14 31
75 39
24 108
75 64
159 170
124 65
24 93
13 97
167 48
176 57
146 173
48 132
105 129
52 32
79 122
54 122
96 150
41 91
57 47
66 160
35 53
123 178
66 70
117 109
165 125
148 25
86 113
125 142
6 159
63 16
126 142
19 32
115 152
21 79
43 155
101 77
60 28
8 31
42 89
26 54
105 179
66 107
76 5
170 161
13 136
27 76
99 23
12 2
135 28
26 147
107 173
146 81
136 169
175 105
155 164
56 96
22 34
105 68
149 161
69 99
49 15
11 179
148 40
134 63
74 65
129 128
98 177
91 171
115 43
92 123
60 22
1 45
141 79
58 158
167 135
160 132
52 72
62 176
140 73
67 123
99 84
125 50
111 82
151 132
96 125
122 177
26 74
112 95
109 2
177 89
16 5
163 136
156 176
154 131
157 68
107 3
126 123
19 8
123 176
168 51
130 107
159 136
133 176
2 167
4 102
168 74
178 55
117 154
15 28
149 91
43 154
97 43
51 73
150 14
35 157
111 25
160 15
155 170
17 129
56 156
77 33
28 82
91 123
60 164
123 64
91 6
119 66
141 48
36 64
138 145
105 113
101 150
106 1
122 56
17 22
20 168
116 136
174 42
98 64
77 143
51 146
154 38
78 62
83 30
50 141
138 133
143 148
133 175
148 168
76 17
77 1
64 11
161 173
38 58
157 161
51 166
81 72
164 58
58 41
169 110
70 88
124 176
39 156
28 108
71 126
73 59
128 157
61 140
96 142
48 148
177 8
12 84
127 67
139 118
55 16
165 96
153 23
174 22
164 55
116 95
10 93
5 11
139 157
117 165
66 19
21 64
13 119
140 69
96 70
111 94
99 116
73 24
81 48
112 53
124 149
158 59
90 174
135 63
115 143
44 101
115 118
56 9
2 138
45 68
65 89
128 43
80 47
135 156
76 66
43 25
7 49
72 10
25 52
98 13
65 9
13 19
177 99
72 92
25 166
104 23
70 26
100 167
115 87
80 137
178 144
26 108
67 126
65 28
145 174
164 137
109 179
146 176
152 3
97 33
166 48
93 19
13 106
123 53
12 172
118 126
113 173
163 168
18 47
169 6
84 90
70 106
160 53
87 130
34 24
77 38
166 75
84 115
44 170
146 114
66 102
117 54
85 144
169 95
91 119
120 153
161 1
145 160
85 13
29 117
155 16
138 32
51 26
122 63
88 109
23 156
37 150
85 104
79 4
96 137
72 57
2 31
173 114
38 121
163 133
63 175
59 107
173 141
173 178
62 41
82 173
5 102
102 99
112 80
179 150
126 33
74 72
69 165
109 97
152 99
22 177
7 144
107 157
23 162
138 47
111 119
157 78
19 165
9 125
40 177
28 83
2 151
31 80
152 162
30 146
58 133
115 22
49 120
12 93
58 4
107 77
99 81
30 140
83 150
27 4
134 128
55 75
85 63
126 84
139 162
146 65
16 40
9 146
97 42
54 137
14 21
61 125
66 83
38 112
110 57
142 179
48 179
167 71
46 17
101 136
117 135
53 159
107 119
26 62
8 166
56 24
154 5
52 166
80 105
94 15
50 18
24 84
155 55
57 37
13 150
85 121
132 33
29 88
11 59
77 50
39 74
26 82
20 67
65 59
52 75
149 43
67 122
111 104
75 141
60 105
59 88
42 5
123 65
54 152
81 140
91 37
3 13
126 29
61 95
86 34
54 179
151 72
136 35
148 161
34 114
8 122
159 26
68 138
30 39
45 66
13 132
30 51
80 153
90 166
76 174
137 104
129 35
123 141
38 120
175 15
132 117
108 52
17 47
144 45
117 41
63 121
20 21
128 65
38 151
9 29
100 77
54 58
136 53
144 13
109 119
23 112
3 127
12 1
144 108
5 50
132 111
45 21
53 161
104 154
18 100
124 72
172 40
4 109
178 41
158 19
52 175
66 106
6 48
15 23
18 101
163 162
84 93
31 99
13 36
2 175
149 159
154 37
37 159
81 145
34 47
52 99
108 146
134 31
67 174
46 33
114 86
65 165
164 67
102 52
16 120
17 26
11 26
88 63
80 156
110 132
101 79
62 85
105 159
10 119
132 155
136 25
67 133
155 85
115 100
128 121
92 179
160 144
14 97
121 97
75 109
76 6
164 171
158 30
148 66
50 135
179 18
177 47
149 100
112 86
122 95
4 141
153 141
25 26
45 163
139 173
24 64
160 139
157 56
48 39
128 176
115 25
151 117
145 120
70 173
68 60
25 37
33 129
11 111
77 34
171 3
34 121
154 35
151 109
173 162
76 72
27 77
26 18
87 1
80 24
48 109
68 50
69 158
38 42
81 82
147 35
148 19
116 19
141 58
146 170
114 22
157 60
61 117
110 49
108 111
22 80
151 16
154 145
178 175
131 66
80 177
74 132
134 156
110 60
19 113
16 139
70 104
66 128
80 144
97 108
56 106
144 58
172 110
123 99
175 17
89 52
47 96
24 74
6 151
82 97
9 143
71 124
129 85
118 152
21 13
160 50
28 54
9 61
152 151
10 152
169 62
29 35
47 3
104 141
80 117
155 110
141 148
36 72
70 97
136 95
115 161
105 20
76 71
19 61
16 178
101 106
125 26
159 32
16 46
113 160
111 58
173 123
121 142
169 37
39 161
84 179
4 175
115 109
63 106
92 148
45 64
71 166
120 154
32 101
17 19
66 116
80 57
151 88
65 6
76 158
33 150
150 4
36 33
120 72
7 24
64 6
34 172
57 130
16 170
135 37
46 151
149 53
68 139
16 90
66 114
77 122
138 30
4 116
10 59
156 157
2 125
140 82
76 164
148 120
9 17
154 153
143 42
64 42
72 58
166 105
30 63
44 33
56 179
165 106
14 26
104 95
107 27
30 7
229 814
33 25
14 141
88 45
86 105
191 1
10 156
88 114
187 79
150 54
21 155
140 109
83 219
73 139
222 214
31 205
213 82
42 138
105 57
226 212
97 13
105 83
224 211
179 93
225 124
174 164
4 93
158 35
22 107
217 67
87 102
154 80
113 76
74 148
56 190
12 222
197 173
15 118
6 157
98 65
81 71
14 15
14 78
192 98
219 206
226 64
23 171
65 6
142 170
165 74
142 107
129 205
49 196
20 11
216 52
87 175
74 37
205 115
35 4
186 27
190 26
64 123
198 180
17 15
68 210
85 109
172 147
128 64
49 63
66 185
216 159
61 227
225 170
95 227
43 87
105 15
180 138
1 68
196 94
161 27
53 75
23 163
170 55
40 165
182 135
174 208
156 30
67 144
30 196
139 65
228 172
157 28
28 117
152 12
164 82
97 82
186 134
125 93
150 122
139 190
22 1
210 167
64 107
59 196
60 97
64 203
84 194
113 36
72 141
22 130
122 59
14 106
32 103
45 160
118 40
34 53
104 86
116 209
68 120
118 84
134 120
17 16
11 176
218 13
15 79
105 199
195 141
5 148
6 186
81 115
65 51
36 131
94 44
138 85
175 2
4 84
229 85
107 200
168 5
49 165
59 172
54 57
155 195
66 141
222 161
34 110
205 27
17 116
163 133
140 64
34 122
65 133
28 73
172 24
17 112
116 15
228 123
58 61
103 58
97 139
43 68
125 18
49 160
95 163
70 74
61 19
87 134
95 58
59 197
12 77
155 103
32 5
133 12
149 171
18 4
129 84
135 210
18 41
178 201
80 189
142 110
192 125
21 31
98 145
74 205
21 132
114 123
118 64
207 178
210 50
98 36
183 2
30 159
61 41
192 161
43 34
14 104
82 160
129 115
79 96
80 205
191 211
9 132
114 192
186 165
179 190
72 175
29 41
87 96
119 161
80 210
90 224
71 54
51 46
153 32
99 29
168 44
83 216
72 27
103 228
115 43
213 162
21 110
138 37
82 39
119 34
31 58
164 151
93 76
41 25
188 81
188 187
211 97
21 109
215 35
110 150
100 17
19 138
49 26
217 190
38 47
26 106
28 36
165 118
95 85
3 219
75 158
41 227
90 173
140 159
207 84
92 121
94 37
162 227
136 48
168 129
69 75
61 71
179 22
219 187
132 189
186 66
113 19
136 13
135 92
25 176
54 72
117 222
121 209
43 219
155 104
189 8
50 186
152 134
15 166
32 123
175 46
83 44
125 109
22 126
219 98
64 95
48 74
46 18
191 83
6 199
4 44
41 161
101 19
126 218
144 55
122 25
90 10
97 112
99 38
164 55
14 157
169 199
57 185
207 132
95 21
43 204
168 81
144 80
189 142
1 71
23 176
202 15
46 163
175 203
41 83
12 144
106 152
220 12
171 86
155 2
62 120
90 24
48 141
225 113
25 6
95 223
132 48
63 107
155 138
210 129
172 86
24 178
132 98
46 143
29 58
60 154
74 129
137 52
120 192
137 61
156 33
221 176
90 214
143 139
63 142
212 129
86 43
219 62
129 20
228 223
32 45
127 126
16 146
102 28
130 148
180 42
226 192
8 35
50 129
66 151
8 46
124 17
27 128
148 14
153 173
19 31
199 48
205 118
135 155
65 182
188 37
130 226
51 52
11 229
21 160
131 65
49 95
199 4
39 118
50 131
93 178
166 131
17 78
122 31
39 89
137 82
210 114
7 110
72 168
48 91
69 158
18 75
23 11
80 195
109 86
140 157
25 48
103 191
78 156
32 224
198 42
119 76
58 203
15 52
70 12
81 43
148 111
75 71
14 134
24 26
106 179
75 61
123 89
24 182
91 19
49 158
189 140
11 12
217 94
102 35
92 47
107 13
69 189
153 164
150 175
118 142
226 61
211 112
56 207
21 122
91 226
34 60
49 54
53 221
21 125
3 44
228 197
195 221
204 79
7 127
35 109
179 221
194 169
8 127
224 227
29 88
217 165
209 50
207 173
213 68
162 36
158 70
161 73
33 31
117 130
211 80
118 170
214 114
185 118
86 155
160 120
61 220
25 116
11 133
105 7
194 6
180 113
111 106
74 119
73 13
158 208
97 31
96 168
191 76
134 67
169 20
129 3
204 30
91 104
155 205
34 8
114 208
61 47
109 149
199 13
151 110
95 155
47 106
55 173
39 81
191 38
226 5
216 142
161 8
177 129
116 52
220 207
55 103
9 75
188 199
128 35
182 98
32 16
114 93
12 59
105 48
42 141
18 171
90 31
170 15
151 166
187 33
129 208
58 216
218 66
173 32
185 153
154 42
172 38
29 125
147 190
10 73
47 117
8 123
158 1
85 207
212 165
105 172
80 104
125 98
184 208
137 112
55 27
130 69
138 218
112 225
111 46
22 196
95 27
219 156
184 67
64 108
207 52
200 147
90 20
218 165
78 88
170 223
154 149
21 135
113 67
128 76
177 56
141 175
69 21
7 112
208 166
113 223
84 185
18 217
113 116
32 91
62 75
31 10
40 32
156 216
203 166
91 221
100 175
66 107
87 152
81 201
126 210
151 70
31 123
138 184
58 165
204 140
197 169
19 68
200 128
139 185
218 118
49 74
174 158
172 90
185 22
125 208
32 205
181 200
118 34
150 11
206 217
17 215
64 182
91 154
54 155
99 170
167 44
98 158
14 133
35 42
223 154
62 224
51 71
122 106
104 1
176 177
208 172
7 213
11 34
86 168
147 47
167 97
91 198
109 81
49 4
198 154
57 140
122 68
63 187
181 166
223 72
88 83
42 40
218 112
63 198
85 9
25 89
151 180
60 144
58 142
116 65
153 2
174 17
224 199
197 19
135 76
4 89
49 62
173 80
20 107
151 54
168 187
63 2
211 227
226 119
134 85
158 87
180 58
133 55
22 136
105 75
214 188
50 89
156 99
131 101
155 113
22 214
101 37
38 65
144 205
86 193
143 228
111 166
185 138
8 40
194 63
30 66
125 197
10 60
37 43
147 141
41 193
188 207
211 16
86 220
135 112
11 152
160 171
124 206
143 138
118 48
190 61
177 163
225 59
54 98
89 81
13 98
19 66
73 210
106 188
43 88
51 205
225 144
170 209
67 35
190 195
207 229
123 46
100 173
5 228
162 183
159 173
41 1
11 9
8 103
206 210
178 199
3 145
79 209
62 36
36 91
200 115
134 35
62 221
171 43
173 144
150 36
217 193
17 108
138 115
151 116
108 73
46 158
27 100
8 119
224 13
226 158
3 218
93 222
172 2
26 103
138 46
159 143
225 87
152 110
188 147
25 37
88 42
150 184
152 195
189 1
227 67
48 117
134 188
134 21
153 190
222 220
48 184
184 85
136 41
165 68
194 127
134 78
43 20
188 56
12 219
21 149
193 78
226 1
12 52
46 172
118 229
79 41
219 157
110 140
14 46
192 178
174 20
113 119
99 117
204 64
49 120
91 209
153 198
103 178
102 194
195 64
161 7
67 32
100 168
56 35
225 155
152 63
70 50
59 30
206 225
50 105
86 200
157 222
9 181
67 157
21 112
144 170
52 87
105 31
167 80
220 14
93 167
98 150
209 16
28 85
72 90
55 75
220 224
50 64
225 214
177 24
8 18
102 221
10 205
128 112
25 130
192 82
213 69
165 205
39 45
81 10
193 732
115 86
116 106
190 193
142 178
4 137
9 105
12 159
77 102
10 13
58 110
46 91
107 21
112 20
60 66
128 119
93 89
23 102
146 148
190 111
117 104
93 116
193 162
28 151
164 116
49 32
54 121
3 165
50 93
6 45
52 56
158 36
184 176
108 21
182 33
69 29
72 169
112 22
136 188
20 154
168 12
113 161
175 188
8 36
112 70
64 187
120 58
70 43
121 86
30 140
142 54
184 20
120 72
31 144
76 162
136 55
96 56
29 127
133 1
122 8
123 36
82 26
145 78
154 112
63 134
67 105
11 167
14 135
97 189
149 29
22 18
130 8
161 132
44 172
86 73
107 171
23 176
187 133
170 74
108 97
183 58
151 72
26 188
87 18
132 20
145 30
131 50
16 125
63 78
64 4
6 12
58 3
63 144
10 153
11 122
92 182
60 130
104 177
57 65
130 174
163 104
5 42
67 101
97 116
27 141
160 24
145 159
7 94
107 104
29 185
123 192
187 57
188 103
33 51
50 71
32 135
179 99
90 44
50 156
86 192
109 5
143 28
160 58
144 160
82 90
168 185
118 2
108 11
6 133
47 165
86 2
133 110
57 45
85 174
184 93
64 53
137 19
41 155
166 99
85 14
77 8
144 126
45 95
89 181
182 98
61 154
82 192
57 7
3 11
30 142
174 56
128 176
171 75
135 18
136 144
126 182
28 127
139 122
186 130
69 2
52 90
38 178
117 29
167 88
120 188
108 74
4 77
117 191
1 51
72 137
136 175
12 188
47 67
85 1
28 164
58 95
46 57
158 90
62 14
136 121
59 57
13 44
111 119
48 162
55 38
34 23
39 16
13 170
173 128
65 133
73 63
185 150
90 98
139 13
108 128
14 93
96 185
104 179
139 124
169 116
3 83
84 92
68 69
87 32
151 174
34 97
60 72
19 95
49 163
128 105
90 28
46 17
82 132
48 5
31 13
129 116
79 170
75 109
97 6
15 171
175 99
110 47
83 109
176 14
82 91
113 193
120 110
105 145
65 36
17 14
42 106
141 30
148 178
97 98
64 90
86 93
50 125
38 136
77 24
179 42
50 89
193 11
61 23
28 107
87 108
7 122
81 71
97 163
164 157
162 181
46 35
169 33
147 164
157 140
20 175
190 172
94 146
193 166
105 26
8 65
176 57
25 55
95 89
142 101
167 135
4 193
59 160
103 178
58 11
51 25
121 80
51 62
57 41
50 12
193 15
9 138
161 52
98 121
72 75
102 58
91 121
50 68
66 38
77 94
139 114
90 150
48 151
52 1
62 109
5 160
16 109
158 11
56 147
72 52
39 70
57 107
152 101
67 34
162 41
56 71
155 33
78 104
88 154
160 136
127 83
23 165
172 69
160 99
55 81
1 162
60 46
152 179
73 40
125 32
193 186
162 161
58 173
32 57
182 169
22 87
164 64
184 64
44 65
75 189
154 60
148 189
47 97
15 65
51 76
20 102
142 126
102 180
174 53
172 183
117 15
117 103
172 131
98 189
116 104
120 25
144 167
20 66
145 56
110 183
178 133
46 191
125 123
124 90
51 36
156 81
104 21
23 98
46 147
66 6
44 28
96 78
2 178
102 118
151 71
191 42
54 112
29 153
11 80
61 1
190 176
45 122
9 60
155 40
153 150
115 46
3 91
154 2
81 136
124 92
93 31
77 162
138 88
100 133
187 119
97 171
120 24
105 103
120 130
26 138
176 154
191 166
112 186
29 175
146 159
22 122
40 137
37 152
12 114
116 183
22 4
188 40
132 169
41 19
190 156
175 75
78 154
157 131
48 45
192 162
146 56
135 156
101 139
15 60
117 28
45 71
174 106
68 162
122 120
149 56
7 191
49 164
103 123
182 190
7 1
117 58
20 96
45 143
36 100
19 174
18 34
159 46
90 49
13 80
172 39
162 22
172 23
123 190
4 13
161 115
130 31
17 107
87 44
118 35
30 16
121 65
137 122
71 74
76 64
158 163
24 111
161 183
5 141
100 161
113 139
72 124
75 128
161 172
118 7
70 125
21 67
83 27
177 26
80 145
143 35
76 136
93 10
186 29
35 30
115 104
176 163
41 68
89 71
186 127
176 121
66 26
74 11
31 69
111 25
12 117
181 42
98 103
89 168
90 55
108 148
49 14
93 161
38 48
34 58
26 55
123 145
175 71
17 71
55 76
104 181
16 115
121 68
76 24
140 128
22 57
132 170
50 59
161 24
143 127
190 157
109 185
145 34
43 155
20 27
85 62
11 34
193 75
12 107
1 77
105 134
185 122
42 57
17 131
57 123
115 73
130 80
171 128
50 144
97 190
122 36
75 111
36 98
117 174
160 49
109 14
111 60
51 183
110 15
59 33
91 176
107 101
28 183
126 36
19 96
180 163
29 110
61 151
37 53
104 37
105 13
127 138
104 64
58 146
159 30
176 169
72 4
138 72
21 46
86 29
146 127
173 108
58 133
11 153
52 74
6 76
27 150
54 146
153 159
120 53
40 61
180 140
14 24
20 7
124 162
172 148
6 83
51 14
102 115
185 97
84 63
157 52
139 123
87 75
65 103
16 111
10 141
122 155
10 115
70 164
141 71
139 72
83 131
21 36
2 159
145 166
95 80
45 55
38 121
62 156
74 145
26 7
88 124
58 42
91 139
19 13
125 71
143 31
189 126
193 78
53 89
36 10
123 35
37 36
185 65
125 170
43 29
117 51
155 131
2 164
42 74
114 117
10 60
1 103
191 49
48 142
33 104
142 64
60 63
114 124
54 109
185 85
31 2
94 63
168 180
39 78
174 69
165 19
138 42
50 15
176 192
37 3
43 45
51 133
31 138
67 57
170 112
135 27
27 40
53 142
5 33
130 171
16 15
120 101
148 117
188 61
105 83
117 61
178 180
150 35
57 149
154 135
72 160
11 124
110 191
146 49
131 166
174 158
115 72
86 30
7 153
110 184
86 139
96 67
104 186
79 21
40 95
49 58
141 142
110 82
90 6
124 52
101 188
101 190
17 166
164 38
70 124
77 30
63 192
160 22
147 77
26 114
48 73
116 25
20 59
87 138
85 69
71 189
153 113
119 158
13 37
87 27
133 79
5 138
43 127
5 98
169 155
122 173
115 140
134 119
142 109
23 71
86 48
162 90
60 53
184 178
170 150
159 164
9 73
44 12
97 74
184 58
144 53
54 86
51 110
62 112
180 103
37 174
146 50
77 137
93 28
6 4
136 155
94 113
103 161
188 55
164 19
182 34
154 80
33 150
17 141
46 44
19 52
191 39
165 111
153 905
4 150
83 33
142 2
51 13
67 14
44 1
118 107
8 54
14 90
112 120
107 128
8 127
10 25
70 127
35 62
128 125
32 110
88 25
109 69
152 130
102 48
15 112
81 108
105 12
110 55
43 47
16 67
39 74
140 17
76 87
8 104
57 121
124 73
1 42
36 84
24 81
49 57
17 106
105 16
42 109
84 33
74 120
11 55
23 120
60 149
120 71
148 132
79 103
148 120
96 139
143 128
42 132
133 16
128 140
70 138
99 87
32 75
152 58
92 47
101 144
77 128
57 119
89 122
145 58
53 44
11 110
14 152
128 129
138 99
91 89
67 51
118 44
33 53
94 34
80 95
6 15
49 4
19 106
92 8
125 104
29 93
141 14
136 143
79 153
72 1
46 60
144 124
71 42
5 53
29 68
136 45
132 102
54 115
76 142
66 54
14 18
105 112
124 65
111 34
46 19
9 14
67 87
149 132
55 107
14 64
103 33
143 148
4 50
90 18
77 107
28 83
86 151
152 9
74 22
29 10
77 41
97 108
9 129
36 25
139 77
117 138
12 108
18 139
118 2
68 18
114 115
101 96
131 56
32 54
114 103
14 46
118 117
90 82
123 70
23 81
62 59
58 80
77 16
13 4
100 142
123 97
61 52
59 112
66 14
60 121
72 70
66 63
12 30
120 24
137 28
128 139
149 126
35 60
18 94
106 135
85 86
153 68
34 36
89 21
87 117
85 143
97 148
64 81
111 65
81 6
20 45
17 63
85 6
83 2
28 71
153 102
106 97
126 33
85 112
24 40
58 115
100 112
41 104
70 62
51 87
89 84
135 90
75 41
141 7
77 44
3 134
41 33
94 25
79 76
46 95
114 101
122 28
94 80
77 13
25 70
134 2
26 143
14 57
32 131
104 92
40 76
6 18
147 153
29 63
117 113
146 35
102 5
91 147
45 6
81 106
54 112
96 64
147 51
46 73
30 106
39 36
140 49
113 68
114 22
94 140
90 59
148 34
55 115
79 62
96 5
7 138
32 106
10 120
94 37
12 68
139 38
77 126
102 23
76 61
65 73
148 51
130 67
56 31
79 149
10 20
22 98
71 48
85 3
11 31
110 80
30 139
111 108
5 71
73 81
43 26
72 24
88 6
146 40
46 15
48 128
101 18
80 12
5 140
144 132
1 63
134 107
90 3
95 66
70 15
58 74
144 46
7 60
110 35
141 25
128 45
151 102
40 141
58 51
147 141
54 16
143 100
152 132
52 3
105 146
107 88
42 4
52 75
52 46
78 37
10 124
151 11
103 70
147 115
52 123
84 28
6 136
46 122
131 101
69 127
88 102
121 140
99 18
79 92
132 83
46 109
43 87
77 102
48 87
42 26
144 34
145 136
70 37
151 6
50 119
54 152
145 39
18 44
59 109
97 116
74 125
96 86
125 20
144 51
69 71
147 123
65 18
115 86
68 82
87 127
39 108
42 60
86 21
109 9
88 64
30 54
91 37
96 49
108 15
88 153
128 43
36 101
133 148
47 7
30 16
31 16
22 16
104 96
78 73
2 8
112 91
139 108
56 14
153 114
20 65
122 39
2 102
120 142
92 53
64 115
34 45
56 55
34 60
105 117
39 118
55 141
127 66
60 86
135 127
79 57
127 60
93 89
48 66
12 35
16 80
132 87
130 62
131 74
92 121
60 109
12 137
34 62
117 147
35 104
14 134
151 57
11 78
16 56
129 135
31 96
104 150
26 39
117 116
37 51
2 101
77 21
39 106
112 58
24 54
62 138
99 26
20 124
28 111
78 32
123 19
14 112
137 93
52 36
103 67
143 53
114 35
104 99
51 41
143 118
150 94
46 104
123 144
145 132
102 73
143 40
113 63
41 22
72 112
95 33
143 114
48 80
53 73
25 56
30 73
117 131
147 68
31 129
65 137
45 113
119 151
38 71
54 147
92 102
118 57
6 121
33 54
101 102
95 120
107 136
104 103
116 143
119 83
83 4
51 3
61 70
134 109
142 127
142 16
28 68
57 152
54 123
44 73
71 22
129 7
22 140
53 45
83 109
50 109
45 54
119 93
127 103
83 41
52 6
152 131
58 21
34 42
116 146
68 81
51 25
50 53
97 24
67 11
89 87
4 15
108 144
122 53
96 136
76 91
101 1
50 95
89 67
117 112
11 27
150 95
25 52
129 70
67 69
13 84
70 53
79 137
8 109
91 102
7 79
118 85
77 58
131 113
115 39
130 37
132 120
139 147
49 28
69 94
2 97
88 53
138 80
36 129
125 139
138 15
59 19
100 39
7 64
133 14
76 152
10 18
31 133
67 62
112 62
32 70
9 74
137 143
15 89
146 139
14 40
105 140
53 103
106 104
98 28
4 123
7 78
28 11
112 141
43 146
148 126
98 78
35 82
34 56
52 116
88 37
51 5
7 118
151 63
58 110
39 20
153 110
152 12
92 30
119 39
124 23
98 86
12 99
99 86
100 70
142 81
82 147
119 14
35 115
21 49
82 103
108 1
148 26
58 140
16 109
118 40
42 5
42 145
107 153
67 102
122 98
26 22
1 50
91 97
5 59
30 75
84 149
72 10
29 26
140 114
118 102
77 29
149 111
128 137
138 42
112 118
39 41
141 57
4 117
1 130
2 37
153 135
70 31
3 14
102 10
143 115
70 124
20 106
104 1
92 130
37 15
65 15
109 13
43 9
34 81
73 9
66 68
147 62
35 94
18 61
124 93
78 138
116 71
3 18
42 110
87 139
42 84
64 19
45 137
28 69
26 44
63 104
23 128
62 19
102 114
23 91
34 133
105 131
22 133
37 67
92 129
134 108
100 146
6 4
21 97
50 148
110 37
87 39
40 68
78 60
152 101
63 130
137 35
86 125
102 127
1 144
131 68
6 144
24 47
119 10
153 89
139 138
66 120
105 90
60 8
42 37
99 10
109 39
79 18
127 53
26 106
145 88
31 89
122 126
111 105
86 91
64 97
84 8
41 4
95 91
45 118
33 31
125 114
118 116
106 38
46 125
148 93
89 64
37 63
38 52
14 96
45 72
84 23
98 108
73 133
83 14
68 135
150 128
30 138
53 34
15 97
95 84
75 91
114 75
75 125
149 99
29 36
93 101
5 90
78 139
72 9
97 23
53 142
134 22
129 82
14 148
7 130
55 2
35 64
134 148
49 76
137 53
49 78
116 28
89 41
138 12
19 81
50 114
79 135
145 99
143 150
125 61
62 93
28 9
76 27
113 78
111 80
101 68
93 36
43 111
20 120
59 30
144 28
90 16
106 6
36 108
32 18
120 133
73 132
100 90
99 67
134 112
68 39
31 84
125 14
62 106
95 29
135 114
106 149
146 81
96 43
44 117
12 43
69 114
74 64
85 22
55 5
47 20
118 88
26 65
78 85
47 134
9 87
80 125
72 17
52 62
122 86
34 116
110 17
132 137
100 9
73 19
91 134
137 149
16 128
20 71
82 153
98 26
108 13
57 46
110 13
65 126
70 5
87 119
116 102
133 134
48 152
56 12
65 36
128 144
146 5
32 91
116 30
115 111
47 148
144 68
132 104
72 15
74 45
97 141
102 19
25 140
19 92
79 61
116 95
125 83
52 71
96 141
138 118
134 59
75 90
74 110
128 81
82 132
152 80
11 115
8 106
131 148
75 60
118 62
110 54
36 114
28 2
53 119
84 6
142 60
4 46
139 81
132 96
134 139
53 113
101 17
99 140
137 131
91 88
93 33
47 90
87 122
37 29
2 54
130 52
51 73
70 92
53 110
31 105
46 30
59 21
29 33
117 29
58 40
4 25
21 32
99 125
12 142
131 103
107 66
147 50
99 80
113 54
92 36
146 148
12 93
103 10
136 3
66 130
147 114
87 4
151 22
117 70
101 73
70 109
62 50
38 9
83 25
125 142
78 122
144 64
111 38
32 146
138 46
65 23
85 77
141 82
34 145
92 63
109 36
96 152
90 34
42 153
62 76
58 29
48 111
46 116
9 25
66 60
80 14
91 72
49 6
138 115
12 128
142 58
63 11
34 46
120 56
86 30
108 90
66 87
144 150
103 113
247 812
61 168
51 246
145 23
102 71
239 22
185 220
211 90
155 48
49 205
179 130
25 237
27 244
88 91
21 106
179 112
156 219
7 241
163 35
93 4
132 80
27 168
145 154
69 99
132 154
190 200
9 180
83 119
211 190
55 10
63 182
19 95
172 50
83 18
226 232
93 33
237 176
246 197
191 80
11 226
88 90
87 25
166 64
41 212
190 126
203 43
199 76
74 100
235 209
233 100
84 14
115 57
4 209
79 7
236 179
102 112
140 54
223 163
232 15
59 77
155 123
222 79
228 192
124 28
202 14
154 104
239 240
183 109
62 93
14 138
186 10
25 232
59 75
84 186
113 236
61 196
205 217
134 179
104 38
132 76
34 183
194 58
162 230
135 127
121 20
161 120
37 113
219 220
98 36
225 154
240 76
84 21
80 82
138 58
55 143
75 185
70 202
44 238
190 138
138 100
56 195
149 40
197 239
79 94
66 43
219 152
48 189
162 205
173 1
151 79
177 120
38 193
206 71
118 83
244 48
234 66
162 116
55 170
78 235
8 126
71 114
210 84
72 213
223 48
62 48
45 56
59 174
123 187
142 194
169 87
113 20
114 190
167 60
164 233
64 43
179 96
22 176
180 167
215 9
243 81
144 237
20 110
205 10
122 148
33 66
188 84
107 25
219 88
223 140
38 198
45 36
128 69
187 192
1 149
225 247
147 243
236 73
120 78
179 5
193 158
120 153
234 245
188 237
147 50
184 240
114 96
66 227
150 39
129 11
52 193
243 86
121 216
67 191
160 79
205 24
206 118
180 47
126 232
229 140
198 78
204 79
151 215
228 216
151 241
227 38
115 165
150 29
194 211
80 173
178 206
217 170
60 77
44 12
100 243
247 161
56 93
149 137
241 145
40 44
241 1
44 13
48 65
94 12
70 226
200 160
167 55
202 243
120 126
9 201
151 114
68 48
92 93
220 63
21 5
87 40
214 234
70 109
118 98
125 49
242 230
238 228
27 37
137 242
153 42
64 2
243 189
17 180
60 64
157 246
213 151
147 246
214 75
15 243
164 232
166 242
79 168
49 55
35 229
164 105
94 8
224 206
106 19
42 107
109 77
186 42
189 174
96 215
78 137
66 237
172 166
214 185
116 122
201 11
137 19
222 189
42 63
188 117
216 117
227 222
125 23
20 231
244 158
70 175
50 64
52 206
139 67
173 20
60 243
207 86
156 52
207 227
123 243
156 74
24 105
238 157
63 37
33 180
130 220
164 220
237 39
134 42
44 37
187 177
156 65
82 70
91 215
15 43
158 49
157 18
33 133
227 151
190 23
114 157
51 39
148 109
151 121
177 127
74 10
114 128
63 100
13 140
178 163
235 11
74 112
126 111
72 133
101 21
45 10
241 148
170 145
197 150
117 208
87 94
145 247
115 235
56 131
156 189
24 114
41 152
148 57
160 120
110 129
35 72
187 5
107 48
244 109
185 91
60 70
145 90
214 17
171 114
69 34
90 156
128 57
123 12
231 90
31 52
242 189
90 41
6 91
246 5
67 40
43 23
20 235
241 3
112 124
207 246
130 242
173 16
35 159
65 227
114 76
226 13
161 245
105 5
206 88
168 55
182 218
26 166
184 215
135 129
82 164
180 89
10 194
143 136
128 200
6 31
57 34
29 5
217 27
116 148
175 4
109 206
28 232
144 140
77 150
44 166
246 136
246 28
40 74
133 43
154 114
92 85
205 203
99 169
2 220
27 156
201 118
38 133
231 65
212 112
86 106
99 228
47 193
215 196
117 7
105 79
39 20
120 62
131 114
17 173
105 177
161 34
33 224
79 74
218 40
58 87
175 34
182 245
197 140
218 187
131 60
225 120
230 240
64 21
56 36
42 233
177 24
10 163
37 99
237 247
77 162
50 42
137 139
133 206
104 60
156 128
150 28
241 68
235 199
6 184
41 231
125 4
117 162
33 238
105 91
32 209
125 8
73 107
83 205
141 239
144 69
71 156
210 239
136 97
44 126
124 102
240 101
85 87
99 225
103 60
158 16
166 204
130 135
95 115
100 241
221 21
183 164
225 185
128 82
68 36
56 13
55 135
8 96
97 7
172 236
229 151
6 110
34 142
44 88
17 102
159 215
233 107
55 113
224 71
87 26
152 228
140 92
113 174
245 143
139 200
27 204
213 10
47 179
200 161
51 235
145 235
9 12
209 163
69 29
96 75
22 61
64 45
177 213
38 159
180 97
53 174
30 207
121 65
186 50
177 109
205 214
42 197
88 84
177 114
195 4
93 100
89 197
244 103
174 191
187 126
203 79
212 197
130 62
73 22
217 231
180 185
59 121
243 133
241 123
101 121
238 195
82 24
90 78
67 63
94 29
163 207
229 212
52 200
110 144
55 52
74 120
105 130
110 240
37 38
85 67
246 11
83 84
44 189
218 219
72 115
105 167
50 137
194 131
47 27
82 152
166 54
85 232
21 213
73 54
183 4
183 15
191 207
70 172
67 24
230 235
85 247
170 241
52 215
226 173
237 99
120 145
224 222
172 243
115 226
192 220
126 198
29 28
114 176
117 16
116 13
192 190
118 99
90 201
23 104
175 59
108 64
240 169
114 118
232 65
59 230
147 38
199 105
229 165
8 230
244 93
29 26
244 236
109 40
101 185
26 1
48 190
218 191
15 75
53 52
143 51
15 168
247 80
168 210
4 164
171 61
227 52
232 73
215 126
17 127
51 108
204 230
247 193
105 247
83 130
150 118
3 243
30 18
139 36
204 219
223 231
156 213
231 52
233 200
234 165
90 184
151 19
199 145
232 100
66 100
124 200
226 211
181 145
65 107
51 118
129 168
23 242
122 126
71 134
130 63
212 201
97 33
205 71
45 44
107 6
128 228
83 82
158 69
137 130
67 119
227 47
104 137
92 202
197 220
195 97
23 20
41 82
36 170
74 139
56 69
53 193
243 203
29 17
221 79
191 40
181 71
11 170
199 74
216 115
132 28
234 93
162 99
171 56
98 21
242 113
19 92
210 172
205 110
228 73
205 145
112 166
196 91
123 240
67 111
138 93
195 192
148 162
28 75
86 151
169 196
111 204
211 63
43 220
179 184
148 126
161 149
116 18
195 78
57 161
52 142
220 127
109 72
172 137
125 140
199 75
195 215
105 95
75 246
23 136
45 124
26 181
123 169
57 174
172 82
52 61
65 200
180 245
108 43
199 77
6 106
206 215
167 17
169 198
52 137
148 139
188 95
205 226
215 200
53 164
214 123
39 6
13 150
171 194
140 9
149 155
6 233
44 164
120 88
74 175
117 9
239 111
58 5
118 149
55 75
29 194
91 189
220 139
56 154
139 219
208 57
15 198
117 192
145 203
164 204
82 206
66 36
212 6
57 82
94 61
175 12
176 188
199 104
150 2
87 211
222 85
209 212
157 148
100 151
149 146
18 79
80 228
59 223
38 94
88 11
159 203
129 13
231 50
212 126
11 61
124 135
75 74
128 233
92 151
139 174
186 49
82 179
203 212
78 211
57 102
47 69
116 118
35 60
99 61
223 45
10 5
135 32
218 170
117 89
105 178
74 84
157 100
162 112
123 95
245 22
236 169
238 240
192 211
243 228
70 221
246 109
217 6
150 162
205 139
16 171
197 102
182 105
36 39
244 77
2 1
1 2
3 3
1 2
2 3
1 3
